{
  "phase": "phase4",
  "schedule_version": 3,
  "task_family": "dense_chain_cost",
  "scheduler_mode": "stagewise_u",
  "gamma_eval": 0.95,
  "gamma_base": 0.95,
  "sign_family": 1,
  "reward_bound": 0.02,
  "alpha_t": [
    0.2477398311848283,
    0.24660760424787537,
    0.24522464753314915,
    0.2435404891549693,
    0.2414914934535156,
    0.3,
    0.2487032892196695,
    0.26,
    0.2588398024316851,
    0.2572335709358304,
    0.25503132929911243,
    0.2520122311803365,
    0.24783727329552496,
    0.24195832015318938,
    0.3,
    0.2865904236976338,
    0.28270094137747825,
    0.3,
    0.14280500000000002,
    0.14280500000000002
  ],
  "kappa_t": [
    0.9623869915592413,
    0.9623303802123937,
    0.9622612323766574,
    0.9621770244577484,
    0.9620745746726758,
    0.965,
    0.9624351644609834,
    0.963,
    0.9629419901215842,
    0.9628616785467915,
    0.9627515664649556,
    0.9626006115590168,
    0.9623918636647762,
    0.9620979160076595,
    0.965,
    0.9643295211848817,
    0.9641350470688739,
    0.9615385520785805,
    0.9554925,
    0.9554925
  ],
  "Bhat_t": [
    0.5567751678375223,
    0.5380113949780563,
    0.5185447796711152,
    0.4983519688169327,
    0.4774089976590415,
    0.4556912833999384,
    0.4318044387564129,
    0.4081360004924643,
    0.38331879594233054,
    0.35756961423902156,
    0.3308570912488966,
    0.3031489134009322,
    0.2744117448389314,
    0.24461111292284451,
    0.21371121327863637,
    0.18104788940791333,
    0.14730223050039742,
    0.11233097565497041,
    0.0762642075,
    0.039,
    0.0
  ],
  "A_t": [
    0.5580113949780563,
    0.5385447796711152,
    0.5183519688169327,
    0.4974089976590415,
    0.47569128339993844,
    0.4518044387564129,
    0.4281360004924643,
    0.40331879594233055,
    0.3775696142390216,
    0.35085709124889664,
    0.3231489134009322,
    0.2944117448389314,
    0.2646111129228445,
    0.23371121327863636,
    0.20104788940791332,
    0.16730223050039741,
    0.1323309756549704,
    0.0962642075,
    0.059,
    0.02
  ],
  "xi_ref_t": [
    0.38057848553819007,
    0.37822048175676337,
    0.3753403019478905,
    0.3718328321159529,
    0.36756554306420386,
    0.362369028956111,
    0.3825850070360051,
    0.40611181590118745,
    0.40369555979209754,
    0.4003503824098451,
    0.39576393958861056,
    0.3894762912839953,
    0.3807814208844478,
    0.3685377678781303,
    0.35077185007006983,
    0.3237526980042857,
    0.27969329927514697,
    0.19737346302882094,
    0.02,
    0.02
  ],
  "u_target_t": [
    0.004811382018228128,
    0.004793963142275006,
    0.0047726868851253705,
    0.0047467767562302966,
    0.004715253745438701,
    0.00467686643013815,
    0.004826204449533376,
    0.005,
    0.004982150806641309,
    0.004957439552858928,
    0.004923558912294037,
    0.004877111248928253,
    0.00481288112762346,
    0.0047224356946644515,
    0.004591196584307835,
    0.004391602647309275,
    0.003573517900568759,
    0.003100783264193082,
    0.002,
    0.002
  ],
  "u_tr_cap_t": [
    0.00339508056640625,
    0.00339508056640625,
    0.003376007080078125,
    0.00335693359375,
    0.003337860107421875,
    0.00331878662109375,
    0.003414154052734375,
    0.003528594970703125,
    0.003528594970703125,
    0.003509521484375,
    0.00347137451171875,
    0.003452301025390625,
    0.00339508056640625,
    0.003337860107421875,
    0.00324249267578125,
    0.003108978271484375,
    0.0022125244140625,
    0.0019073486328125,
    0.0,
    0.0
  ],
  "U_safe_ref_t": [
    0.009673929522497118,
    0.009570062837845424,
    0.009443938076674025,
    0.00929144733867403,
    0.009107556682909941,
    0.011153629769402627,
    0.00976274522242576,
    0.01083370957692451,
    0.010721207004167725,
    0.01056640238483563,
    0.010355947362839835,
    0.010070797561788787,
    0.009682894128823316,
    0.009149295075660646,
    0.010796671449766256,
    0.009519708113856556,
    0.00811258493699258,
    0.004673470657854397,
    0.00022545137999577944,
    0.00022545137999577944
  ],
  "u_ref_used_t": [
    0.00339508056640625,
    0.00339508056640625,
    0.003376007080078125,
    0.00335693359375,
    0.003337860107421875,
    0.00331878662109375,
    0.003414154052734375,
    0.003528594970703125,
    0.003528594970703125,
    0.003509521484375,
    0.00347137451171875,
    0.003452301025390625,
    0.00339508056640625,
    0.003337860107421875,
    0.00324249267578125,
    0.003108978271484375,
    0.0022125244140625,
    0.0019073486328125,
    0.0,
    0.0
  ],
  "theta_used_t": [
    0.008920842074415061,
    0.008976458785723966,
    0.0089945232701039,
    0.009028072036154055,
    0.009080992955966061,
    0.009158582428123875,
    0.008923909693128848,
    0.008688727666967662,
    0.008740732676178913,
    0.008766124970956682,
    0.008771325945782683,
    0.008863956812388621,
    0.008916087761110917,
    0.009057036749963856,
    0.00924387939093041,
    0.009602941660869864,
    0.007910537791918781,
    0.009663652871784412,
    0.0,
    0.0
  ],
  "beta_used_t": [
    0.01598684570727426,
    0.016667989598201684,
    0.01735215415624381,
    0.018150198485839455,
    0.019090097449465344,
    0.02027112095961868,
    0.020843633057869702,
    0.021543076480398,
    0.023149989688115012,
    0.02498488754995129,
    0.027143293949127602,
    0.030107347847953447,
    0.03369506164206594,
    0.038753111683887544,
    0.04597849506480105,
    0.05739876648474841,
    0.059778428691889256,
    0.10038677014802633,
    0.0,
    0.0
  ],
  "trust_clip_active_t": [
    true,
    true,
    true,
    true,
    true,
    true,
    true,
    true,
    true,
    true,
    true,
    true,
    true,
    true,
    true,
    true,
    true,
    true,
    true,
    true
  ],
  "safe_clip_active_t": [
    false,
    false,
    false,
    false,
    false,
    false,
    false,
    false,
    false,
    false,
    false,
    false,
    false,
    false,
    false,
    false,
    false,
    false,
    false,
    false
  ],
  "source_phase": "phase4_diagnostic_sweep",
  "notes": "Phase IV-B diagnostic sweep (u_max=0.0050) stagewise schedule from classical pilot",
  "provenance": {
    "git_sha": "01a22b9945b1a74a643b82b1f38fefc5e36ee5f8",
    "calibration_code_version": "v3.0",
    "input_hashes": {
      "margins": "b6e0b602313d9829",
      "p_align": "d96e305f37d4ed27",
      "n_by_stage": "35d6f04339c16583"
    }
  }
}