{
  "total_s": 0.6690506669983733,
  "step_s": 0.0,
  "fit_s": 0.0,
  "eval_s": 0.15083958399191033,
  "plot_s": 0.0,
  "other_s": 0.0,
  "train_s": 0.653638999996474,
  "post_s": 0.01537770900176838,
  "steps_per_s": null,
  "updates_per_s": null
}
