{
  "total_s": 5.150964208994992,
  "step_s": 0.0,
  "fit_s": 0.0,
  "eval_s": 0.40415429303538986,
  "plot_s": 0.0,
  "other_s": 0.0,
  "train_s": 4.726198041986208,
  "eval_final_s": 0.22598449999350123,
  "post_s": 0.1941582089930307,
  "steps_per_s": null,
  "updates_per_s": null
}
