{
  "phase": "phase4",
  "schedule_version": 3,
  "task_family": "dense_chain_cost",
  "scheduler_mode": "stagewise_u",
  "gamma_eval": 0.95,
  "gamma_base": 0.95,
  "sign_family": 1,
  "reward_bound": 0.02,
  "alpha_t": [
    0.3633151364471524,
    0.3622560200587645,
    0.3607891505479105,
    0.3588280713784124,
    0.3733842891629898,
    0.3719481455485888,
    0.39,
    0.38958010492044576,
    0.38860053362330477,
    0.3868802631712236,
    0.384161236922618,
    0.3800629672238765,
    0.374000762922048,
    0.36502833771085985,
    0.351508351361858,
    0.3303425255053775,
    0.4,
    0.3212887333986743,
    0.14280500000000002,
    0.14280500000000002
  ],
  "kappa_t": [
    0.9681657568223576,
    0.9681128010029382,
    0.9680394575273955,
    0.9679414035689206,
    0.9686692144581495,
    0.9685974072774294,
    0.9695,
    0.9694790052460223,
    0.9694300266811652,
    0.9693440131585611,
    0.9692080618461308,
    0.9690031483611938,
    0.9687000381461024,
    0.968251416885543,
    0.9675754175680928,
    0.9665171262752689,
    0.97,
    0.9660644366699337,
    0.9554925,
    0.9554925
  ],
  "Bhat_t": [
    0.5853949867802466,
    0.5643609918342744,
    0.542665060610721,
    0.5202939370851701,
    0.49723457981090535,
    0.47305578929462616,
    0.44812817588959564,
    0.42199914996348187,
    0.39505667259528654,
    0.3672845515361674,
    0.33866671385988956,
    0.3091871865872531,
    0.2788300399686023,
    0.24757926140644,
    0.21541849334685367,
    0.18233048312684966,
    0.14829585449686944,
    0.11267613865656642,
    0.0762642075,
    0.039,
    0.0
  ],
  "A_t": [
    0.5843609918342744,
    0.562665060610721,
    0.5402939370851702,
    0.5172345798109054,
    0.4930557892946262,
    0.46812817588959565,
    0.4419991499634819,
    0.41505667259528656,
    0.3872845515361674,
    0.3586667138598896,
    0.3291871865872531,
    0.2988300399686023,
    0.26757926140644,
    0.23541849334685366,
    0.20233048312684965,
    0.16829585449686943,
    0.1326761386565664,
    0.0962642075,
    0.059,
    0.02
  ],
  "xi_ref_t": [
    0.36148660828415,
    0.36020321249144505,
    0.3584257174216701,
    0.3560493584276163,
    0.37368801350579894,
    0.37194775087493936,
    0.3938222816701134,
    0.3933134692445992,
    0.39212646308060345,
    0.3900419066666703,
    0.3867470970631417,
    0.3817809742211175,
    0.37443503228235914,
    0.3635625985322528,
    0.3471796081565214,
    0.3215316886727324,
    0.27867863867664583,
    0.19737346302882094,
    0.02,
    0.02
  ],
  "u_target_t": [
    0.018522069095534596,
    0.01846341034171619,
    0.018382168338038123,
    0.018273554722496685,
    0.019079745245950207,
    0.01900020498422953,
    0.020000000000000004,
    0.019976744272516993,
    0.01992249109298303,
    0.019827214575637,
    0.019676622352637306,
    0.019449641261630082,
    0.019113888407990352,
    0.01861695408860147,
    0.01786815484465675,
    0.01669589372029783,
    0.011907260645638362,
    0.008929262086802253,
    0.002,
    0.002
  ],
  "u_tr_cap_t": [
    0.016565322875976562,
    0.01651287078857422,
    0.01644134521484375,
    0.016345977783203125,
    0.017066001892089844,
    0.016994476318359375,
    0.01788616180419922,
    0.017867088317871094,
    0.01781940460205078,
    0.01773357391357422,
    0.017600059509277344,
    0.01739501953125,
    0.01709461212158203,
    0.016651153564453125,
    0.01598358154296875,
    0.014934539794921875,
    0.009393692016601562,
    0.006999969482421875,
    0.0,
    0.0
  ],
  "U_safe_ref_t": [
    0.013474089583399601,
    0.013387122306808092,
    0.013267133656613679,
    0.013107554529262544,
    0.01431482380722287,
    0.014193370723904378,
    0.015757271922905804,
    0.015719974723478018,
    0.015633134625065714,
    0.015481207904658031,
    0.01524257553972355,
    0.014886367528877087,
    0.014367115570389055,
    0.013615356017132367,
    0.012520368522813703,
    0.010897380510025137,
    0.011436077948984004,
    0.00650610446037682,
    0.00022545137999577944,
    0.00022545137999577944
  ],
  "u_ref_used_t": [
    0.013474089583399601,
    0.013387122306808092,
    0.013267133656613679,
    0.013107554529262544,
    0.01431482380722287,
    0.014193370723904378,
    0.015757271922905804,
    0.015719974723478018,
    0.015633134625065714,
    0.015481207904658031,
    0.01524257553972355,
    0.014886367528877087,
    0.014367115570389055,
    0.013615356017132367,
    0.012520368522813703,
    0.010897380510025137,
    0.009393692016601562,
    0.00650610446037682,
    0.0,
    0.0
  ],
  "theta_used_t": [
    0.03727410441940401,
    0.03716547171862339,
    0.03701501597611522,
    0.036813869254386726,
    0.03830688512838994,
    0.03815958206634415,
    0.04001112343385623,
    0.03996805589615306,
    0.03986758379490509,
    0.03969113995201615,
    0.03941225585265348,
    0.03899190513421262,
    0.03837011585912427,
    0.03744982589545581,
    0.036063087314647406,
    0.03389208869274754,
    0.033707972958419596,
    0.03296342051528368,
    0.0,
    0.0
  ],
  "beta_used_t": [
    0.06378609274106886,
    0.06605256718496738,
    0.06850903450038215,
    0.07117441619592686,
    0.0776928006122642,
    0.08151524311440674,
    0.09052307778682823,
    0.09629541827683158,
    0.10294132217969962,
    0.11066301504499575,
    0.11972597190445936,
    0.13048187905844222,
    0.14339719624549643,
    0.159077672119323,
    0.17823852717258581,
    0.20138397819762094,
    0.254062058933393,
    0.34242655054614846,
    0.0,
    0.0
  ],
  "trust_clip_active_t": [
    true,
    true,
    true,
    true,
    true,
    true,
    true,
    true,
    true,
    true,
    true,
    true,
    true,
    true,
    true,
    true,
    true,
    true,
    true,
    true
  ],
  "safe_clip_active_t": [
    false,
    false,
    false,
    false,
    false,
    false,
    false,
    false,
    false,
    false,
    false,
    false,
    false,
    false,
    false,
    false,
    false,
    false,
    false,
    false
  ],
  "source_phase": "phase4C_scheduler_state_bin_reward_region",
  "notes": "Phase IV-C scheduler ablation: state_bin_reward_region",
  "provenance": {
    "git_sha": "fbfc9b1e68f00da6c711fb85148cb8edfd458e85",
    "calibration_code_version": "v3.0",
    "input_hashes": {
      "margins": "e60ba183774a6893",
      "p_align": "8bb2e1a18e96a781",
      "n_by_stage": "35d6f04339c16583"
    }
  }
}