{
  "total_s": 6.68130274998839,
  "step_s": 0.0,
  "fit_s": 0.0,
  "eval_s": 0.8812173761834856,
  "plot_s": 0.0,
  "other_s": 0.0,
  "train_s": 6.358078499994008,
  "eval_final_s": 0.12384079201729037,
  "post_s": 0.19695041599334218,
  "steps_per_s": null,
  "updates_per_s": null
}
