{
  "schema_version": "1.0.0",
  "created_at": "2026-04-19T05:41:50Z",
  "phase": "phase2",
  "task": "chain_regime_shift",
  "algorithm": "ExpectedSARSA",
  "seed": 67,
  "train_steps": 180000,
  "n_transitions": 180000,
  "steps_to_threshold": null,
  "auc_disc_return": 14.669009385038933,
  "final_disc_return_mean": 18.962124986175727,
  "final_10pct_success_rate": 0.0,
  "adaptation_metrics": {
    "change_at_episode": 300,
    "pre_change_auc": 0.0,
    "post_change_auc": 16.296493464229002,
    "lag_to_50pct_recovery": 20,
    "lag_to_75pct_recovery": 37,
    "lag_to_90pct_recovery": null,
    "post_change_optimum": 21.04190491827524
  },
  "shortcut_risky_path_fraction": 0.0,
  "episode_returns": [
    19.600676037343682,
    17.372432457295027,
    19.163579717953915,
    18.248342266505833,
    18.637045631052402,
    21.012155478063285,
    20.11873577445371,
    17.193273703820015,
    18.08457402334027,
    20.275764330548352,
    18.260087461868896,
    18.327988470684197,
    17.837860802146707,
    19.383336454193635,
    20.35217680299572,
    18.089656655637942,
    18.687222550995273,
    19.586699038900655,
    18.590618239346142,
    18.844347496483643,
    17.535790920017842,
    19.56600476854076,
    18.74695630597946,
    19.00487181934448,
    19.00204296267131,
    16.503656295920223,
    18.900915523091356,
    19.334070967907603,
    18.02823785467354,
    18.656234877535447,
    19.373736312627905,
    18.52035429770269,
    18.059619898880676,
    19.4751313593003,
    20.22267567432639,
    18.59339725605999,
    17.982757342410423,
    17.8014832726782,
    18.885027458897447,
    17.95944698148648,
    16.510587010545166,
    18.9221144943543,
    19.361656380610505,
    19.026588377285755,
    18.995735367409722,
    18.737361695555784,
    19.73901624758232,
    18.079075496554577,
    19.460588544544265,
    18.783192434770484,
    20.451127767498935,
    20.18316333270681,
    18.620335769903253,
    18.45047470260254,
    19.766450989579287,
    20.3748187873301,
    18.790210631779477,
    18.575454525925032,
    18.587959744481157,
    19.50011304972211,
    20.174614614544723,
    20.12396995897205,
    18.791352031038357,
    20.264619901531233,
    18.14797895405916,
    19.623284590488016,
    17.7817939065081,
    19.416381665413333,
    18.41108235576844,
    19.09516975489948,
    18.4324737559796,
    18.624761980344413,
    19.55841774035869,
    18.573562257252185,
    19.2137895079103,
    19.544619919093726,
    17.24349775389075,
    17.064580473381405,
    18.588860029164284,
    18.968769473313586,
    16.279768698764606,
    19.669191887965162,
    18.58674239111384,
    19.621036423991217,
    16.663809857899228,
    19.565708875651218,
    17.65551513368952,
    20.033074364297168,
    19.461056516197385,
    19.60909180986185,
    17.096603597902266,
    19.765308118812296,
    17.216526325806164,
    19.558933488619175,
    17.578003696471715,
    16.88808002522261,
    18.980533950740693,
    18.430946917195598,
    20.357748218845067,
    19.79593854974106,
    20.08720912830423,
    18.629322154633932,
    18.625766957642153,
    17.473776172208776,
    19.50818644989711,
    18.92103058351868,
    18.869033110529653,
    17.442865458468336,
    17.821727006410267,
    20.098763603250323,
    18.857368446017272,
    17.88756627326936,
    20.38940336008735,
    18.671068728387624,
    17.810805949817727,
    20.267426089449906,
    18.703165902451527,
    21.07004330701094,
    17.754410132408612,
    17.32438567358083,
    19.166947272816113,
    15.922030856464328,
    18.731400932552077,
    19.627645075483635,
    19.336652351980423,
    19.402140961451643,
    20.385301992003082,
    19.499542226975695,
    19.751511179161565,
    18.17190130544665,
    17.838829241433338,
    19.42187439988639,
    19.350790622419986,
    20.266696694910948,
    18.81266076061093,
    20.097109128304233,
    18.417989396407858,
    20.208465650840584,
    20.38940336008735,
    20.33711458378602,
    20.346806955231457,
    18.96796528721882,
    18.861531351081155,
    18.05565875968569,
    19.78598295134016,
    18.190760278408693,
    18.617947518185687,
    18.540223491801118,
    18.824013259308465,
    19.498177729781666,
    17.18155808155492,
    19.60987658104518,
    18.644132923771416,
    19.634006930344277,
    18.60488807629379,
    18.118249764572,
    17.227246853772158,
    19.49806933911705,
    19.707524323634495,
    19.338987786457217,
    19.550364403999453,
    19.445870264035996,
    19.63291061227668,
    20.179531316405832,
    21.079876827421664,
    19.57414973960334,
    20.389614139414928,
    17.492505518861126,
    19.127965084365105,
    19.283616692079562,
    18.65772395025741,
    16.80275483048057,
    19.770076686720802,
    19.404978160430183,
    19.527834852644354,
    17.898027908319047,
    20.349460094282136,
    18.598145775342207,
    16.48942545486884,
    17.925490219392472,
    20.491059501550307,
    19.589210043621005,
    19.42341614236333,
    20.357163719955885,
    18.05401512323368,
    18.796481073888195,
    16.705224096903873,
    18.709600847888932,
    18.744984797802033,
    17.929728896101356,
    16.959571597658098,
    20.055366579579733,
    17.054250875137434,
    20.37057280610928,
    18.8611196581502,
    21.066762980728136,
    19.775878472262995,
    20.152786544586675,
    21.061698169396436,
    19.46008112307634
  ],