{
  "total_s": 5.992827208014205,
  "step_s": 0.0,
  "fit_s": 0.0,
  "eval_s": 0.6457772910071071,
  "plot_s": 0.0,
  "other_s": 0.0,
  "train_s": 5.578095958015183,
  "eval_final_s": 0.20394162501906976,
  "post_s": 0.20614858300541528,
  "steps_per_s": null,
  "updates_per_s": null
}
