{
  "total_s": 6.633740125020267,
  "step_s": 0.0,
  "fit_s": 0.0,
  "eval_s": 0.857557831943268,
  "plot_s": 0.0,
  "other_s": 0.0,
  "train_s": 6.050555000023451,
  "eval_final_s": 0.17047608300345019,
  "post_s": 0.41023029101779684,
  "steps_per_s": null,
  "updates_per_s": null
}
