{
  "total_s": 0.674107708997326,
  "step_s": 0.0,
  "fit_s": 0.0,
  "eval_s": 0.15071295901725534,
  "plot_s": 0.0,
  "other_s": 0.0,
  "train_s": 0.6588181669940241,
  "post_s": 0.015252917000907473,
  "steps_per_s": null,
  "updates_per_s": null
}
