{
  "total_s": 7.592191083997022,
  "step_s": 0.0,
  "fit_s": 0.0,
  "eval_s": 0.7166742099216208,
  "plot_s": 0.0,
  "other_s": 0.0,
  "train_s": 6.987404916988453,
  "eval_final_s": 0.25223054201342165,
  "post_s": 0.3477239590138197,
  "steps_per_s": null,
  "updates_per_s": null
}
