{
  "total_s": 4.163778207992436,
  "step_s": 0.0,
  "fit_s": 0.0,
  "eval_s": 0.620288289966993,
  "plot_s": 0.0,
  "other_s": 0.0,
  "train_s": 3.4507854580006097,
  "eval_final_s": 0.5876825000159442,
  "post_s": 0.11402708297828212,
  "steps_per_s": null,
  "updates_per_s": null
}
