{
  "total_s": 4.133798458991805,
  "step_s": 0.0,
  "fit_s": 0.0,
  "eval_s": 0.6194162121100817,
  "plot_s": 0.0,
  "other_s": 0.0,
  "train_s": 3.424256416998105,
  "eval_final_s": 0.5845835000218358,
  "post_s": 0.11347241699695587,
  "steps_per_s": null,
  "updates_per_s": null
}
