{
  "total_s": 8.843940666993149,
  "step_s": 0.0,
  "fit_s": 0.0,
  "eval_s": 1.3653901659708936,
  "plot_s": 0.0,
  "other_s": 0.0,
  "train_s": 7.796086167014437,
  "eval_final_s": 0.5441295829950832,
  "post_s": 0.49548591699567623,
  "steps_per_s": null,
  "updates_per_s": null
}
