{
  "total_s": 6.201056457997765,
  "step_s": 0.0,
  "fit_s": 0.0,
  "eval_s": 0.3246790829289239,
  "plot_s": 0.0,
  "other_s": 0.0,
  "train_s": 5.8352376660041045,
  "eval_final_s": 0.16495158299221657,
  "post_s": 0.19732154201483354,
  "steps_per_s": null,
  "updates_per_s": null
}
