{
  "total_s": 5.804662625014316,
  "step_s": 0.0,
  "fit_s": 0.0,
  "eval_s": 0.3323994601087179,
  "plot_s": 0.0,
  "other_s": 0.0,
  "train_s": 5.227901917009149,
  "eval_final_s": 0.19897554101771675,
  "post_s": 0.37380475000827573,
  "steps_per_s": null,
  "updates_per_s": null
}
