{
  "total_s": 5.6262852090003435,
  "step_s": 0.0,
  "fit_s": 0.0,
  "eval_s": 0.9751367069547996,
  "plot_s": 0.0,
  "other_s": 0.0,
  "train_s": 5.299244166992139,
  "eval_final_s": 0.12769412499619648,
  "post_s": 0.1967562090139836,
  "steps_per_s": null,
  "updates_per_s": null
}
