{
  "suite": "paper_suite",
  "task": "chain_regime_shift_post_shift",
  "algorithm": "PE",
  "n_seeds": 5,
  "seeds": [
    11,
    29,
    47,
    67,
    83
  ],
  "scalar_metrics": {
    "final_bellman_residual": {
      "mean": 0.0,
      "std": 0.0,
      "median": 0.0,
      "q25": 0.0,
      "q75": 0.0,
      "iqr": 0.0,
      "ci_low": 0.0,
      "ci_high": 0.0
    },
    "n_sweeps": {
      "mean": 1.0,
      "std": 0.0,
      "median": 1.0,
      "q25": 1.0,
      "q75": 1.0,
      "iqr": 0.0,
      "ci_low": 1.0,
      "ci_high": 1.0
    },
    "wall_clock_s": {
      "mean": 0.0006317500083241612,
      "std": 7.622669701818602e-06,
      "median": 0.0006300419918261468,
      "q25": 0.00062616600189358,
      "q75": 0.0006344590219669044,
      "iqr": 8.293020073324442e-06,
      "ci_low": 0.0006262916023842991,
      "ci_high": 0.000638141407398507
    }
  },
  "tail_risk": null,
  "adaptation": null,
  "event_rates": null,
  "curves": {
    "steps": [
      0
    ],
    "bellman_residual": [
      0.0
    ],
    "supnorm_to_exact": [
      20.62906695327968
    ],
    "mean_return": [
      -0.0
    ],
    "episode_returns": [
      -0.0
    ]
  },
  "checkpoints": [
    0
  ],
  "episode_returns": {},
  "change_at_episode": null,
  "visitation_counts": null
}
