{
  "suite": "paper_suite",
  "task": "chain_regime_shift_post_shift",
  "algorithm": "PE",
  "n_seeds": 5,
  "seeds": [
    11,
    29,
    47,
    67,
    83
  ],
  "scalar_metrics": {
    "final_bellman_residual": {
      "mean": 0.0,
      "std": 0.0,
      "median": 0.0,
      "q25": 0.0,
      "q75": 0.0,
      "iqr": 0.0,
      "ci_low": 0.0,
      "ci_high": 0.0
    },
    "n_sweeps": {
      "mean": 1.0,
      "std": 0.0,
      "median": 1.0,
      "q25": 1.0,
      "q75": 1.0,
      "iqr": 0.0,
      "ci_low": 1.0,
      "ci_high": 1.0
    },
    "wall_clock_s": {
      "mean": 0.0006364415967254899,
      "std": 2.416236443652915e-05,
      "median": 0.0006263749965000898,
      "q25": 0.0006235829932847992,
      "q75": 0.0006336669976008125,
      "iqr": 1.0084004316013306e-05,
      "ci_low": 0.0006226581957889721,
      "ci_high": 0.000657933198090177
    }
  },
  "tail_risk": null,
  "adaptation": null,
  "event_rates": null,
  "curves": {
    "steps": [
      0
    ],
    "bellman_residual": [
      0.0
    ],
    "supnorm_to_exact": [
      20.62906695327968
    ],
    "mean_return": [
      -0.0
    ],
    "episode_returns": [
      -0.0
    ]
  },
  "checkpoints": [
    0
  ],
  "episode_returns": {},
  "change_at_episode": null,
  "visitation_counts": null
}
