{
  "total_s": 5.2962373749760445,
  "step_s": 0.0,
  "fit_s": 0.0,
  "eval_s": 0.6063301220128778,
  "plot_s": 0.0,
  "other_s": 0.0,
  "train_s": 4.48222441697726,
  "eval_final_s": 0.6036172079911921,
  "post_s": 0.1989927499962505,
  "steps_per_s": null,
  "updates_per_s": null
}
