{
  "total_s": 5.732318207999924,
  "step_s": 0.0,
  "fit_s": 0.0,
  "eval_s": 0.6508838350418955,
  "plot_s": 0.0,
  "other_s": 0.0,
  "train_s": 4.805008541996358,
  "eval_final_s": 0.6711402919900138,
  "post_s": 0.24412566600949503,
  "steps_per_s": null,
  "updates_per_s": null
}
