{
  "total_s": 6.104281792009715,
  "step_s": 0.0,
  "fit_s": 0.0,
  "eval_s": 0.43061945907538757,
  "plot_s": 0.0,
  "other_s": 0.0,
  "train_s": 5.424156416993355,
  "eval_final_s": 0.27172012501978315,
  "post_s": 0.40319291700143367,
  "steps_per_s": null,
  "updates_per_s": null
}
