{
  "total_s": 6.254346999980044,
  "step_s": 0.0,
  "fit_s": 0.0,
  "eval_s": 0.4391097899933811,
  "plot_s": 0.0,
  "other_s": 0.0,
  "train_s": 5.5307154589972924,
  "eval_final_s": 0.2935914160043467,
  "post_s": 0.4246704159886576,
  "steps_per_s": null,
  "updates_per_s": null
}
