{
  "total_s": 11.02694054099993,
  "step_s": 0.0,
  "fit_s": 0.0,
  "eval_s": 0.4129771660154802,
  "plot_s": 0.0,
  "other_s": 0.0,
  "train_s": 10.108816624997417,
  "eval_final_s": 0.2794847499972093,
  "post_s": 0.6340807079977822,
  "steps_per_s": null,
  "updates_per_s": null
}
