{
  "total_s": 5.277046750001318,
  "step_s": 0.0,
  "fit_s": 0.0,
  "eval_s": 0.6612030010437593,
  "plot_s": 0.0,
  "other_s": 0.0,
  "train_s": 4.492255124998337,
  "eval_final_s": 0.6362297919986304,
  "post_s": 0.13632191700162366,
  "steps_per_s": null,
  "updates_per_s": null
}
