{
  "total_s": 7.741790917003527,
  "step_s": 0.0,
  "fit_s": 0.0,
  "eval_s": 0.907514205086045,
  "plot_s": 0.0,
  "other_s": 0.0,
  "train_s": 7.227711208019173,
  "eval_final_s": 0.13169933299650438,
  "post_s": 0.3800919170025736,
  "steps_per_s": null,
  "updates_per_s": null
}
