{
  "total_s": 7.986686124990229,
  "step_s": 0.0,
  "fit_s": 0.0,
  "eval_s": 0.945472292980412,
  "plot_s": 0.0,
  "other_s": 0.0,
  "train_s": 7.441946458013263,
  "eval_final_s": 0.13594629100407474,
  "post_s": 0.40649004199076444,
  "steps_per_s": null,
  "updates_per_s": null
}
