{
  "phase": "III",
  "task": "grid_regime_shift",
  "algorithm": "SafeExpectedSARSA",
  "n_seeds": 3,
  "seeds": [
    "seed_11",
    "seed_29",
    "seed_47"
  ],
  "metrics": {
    "adaptation_metrics_change_at_episode": {
      "mean": 200.0,
      "std": 0.0,
      "median": 200.0,
      "q25": 200.0,
      "q75": 200.0,
      "iqr": 0.0,
      "ci_low": 200.0,
      "ci_high": 200.0
    },
    "adaptation_metrics_lag_to_50pct_recovery": {
      "mean": 0.0,
      "std": 0.0,
      "median": 0.0,
      "q25": 0.0,
      "q75": 0.0,
      "iqr": 0.0,
      "ci_low": 0.0,
      "ci_high": 0.0
    },
    "adaptation_metrics_lag_to_75pct_recovery": {
      "mean": 33.0,
      "std": 57.15767664977295,
      "median": 0.0,
      "q25": 0.0,
      "q75": 49.5,
      "iqr": 49.5,
      "ci_low": 0.0,
      "ci_high": 99.0
    },
    "adaptation_metrics_lag_to_90pct_recovery": {
      "mean": 427.5,
      "std": 306.1772362537751,
      "median": 427.5,
      "q25": 319.25,
      "q75": 535.75,
      "iqr": 216.5,
      "ci_low": 211.0,
      "ci_high": 644.0
    },
    "adaptation_metrics_post_change_auc": {
      "mean": 0.8505280103631455,
      "std": 0.110997114124361,
      "median": 0.9060117257012782,
      "q25": 0.8143701291400123,
      "q75": 0.914427749255345,
      "iqr": 0.1000576201153327,
      "ci_low": 0.7227285325787465,
      "ci_high": 0.9228437728094118
    },
    "adaptation_metrics_post_change_optimum": {
      "mean": 0.9670646700000001,
      "std": 0.0056020238884442915,
      "median": 0.970299,
      "q25": 0.965447505,
      "q75": 0.970299,
      "iqr": 0.004851495000000039,
      "ci_low": 0.9605960100000001,
      "ci_high": 0.9702990000000001
    },
    "adaptation_metrics_pre_change_auc": {
      "mean": 0.4864242943773424,
      "std": 0.012085913159489956,
      "median": 0.4856730673891705,
      "q25": 0.48020229256368296,
      "q75": 0.4922706826969159,
      "iqr": 0.012068390133232909,
      "ci_low": 0.47473151773819544,
      "ci_high": 0.4988682980046613
    },
    "auc_disc_return": {
      "mean": 0.8616963453108664,
      "std": 0.06834176767104132,
      "median": 0.9008504613128065,
      "q25": 0.8418166522190076,
      "q75": 0.9011530964036953,
      "iqr": 0.05933644418468775,
      "ci_low": 0.7827828431252087,
      "ci_high": 0.901455731494584
    },
    "final_10pct_success_rate": {
      "mean": 1.0,
      "std": 0.0,
      "median": 1.0,
      "q25": 1.0,
      "q75": 1.0,
      "iqr": 0.0,
      "ci_low": 1.0,
      "ci_high": 1.0
    },
    "final_disc_return_mean": {
      "mean": 0.9102954281101768,
      "std": 0.07864949854413728,
      "median": 0.9474813530910927,
      "q25": 0.8837148663518029,
      "q75": 0.9554689523590089,
      "iqr": 0.07175408600720601,
      "ci_low": 0.8199483796125128,
      "ci_high": 0.963456551626925
    },
    "n_transitions": {
      "mean": 250000.0,
      "std": 0.0,
      "median": 250000.0,
      "q25": 250000.0,
      "q75": 250000.0,
      "iqr": 0.0,
      "ci_low": 250000.0,
      "ci_high": 250000.0
    },
    "seed": {
      "mean": 29.0,
      "std": 18.0,
      "median": 29.0,
      "q25": 20.0,
      "q75": 38.0,
      "iqr": 18.0,
      "ci_low": 11.0,
      "ci_high": 47.0
    },
    "shortcut_risky_path_fraction": {
      "mean": 0.0,
      "std": 0.0,
      "median": 0.0,
      "q25": 0.0,
      "q75": 0.0,
      "iqr": 0.0,
      "ci_low": 0.0,
      "ci_high": 0.0
    },
    "steps_to_threshold": {
      "mean": 16000.0,
      "std": 0.0,
      "median": 16000.0,
      "q25": 16000.0,
      "q75": 16000.0,
      "iqr": 0.0,
      "ci_low": 16000.0,
      "ci_high": 16000.0
    },
    "train_steps": {
      "mean": 250000.0,
      "std": 0.0,
      "median": 250000.0,
      "q25": 250000.0,
      "q75": 250000.0,
      "iqr": 0.0,
      "ci_low": 250000.0,
      "ci_high": 250000.0
    }
  },
  "provenance": {
    "schedule_path": "results/weighted_lse_dp/phase3/calibration/grid_regime_shift/schedule.json",
    "calibration_hash": "2c69e9f6ad0c7e3f6a5bef6dc50b2442eac121bf6a11a0201399aab62251e46a",
    "source_phase": "phase2"
  }
}
