{
  "total_s": 4.593061958003091,
  "step_s": 0.0,
  "fit_s": 0.0,
  "eval_s": 0.6238522500207182,
  "plot_s": 0.0,
  "other_s": 0.0,
  "train_s": 3.819486541993683,
  "eval_final_s": 0.5460348750057165,
  "post_s": 0.21606941599748097,
  "steps_per_s": null,
  "updates_per_s": null
}
