{
  "suite": "paper_suite",
  "task": "grid_regime_shift_post_shift",
  "algorithm": "MPI",
  "n_seeds": 3,
  "seeds": [
    11,
    29,
    47
  ],
  "scalar_metrics": {
    "final_bellman_residual": {
      "mean": 0.0,
      "std": 0.0,
      "median": 0.0,
      "q25": 0.0,
      "q75": 0.0,
      "iqr": 0.0,
      "ci_low": 0.0,
      "ci_high": 0.0
    },
    "n_sweeps": {
      "mean": 2.0,
      "std": 0.0,
      "median": 2.0,
      "q25": 2.0,
      "q75": 2.0,
      "iqr": 0.0,
      "ci_low": 2.0,
      "ci_high": 2.0
    },
    "wall_clock_s": {
      "mean": 0.005661027670915549,
      "std": 0.00015334849075331113,
      "median": 0.005600875010713935,
      "q25": 0.005573875008849427,
      "q75": 0.005718104002880864,
      "iqr": 0.00014422899403143674,
      "ci_low": 0.005546875006984919,
      "ci_high": 0.005835332995047793
    }
  },
  "tail_risk": null,
  "adaptation": null,
  "event_rates": null,
  "curves": {
    "steps": [
      0,
      1
    ],
    "bellman_residual": [
      0.9988901220865705,
      0.0
    ],
    "supnorm_to_exact": [
      0.0,
      0.0
    ],
    "mean_return": [
      -0.9988901220865705,
      -0.0
    ],
    "episode_returns": [
      -0.9988901220865705,
      -0.0
    ]
  },
  "checkpoints": [
    0,
    1
  ],
  "episode_returns": {},
  "change_at_episode": null,
  "visitation_counts": null
}
