{
  "total_s": 4.5289431670098566,
  "step_s": 0.0,
  "fit_s": 0.0,
  "eval_s": 0.6136237070022617,
  "plot_s": 0.0,
  "other_s": 0.0,
  "train_s": 3.710032292001415,
  "eval_final_s": 0.6015238330001011,
  "post_s": 0.20611025000107475,
  "steps_per_s": null,
  "updates_per_s": null
}
