{
  "phase": "phase4",
  "schedule_version": 3,
  "task_family": "dense_chain_cost",
  "scheduler_mode": "stagewise_u",
  "gamma_eval": 0.95,
  "gamma_base": 0.95,
  "sign_family": 1,
  "reward_bound": 0.05,
  "alpha_t": [
    0.19173898723216287,
    0.19069981632661842,
    0.18946670401807902,
    0.18800145793771417,
    0.18625594773805215,
    0.1841686732285161,
    0.19148248705723558,
    0.2,
    0.19892511261640794,
    0.19751007742549342,
    0.1956420352601987,
    0.19315477423941657,
    0.18979306875214813,
    0.18514400214517346,
    0.17849310368995397,
    0.16848783807934714,
    0.12393092147027181,
    0.101502527561281,
    0.14280500000000002,
    0.14280500000000002
  ],
  "kappa_t": [
    0.9595869493616082,
    0.9595349908163309,
    0.9594733352009039,
    0.9594000728968857,
    0.9593127973869026,
    0.9592084336614257,
    0.9595741243528617,
    0.96,
    0.9599462556308204,
    0.9598755038712746,
    0.9597821017630099,
    0.9596577387119708,
    0.9594896534376074,
    0.9592572001072587,
    0.9589246551844977,
    0.9584243919039673,
    0.9561965460735136,
    0.955075126378064,
    0.9554925,
    0.9554925
  ],
  "Bhat_t": [
    1.3535483147059606,
    1.3089468500395736,
    1.26253535476484,
    1.2142446402858016,
    1.1640030805019828,
    1.1117365299483741,
    1.0573682365123698,
    1.0003065028037375,
    0.9404234404205598,
    0.878094409427786,
    0.8132246382781623,
    0.7457157587784331,
    0.6754655671807038,
    0.6023676911053706,
    0.5263110780392569,
    0.44717911435570856,
    0.3648478871255041,
    0.2795951190404635,
    0.19066051875,
    0.0975,
    0.0
  ],
  "A_t": [
    1.3589468500395736,
    1.31253535476484,
    1.2642446402858016,
    1.2140030805019828,
    1.1617365299483742,
    1.1073682365123698,
    1.0503065028037375,
    0.9904234404205599,
    0.9280944094277861,
    0.8632246382781623,
    0.7957157587784331,
    0.7254655671807039,
    0.6523676911053706,
    0.576311078039257,
    0.49717911435570855,
    0.4148478871255041,
    0.3295951190404635,
    0.24066051875,
    0.14750000000000002,
    0.05
  ],
  "xi_ref_t": [
    0.38981016301072524,
    0.3869522381165479,
    0.3835609361227292,
    0.37953122048420623,
    0.3747307232550801,
    0.36899030678464445,
    0.3891047369529186,
    0.41252957703045207,
    0.4095734247790614,
    0.40568179898712015,
    0.40054431469162627,
    0.39370385644584244,
    0.3844585034940837,
    0.371672653621006,
    0.35338137144364484,
    0.3258649181741718,
    0.28061462388080816,
    0.19737346302882097,
    0.02,
    0.02
  ],
  "u_target_t": [
    0.00011014683690449534,
    0.0001240024489784213,
    0.0001404439464256133,
    0.00015998056083047808,
    0.00018325403015930527,
    0.00021108435695311903,
    0.00011356683923685932,
    0.0,
    1.4331831781227468e-05,
    3.319896766008825e-05,
    5.810619653068435e-05,
    9.126967680777925e-05,
    0.0001360924166380255,
    0.00019807997139768764,
    0.00028675861746728045,
    0.0004201621589420381,
    0.001014254380396376,
    0.0013132996325162535,
    0.002,
    0.002
  ],
  "u_tr_cap_t": [
    7.788550045569748e-05,
    8.768287882665275e-05,
    9.93087472193842e-05,
    0.00011312318551735452,
    0.00012957996391184192,
    0.00014925891061897995,
    8.030380455572695e-05,
    0.0,
    1.0134135322124018e-05,
    2.347520728450248e-05,
    4.108726740039638e-05,
    6.453735718603613e-05,
    9.623175827095344e-05,
    0.0001400634544177488,
    0.00020276846552408313,
    0.00029709844151278134,
    0.0006104750614397998,
    0.0007866756552682506,
    0.0,
    0.0
  ],
  "U_safe_ref_t": [
    0.007669182135945343,
    0.007571702559177138,
    0.007456820748443828,
    0.007321427800221814,
    0.007161718711808648,
    0.006972996110503713,
    0.007645064465007076,
    0.008465781703873307,
    0.008359952531347015,
    0.008221627697629196,
    0.008040749923176497,
    0.007802970767821652,
    0.0074871427433090415,
    0.007060875302277534,
    0.006472264504060019,
    0.005633803865477923,
    0.0035686670344260377,
    0.002055855358663787,
    0.00022545137999577944,
    0.00022545137999577944
  ],
  "u_ref_used_t": [
    7.788550045569748e-05,
    8.768287882665275e-05,
    9.93087472193842e-05,
    0.00011312318551735452,
    0.00012957996391184192,
    0.00014925891061897995,
    8.030380455572695e-05,
    0.0,
    1.0134135322124018e-05,
    2.347520728450248e-05,
    4.108726740039638e-05,
    6.453735718603613e-05,
    9.623175827095344e-05,
    0.0001400634544177488,
    0.00020276846552408313,
    0.00029709844151278134,
    0.0006104750614397998,
    0.0007866756552682506,
    0.0,
    0.0
  ],
  "theta_used_t": [
    0.00019980366816027456,
    0.00022659871216520306,
    0.00025891256868662994,
    0.0002980602896726964,
    0.0003457948758144299,
    0.0004045063186608114,
    0.0002063809481852791,
    0.0,
    2.4743146671663903e-05,
    5.786605990979592e-05,
    0.00010257858092937587,
    0.00016392360940694476,
    0.00025030466850483983,
    0.0003768462733353831,
    0.0005737950042350193,
    0.0009117226953347121,
    0.002175492684583327,
    0.003985721500733755,
    0.0,
    0.0
  ],
  "beta_used_t": [
    0.00014702831693120014,
    0.00017264198738920945,
    0.00020479625575323685,
    0.00024551856124570157,
    0.0002976534411204204,
    0.0003652861851399987,
    0.00019649592536498262,
    0.0,
    2.6660161315829085e-05,
    6.703476400444141e-05,
    0.00012891359734643493,
    0.00022595642966761722,
    0.0003836864883371585,
    0.0006538938564524925,
    0.0011541011833906113,
    0.002197727706056481,
    0.006600500307518958,
    0.016561592742489487,
    0.0,
    0.0
  ],
  "trust_clip_active_t": [
    true,
    true,
    true,
    true,
    true,
    true,
    true,
    false,
    true,
    true,
    true,
    true,
    true,
    true,
    true,
    true,
    true,
    true,
    true,
    true
  ],
  "safe_clip_active_t": [
    false,
    false,
    false,
    false,
    false,
    false,
    false,
    false,
    false,
    false,
    false,
    false,
    false,
    false,
    false,
    false,
    false,
    false,
    false,
    false
  ],
  "source_phase": "phase4_diagnostic_sweep",
  "notes": "Phase IV-B diagnostic sweep (u_max=0.0000) stagewise schedule from classical pilot",
  "provenance": {
    "git_sha": "6202151f2786771ab9339e76dffb5bd4f02d731b",
    "calibration_code_version": "v3.0",
    "input_hashes": {
      "margins": "f2c5575dfadf0222",
      "p_align": "9d64868be6ade0c3",
      "n_by_stage": "35d6f04339c16583"
    }
  }
}