{
  "phase": "phase4",
  "schedule_version": 3,
  "task_family": "dense_chain_cost",
  "scheduler_mode": "stagewise_u",
  "gamma_eval": 0.95,
  "gamma_base": 0.95,
  "sign_family": 1,
  "reward_bound": 0.05,
  "alpha_t": [
    0.2477270210027457,
    0.24659608519076393,
    0.24521456205511613,
    0.24353199906201692,
    0.24148478279899654,
    0.3,
    0.2487006079089331,
    0.26,
    0.25884313390387914,
    0.25724081916592806,
    0.25504322698674975,
    0.2520297069892255,
    0.2478615169649736,
    0.24199086258652808,
    0.3,
    0.28666225206331236,
    0.27431805365871803,
    0.292202423243507,
    0.14280500000000002,
    0.14280500000000002
  ],
  "kappa_t": [
    0.9623863510501373,
    0.9623298042595382,
    0.9622607281027558,
    0.9621765999531008,
    0.9620742391399498,
    0.965,
    0.9624350303954466,
    0.963,
    0.9629421566951939,
    0.9628620409582964,
    0.9627521613493375,
    0.9626014853494612,
    0.9623930758482486,
    0.9620995431293263,
    0.965,
    0.9643331126031656,
    0.9637159026829358,
    0.9612385547401349,
    0.9554925,
    0.9554925
  ],
  "Bhat_t": [
    1.3918432336860214,
    1.3449309960325802,
    1.2962614173551574,
    1.245776100328545,
    1.19341511774919,
    1.1391169965520416,
    1.079395851349266,
    1.0202203996521442,
    0.9581727929928808,
    0.8937949045108791,
    0.8270083050717837,
    0.7577321914804608,
    0.6858832045545527,
    0.6113751431928731,
    0.5341184775137114,
    0.4524543808432243,
    0.36808274672332264,
    0.2807702414892544,
    0.19066051875,
    0.0975,
    0.0
  ],
  "A_t": [
    1.3949309960325802,
    1.3462614173551575,
    1.295776100328545,
    1.2434151177491901,
    1.1891169965520416,
    1.1293958513492661,
    1.0702203996521442,
    1.0081727929928808,
    0.9437949045108791,
    0.8770083050717837,
    0.8077321914804608,
    0.7358832045545527,
    0.6613751431928732,
    0.5841184775137115,
    0.5024543808432244,
    0.41808274672332263,
    0.3307702414892544,
    0.24066051875,
    0.14750000000000002,
    0.05
  ],
  "xi_ref_t": [
    0.380611669503778,
    0.3782559841478966,
    0.37537833734869047,
    0.3718736388846405,
    0.3676093850516413,
    0.36241619617909016,
    0.38263960459371427,
    0.40617569938997405,
    0.4037660024889871,
    0.400428457312935,
    0.3958509776188238,
    0.38957395919513105,
    0.380891818178255,
    0.3686635251113734,
    0.3509161355082722,
    0.3239187144854757,
    0.2797657350582197,
    0.19737346302882097,
    0.02,
    0.02
  ],
  "u_target_t": [
    0.0001258767076641467,
    0.00013747604932549842,
    0.0001516455173834251,
    0.0001689025737229039,
    0.00018989966360003613,
    0.0002154708086998078,
    0.00011589120093401998,
    0.0,
    1.1865293293547661e-05,
    2.829929060586692e-05,
    5.083869757179795e-05,
    8.174659498230339e-05,
    0.0001244972618977074,
    0.00018470910167663556,
    0.0002720968485544306,
    0.00040503154190680646,
    0.0010018628210668003,
    0.0013025574583359271,
    0.002,
    0.002
  ],
  "u_tr_cap_t": [
    0.000152587890625,
    0.000152587890625,
    0.000152587890625,
    0.00030517578125,
    0.00030517578125,
    0.00030517578125,
    0.000152587890625,
    0.0,
    0.000152587890625,
    0.000152587890625,
    0.000152587890625,
    0.000152587890625,
    0.000152587890625,
    0.00030517578125,
    0.00030517578125,
    0.00030517578125,
    0.0006103515625,
    0.000762939453125,
    0.0,
    0.0
  ],
  "U_safe_ref_t": [
    0.009674272870162433,
    0.009570514187264016,
    0.009444506724814488,
    0.009292143152235604,
    0.009108389941964147,
    0.011155081564948939,
    0.009764033188731829,
    0.010835413775465838,
    0.010723215780629106,
    0.010568760734875525,
    0.010358708008847242,
    0.010074021369990784,
    0.009686648679982151,
    0.009153647815068722,
    0.010801112520139907,
    0.009526976304198072,
    0.007874116994518433,
    0.004551987465449479,
    0.00022545137999577944,
    0.00022545137999577944
  ],
  "u_ref_used_t": [
    0.0001258767076641467,
    0.00013747604932549842,
    0.0001516455173834251,
    0.0001689025737229039,
    0.00018989966360003613,
    0.0002154708086998078,
    0.00011589120093401998,
    0.0,
    1.1865293293547661e-05,
    2.829929060586692e-05,
    5.083869757179795e-05,
    8.174659498230339e-05,
    0.0001244972618977074,
    0.00018470910167663556,
    0.0002720968485544306,
    0.00030517578125,
    0.0006103515625,
    0.000762939453125,
    0.0,
    0.0
  ],
  "theta_used_t": [
    0.00033072214477359116,
    0.00036344712334212756,
    0.0004039804706219927,
    0.00045419345729773395,
    0.0005165800203206435,
    0.0005945396783352684,
    0.0003028729894728826,
    0.0,
    2.9386558601776515e-05,
    7.067252611307546e-05,
    0.0001284288796698438,
    0.00020983588110250946,
    0.00032685727536274737,
    0.0005010235325581364,
    0.0007753899607959646,
    0.0009421369238722508,
    0.002181652311256004,
    0.003865461148713764,
    0.0,
    0.0
  ],
  "beta_used_t": [
    0.00023708853392334165,
    0.00026996771849567645,
    0.00031176718764882536,
    0.0003652790213134191,
    0.00043442320799258325,
    0.0005264227574636334,
    0.0002830005759293376,
    0.0,
    3.1136593831268956e-05,
    8.058364522248266e-05,
    0.0001589993329774953,
    0.00028514834936276066,
    0.0004942085875571345,
    0.0008577429953778094,
    0.0015432046974985009,
    0.0022534699919002756,
    0.0065956728798617715,
    0.01606188322368421,
    0.0,
    0.0
  ],
  "trust_clip_active_t": [
    false,
    false,
    false,
    false,
    false,
    false,
    false,
    false,
    false,
    false,
    false,
    false,
    false,
    false,
    false,
    true,
    true,
    true,
    true,
    true
  ],
  "safe_clip_active_t": [
    true,
    true,
    true,
    true,
    true,
    true,
    true,
    true,
    true,
    true,
    true,
    true,
    true,
    true,
    true,
    false,
    false,
    false,
    false,
    false
  ],
  "source_phase": "phase4_diagnostic_sweep",
  "notes": "Phase IV-B diagnostic sweep (u_max=0.0000) stagewise schedule from classical pilot",
  "provenance": {
    "git_sha": "01a22b9945b1a74a643b82b1f38fefc5e36ee5f8",
    "calibration_code_version": "v3.0",
    "input_hashes": {
      "margins": "f2c5575dfadf0222",
      "p_align": "9d64868be6ade0c3",
      "n_by_stage": "35d6f04339c16583"
    }
  }
}