{
  "total_s": 0.6734215000033146,
  "step_s": 0.0,
  "fit_s": 0.0,
  "eval_s": 0.1509477899526246,
  "plot_s": 0.0,
  "other_s": 0.0,
  "train_s": 0.6547906660125591,
  "post_s": 0.018591917003504932,
  "steps_per_s": null,
  "updates_per_s": null
}
