{
  "total_s": 4.039731290977215,
  "step_s": 0.0,
  "fit_s": 0.0,
  "eval_s": 0.6178011239389889,
  "plot_s": 0.0,
  "other_s": 0.0,
  "train_s": 3.416205874993466,
  "eval_final_s": 0.4986759170133155,
  "post_s": 0.11365874999319203,
  "steps_per_s": null,
  "updates_per_s": null
}
