{
  "total_s": 9.828574791987194,
  "step_s": 0.0,
  "fit_s": 0.0,
  "eval_s": 1.297802669025259,
  "plot_s": 0.0,
  "other_s": 0.0,
  "train_s": 8.889358791988343,
  "eval_final_s": 0.4949096250056755,
  "post_s": 0.43657945800805464,
  "steps_per_s": null,
  "updates_per_s": null
}
