{
  "phase": "phase4",
  "schedule_version": 3,
  "task_family": "dense_chain_cost",
  "scheduler_mode": "stagewise_u",
  "gamma_eval": 0.95,
  "gamma_base": 0.95,
  "sign_family": 1,
  "reward_bound": 0.05,
  "alpha_t": [
    0.488981416174706,
    0.4877753270505086,
    0.48607809930973656,
    0.4837852234190633,
    0.4807646876327381,
    0.47684747569651315,
    0.47181383922432185,
    0.49395557167405946,
    0.4,
    0.5,
    0.5,
    0.5,
    0.5,
    0.49186259630053814,
    0.4755789233415611,
    0.45004593820712,
    0.43402741634134595,
    0.46248066099041796,
    0.28561000000000003,
    0.28561000000000003
  ],
  "kappa_t": [
    0.9744490708087353,
    0.9743887663525254,
    0.9743039049654868,
    0.9741892611709532,
    0.9740382343816368,
    0.9738423737848256,
    0.9735906919612161,
    0.974697778583703,
    0.97,
    0.975,
    0.975,
    0.975,
    0.975,
    0.9745931298150269,
    0.973778946167078,
    0.972502296910356,
    0.9717013708170673,
    0.9731240330495209,
    0.960985,
    0.960985
  ],
  "Bhat_t": [
    1.5354202107409756,
    1.4756237691802472,
    1.4143469390960262,
    1.3515771951490572,
    1.287303448245452,
    1.2215161646101014,
    1.1542074927810209,
    1.0853714004315027,
    1.013515596462056,
    0.9443459757340783,
    0.8685599751118752,
    0.7908307437044874,
    0.7111084550815254,
    0.6293420052118209,
    0.5457067046150448,
    0.4602756163287831,
    0.37303317172753503,
    0.28355745911508745,
    0.1911960375,
    0.0975,
    0.0
  ],
  "A_t": [
    1.5256237691802472,
    1.4643469390960262,
    1.4015771951490572,
    1.337303448245452,
    1.2715161646101014,
    1.204207492781021,
    1.1353714004315028,
    1.063515596462056,
    0.9943459757340783,
    0.9185599751118753,
    0.8408307437044874,
    0.7611084550815255,
    0.679342005211821,
    0.5957067046150448,
    0.5102756163287832,
    0.423033171727535,
    0.33355745911508744,
    0.24119603750000002,
    0.14750000000000002,
    0.05
  ],
  "xi_ref_t": [
    0.35995226737497105,
    0.3587429164299076,
    0.35704109860308914,
    0.3547420217192441,
    0.351713317012018,
    0.347785511129314,
    0.3427382613841494,
    0.36493987528333316,
    0.3910547397470825,
    0.3890447821676852,
    0.3858234858909278,
    0.38092880766621406,
    0.37365089011859437,
    0.36284123953977043,
    0.34651352802413116,
    0.3209114899299901,
    0.2781784722418492,
    0.19693524193986808,
    0.02,
    0.02
  ],
  "u_target_t": [
    0.018568373054217192,
    0.018512707402331165,
    0.01843437381429553,
    0.018328548773187535,
    0.01818913942920329,
    0.01800834503214676,
    0.017776023348814854,
    0.018797949461879668,
    0.020000000000000004,
    0.01990748293588629,
    0.019759208724917425,
    0.01953390981126194,
    0.01919891191316235,
    0.01870135059848637,
    0.01794979646191821,
    0.016771350994174768,
    0.011409257384899852,
    0.008630332116260842,
    0.002,
    0.002
  ],
  "u_tr_cap_t": [
    0.013132095336914062,
    0.013089179992675781,
    0.013036727905273438,
    0.012960433959960938,
    0.012860298156738281,
    0.012731552124023438,
    0.012569427490234375,
    0.013294219970703125,
    0.014142990112304688,
    0.01407623291015625,
    0.013971328735351562,
    0.0138092041015625,
    0.013575553894042969,
    0.013222694396972656,
    0.012693405151367188,
    0.011858940124511719,
    0.0069141387939453125,
    0.00522613525390625,
    0.0,
    0.0
  ],
  "U_safe_ref_t": [
    0.01805635149764437,
    0.017951309570521358,
    0.017803999659960087,
    0.01760593167457468,
    0.017346655969954834,
    0.017013206525822243,
    0.016589355824463203,
    0.018492727124348633,
    0.016047632883898065,
    0.019955388541667608,
    0.01979015764343437,
    0.019539093472321793,
    0.019165785105023415,
    0.01830849320116103,
    0.01690589857091208,
    0.014816415990368493,
    0.012386411032803806,
    0.009343622547974549,
    0.0004508519230449306,
    0.0004508519230449306
  ],
  "u_ref_used_t": [
    0.013132095336914062,
    0.013089179992675781,
    0.013036727905273438,
    0.012960433959960938,
    0.012860298156738281,
    0.012731552124023438,
    0.012569427490234375,
    0.013294219970703125,
    0.014142990112304688,
    0.01407623291015625,
    0.013971328735351562,
    0.0138092041015625,
    0.013575553894042969,
    0.013222694396972656,
    0.012693405151367188,
    0.011858940124511719,
    0.0069141387939453125,
    0.00522613525390625,
    0.0,
    0.0
  ],
  "theta_used_t": [
    0.03648287989038846,
    0.036486239569369146,
    0.036513241630387036,
    0.03653481450308219,
    0.03656471772520017,
    0.036607482820897555,
    0.03667354627835453,
    0.036428521164977426,
    0.03616626695651808,
    0.03618152345271436,
    0.036211711433505774,
    0.03625140399899266,
    0.036332186682960066,
    0.0364420935551438,
    0.036631773725391815,
    0.03695392809742917,
    0.024855046252228098,
    0.026537328730131454,
    0.0,
    0.0
  ],
  "beta_used_t": [
    0.02391341864710954,
    0.024916390095295934,
    0.026051538050677163,
    0.027319763925693925,
    0.02875678559415908,
    0.03039964710430052,
    0.032300924846633085,
    0.0342529261311845,
    0.03637191464451621,
    0.03938939691804845,
    0.04306658825766306,
    0.04762974810877593,
    0.05348143704382239,
    0.06117455666155926,
    0.07178821121993229,
    0.08735468177713086,
    0.07451503653423729,
    0.11002390008223685,
    0.0,
    0.0
  ],
  "trust_clip_active_t": [
    true,
    true,
    true,
    true,
    true,
    true,
    true,
    true,
    true,
    true,
    true,
    true,
    true,
    true,
    true,
    true,
    true,
    true,
    true,
    true
  ],
  "safe_clip_active_t": [
    false,
    false,
    false,
    false,
    false,
    false,
    false,
    false,
    false,
    false,
    false,
    false,
    false,
    false,
    false,
    false,
    false,
    false,
    false,
    false
  ],
  "source_phase": "phase4C_scheduler_state_bin_hazard_proximity",
  "notes": "Phase IV-C scheduler ablation: state_bin_hazard_proximity",
  "provenance": {
    "git_sha": "fbfc9b1e68f00da6c711fb85148cb8edfd458e85",
    "calibration_code_version": "v3.0",
    "input_hashes": {
      "margins": "df3a4a9af3d3c4c8",
      "p_align": "ed6399bbaa8804c5",
      "n_by_stage": "35d6f04339c16583"
    }
  }
}