{
  "total_s": 4.006911292002769,
  "step_s": 0.0,
  "fit_s": 0.0,
  "eval_s": 0.6235572890727781,
  "plot_s": 0.0,
  "other_s": 0.0,
  "train_s": 3.366394374985248,
  "eval_final_s": 0.5147577080060728,
  "post_s": 0.11406625001109205,
  "steps_per_s": null,
  "updates_per_s": null
}
