{
  "schema_version": "1.0.0",
  "phase": "phase4C",
  "task": "dense_chain_cost_1",
  "algorithm": "safe_target_q_polyak",
  "seed": 456,
  "train_steps": 20000,
  "n_transitions": 20000,
  "mean_return": -0.6414753491954077,
  "final_disc_return_mean": -0.6415140775914574,
  "mean_q_target_gap": 6.655775258914948e-06,
  "std_q_target_gap": 8.746258340777963e-05,
  "p5_q_target_gap": 0.0,
  "p95_q_target_gap": 1.5338424974586878e-15,
  "mean_beta_used": 0.03444265799632936,
  "std_beta_used": 0.024842483282645034,
  "p5_beta_used": 0.0,
  "p95_beta_used": 0.0807396672797118,
  "mean_rho": 0.5124317336153009,
  "std_rho": 0.00031214481575106943,
  "p5_rho": 0.5118251185847414,
  "p95_rho": 0.5128205128205129,
  "mean_effective_discount": 0.9507581194501632,
  "std_effective_discount": 0.0006086823907145862,
  "p5_effective_discount": 0.9499999999999998,
  "p95_effective_discount": 0.9519410187597541,
  "stage_mean_q_target_gap": [
    4.007619818425971e-06,
    8.444693538040718e-06,
    8.841797740840317e-06,
    8.677442599867677e-06,
    1.046022938328379e-05,
    6.425938447939016e-06,
    5.2188597671104145e-06,
    5.831037047658395e-06,
    8.44484394643189e-06,
    9.216865960611179e-06,
    9.740657079655628e-06,
    7.1602641281708865e-06,
    7.084818709330493e-06,
    1.0051537442416897e-05,
    3.81571752726768e-06,
    4.8501955248285685e-06,
    3.1203113204821e-06,
    6.7561483781692655e-06,
    4.966526817768042e-06,
    0.0
  ],
  "stage_std_q_target_gap": [
    4.8868295215065827e-05,
    9.320607514584853e-05,
    9.231114082396725e-05,
    7.912005754101114e-05,
    0.00011438847075482498,
    8.511123321455968e-05,
    8.554062559334221e-05,
    8.007153542522721e-05,
    9.769886509988773e-05,
    0.00011065937593921047,
    0.00012376115129136977,
    9.929673859690757e-05,
    9.223189693587643e-05,
    0.00013517895491433216,
    4.774848376004353e-05,
    6.791769539516447e-05,
    3.787028750443609e-05,
    7.384354653674492e-05,
    7.358203443608449e-05,
    0.0
  ],
  "stage_mean_beta_used": [
    0.0181450427264552,
    0.018715290156700617,
    0.019335728949678135,
    0.02001202846320898,
    0.020975474920895514,
    0.02360097016522822,
    0.02486420155334345,
    0.026308663410898422,
    0.027974418363615815,
    0.029913815627782725,
    0.03219624771086909,
    0.034914932373743254,
    0.03819621957200927,
    0.04221059273755364,
    0.061141066228150104,
    0.06979446294761908,
    0.07967996342087269,
    0.1008740405979629,
    0.0,
    0.0
  ],
  "stage_std_beta_used": [
    0.0,
    3.469446951953614e-18,
    3.469446951953614e-18,
    6.938893903907228e-18,
    3.469446951953614e-18,
    0.0,
    6.938893903907228e-18,
    6.938893903907228e-18,
    6.938893903907228e-18,
    0.0,
    0.0,
    6.938893903907228e-18,
    6.938893903907228e-18,
    1.3877787807814457e-17,
    2.0816681711721685e-17,
    1.3877787807814457e-17,
    1.3877787807814457e-17,
    0.0,
    0.0,
    0.0
  ],
  "stage_mean_rho": [
    0.512605013853331,
    0.5126153699066559,
    0.5126198393854061,
    0.5126149457599745,
    0.5126011506047553,
    0.512565451356503,
    0.5125447397516445,
    0.5125266672179993,
    0.5125032183162792,
    0.5124790911831865,
    0.5124505532982251,
    0.5124255262849308,
    0.5123831983710326,
    0.5123347779133612,
    0.5121297994905729,
    0.5120186984134264,
    0.5119094916699595,
    0.5116661138877474,
    0.5128205128205128,
    0.5128205128205128
  ],
  "stage_std_rho": [
    4.8140618446836836e-05,
    8.891184255693895e-05,
    0.00010577050813711694,
    0.00010271689239629298,
    9.468287089458625e-05,
    9.31866896123721e-05,
    8.952684048440153e-05,
    9.137877647053912e-05,
    9.122839207426345e-05,
    9.324406237029543e-05,
    9.679849939626171e-05,
    0.00010059477068298555,
    0.00010734482450530585,
    0.0001168906869733462,
    0.0001643254357831971,
    0.00018900954307050728,
    0.00021025778499153395,
    0.0002656082590563859,
    1.1102230246251565e-16,
    1.1102230246251565e-16
  ],
  "stage_mean_effective_discount": [
    0.950420222986004,
    0.950400028682021,
    0.9503913131984584,
    0.9504008557680502,
    0.950427756320727,
    0.9504973698548187,
    0.9505377574842933,
    0.9505729989249013,
    0.9506187242832554,
    0.9506657721927859,
    0.9507214210684614,
    0.9507702237443851,
    0.9508527631764861,
    0.9509471830689451,
    0.9513468909933829,
    0.951563538093818,
    0.9517764912435788,
    0.9522510779188922,
    0.9499999999999996,
    0.9499999999999996
  ],
  "stage_std_effective_discount": [
    9.387420597133155e-05,
    0.00017337809298603748,
    0.0002062524908673636,
    0.0002002979401727788,
    0.000184631598244458,
    0.00018171404474413708,
    0.0001745773389445924,
    0.00017818861411754007,
    0.00017789536454483135,
    0.00018182592162208766,
    0.00018875707382271339,
    0.00019615980283181557,
    0.0002093224077853423,
    0.00022793683959804078,
    0.00032043459977724596,
    0.00036856860898748777,
    0.00041000268073347927,
    0.0005179361051599554,
    2.220446049250313e-16,
    2.220446049250313e-16
  ]
}