{
  "phase": "phase4",
  "schedule_version": 3,
  "task_family": "dense_chain_cost",
  "scheduler_mode": "stagewise_u",
  "gamma_eval": 0.95,
  "gamma_base": 0.95,
  "sign_family": 1,
  "reward_bound": 0.05,
  "alpha_t": [
    0.3,
    0.3,
    0.3,
    0.3,
    0.3,
    0.3,
    0.3,
    0.3,
    0.3,
    0.3,
    0.3,
    0.3,
    0.3,
    0.3,
    0.3,
    0.3,
    0.3,
    0.3,
    0.14280500000000002,
    0.14280500000000002
  ],
  "kappa_t": [
    0.965,
    0.965,
    0.965,
    0.965,
    0.965,
    0.965,
    0.965,
    0.965,
    0.965,
    0.965,
    0.965,
    0.965,
    0.965,
    0.965,
    0.965,
    0.965,
    0.9642686255013667,
    0.9617165021875173,
    0.9554925,
    0.9554925
  ],
  "Bhat_t": [
    1.4186672362507258,
    1.3690852189126694,
    1.3177048900649426,
    1.2644610259740339,
    1.2092860372787917,
    1.152109883190458,
    1.0928599825807856,
    1.0314611218453738,
    0.9678353594252578,
    0.9019019268655522,
    0.8335771262855463,
    0.7627742241300998,
    0.6894033410674609,
    0.6133713378937419,
    0.5345816972992143,
    0.4529344013463361,
    0.36832580450397523,
    0.28086136719750754,
    0.19066051875,
    0.0975,
    0.0
  ],
  "A_t": [
    1.4190852189126695,
    1.3677048900649427,
    1.314461025974034,
    1.2592860372787917,
    1.202109883190458,
    1.1428599825807857,
    1.0814611218453738,
    1.0178353594252578,
    0.9519019268655522,
    0.8835771262855463,
    0.8127742241300998,
    0.739403341067461,
    0.6633713378937419,
    0.5845816972992144,
    0.5029344013463362,
    0.4183258045039752,
    0.3308613671975075,
    0.24066051875,
    0.14750000000000002,
    0.05
  ],
  "xi_ref_t": [
    0.3897727193049543,
    0.38691214555456205,
    0.38351794923134214,
    0.37948506655136166,
    0.38018711456213933,
    0.4163870436252333,
    0.4147023705296156,
    0.41245712332224255,
    0.4094934811747982,
    0.40559313849089307,
    0.40044541434247455,
    0.3935928071913218,
    0.3843328973193338,
    0.37152946692981775,
    0.3532169484123328,
    0.3256755257573499,
    0.28052314785713767,
    0.19737346302882097,
    0.02,
    0.02
  ],
  "u_target_t": [
    0.018849489086898208,
    0.018725829313388537,
    0.018579101563922472,
    0.018404764035051174,
    0.018435112876081322,
    0.020000000000000004,
    0.019927173248578768,
    0.01983011343283414,
    0.019701998114476607,
    0.01953339015852522,
    0.019310859135790198,
    0.01901462770734122,
    0.01861433096360824,
    0.018060851333202843,
    0.0172692192726928,
    0.01607863081568047,
    0.011587028312826705,
    0.00879909205736977,
    0.002,
    0.002
  ],
  "u_tr_cap_t": [
    0.013327598571777344,
    0.013241767883300781,
    0.013136863708496094,
    0.013012886047363281,
    0.013036727905273438,
    0.014142990112304688,
    0.014090538024902344,
    0.014019012451171875,
    0.013933181762695312,
    0.0138092041015625,
    0.0136566162109375,
    0.013446807861328125,
    0.01316070556640625,
    0.012769699096679688,
    0.012211799621582031,
    0.0113677978515625,
    0.00728607177734375,
    0.005550384521484375,
    0.0,
    0.0
  ],
  "U_safe_ref_t": [
    0.011997108632226108,
    0.011909060874304139,
    0.011804588344565822,
    0.01168045720552914,
    0.011702066070986315,
    0.012816291002436763,
    0.01276443717804917,
    0.012695329020092168,
    0.012604108842206614,
    0.012484057251717778,
    0.012325611565915454,
    0.012114689999744918,
    0.011829672246688822,
    0.011435585801844561,
    0.010871930976602598,
    0.010024212747201921,
    0.008213529681808702,
    0.0047455306322978985,
    0.00022545137999577944,
    0.00022545137999577944
  ],
  "u_ref_used_t": [
    0.011997108632226108,
    0.011909060874304139,
    0.011804588344565822,
    0.01168045720552914,
    0.011702066070986315,
    0.012816291002436763,
    0.01276443717804917,
    0.012695329020092168,
    0.012604108842206614,
    0.012484057251717778,
    0.012325611565915454,
    0.012114689999744918,
    0.011829672246688822,
    0.011435585801844561,
    0.010871930976602598,
    0.010024212747201921,
    0.00728607177734375,
    0.0047455306322978985,
    0.0,
    0.0
  ],
  "theta_used_t": [
    0.03077975455444764,
    0.030779754554447637,
    0.03077975455444764,
    0.030779754554447643,
    0.03077975455444764,
    0.03077975455444764,
    0.03077975455444764,
    0.03077975455444764,
    0.03077975455444764,
    0.03077975455444764,
    0.03077975455444764,
    0.03077975455444764,
    0.03077975455444764,
    0.030779754554447637,
    0.03077975455444764,
    0.03077975455444764,
    0.025973157056737205,
    0.024043407657112163,
    0.0,
    0.0
  ],
  "beta_used_t": [
    0.021689856355513085,
    0.022504675371151243,
    0.023416254986822004,
    0.024442226502375927,
    0.025604776222916226,
    0.02693221831509172,
    0.028461267754060323,
    0.03024040604349615,
    0.03233500603975036,
    0.03483539086603802,
    0.037869993462687324,
    0.04162782725597582,
    0.0463989816807218,
    0.05265261416265863,
    0.061200336409781106,
    0.07357842672637506,
    0.07850163129269952,
    0.0999059080483768,
    0.0,
    0.0
  ],
  "trust_clip_active_t": [
    false,
    false,
    false,
    false,
    false,
    false,
    false,
    false,
    false,
    false,
    false,
    false,
    false,
    false,
    false,
    false,
    true,
    false,
    true,
    true
  ],
  "safe_clip_active_t": [
    true,
    true,
    true,
    true,
    true,
    true,
    true,
    true,
    true,
    true,
    true,
    true,
    true,
    true,
    true,
    true,
    false,
    true,
    false,
    false
  ],
  "source_phase": "phase4C_advanced_rl",
  "notes": "Phase IV-C advanced estimator schedule",
  "provenance": {
    "git_sha": "6202151f2786771ab9339e76dffb5bd4f02d731b",
    "calibration_code_version": "v3.0",
    "input_hashes": {
      "margins": "e7d6b71300293fae",
      "p_align": "071c86d5d2228b8c",
      "n_by_stage": "35d6f04339c16583"
    }
  }
}