{
  "total_s": 8.186571375001222,
  "step_s": 0.0,
  "fit_s": 0.0,
  "eval_s": 0.10334604105446488,
  "plot_s": 0.0,
  "other_s": 0.0,
  "train_s": 7.668930082989391,
  "eval_final_s": 0.015676916984375566,
  "post_s": 0.5015066670021042,
  "steps_per_s": null,
  "updates_per_s": null
}
