{
  "total_s": 7.0607794579991605,
  "step_s": 0.0,
  "fit_s": 0.0,
  "eval_s": 0.32265816602739505,
  "plot_s": 0.0,
  "other_s": 0.0,
  "train_s": 6.491468082997017,
  "eval_final_s": 0.2028974579880014,
  "post_s": 0.36284404099569656,
  "steps_per_s": null,
  "updates_per_s": null
}
