{
  "total_s": 6.007287458021892,
  "step_s": 0.0,
  "fit_s": 0.0,
  "eval_s": 0.22255083205527626,
  "plot_s": 0.0,
  "other_s": 0.0,
  "train_s": 5.65773387500667,
  "eval_final_s": 0.05916479098959826,
  "post_s": 0.2891037920198869,
  "steps_per_s": null,
  "updates_per_s": null
}
