{
  "total_s": 8.838377792009851,
  "step_s": 0.0,
  "fit_s": 0.0,
  "eval_s": 1.3112212920095772,
  "plot_s": 0.0,
  "other_s": 0.0,
  "train_s": 8.157996666996041,
  "eval_final_s": 0.4433660829963628,
  "post_s": 0.22934370799339376,
  "steps_per_s": null,
  "updates_per_s": null
}
