{
  "total_s": 4.789586792001501,
  "step_s": 0.0,
  "fit_s": 0.0,
  "eval_s": 0.6188755000184756,
  "plot_s": 0.0,
  "other_s": 0.0,
  "train_s": 4.079041124990908,
  "eval_final_s": 0.5851092499797232,
  "post_s": 0.11381166701903567,
  "steps_per_s": null,
  "updates_per_s": null
}
