{
  "total_s": 10.202398541994626,
  "step_s": 0.0,
  "fit_s": 0.0,
  "eval_s": 1.3590293300076155,
  "plot_s": 0.0,
  "other_s": 0.0,
  "train_s": 9.180852874997072,
  "eval_final_s": 0.5232051249986398,
  "post_s": 0.49030349999520695,
  "steps_per_s": null,
  "updates_per_s": null
}
