{
  "total_s": 9.85783804199309,
  "step_s": 0.0,
  "fit_s": 0.0,
  "eval_s": 0.7558369200851303,
  "plot_s": 0.0,
  "other_s": 0.0,
  "train_s": 8.404992833005963,
  "eval_final_s": 0.8036988329840824,
  "post_s": 0.6338753750023898,
  "steps_per_s": null,
  "updates_per_s": null
}
