{
  "total_s": 5.09553808401688,
  "step_s": 0.0,
  "fit_s": 0.0,
  "eval_s": 0.3732618360372726,
  "plot_s": 0.0,
  "other_s": 0.0,
  "train_s": 4.7283119590138085,
  "eval_final_s": 0.17081541701918468,
  "post_s": 0.19265995899331756,
  "steps_per_s": null,
  "updates_per_s": null
}
