{
  "total_s": 9.241963499996928,
  "step_s": 0.0,
  "fit_s": 0.0,
  "eval_s": 0.46436674799770117,
  "plot_s": 0.0,
  "other_s": 0.0,
  "train_s": 8.188815041998168,
  "eval_final_s": 0.4098119170012069,
  "post_s": 0.6360017499973765,
  "steps_per_s": null,
  "updates_per_s": null
}
