{
  "phase": "phase4",
  "schedule_version": 3,
  "task_family": "dense_chain_cost",
  "scheduler_mode": "stagewise_u",
  "gamma_eval": 0.95,
  "gamma_base": 0.95,
  "sign_family": 1,
  "reward_bound": 0.05,
  "alpha_t": [
    0.5936321075337594,
    0.5929881311737629,
    0.5916264046947335,
    0.5893874726697461,
    0.6,
    0.6,
    0.4994556024670557,
    0.5,
    0.4997796256942357,
    0.498536711976227,
    0.4959032394979981,
    0.4913359123436497,
    0.48399900871018303,
    0.6,
    0.590994997276686,
    0.5535127339384565,
    0.514068624041284,
    0.5015392926142184,
    0.14280500000000002,
    0.14280500000000002
  ],
  "kappa_t": [
    0.9796816053766879,
    0.9796494065586882,
    0.9795813202347367,
    0.9794693736334873,
    0.98,
    0.98,
    0.9749727801233528,
    0.975,
    0.9749889812847118,
    0.9749268355988113,
    0.9747951619748999,
    0.9745667956171825,
    0.9741999504355091,
    0.98,
    0.9795497498638343,
    0.9776756366969228,
    0.9757034312020642,
    0.9750769646307109,
    0.9554925,
    0.9554925
  ],
  "Bhat_t": [
    1.5876984211349585,
    1.5211048293205187,
    1.4531778611711275,
    1.3839360073202163,
    1.3134009515254068,
    1.2407152566585784,
    1.1665461802638557,
    1.0964882323469594,
    1.0246033152276506,
    0.9508859413016507,
    0.8753333174765788,
    0.7979454020891081,
    0.7187248788273396,
    0.6376769764252456,
    0.5512009963522914,
    0.4631730000598333,
    0.3740228214086009,
    0.2834086798976667,
    0.19066051875,
    0.0975,
    0.0
  ],
  "A_t": [
    1.5711048293205188,
    1.5031778611711275,
    1.4339360073202163,
    1.3634009515254069,
    1.2907152566585784,
    1.2165461802638557,
    1.1464882323469594,
    1.0746033152276506,
    1.0008859413016507,
    0.9253333174765789,
    0.8479454020891082,
    0.7687248788273396,
    0.6876769764252456,
    0.6012009963522914,
    0.5131730000598334,
    0.42402282140860087,
    0.3334086798976667,
    0.24066051875,
    0.14750000000000002,
    0.05
  ],
  "xi_ref_t": [
    0.34579070036510456,
    0.34536946027512855,
    0.3444787229434782,
    0.34301418482338153,
    0.36087894463048675,
    0.36007820911877686,
    0.3821993309689979,
    0.38266226517591484,
    0.382474867551403,
    0.38141794270973317,
    0.3791785415012942,
    0.3752946664908889,
    0.36905565279364494,
    0.359310381323496,
    0.34406570449418095,
    0.31954767407892093,
    0.2778889546008422,
    0.19737346302882097,
    0.02,
    0.02
  ],
  "u_target_t": [
    0.01826560330873106,
    0.0182457886515004,
    0.01820388937522257,
    0.01813499915906911,
    0.01897533724774913,
    0.01893767155525094,
    0.019978224098682232,
    0.020000000000000004,
    0.019991185027769427,
    0.019941468479049082,
    0.019836129579919926,
    0.019653436493745992,
    0.01935996034840732,
    0.018901553804500933,
    0.018184461454667268,
    0.0170311610442602,
    0.012167304711036308,
    0.009131348067623456,
    0.002,
    0.002
  ],
  "u_tr_cap_t": [
    0.012912750244140625,
    0.012903213500976562,
    0.012869834899902344,
    0.012822151184082031,
    0.013418197631835938,
    0.01338958740234375,
    0.014123916625976562,
    0.014142990112304688,
    0.014133453369140625,
    0.014100074768066406,
    0.014023780822753906,
    0.013895034790039062,
    0.013689994812011719,
    0.013365745544433594,
    0.01285552978515625,
    0.012044906616210938,
    0.00759124755859375,
    0.005664825439453125,
    0.0,
    0.0
  ],
  "U_safe_ref_t": [
    0.02105749915143731,
    0.021009035255784167,
    0.020906738717675708,
    0.020739085082589235,
    0.022212024901137745,
    0.022162739794899317,
    0.019582922452176455,
    0.019628008218675184,
    0.019609751091675284,
    0.019506939301266603,
    0.019289993098782477,
    0.018916603799994148,
    0.01832441279683213,
    0.02211548015184636,
    0.02085939014581237,
    0.01814449010604915,
    0.014654815945730851,
    0.010155095709018857,
    0.00022545137999577944,
    0.00022545137999577944
  ],
  "u_ref_used_t": [
    0.012912750244140625,
    0.012903213500976562,
    0.012869834899902344,
    0.012822151184082031,
    0.013418197631835938,
    0.01338958740234375,
    0.014123916625976562,
    0.014142990112304688,
    0.014133453369140625,
    0.014100074768066406,
    0.014023780822753906,
    0.013895034790039062,
    0.013689994812011719,
    0.013365745544433594,
    0.01285552978515625,
    0.012044906616210938,
    0.00759124755859375,
    0.005664825439453125,
    0.0,
    0.0
  ],
  "theta_used_t": [
    0.03734267645285615,
    0.03736060939116502,
    0.03736031877363298,
    0.03738081907803368,
    0.03718199089053305,
    0.037185219941834935,
    0.036954320642498,
    0.03695945850789069,
    0.03695263288702531,
    0.03696751827639333,
    0.03698463728255582,
    0.03702433322583974,
    0.037094662304675195,
    0.03719832835110902,
    0.03736358962034727,
    0.0376936137962191,
    0.027317557725523012,
    0.0287010490291997,
    0.0,
    0.0
  ],
  "beta_used_t": [
    0.02376841809404045,
    0.0248544170029602,
    0.026054383586791362,
    0.027417333863681913,
    0.02880727619722285,
    0.03056622144320889,
    0.03223262097234905,
    0.034393583180097456,
    0.036919924001498586,
    0.03995048873545939,
    0.043616767295908056,
    0.04816330815560301,
    0.05394198668320197,
    0.06187336444351394,
    0.07280895451629542,
    0.08889524783359815,
    0.08193415280582259,
    0.11925948293585527,
    0.0,
    0.0
  ],
  "trust_clip_active_t": [
    true,
    true,
    true,
    true,
    true,
    true,
    true,
    true,
    true,
    true,
    true,
    true,
    true,
    true,
    true,
    true,
    true,
    true,
    true,
    true
  ],
  "safe_clip_active_t": [
    false,
    false,
    false,
    false,
    false,
    false,
    false,
    false,
    false,
    false,
    false,
    false,
    false,
    false,
    false,
    false,
    false,
    false,
    false,
    false
  ],
  "source_phase": "phase4C_ablation_adaptive_headroom_aggressive",
  "notes": "Phase IV-C ablation: adaptive_headroom_aggressive",
  "provenance": {
    "git_sha": "fbfc9b1e68f00da6c711fb85148cb8edfd458e85",
    "calibration_code_version": "v3.0",
    "input_hashes": {
      "margins": "3942a14d56617985",
      "p_align": "8bb2e1a18e96a781",
      "n_by_stage": "35d6f04339c16583"
    }
  }
}