{
  "total_s": 4.879010167001979,
  "step_s": 0.0,
  "fit_s": 0.0,
  "eval_s": 0.6534629929810762,
  "plot_s": 0.0,
  "other_s": 0.0,
  "train_s": 4.06938604201423,
  "eval_final_s": 0.5687396250141319,
  "post_s": 0.22893029201077297,
  "steps_per_s": null,
  "updates_per_s": null
}
