{
  "total_s": 6.065800709009636,
  "step_s": 0.0,
  "fit_s": 0.0,
  "eval_s": 0.6551299140264746,
  "plot_s": 0.0,
  "other_s": 0.0,
  "train_s": 5.628700375003973,
  "eval_final_s": 0.21332808301667683,
  "post_s": 0.21889312501298264,
  "steps_per_s": null,
  "updates_per_s": null
}
