{
  "total_s": 8.251226499996847,
  "step_s": 0.0,
  "fit_s": 0.0,
  "eval_s": 1.2971047920000274,
  "plot_s": 0.0,
  "other_s": 0.0,
  "train_s": 7.299996749992715,
  "eval_final_s": 0.4886848750174977,
  "post_s": 0.45473595801740885,
  "steps_per_s": null,
  "updates_per_s": null
}
