{
  "total_s": 5.181738583021797,
  "step_s": 0.0,
  "fit_s": 0.0,
  "eval_s": 0.6049390429980122,
  "plot_s": 0.0,
  "other_s": 0.0,
  "train_s": 4.370409082999686,
  "eval_final_s": 0.5992109159997199,
  "post_s": 0.20081608300097287,
  "steps_per_s": null,
  "updates_per_s": null
}
