{
  "schema_version": "1.0.0",
  "phase": "phase4C",
  "task": "dense_chain_cost_0",
  "algorithm": "safe_target_expected_sarsa",
  "seed": 1024,
  "train_steps": 20000,
  "n_transitions": 20000,
  "mean_return": -0.25660563103658307,
  "final_disc_return_mean": -0.25660563103658296,
  "mean_q_target_gap": 3.8188048283627165e-05,
  "std_q_target_gap": 0.0002754786528286168,
  "p5_q_target_gap": 0.0,
  "p95_q_target_gap": 0.0,
  "mean_beta_used": 0.08535059811805724,
  "std_beta_used": 0.05953587439221311,
  "p5_beta_used": 0.0,
  "p95_beta_used": 0.18591682123540232,
  "mean_rho": 0.5124298158214713,
  "std_rho": 0.00030181384339105774,
  "p5_rho": 0.5119064273085729,
  "p95_rho": 0.5128205128205129,
  "mean_effective_discount": 0.950761859148131,
  "std_effective_discount": 0.0005885369946125604,
  "p5_effective_discount": 0.9499999999999998,
  "p95_effective_discount": 0.9517824667482827,
  "stage_mean_q_target_gap": [
    3.1610455978173985e-05,
    4.484717449638477e-05,
    5.0436613095338024e-05,
    4.031179115031988e-05,
    4.0073217220793626e-05,
    4.931804420961249e-05,
    3.6888686152277415e-05,
    4.225040781154389e-05,
    3.542108696965228e-05,
    5.789595699185876e-05,
    5.007749765756106e-05,
    3.4088646710598427e-05,
    2.8550221407110086e-05,
    3.754785371755988e-05,
    3.2554153041366025e-05,
    4.1315072902539996e-05,
    2.711708765528989e-05,
    4.221597757341582e-05,
    4.124102093114701e-05,
    0.0
  ],
  "stage_std_q_target_gap": [
    0.00038000746138961317,
    0.0003110799085819963,
    0.0003177284772996156,
    0.00026254773333250027,
    0.0002917311234019408,
    0.0003062329616050065,
    0.00026046188930810396,
    0.00026739414121486164,
    0.0002369975952898344,
    0.00036188580595201167,
    0.00032476553968567725,
    0.0002457454889897621,
    0.00021645044056457162,
    0.0002629283554623406,
    0.00023691227948849743,
    0.0002679837562166477,
    0.0002126141408693107,
    0.0002754120340796068,
    0.00026043741831489507,
    0.0
  ],
  "stage_mean_beta_used": [
    0.045760919790002075,
    0.04720145644169734,
    0.04876866876756691,
    0.05047683648851972,
    0.05234159011888896,
    0.05437954500340371,
    0.07188438077123746,
    0.06292873751622396,
    0.07059978520444132,
    0.0755011310874636,
    0.08126951828457084,
    0.08814057579907762,
    0.09643365687658093,
    0.10657956861842738,
    0.15289080206476838,
    0.17624036837902896,
    0.18292900019775943,
    0.24268542095148635,
    0.0,
    0.0
  ],
  "stage_std_beta_used": [
    6.938893903907228e-18,
    6.938893903907228e-18,
    6.938893903907228e-18,
    6.938893903907228e-18,
    6.938893903907228e-18,
    0.0,
    1.3877787807814457e-17,
    0.0,
    0.0,
    0.0,
    1.3877787807814457e-17,
    2.7755575615628914e-17,
    2.7755575615628914e-17,
    4.163336342344337e-17,
    2.7755575615628914e-17,
    5.551115123125783e-17,
    2.7755575615628914e-17,
    0.0,
    0.0,
    0.0
  ],
  "stage_mean_rho": [
    0.5126027142884302,
    0.5126124914507963,
    0.5126149719526866,
    0.5126097986373529,
    0.512595836373171,
    0.5125802601503754,
    0.5124969287309582,
    0.5125343419509809,
    0.512497030128694,
    0.5124731087668694,
    0.512446689171178,
    0.5124118426474608,
    0.5123746857518828,
    0.5123244429151432,
    0.5121139039406926,
    0.512002930473916,
    0.5119730370562359,
    0.5116902764015779,
    0.5128205128205128,
    0.5128205128205128
  ],
  "stage_std_rho": [
    4.868879101795038e-05,
    8.919170953133162e-05,
    0.00010129020285998219,
    9.692104195706734e-05,
    8.578532076255589e-05,
    7.898040649149547e-05,
    9.691299356014229e-05,
    8.04722247656012e-05,
    8.597996151356934e-05,
    8.78617380265568e-05,
    9.207359738662478e-05,
    9.561729864379898e-05,
    0.00010424483700536449,
    0.0001117871662765519,
    0.00015757955358403265,
    0.000179250367514275,
    0.00018326334839167792,
    0.00023695959955196243,
    1.1102230246251565e-16,
    1.1102230246251565e-16
  ],
  "stage_mean_effective_discount": [
    0.9504247071375616,
    0.9504056416709472,
    0.9504008046922614,
    0.9504108926571616,
    0.9504381190723168,
    0.950468492706768,
    0.9506309889746319,
    0.9505580331955873,
    0.9506307912490465,
    0.9506774379046041,
    0.9507289561162032,
    0.9507969068374522,
    0.9508693627838284,
    0.9509673363154709,
    0.9513778873156497,
    0.9515942855758642,
    0.95165257774034,
    0.9522039610169234,
    0.9499999999999996,
    0.9499999999999996
  ],
  "stage_std_effective_discount": [
    9.494314248499211e-05,
    0.00017392383358611334,
    0.00019751589557697076,
    0.0001889960318162807,
    0.00016728137548699143,
    0.0001540117926584098,
    0.00018898033744229288,
    0.00015692083829292714,
    0.0001676609249514721,
    0.0001713303891517741,
    0.00017954351490391584,
    0.00018645373235541852,
    0.00020327743216047345,
    0.00021798497423928964,
    0.000307280129488864,
    0.00034953821665283845,
    0.0003573635293637644,
    0.0004620712191263192,
    2.220446049250313e-16,
    2.220446049250313e-16
  ]
}