{
  "total_s": 7.4460790419980185,
  "step_s": 0.0,
  "fit_s": 0.0,
  "eval_s": 1.0402138360223034,
  "plot_s": 0.0,
  "other_s": 0.0,
  "train_s": 7.089290208998136,
  "eval_final_s": 0.14125633300136542,
  "post_s": 0.21224420799990185,
  "steps_per_s": null,
  "updates_per_s": null
}
