{
  "schema_version": "1.0.0",
  "phase": "phase4C",
  "task": "dense_chain_cost_1",
  "algorithm": "safe_target_q_polyak",
  "seed": 789,
  "train_steps": 20000,
  "n_transitions": 20000,
  "mean_return": -0.6415140775914574,
  "final_disc_return_mean": -0.6415140775914574,
  "mean_q_target_gap": 9.162442204500949e-06,
  "std_q_target_gap": 0.00011567696025112481,
  "p5_q_target_gap": 0.0,
  "p95_q_target_gap": 2.7410526973192145e-12,
  "mean_beta_used": 0.0343115923684983,
  "std_beta_used": 0.024479070244946576,
  "p5_beta_used": 0.0,
  "p95_beta_used": 0.07927271690348733,
  "mean_rho": 0.5124435531618239,
  "std_rho": 0.00031527638662933415,
  "p5_rho": 0.5118432228134261,
  "p95_rho": 0.5128205128205129,
  "mean_effective_discount": 0.9507350713344432,
  "std_effective_discount": 0.0006147889539271947,
  "p5_effective_discount": 0.9499999999999998,
  "p95_effective_discount": 0.9519057155138191,
  "stage_mean_q_target_gap": [
    5.053275157725861e-06,
    1.0723557184252506e-05,
    1.0329101026685207e-05,
    7.911473844553717e-06,
    7.25526328265382e-06,
    1.03461667431125e-05,
    6.577519727790407e-06,
    1.3592001468134086e-05,
    1.1309203990432562e-05,
    4.894904889946956e-06,
    8.160374436371313e-06,
    5.057510847065094e-06,
    5.076867857947138e-06,
    1.1798750695124604e-05,
    1.1059156471438825e-05,
    1.6874409515450933e-05,
    1.2468199624365927e-05,
    1.2808097825178784e-05,
    1.1953009501788696e-05,
    0.0
  ],
  "stage_std_q_target_gap": [
    6.23676378352356e-05,
    0.000110987837581858,
    0.00012027487359905859,
    8.839841134018938e-05,
    8.692321693869773e-05,
    0.00011827034844088605,
    8.218979909655068e-05,
    0.0001575557081548657,
    0.00012684949195429182,
    5.9015952705306935e-05,
    9.960966634478812e-05,
    8.633468872154997e-05,
    5.739600587844621e-05,
    0.00013589635841311615,
    0.00011965135449950488,
    0.00018917508231422144,
    0.0001554847587637795,
    0.00016895623925095526,
    0.00011907339769726747,
    0.0
  ],
  "stage_mean_beta_used": [
    0.018180765600138517,
    0.018752444758697622,
    0.019374441706544003,
    0.020052439966815272,
    0.02169585248450462,
    0.022663161959561435,
    0.02491455140898085,
    0.026362455522567777,
    0.028032190819287324,
    0.02997623698072495,
    0.0322641602925721,
    0.034989412862642795,
    0.038278662573884556,
    0.04230281848910618,
    0.061143581540143085,
    0.0699489722015648,
    0.07823081332598998,
    0.09906888487624023,
    0.0,
    0.0
  ],
  "stage_std_beta_used": [
    0.0,
    0.0,
    6.938893903907228e-18,
    0.0,
    1.0408340855860843e-17,
    0.0,
    6.938893903907228e-18,
    1.0408340855860843e-17,
    3.469446951953614e-18,
    6.938893903907228e-18,
    0.0,
    0.0,
    6.938893903907228e-18,
    6.938893903907228e-18,
    6.938893903907228e-18,
    0.0,
    0.0,
    1.3877787807814457e-17,
    0.0,
    0.0
  ],
  "stage_mean_rho": [
    0.5126077485878976,
    0.5126188571571159,
    0.5126221331036954,
    0.5126192049103256,
    0.5126010517082116,
    0.5125863816331988,
    0.512556911787807,
    0.5125364717773101,
    0.5125167156800328,
    0.5124913853177566,
    0.512466019574681,
    0.5124318145783769,
    0.5123941304007096,
    0.5123483705584881,
    0.5121361355006928,
    0.512040532196481,
    0.5119436682118464,
    0.5117125049108244,
    0.5128205128205128,
    0.5128205128205128
  ],
  "stage_std_rho": [
    5.4428559695185646e-05,
    9.521322918039123e-05,
    0.00011344323899174338,
    0.00011725004195896769,
    0.00011759445103850713,
    0.00011228058306763305,
    0.0001129303342419713,
    0.00011215509107985027,
    0.00011471469916782016,
    0.00011709725601290464,
    0.00012279775573542775,
    0.0001284924479023257,
    0.00013700097348508366,
    0.0001481298242589598,
    0.0002102395734247183,
    0.0002332540027510119,
    0.0002563064410779956,
    0.0003189693970632642,
    1.1102230246251565e-16,
    1.1102230246251565e-16
  ],
  "stage_mean_effective_discount": [
    0.9504148902536,
    0.9503932285436238,
    0.950386840447794,
    0.9503925504248648,
    0.9504279491689877,
    0.9504565558152619,
    0.9505140220137761,
    0.9505538800342451,
    0.950592404423936,
    0.9506417986303745,
    0.950691261829372,
    0.950757961572165,
    0.9508314457186156,
    0.9509206774109487,
    0.9513345357736485,
    0.951520962216862,
    0.9517098469868993,
    0.952160615423892,
    0.9499999999999996,
    0.9499999999999996
  ],
  "stage_std_effective_discount": [
    0.00010613569140561818,
    0.0001856657969017684,
    0.00022121431603389156,
    0.00022863758181996906,
    0.00022930917952509574,
    0.00021894713698189524,
    0.00022021415177185234,
    0.00021870242760572314,
    0.00022369366337724784,
    0.00022833964922516845,
    0.00023945562368407839,
    0.00025056027340954407,
    0.00026715189829590454,
    0.00028885315730497,
    0.0004099671681781849,
    0.0004548453053644793,
    0.0004997975601020838,
    0.0006219903242733527,
    2.220446049250313e-16,
    2.220446049250313e-16
  ]
}