{
  "phase": "phase4",
  "schedule_version": 3,
  "task_family": "dense_chain_cost",
  "scheduler_mode": "stagewise_u",
  "gamma_eval": 0.95,
  "gamma_base": 0.95,
  "sign_family": 1,
  "reward_bound": 0.05,
  "alpha_t": [
    0.3,
    0.3,
    0.3,
    0.3,
    0.3,
    0.3,
    0.3,
    0.3,
    0.3,
    0.3,
    0.3,
    0.3,
    0.3,
    0.3,
    0.3,
    0.3,
    0.3,
    0.2994168320488121,
    0.14280500000000002,
    0.14280500000000002
  ],
  "kappa_t": [
    0.965,
    0.965,
    0.965,
    0.965,
    0.965,
    0.965,
    0.965,
    0.965,
    0.965,
    0.965,
    0.965,
    0.965,
    0.965,
    0.965,
    0.965,
    0.965,
    0.9641628020340413,
    0.9615160320018774,
    0.9554925,
    0.9554925
  ],
  "Bhat_t": [
    1.4186295884342934,
    1.3690462056313923,
    1.317664461794189,
    1.2644191313929423,
    1.2092426232051217,
    1.1520648945130796,
    1.0928133621897198,
    1.0314128105592952,
    0.9677852959163682,
    0.9018500475817287,
    0.8335233653696671,
    0.7627185133364426,
    0.6893456096750701,
    0.613311512616653,
    0.5345197021934227,
    0.45287015771339145,
    0.36825923079107925,
    0.28082314544791953,
    0.19066051875,
    0.0975,
    0.0
  ],
  "A_t": [
    1.4190462056313924,
    1.367664461794189,
    1.3144191313929423,
    1.2592426232051217,
    1.2020648945130796,
    1.1428133621897199,
    1.0814128105592953,
    1.0177852959163682,
    0.9518500475817288,
    0.8835233653696671,
    0.8127185133364426,
    0.7393456096750701,
    0.663311512616653,
    0.5845197021934228,
    0.5028701577133915,
    0.41825923079107924,
    0.3308231454479195,
    0.24066051875,
    0.14750000000000002,
    0.05
  ],
  "xi_ref_t": [
    0.389782664947143,
    0.3869227947158882,
    0.3835293670972385,
    0.37949732553796056,
    0.3967191123166883,
    0.3932854242512563,
    0.4147198905619747,
    0.41247636705161544,
    0.4095147139181103,
    0.40561668600634887,
    0.4004716809332304,
    0.39362229960498696,
    0.3843662546595474,
    0.37156749150750884,
    0.3532606099329634,
    0.3257258134604348,
    0.280556337988494,
    0.19737346302882097,
    0.02,
    0.02
  ],
  "u_target_t": [
    0.018917654852631444,
    0.018793528507756042,
    0.01864624428405285,
    0.01847124243408453,
    0.01921871601582434,
    0.019069684376435102,
    0.020000000000000004,
    0.019902624821944895,
    0.01977408081521579,
    0.019604895531344722,
    0.019381587960563294,
    0.019084305706410218,
    0.018682567538529857,
    0.01812706551902335,
    0.01733249579656492,
    0.016137408828746938,
    0.011471426891988648,
    0.00858009868206906,
    0.002,
    0.002
  ],
  "u_tr_cap_t": [
    0.013375282287597656,
    0.013289451599121094,
    0.013184547424316406,
    0.013060569763183594,
    0.013589859008789062,
    0.013484954833984375,
    0.014142990112304688,
    0.014071464538574219,
    0.013980865478515625,
    0.013861656188964844,
    0.013704299926757812,
    0.013494491577148438,
    0.013208389282226562,
    0.0128173828125,
    0.012254714965820312,
    0.011410713195800781,
    0.007152557373046875,
    0.005321502685546875,
    0.0,
    0.0
  ],
  "U_safe_ref_t": [
    0.011997414756651562,
    0.011909388652875968,
    0.011804939783675647,
    0.01168083453412774,
    0.012210916904166012,
    0.012105228828295478,
    0.012764976440344968,
    0.012695921337358976,
    0.012604762380834278,
    0.012484782038463874,
    0.0123264200451319,
    0.01211559776899875,
    0.011830698977433185,
    0.01143675618901293,
    0.010873274867491081,
    0.01002576059035998,
    0.008153592590316094,
    0.0046643512437034625,
    0.00022545137999577944,
    0.00022545137999577944
  ],
  "u_ref_used_t": [
    0.011997414756651562,
    0.011909388652875968,
    0.011804939783675647,
    0.01168083453412774,
    0.012210916904166012,
    0.012105228828295478,
    0.012764976440344968,
    0.012695921337358976,
    0.012604762380834278,
    0.012484782038463874,
    0.0123264200451319,
    0.01211559776899875,
    0.011830698977433185,
    0.01143675618901293,
    0.010873274867491081,
    0.01002576059035998,
    0.007152557373046875,
    0.0046643512437034625,
    0.0,
    0.0
  ],
  "theta_used_t": [
    0.03077975455444764,
    0.03077975455444764,
    0.03077975455444764,
    0.030779754554447637,
    0.030779754554447637,
    0.03077975455444764,
    0.03077975455444764,
    0.03077975455444764,
    0.03077975455444764,
    0.03077975455444764,
    0.03077975455444764,
    0.03077975455444764,
    0.03077975455444764,
    0.03077975455444764,
    0.03077975455444764,
    0.03077975455444764,
    0.02549419280394304,
    0.02363210926193438,
    0.0,
    0.0
  ],
  "beta_used_t": [
    0.02169045266623468,
    0.02250534061115312,
    0.02341700133490077,
    0.024443069180826033,
    0.025605734511459626,
    0.026933316998911546,
    0.028462539239320343,
    0.03024189352896372,
    0.032336768414990065,
    0.034837510541183433,
    0.03787258940132657,
    0.04163107774180849,
    0.04640316648964324,
    0.052658198584146866,
    0.06120815499254664,
    0.07359013809744738,
    0.07706290552743841,
    0.09819686828849396,
    0.0,
    0.0
  ],
  "trust_clip_active_t": [
    false,
    false,
    false,
    false,
    false,
    false,
    false,
    false,
    false,
    false,
    false,
    false,
    false,
    false,
    false,
    false,
    true,
    false,
    true,
    true
  ],
  "safe_clip_active_t": [
    true,
    true,
    true,
    true,
    true,
    true,
    true,
    true,
    true,
    true,
    true,
    true,
    true,
    true,
    true,
    true,
    false,
    true,
    false,
    false
  ],
  "source_phase": "phase4C_advanced_rl",
  "notes": "Phase IV-C advanced estimator schedule",
  "provenance": {
    "git_sha": "6202151f2786771ab9339e76dffb5bd4f02d731b",
    "calibration_code_version": "v3.0",
    "input_hashes": {
      "margins": "3942a14d56617985",
      "p_align": "8bb2e1a18e96a781",
      "n_by_stage": "35d6f04339c16583"
    }
  }
}