{
  "phase": "phase4",
  "schedule_version": 3,
  "task_family": "dense_chain_cost",
  "scheduler_mode": "stagewise_u",
  "gamma_eval": 0.95,
  "gamma_base": 0.95,
  "sign_family": 1,
  "reward_bound": 0.05,
  "alpha_t": [
    0.2469791338534099,
    0.24585113100191425,
    0.24447339170314908,
    0.24279564779377044,
    0.25108551371001364,
    0.24969704375430377,
    0.26,
    0.2591827501638644,
    0.25802607068773453,
    0.2564249905315857,
    0.25423010260469103,
    0.25122140715174746,
    0.24706121646438636,
    0.24120355491026702,
    0.3,
    0.2857144871146687,
    0.2856422110147301,
    0.3,
    0.14280500000000002,
    0.14280500000000002
  ],
  "kappa_t": [
    0.9623489566926705,
    0.9622925565500957,
    0.9622236695851574,
    0.9621397823896884,
    0.9625542756855007,
    0.9624848521877152,
    0.963,
    0.9629591375081932,
    0.9629013035343867,
    0.9628212495265792,
    0.9627115051302345,
    0.9625610703575873,
    0.9623530608232193,
    0.9620601777455133,
    0.965,
    0.9642857243557335,
    0.9642821105507364,
    0.961618319315287,
    0.9554925,
    0.9554925
  ],
  "Bhat_t": [
    1.3903173642561315,
    1.343397688816737,
    1.2947182022101376,
    1.2442202785619412,
    1.1918437419912167,
    1.1369164000771383,
    1.0799301388635456,
    1.020176675870764,
    0.9581680467338766,
    0.8938278965608865,
    0.827077608592916,
    0.7578361790682241,
    0.686020034887669,
    0.611542747507069,
    0.5343145464264761,
    0.4526575610637058,
    0.36831154096053487,
    0.28084264760015576,
    0.19066051875,
    0.0975,
    0.0
  ],
  "A_t": [
    1.393397688816737,
    1.3447182022101376,
    1.2942202785619412,
    1.2418437419912167,
    1.1869164000771384,
    1.1299301388635457,
    1.070176675870764,
    1.0081680467338765,
    0.9438278965608865,
    0.8770776085929161,
    0.8078361790682241,
    0.7360200348876691,
    0.6615427475070691,
    0.5843145464264762,
    0.5026575610637058,
    0.41831154096053486,
    0.33084264760015575,
    0.24066051875,
    0.14750000000000002,
    0.05
  ],
  "xi_ref_t": [
    0.380565037049798,
    0.3782060938133854,
    0.37532488762135086,
    0.37181629485297835,
    0.389152530402348,
    0.3862488836547878,
    0.40779500733578244,
    0.40608592834643836,
    0.40366701493385615,
    0.4003187457337439,
    0.3957286722042606,
    0.3894367184385977,
    0.3807366928392609,
    0.36848682034473473,
    0.35071340203331686,
    0.32368545660351866,
    0.2796678408897488,
    0.19737346302882097,
    0.02,
    0.02
  ],
  "u_target_t": [
    0.01879807389416091,
    0.01869395055402285,
    0.018566774618752217,
    0.018411905950194186,
    0.019177124342462798,
    0.01904895788501266,
    0.020000000000000004,
    0.019924561553587482,
    0.019817791140406264,
    0.019669999125992522,
    0.01946739408658686,
    0.01918966835246899,
    0.018805650750558733,
    0.018264943530178497,
    0.017480427967578448,
    0.01628741920340842,
    0.011601759363571966,
    0.00869183721287611,
    0.002,
    0.002
  ],
  "u_tr_cap_t": [
    0.013294219970703125,
    0.013217926025390625,
    0.013127326965332031,
    0.013017654418945312,
    0.013561248779296875,
    0.01346588134765625,
    0.014142990112304688,
    0.014085769653320312,
    0.014014244079589844,
    0.013909339904785156,
    0.013766288757324219,
    0.013570785522460938,
    0.013294219970703125,
    0.012912750244140625,
    0.012359619140625,
    0.011515617370605469,
    0.0072383880615234375,
    0.0053882598876953125,
    0.0,
    0.0
  ],
  "U_safe_ref_t": [
    0.009643890915220717,
    0.009540349935017898,
    0.009414625796458692,
    0.009262624644631328,
    0.010025431831952565,
    0.009895613828681928,
    0.010878611513905349,
    0.010798975484850017,
    0.010686753834454527,
    0.01053236327468987,
    0.01032249953866766,
    0.010038181916594363,
    0.009651446699845728,
    0.009119500009568349,
    0.010794872433540811,
    0.009488647644619933,
    0.008196223874450018,
    0.004705772031621412,
    0.00022545137999577944,
    0.00022545137999577944
  ],
  "u_ref_used_t": [
    0.009643890915220717,
    0.009540349935017898,
    0.009414625796458692,
    0.009262624644631328,
    0.010025431831952565,
    0.009895613828681928,
    0.010878611513905349,
    0.010798975484850017,
    0.010686753834454527,
    0.01053236327468987,
    0.01032249953866766,
    0.010038181916594363,
    0.009651446699845728,
    0.009119500009568349,
    0.010794872433540811,
    0.009488647644619933,
    0.0072383880615234375,
    0.004705772031621412,
    0.0,
    0.0
  ],
  "theta_used_t": [
    0.025340979796729952,
    0.025225267628091953,
    0.025083936895644136,
    0.024911830849946765,
    0.025762216736936516,
    0.025619786224485738,
    0.026676666752194423,
    0.026592833513889302,
    0.02647418153847827,
    0.026309942731722716,
    0.02608479057423356,
    0.025776156796003504,
    0.025349399943231547,
    0.024748510682245508,
    0.030779754554447643,
    0.029314408327719674,
    0.02588208940468407,
    0.023841969226300008,
    0.0,
    0.0
  ],
  "beta_used_t": [
    0.0181864660750581,
    0.018758776066712324,
    0.019381505073862604,
    0.020060358648667218,
    0.02170516536401571,
    0.022673778973851828,
    0.024927348309557004,
    0.02637738182641385,
    0.028049797674920083,
    0.029997280142553644,
    0.03228970334594364,
    0.03502099885084982,
    0.03831861212107184,
    0.0423547742112554,
    0.061234042693623536,
    0.07007793344741906,
    0.07823081332598998,
    0.09906888487624024,
    0.0,
    0.0
  ],
  "trust_clip_active_t": [
    true,
    true,
    true,
    true,
    true,
    true,
    true,
    true,
    true,
    true,
    true,
    true,
    true,
    true,
    true,
    true,
    true,
    true,
    true,
    true
  ],
  "safe_clip_active_t": [
    false,
    false,
    false,
    false,
    false,
    false,
    false,
    false,
    false,
    false,
    false,
    false,
    false,
    false,
    false,
    false,
    false,
    false,
    false,
    false
  ],
  "source_phase": "phase4C_advanced_rl",
  "notes": "Phase IV-C advanced estimator schedule",
  "provenance": {
    "git_sha": "fbfc9b1e68f00da6c711fb85148cb8edfd458e85",
    "calibration_code_version": "v3.0",
    "input_hashes": {
      "margins": "3942a14d56617985",
      "p_align": "8bb2e1a18e96a781",
      "n_by_stage": "35d6f04339c16583"
    }
  }
}