{
  "total_s": 4.8347582499845885,
  "step_s": 0.0,
  "fit_s": 0.0,
  "eval_s": 0.648083669017069,
  "plot_s": 0.0,
  "other_s": 0.0,
  "train_s": 3.9459307079960126,
  "eval_final_s": 0.6457853750034701,
  "post_s": 0.23122641700319946,
  "steps_per_s": null,
  "updates_per_s": null
}
