{
  "total_s": 6.640191917016637,
  "step_s": 0.0,
  "fit_s": 0.0,
  "eval_s": 0.622982578817755,
  "plot_s": 0.0,
  "other_s": 0.0,
  "train_s": 5.955329584015999,
  "eval_final_s": 0.24416733300313354,
  "post_s": 0.4358310000097845,
  "steps_per_s": null,
  "updates_per_s": null
}
