{
  "total_s": 6.935192750010174,
  "step_s": 0.0,
  "fit_s": 0.0,
  "eval_s": 0.6744159981608391,
  "plot_s": 0.0,
  "other_s": 0.0,
  "train_s": 6.302735042001586,
  "eval_final_s": 0.23218837499734946,
  "post_s": 0.39552925000316463,
  "steps_per_s": null,
  "updates_per_s": null
}
