{
  "schema_version": "1.0.0",
  "phase": "phase4C",
  "task": "dense_chain_cost_0",
  "algorithm": "safe_target_q_polyak",
  "seed": 789,
  "train_steps": 20000,
  "n_transitions": 20000,
  "mean_return": -0.25660563103658307,
  "final_disc_return_mean": -0.25660563103658296,
  "mean_q_target_gap": 3.6649768818003885e-06,
  "std_q_target_gap": 4.6270784100449624e-05,
  "p5_q_target_gap": 0.0,
  "p95_q_target_gap": 1.0964179217309595e-12,
  "mean_beta_used": 0.08577898092124571,
  "std_beta_used": 0.06119767561236633,
  "p5_beta_used": 0.0,
  "p95_beta_used": 0.19818179225871832,
  "mean_rho": 0.5124435531618239,
  "std_rho": 0.0003152763866293338,
  "p5_rho": 0.5118432228134261,
  "p95_rho": 0.5128205128205129,
  "mean_effective_discount": 0.9507350713344432,
  "std_effective_discount": 0.0006147889539271941,
  "p5_effective_discount": 0.9499999999999998,
  "p95_effective_discount": 0.9519057155138191,
  "stage_mean_q_target_gap": [
    2.0213100630887434e-06,
    4.28942287370142e-06,
    4.131640410673833e-06,
    3.1645895378227445e-06,
    2.902105313061054e-06,
    4.1384666972445884e-06,
    2.631007891116577e-06,
    5.436800587254074e-06,
    4.523681596172125e-06,
    1.95796195597872e-06,
    3.264149774548526e-06,
    2.023004338826519e-06,
    2.0307471431785256e-06,
    4.7195002780499095e-06,
    4.4236625885756765e-06,
    6.749763806180979e-06,
    4.987279849746603e-06,
    5.1232391300714944e-06,
    4.7812038007156584e-06,
    0.0
  ],
  "stage_std_q_target_gap": [
    2.4947055134094274e-05,
    4.439513503274244e-05,
    4.8109949439623184e-05,
    3.535936453607459e-05,
    3.476928677547578e-05,
    4.7308139376354576e-05,
    3.2875919638623465e-05,
    6.302228326194609e-05,
    5.0739796781716625e-05,
    2.3606381082122876e-05,
    3.984386653791531e-05,
    3.4533875488620534e-05,
    2.29584023513794e-05,
    5.435854336524687e-05,
    4.7860541799801976e-05,
    7.567003292568528e-05,
    6.21939035055119e-05,
    6.758249570038211e-05,
    4.762935907890695e-05,
    0.0
  ],
  "stage_mean_beta_used": [
    0.045451914000346316,
    0.04688111189674405,
    0.04843610426636002,
    0.050131099917038215,
    0.054239631211261595,
    0.05665790489890363,
    0.06228637852245212,
    0.06590613880641948,
    0.0700804770482183,
    0.07494059245181242,
    0.08066040073143024,
    0.08747353215660698,
    0.0956966564347114,
    0.10575704622276548,
    0.1528589538503577,
    0.17487243050391071,
    0.19557703331497492,
    0.24767221219060065,
    0.0,
    0.0
  ],
  "stage_std_beta_used": [
    2.0816681711721685e-17,
    6.938893903907228e-18,
    1.3877787807814457e-17,
    2.7755575615628914e-17,
    6.938893903907228e-18,
    2.0816681711721685e-17,
    0.0,
    1.3877787807814457e-17,
    2.7755575615628914e-17,
    1.3877787807814457e-17,
    2.7755575615628914e-17,
    1.3877787807814457e-17,
    1.3877787807814457e-17,
    1.3877787807814457e-17,
    2.7755575615628914e-17,
    0.0,
    2.7755575615628914e-17,
    8.326672684688674e-17,
    0.0,
    0.0
  ],
  "stage_mean_rho": [
    0.5126077485878976,
    0.5126188571571159,
    0.5126221331036954,
    0.5126192049103256,
    0.5126010517082116,
    0.5125863816331988,
    0.512556911787807,
    0.5125364717773101,
    0.5125167156800328,
    0.5124913853177566,
    0.512466019574681,
    0.5124318145783769,
    0.5123941304007096,
    0.5123483705584881,
    0.5121361355006928,
    0.512040532196481,
    0.5119436682118464,
    0.5117125049108244,
    0.5128205128205128,
    0.5128205128205128
  ],
  "stage_std_rho": [
    5.4428559695185646e-05,
    9.521322918039123e-05,
    0.00011344323899174338,
    0.00011725004195896754,
    0.00011759445103850383,
    0.00011228058306763305,
    0.0001129303342419713,
    0.00011215509107985027,
    0.00011471469916782016,
    0.00011709725601290434,
    0.00012279775573542718,
    0.00012849244790232508,
    0.000137000973485084,
    0.0001481298242589594,
    0.0002102395734247183,
    0.00023325400275100332,
    0.0002563064410779959,
    0.0003189693970632623,
    1.1102230246251565e-16,
    1.1102230246251565e-16
  ],
  "stage_mean_effective_discount": [
    0.9504148902536,
    0.9503932285436238,
    0.950386840447794,
    0.9503925504248648,
    0.9504279491689877,
    0.9504565558152619,
    0.9505140220137761,
    0.9505538800342451,
    0.950592404423936,
    0.9506417986303745,
    0.950691261829372,
    0.950757961572165,
    0.9508314457186156,
    0.9509206774109487,
    0.9513345357736485,
    0.951520962216862,
    0.9517098469868993,
    0.952160615423892,
    0.9499999999999996,
    0.9499999999999996
  ],
  "stage_std_effective_discount": [
    0.00010613569140561818,
    0.0001856657969017684,
    0.00022121431603389156,
    0.00022863758181996874,
    0.0002293091795250891,
    0.00021894713698189524,
    0.00022021415177185234,
    0.00021870242760572314,
    0.00022369366337724784,
    0.00022833964922516786,
    0.00023945562368407722,
    0.0002505602734095428,
    0.00026715189829590487,
    0.0002888531573049692,
    0.0004099671681781849,
    0.00045484530536446386,
    0.0004997975601020842,
    0.0006219903242733488,
    2.220446049250313e-16,
    2.220446049250313e-16
  ]
}