{
  "schema_version": "1.0.0",
  "created_at": "2026-04-19T05:45:38Z",
  "phase": "phase2",
  "task": "chain_regime_shift",
  "algorithm": "QLearning",
  "seed": 67,
  "train_steps": 180000,
  "n_transitions": 180000,
  "steps_to_threshold": null,
  "auc_disc_return": 13.91204839963486,
  "final_disc_return_mean": 18.63291997785279,
  "final_10pct_success_rate": 0.0,
  "adaptation_metrics": {
    "change_at_episode": 300,
    "pre_change_auc": 0.0,
    "post_change_auc": 16.064971570928606,
    "lag_to_50pct_recovery": 23,
    "lag_to_75pct_recovery": 464,
    "lag_to_90pct_recovery": null,
    "post_change_optimum": 21.03812441310176
  },
  "shortcut_risky_path_fraction": 0.0,
  "episode_returns": [
    17.33119831870962,
    20.473235872614605,
    20.257856430214172,
    18.706581491196886,
    20.490488697950877,
    19.48686945222483,
    19.05146460369193,
    20.4801898674942,
    18.761463330295804,
    20.26970809638582,
    18.441883206039755,
    20.5033415790952,
    20.0759887291767,
    20.841910801334407,
    19.690120897938172,
    19.41783222334974,
    19.820402326261206,
    16.475280308511916,
    17.28011552761156,
    19.687191769081693,
    18.398183177613966,
    20.466952591593333,
    18.5661273215144,
    19.15335512754325,
    18.001034402341084,
    19.457701756921498,
    18.686036778785716,
    16.107142589454845,
    19.510575291143148,
    18.771378353049222,
    21.046638990812706,
    19.472541809317356,
    19.987610447058433,
    18.389080588449932,
    17.812760300537118,
    18.040725919301696,
    17.176834081262285,
    18.864182780814254,
    18.780236544290375,
    18.646711553193327,
    18.291356056335864,
    17.931629957909223,
    17.776144637309898,
    19.552500719070153,
    19.689945716704198,
    21.123422128043227,
    18.5982684970167,
    19.459150214183992,
    20.485746710604975,
    19.548643390124777,
    18.81740587953935,
    19.14012672543241,
    19.938329966139662,
    19.216256254888084,
    18.107896391811966,
    16.778548663456544,
    19.90027271695033,
    20.39210572828716,
    19.668919903284532,
    17.04896854314659,
    18.73597572879121,
    18.00480829243165,
    18.990486474619942,
    18.293320080370215,
    18.047955665040877,
    18.405083117602526,
    18.357682640940894,
    18.580016231188132,
    20.174476592396555,
    18.152487171734844,
    20.865940293854212,
    19.367338753274733,
    19.684214525316765,
    19.060210183120915,
    19.049898617873847,
    16.193517047135796,
    18.74859872751624,
    19.31425399395115,
    18.60168120362683,
    18.3554567854927,
    19.675763026322706,
    18.878055852621394,
    20.207231770752653,
    18.42493749836305,
    18.709999732075623,
    19.522320004605824,
    19.81711177521351,
    18.92369953304461,
    20.29948661302347,
    20.506808394794643,
    20.451738349512844,
    20.225580958289118,
    18.748656278784303,
    19.340360918715813,
    18.914525024498012,
    17.876681582554433,
    18.673518180834353,
    20.2881943747377,
    19.2291734579764,
    18.478810981667774,
    18.88771449099614,
    19.237748181496823,
    17.949799833327365,
    19.92693343227578,
    19.641771183543344,
    17.926059590579623,
    18.126585445916568,
    18.705786746766904,
    17.497048619700593,
    21.68518950305331,
    19.020385392238786,
    20.42353035464934,
    18.12174577885077,
    18.04162205754052,
    18.30202589382413,
    18.645174016837014,
    19.575430910681646,
    18.934781955749546,
    20.122245590303272,
    17.680271284587356,
    20.456118489679447,
    19.80866453005588,
    21.100342230427138,
    20.482989736945356,
    18.744992108743926,
    17.718193168411872,
    19.449230559534975,
    19.72242990239844,
    20.307311509739762,
    20.922250647852188,
    18.016890594115107,
    19.51401240960825,
    18.715587746766904,
    18.924346684961012,
    17.62483019702721,
    19.345293868435796,
    19.479336695178453,
    19.41988325661423,
    20.29020054270425,
    18.07383903269498,
    17.117537744851475,
    18.56559433179953,
    20.981914030728362,
    20.03534742847298,
    19.567555276570914,
    19.512045230789234,
    20.324686926739364,
    20.08909004700274,
    17.446921933761644,
    18.100495366868657,
    20.94934957921857,
    17.774291730232306,
    16.43896988542735,
    19.601104720786637,
    19.781701442081314,
    17.301045703633516,
    20.409320593872557,
    19.69556499506632,
    21.06068861903129,
    19.48321630924938,
    18.67318469650193,
    17.688082324124252,
    18.391399684791047,
    18.66885340767933,
    16.62578598661457,
    18.47857274775166,
    20.411543444856587,
    20.362628024489364,
    20.49821784832643,
    20.140676084490426,
    19.393640661934644,
    17.104531831876066,
    18.035374472219715,
    20.278569592801865,
    19.190383141449203,
    18.75270818778789,
    17.864674739757298,
    20.245032247001628,
    18.956935073693565,
    18.685845701706356,
    17.784106783590058,
    19.541786383850475,
    16.37802169946412,
    19.56450525627017,
    19.4939078272485,
    21.12627083313238,
    18.74735278949763,
    19.053501346735796,
    18.673687201975813,
    18.734239072562147,
    18.255065025036924,
    17.23646514750326,
    18.29025560648935,
    18.719698334957616,
    17.201668698150232,
    19.47807210370647,
    19.527205596839032,
    20.459112221029095,
    19.687511872771594,
    18.600829092393653
  ],