{
  "total_s": 4.771361834020354,
  "step_s": 0.0,
  "fit_s": 0.0,
  "eval_s": 0.6455409999762196,
  "plot_s": 0.0,
  "other_s": 0.0,
  "train_s": 3.894980625016615,
  "eval_final_s": 0.6351774579961784,
  "post_s": 0.22941420899587683,
  "steps_per_s": null,
  "updates_per_s": null
}
