{
  "total_s": 7.413824207993457,
  "step_s": 0.0,
  "fit_s": 0.0,
  "eval_s": 0.3472562500392087,
  "plot_s": 0.0,
  "other_s": 0.0,
  "train_s": 6.762348916003248,
  "eval_final_s": 0.23179308301769197,
  "post_s": 0.41543241700856015,
  "steps_per_s": null,
  "updates_per_s": null
}
