{
  "total_s": 7.176985792000778,
  "step_s": 0.0,
  "fit_s": 0.0,
  "eval_s": 0.34276325401151553,
  "plot_s": 0.0,
  "other_s": 0.0,
  "train_s": 6.5526823750115,
  "eval_final_s": 0.21849991599447094,
  "post_s": 0.4018469169968739,
  "steps_per_s": null,
  "updates_per_s": null
}
