{
  "total_s": 11.000984000012977,
  "step_s": 0.0,
  "fit_s": 0.0,
  "eval_s": 0.531613330997061,
  "plot_s": 0.0,
  "other_s": 0.0,
  "train_s": 9.954370959021617,
  "eval_final_s": 0.40010929200798273,
  "post_s": 0.6392793330014683,
  "steps_per_s": null,
  "updates_per_s": null
}
