{
  "total_s": 0.8098486249946291,
  "step_s": 0.0,
  "fit_s": 0.0,
  "eval_s": 0.15537579100055154,
  "plot_s": 0.0,
  "other_s": 0.0,
  "train_s": 0.7911021670006448,
  "post_s": 0.018711583004915155,
  "steps_per_s": null,
  "updates_per_s": null
}
