{
  "total_s": 8.716492750012549,
  "step_s": 0.0,
  "fit_s": 0.0,
  "eval_s": 1.2958719998423476,
  "plot_s": 0.0,
  "other_s": 0.0,
  "train_s": 8.038857917010318,
  "eval_final_s": 0.43696525000268593,
  "post_s": 0.2328217919857707,
  "steps_per_s": null,
  "updates_per_s": null
}
