{
  "total_s": 0.6742420420050621,
  "step_s": 0.0,
  "fit_s": 0.0,
  "eval_s": 0.15105866600060835,
  "plot_s": 0.0,
  "other_s": 0.0,
  "train_s": 0.6579064999968978,
  "post_s": 0.01629795800545253,
  "steps_per_s": null,
  "updates_per_s": null
}
