{
  "total_s": 4.932653333991766,
  "step_s": 0.0,
  "fit_s": 0.0,
  "eval_s": 0.3157231269578915,
  "plot_s": 0.0,
  "other_s": 0.0,
  "train_s": 4.576119709003251,
  "eval_final_s": 0.1574426669976674,
  "post_s": 0.19547737500397488,
  "steps_per_s": null,
  "updates_per_s": null
}
