{
  "total_s": 4.927717957994901,
  "step_s": 0.0,
  "fit_s": 0.0,
  "eval_s": 0.6418153750419151,
  "plot_s": 0.0,
  "other_s": 0.0,
  "train_s": 4.511100000003353,
  "eval_final_s": 0.20817020899266936,
  "post_s": 0.20374204200925305,
  "steps_per_s": null,
  "updates_per_s": null
}
