{
  "total_s": 0.5956489169911947,
  "step_s": 0.0,
  "fit_s": 0.0,
  "eval_s": 0.1515087110165041,
  "plot_s": 0.0,
  "other_s": 0.0,
  "train_s": 0.5888165840005968,
  "post_s": 0.006793541993829422,
  "steps_per_s": null,
  "updates_per_s": null
}
