{
  "total_s": 5.961198875011178,
  "step_s": 0.0,
  "fit_s": 0.0,
  "eval_s": 0.23413583295769058,
  "plot_s": 0.0,
  "other_s": 0.0,
  "train_s": 5.647775749996072,
  "eval_final_s": 0.11193349998211488,
  "post_s": 0.19899941701442003,
  "steps_per_s": null,
  "updates_per_s": null
}
