{
  "total_s": 4.170588667009724,
  "step_s": 0.0,
  "fit_s": 0.0,
  "eval_s": 0.6247714600467589,
  "plot_s": 0.0,
  "other_s": 0.0,
  "train_s": 3.4526189170137513,
  "eval_final_s": 0.5913920410093851,
  "post_s": 0.11521270900266245,
  "steps_per_s": null,
  "updates_per_s": null
}
