{
  "total_s": 7.0671071670003585,
  "step_s": 0.0,
  "fit_s": 0.0,
  "eval_s": 0.6765767100150697,
  "plot_s": 0.0,
  "other_s": 0.0,
  "train_s": 6.440202458994463,
  "eval_final_s": 0.2360272080040886,
  "post_s": 0.3859963750001043,
  "steps_per_s": null,
  "updates_per_s": null
}
