{
  "total_s": 7.3253022500139195,
  "step_s": 0.0,
  "fit_s": 0.0,
  "eval_s": 0.6841451269865502,
  "plot_s": 0.0,
  "other_s": 0.0,
  "train_s": 6.671402584004682,
  "eval_final_s": 0.2424139170034323,
  "post_s": 0.406728791014757,
  "steps_per_s": null,
  "updates_per_s": null
}
