{
  "total_s": 4.06811429199297,
  "step_s": 0.0,
  "fit_s": 0.0,
  "eval_s": 0.6229696259542834,
  "plot_s": 0.0,
  "other_s": 0.0,
  "train_s": 3.3939070419874042,
  "eval_final_s": 0.5495488749875221,
  "post_s": 0.11338304201490246,
  "steps_per_s": null,
  "updates_per_s": null
}
