{
  "schema_version": "1.0.0",
  "phase": "phase4C",
  "task": "dense_chain_cost_1",
  "algorithm": "safe_q_single_table",
  "seed": 123,
  "train_steps": 20000,
  "n_transitions": 20000,
  "mean_return": -0.641436620799358,
  "final_disc_return_mean": -0.6412558882844596,
  "mean_td_error": -0.008311963436048833,
  "std_td_error": 0.016759252455866736,
  "p5_td_error": -0.04925409105706759,
  "p95_td_error": -2.7755575615628914e-17,
  "mean_natural_shift": -0.0015860958976127344,
  "std_natural_shift": 0.001219347617291121,
  "p5_natural_shift": -0.003813451485517073,
  "p95_natural_shift": 0.0,
  "mean_beta_used": 0.03436451836857779,
  "std_beta_used": 0.024185300108165005,
  "p5_beta_used": 0.0,
  "p95_beta_used": 0.07737502102254976,
  "mean_rho": 0.5124242369941019,
  "std_rho": 0.0003046532781269912,
  "p5_rho": 0.5118677313219533,
  "p95_rho": 0.5128205128205129,
  "mean_effective_discount": 0.9507727378615013,
  "std_effective_discount": 0.0005940738923476281,
  "p5_effective_discount": 0.9499999999999998,
  "p95_effective_discount": 0.951857923922191,
  "stage_mean_td_error": [
    -0.0014675794499637831,
    -0.003644748632999305,
    -0.005415574413448021,
    -0.0064925978705705845,
    -0.007055888045123851,
    -0.0073660229183643965,
    -0.007736772796772747,
    -0.008039115007532321,
    -0.008503494655235339,
    -0.008932920240848918,
    -0.009233770164498046,
    -0.009762944436599476,
    -0.009909561429177984,
    -0.010085533596893808,
    -0.010324810684651018,
    -0.010465375058560714,
    -0.010751029716636483,
    -0.01081056820586169,
    -0.011117751629069464,
    -0.00912320976816867
  ],
  "stage_std_td_error": [
    0.006875471353811145,
    0.011064025473840354,
    0.014012189774711513,
    0.01552235132721268,
    0.016307913852810774,
    0.016658595331558626,
    0.01692429289547397,
    0.01705098783549471,
    0.01736358745919251,
    0.01748206734073375,
    0.017585010943288026,
    0.017924656946051293,
    0.01803827069586279,
    0.01812427117579162,
    0.01808224693704045,
    0.0182910384934418,
    0.018335536038098278,
    0.018310477875528385,
    0.01836844025630187,
    0.0143617001734907
  ],
  "stage_mean_natural_shift": [
    -0.0008703228106196308,
    -0.0008372954588482403,
    -0.0008420896886457879,
    -0.0008574647157020703,
    -0.0009051785456546226,
    -0.0012143916387741057,
    -0.001081138353194128,
    -0.0012167810391560054,
    -0.0013019026563681519,
    -0.0013961887617883618,
    -0.0015151691674970581,
    -0.0016303040034417497,
    -0.0017895357473189867,
    -0.0019852076430298235,
    -0.0028488476815043927,
    -0.0032837254613043002,
    -0.003515571533197895,
    -0.004630803046209381,
    0.0,
    0.0
  ],
  "stage_std_natural_shift": [
    0.00018379404296183083,
    0.00032944591125778965,
    0.0003556321852439376,
    0.00035029582363352584,
    0.00031619455678765385,
    0.00036676166839793943,
    0.0002992961810000481,
    0.00031138945086092837,
    0.0003225904451580909,
    0.0003289394636666754,
    0.0003368774721134918,
    0.00036694205391348304,
    0.0003873630277556195,
    0.00042374206591642137,
    0.0005870136489955534,
    0.0006723315418398435,
    0.0007180034349639084,
    0.0009194137582239509,
    0.0,
    0.0
  ],
  "stage_mean_beta_used": [
    0.018215318976359803,
    0.01878704351114387,
    0.019408938490622356,
    0.02008663551731743,
    0.020826290229382576,
    0.02723750882926408,
    0.02382840628373004,
    0.026441895883352086,
    0.028117376042788814,
    0.030068106340727804,
    0.032363888396291715,
    0.03509848690165163,
    0.038398984659415006,
    0.04243682672296241,
    0.061146469679219634,
    0.07017030524215565,
    0.07626902971034145,
    0.0983888559548294,
    0.0,
    0.0
  ],
  "stage_std_beta_used": [
    3.469446951953614e-18,
    3.469446951953614e-18,
    3.469446951953614e-18,
    3.469446951953614e-18,
    0.0,
    1.0408340855860843e-17,
    3.469446951953614e-18,
    6.938893903907228e-18,
    6.938893903907228e-18,
    1.0408340855860843e-17,
    6.938893903907228e-18,
    0.0,
    0.0,
    1.3877787807814457e-17,
    2.0816681711721685e-17,
    1.3877787807814457e-17,
    0.0,
    2.7755575615628914e-17,
    0.0,
    0.0
  ],
  "stage_mean_rho": [
    0.5126030726495407,
    0.5126113240005947,
    0.512610126148756,
    0.5126062848485278,
    0.5125943640388402,
    0.5125171094045612,
    0.5125504019336569,
    0.5125165125473143,
    0.5124952454338392,
    0.5124716885883237,
    0.5124419619335012,
    0.5124131959410042,
    0.5123734124150172,
    0.5123245241900486,
    0.5121087425797,
    0.5120000860056821,
    0.5119421575264461,
    0.5116635040556583,
    0.5128205128205128,
    0.5128205128205128
  ],
  "stage_std_rho": [
    4.5918844697028554e-05,
    8.230795051357639e-05,
    8.88503055100692e-05,
    8.751726832954418e-05,
    7.899758921562169e-05,
    9.163158304881985e-05,
    7.477591184931475e-05,
    7.779748039499664e-05,
    8.059604996471977e-05,
    8.218246425748397e-05,
    8.41658939286737e-05,
    9.16774801952678e-05,
    9.677973185413073e-05,
    0.00010586907765085066,
    0.00014666348283669952,
    0.00016798089629674876,
    0.00017939286873665665,
    0.00022971874264909623,
    1.1102230246251565e-16,
    1.1102230246251565e-16
  ],
  "stage_mean_effective_discount": [
    0.950424008333396,
    0.9504079181988401,
    0.9504102540099256,
    0.9504177445453703,
    0.9504409901242613,
    0.9505916366611057,
    0.9505267162293694,
    0.950592800532737,
    0.9506342714040136,
    0.9506802072527684,
    0.950738174229673,
    0.9507942679150417,
    0.9508718457907159,
    0.9509671778294051,
    0.9513879519695849,
    0.9515998322889199,
    0.9517127928234297,
    0.9522561670914663,
    0.9499999999999996,
    0.9499999999999996
  ],
  "stage_std_effective_discount": [
    8.95417471592083e-05,
    0.00016050050350146903,
    0.00017325809574463604,
    0.0001706586732426003,
    0.00015404529897046674,
    0.0001786815869452094,
    0.00014581302810617904,
    0.00015170508677025786,
    0.00015716229743118908,
    0.00016025580530208447,
    0.0001641234931609182,
    0.00017877108638077744,
    0.00018872047711555656,
    0.0002064447014191587,
    0.000285993791531549,
    0.00032756274777865605,
    0.00034981609403647427,
    0.0004479515481657347,
    2.220446049250313e-16,
    2.220446049250313e-16
  ]
}