{
  "schema_version": "1.0.0",
  "created_at": "2026-04-19T04:48:27Z",
  "phase": "phase3",
  "task": "grid_regime_shift",
  "algorithm": "SafeQLearning",
  "seed": 47,
  "train_steps": 250000,
  "n_transitions": 250000,
  "steps_to_threshold": 24000,
  "auc_disc_return": 0.8330044817431272,
  "final_disc_return_mean": 0.8807981475626299,
  "final_10pct_success_rate": 1.0,
  "adaptation_metrics": {
    "change_at_episode": 200,
    "pre_change_auc": 0.4988682980046613,
    "post_change_auc": 0.8294422674396784,
    "lag_to_50pct_recovery": 0,
    "lag_to_75pct_recovery": 0,
    "lag_to_90pct_recovery": 0,
    "post_change_optimum": 0.96059601
  },
  "shortcut_risky_path_fraction": 0.0,
  "episode_returns": [
    0.8775210229989678,
    0.8775210229989678,
    0.9043820750088044,
    0.8775210229989678,
    0.9043820750088044,
    0.9043820750088044,
    0.8775210229989678,
    0.9043820750088044,
    0.9043820750088044,
    0.9043820750088044,
    0.8687458127689782,
    0.8775210229989678,
    0.9043820750088044,
    0.9043820750088044,
    0.9043820750088044,
    0.8775210229989678,
    0.9043820750088044,
    0.9043820750088044,
    0.9043820750088044,
    0.8863848717161292,
    0.9043820750088044,
    0.9043820750088044,
    0.9043820750088044,
    0.8775210229989678,
    0.8687458127689782,
    0.8775210229989678,
    0.9043820750088044,
    0.9043820750088044,
    0.8775210229989678,
    0.8775210229989678,
    0.8775210229989678,
    0.8775210229989678,
    0.9043820750088044,
    0.8775210229989678,
    0.9043820750088044,
    0.9043820750088044,
    0.9043820750088044,
    0.9043820750088044,
    0.9043820750088044,
    0.8687458127689782,
    0.8775210229989678,
    0.9043820750088044,
    0.9043820750088044,
    0.9043820750088044,
    0.8687458127689782,
    0.9043820750088044,
    0.9043820750088044,
    0.9043820750088044,
    0.8687458127689782,
    0.9043820750088044,
    0.9043820750088044,
    0.9043820750088044,
    0.9043820750088044,
    0.9043820750088044,
    0.8775210229989678,
    0.9043820750088044,
    0.8775210229989678,
    0.8775210229989678,
    0.9043820750088044,
    0.8775210229989678,
    0.8775210229989678,
    0.9043820750088044,
    0.8775210229989678,
    0.8775210229989678,
    0.9043820750088044,
    0.9043820750088044,
    0.9043820750088044,
    0.8775210229989678,
    0.9043820750088044,
    0.9043820750088044,
    0.9043820750088044,
    0.9043820750088044,
    0.9043820750088044,
    0.9043820750088044,
    0.8775210229989678,
    0.8775210229989678,
    0.8775210229989678,
    0.9043820750088044,
    0.8775210229989678,
    0.8775210229989678,
    0.9043820750088044,
    0.8775210229989678,
    0.9043820750088044,
    0.9043820750088044,
    0.8775210229989678,
    0.9043820750088044,
    0.9043820750088044,
    0.9043820750088044,
    0.8775210229989678,
    0.8775210229989678,
    0.9043820750088044,
    0.8775210229989678,
    0.8775210229989678,
    0.9043820750088044,
    0.9043820750088044,
    0.9043820750088044,
    0.8775210229989678,
    0.9043820750088044,
    0.9043820750088044,
    0.9043820750088044,
    0.9043820750088044,
    0.9043820750088044,
    0.9043820750088044,
    0.9043820750088044,
    0.9043820750088044,
    0.8687458127689782,
    0.8687458127689782,
    0.8775210229989678,
    0.9043820750088044,
    0.9043820750088044,
    0.9043820750088044,
    0.8775210229989678,
    0.9043820750088044,
    0.9043820750088044,
    0.8775210229989678,
    0.9043820750088044,
    0.8775210229989678,
    0.9043820750088044,
    0.8775210229989678,
    0.8775210229989678,
    0.9043820750088044,
    0.9043820750088044,
    0.9043820750088044,
    0.8775210229989678,
    0.9043820750088044,
    0.9043820750088044,
    0.9043820750088044,
    0.8775210229989678,
    0.8687458127689782,
    0.8775210229989678,
    0.8687458127689782,
    0.9043820750088044,
    0.8775210229989678,
    0.8775210229989678,
    0.9043820750088044,
    0.8775210229989678,
    0.8775210229989678,
    0.9043820750088044,
    0.9043820750088044,
    0.9043820750088044,
    0.9043820750088044,
    0.9043820750088044,
    0.8429431933839268,
    0.9043820750088044,
    0.8775210229989678,
    0.8687458127689782,
    0.9043820750088044,
    0.9043820750088044,
    0.8775210229989678,
    0.8429431933839268,
    0.9043820750088044,
    0.9043820750088044,
    0.8775210229989678,
    0.9043820750088044,
    0.9043820750088044,
    0.9043820750088044,
    0.9043820750088044,
    0.9043820750088044,
    0.8775210229989678,
    0.9043820750088044,
    0.9043820750088044,
    0.8863848717161292,
    0.8687458127689782,
    0.9043820750088044,
    0.9043820750088044,
    0.9043820750088044,
    0.8775210229989678,
    0.9043820750088044,
    0.9043820750088044,
    0.9043820750088044,
    0.8429431933839268,
    0.9043820750088044,
    0.9043820750088044,
    0.8775210229989678,
    0.9043820750088044,
    0.8775210229989678,
    0.9043820750088044,
    0.8775210229989678,
    0.9043820750088044,
    0.9043820750088044,
    0.8775210229989678,
    0.9043820750088044,
    0.8775210229989678,
    0.8775210229989678,
    0.9043820750088044,
    0.8775210229989678,
    0.8775210229989678,
    0.9043820750088044,
    0.9043820750088044,
    0.9043820750088044,
    0.8775210229989678,
    0.8775210229989678,
    0.9043820750088044,
    0.8775210229989678,
    0.9043820750088044,
    0.9043820750088044,
    0.8775210229989678,
    0.8775210229989678,
    0.8863848717161292,
    0.8775210229989678
  ],