{
  "total_s": 6.8654507089813706,
  "step_s": 0.0,
  "fit_s": 0.0,
  "eval_s": 0.2161288340575993,
  "plot_s": 0.0,
  "other_s": 0.0,
  "train_s": 6.2939667089958675,
  "eval_final_s": 0.07341820900910534,
  "post_s": 0.49688845899072476,
  "steps_per_s": null,
  "updates_per_s": null
}
