{
  "schema_version": "1.0.0",
  "created_at": "2026-04-19T05:11:11Z",
  "phase": "phase2",
  "task": "chain_regime_shift",
  "algorithm": "ExpectedSARSA",
  "seed": 83,
  "train_steps": 180000,
  "n_transitions": 180000,
  "steps_to_threshold": null,
  "auc_disc_return": 5.709687935111679,
  "final_disc_return_mean": 7.436441626800247,
  "final_10pct_success_rate": 0.0,
  "adaptation_metrics": {
    "change_at_episode": 300,
    "pre_change_auc": 0.0,
    "post_change_auc": 6.376559887423232,
    "lag_to_50pct_recovery": 17,
    "lag_to_75pct_recovery": 93,
    "lag_to_90pct_recovery": null,
    "post_change_optimum": 8.369615119711668
  },
  "shortcut_risky_path_fraction": 0.0,
  "episode_returns": [
    6.8071855209384395,
    7.636093524677213,
    6.698381592748509,
    7.8762321311641035,
    7.982139120231634,
    8.278345033253805,
    7.413339307655448,
    8.235497589846672,
    6.351434222594888,
    7.283414914918341,
    7.359568242351358,
    6.902177428844399,
    6.702416306590038,
    6.043004190333751,
    6.910968669166808,
    6.615721424789784,
    8.057504596763692,
    7.444147184935036,
    7.674525561880628,
    8.053239312407412,
    7.475449313672689,
    8.175505359295695,
    7.282655449988975,
    7.836668956234129,
    7.365672295528191,
    7.84999141046122,
    7.543497783474495,
    8.089120391896103,
    8.126487434528169,
    7.60251401345168,
    8.137207671887472,
    5.873529817631745,
    8.099981965453983,
    8.487566869994176,
    7.347269849205983,
    7.182027921267715,
    8.058111442827766,
    7.208386461796696,
    8.009115187704786,
    7.1702401735576355,
    7.972760386622186,
    7.758564329194778,
    6.646185974505665,
    6.492738922194047,
    8.57832371603583,
    7.994108477961774,
    7.123731561809565,
    7.005028632114307,
    8.179756444034343,
    7.394675850956354,
    8.310434603522973,
    6.859483714440865,
    8.534610656113262,
    7.322226548811824,
    7.235543012981479,
    8.396365870523288,
    6.985928526468534,
    8.57832371603583,
    6.157582803508366,
    8.12495416361057,
    8.25082734181462,
    7.65508036328098,
    8.053688826754668,
    7.098609573696104,
    8.459277268201356,
    8.28166352207261,
    7.0821540983605304,
    6.987566685893884,
    6.350518604968871,
    7.2752590407778985,
    7.896056488961754,
    8.114998746098928,
    5.827396357470299,
    8.580876059470011,
    6.793812756774489,
    7.570903893548583,
    8.063498177960051,
    7.4284360304818255,
    8.040515971807375,
    7.829980441148644,
    5.6798466774038205,
    7.534776401453886,
    8.25649111043058,
    6.957377953733684,
    8.453736397297357,
    7.630876059470013,
    6.861730613874533,
    8.545000247381331,
    7.834164922128745,
    7.188326080354483,
    7.934155690615638,
    8.23334335625931,
    7.952720267149764,
    7.592243875216438,
    8.125345668793946,
    7.648277012696392,
    7.3808374066250595,
    7.115960751549482,
    8.073474662485014,
    7.290446612977204,
    7.696230504848397,
    6.900792783207639,
    7.837249277599487,
    7.244282740874211,
    6.8364532047033,
    7.5482652107658845,
    7.190135209521057,
    6.9033956099001665,
    8.381178064127443,
    8.236707898817695,
    7.892417232473064,
    8.042742234744145,
    7.59378367646227,
    7.141696267577926,
    8.465868196040157,
    7.904797719697944,
    6.6067945731404505,
    7.7583499696859715,
    8.523867501255449,
    7.829655839940355,
    6.74929284983165,
    8.417850531578395,
    7.750241443168497,
    8.451348443274432,
    6.308593469263811,
    6.625876554582269,
    8.565042635731672,
    8.064812280220119,
    8.123597575847562,
    7.660289912880563,
    7.761776407021807,
    8.325934764516944,
    8.138906757492714,
    7.79021641163563,
    6.690876130262344,
    7.7957972421704484,
    7.858877523911429,
    7.906252554964495,
    7.573058930459922,
    7.917006036748119,
    7.632528027737521,
    7.822618970558499,
    7.906665571267299,
    8.051379851745045,
    7.6931152877990145,
    7.881051508649877,
    8.448968638046772,
    7.0484976490536555,
    8.12909271013995,
    7.635758938465808,
    7.155684942892178,
    7.166896429846333,
    7.585678396284517,
    8.360599213076025,
    7.1967506688717044,
    7.577519045950225,
    7.550713913556003,
    7.920296735732418,
    8.192756302872517,
    8.003711330120716,
    7.771498914030028,
    7.999292474790529,
    7.908817536365508,
    7.597578276439374,
    7.996934182884103,
    8.474085768959881,
    6.679983422401322,
    7.3993843780065385,
    7.76769945041052,
    7.870420160219653,
    7.8349787778357936,
    8.021742121752283,
    7.3604211972611715,
    8.013234176721053,
    6.680668584445777,
    8.236394807175527,
    6.952851980263674,
    8.003483058088213,
    8.425732321419552,
    8.340281864755857,
    7.858174229522006,
    7.143209267742969,
    6.918686797403066,
    7.015783969086528,
    7.956573994459007,
    7.138652637802998,
    7.481878792512042,
    7.316912121497695,
    7.736010643046391,
    7.603729640649195,
    8.357459513247864,
    8.018965564615373,
    8.201608022090564,
    6.987812723984931,
    8.279041416201025,
    7.864703486799003,
    7.781842064025333,
    8.459075739426543,
    7.973625087266492,
    7.572842685350223
  ],