{
  "total_s": 6.0556371249840595,
  "step_s": 0.0,
  "fit_s": 0.0,
  "eval_s": 0.6383215819951147,
  "plot_s": 0.0,
  "other_s": 0.0,
  "train_s": 5.632423249975545,
  "eval_final_s": 0.2114172500150744,
  "post_s": 0.2070217090076767,
  "steps_per_s": null,
  "updates_per_s": null
}
