{
  "schema_version": "1.0.0",
  "created_at": "2026-04-19T05:11:54Z",
  "phase": "phase2",
  "task": "chain_regime_shift",
  "algorithm": "QLearning",
  "seed": 47,
  "train_steps": 180000,
  "n_transitions": 180000,
  "steps_to_threshold": null,
  "auc_disc_return": 2.994962454800231,
  "final_disc_return_mean": 4.085760415260136,
  "final_10pct_success_rate": 0.0,
  "adaptation_metrics": {
    "change_at_episode": 300,
    "pre_change_auc": 1.7539279855442405e-05,
    "post_change_auc": 3.3537422476199787,
    "lag_to_50pct_recovery": 22,
    "lag_to_75pct_recovery": 685,
    "lag_to_90pct_recovery": 2489,
    "post_change_optimum": 4.530292593306535
  },
  "shortcut_risky_path_fraction": 0.0,
  "episode_returns": [
    4.117508659290851,
    3.79005613677327,
    4.537788281174968,
    4.5087410480356604,
    4.498287856765369,
    3.6312562256353615,
    4.505610015204246,
    4.372968624581885,
    3.651282482109122,
    4.355395630793939,
    3.4660074083073598,
    4.2235208219118014,
    3.634993715948779,
    4.205372714206297,
    4.291678940273358,
    3.890255829457049,
    4.36476979105822,
    3.7821527589111192,
    3.9550592554720194,
    4.506328833960699,
    4.105773841193423,
    4.160186406572048,
    3.997848277704318,
    4.273650927180374,
    4.554868477693304,
    3.8736875509736435,
    2.893030310722487,
    3.948652869691706,
    4.313414226551642,
    4.2751558721612115,
    4.367206703122663,
    4.110248472547919,
    4.256728695218641,
    4.090320528420559,
    4.271322520811272,
    3.3406788610629095,
    4.356347549708431,
    4.160154899138453,
    3.8070877631242572,
    4.439458664616747,
    3.7366292849529614,
    4.3145929953050635,
    4.1566312085324215,
    4.328522310552797,
    4.293624897640625,
    3.9533946202294974,
    3.794288208305135,
    3.7803236158882254,
    3.8014188673700353,
    4.087019183015987,
    3.1162638025508205,
    4.347556649080055,
    4.270419898461876,
    4.447926164027903,
    4.244166353539051,
    3.8217042240414694,
    3.240483866375139,
    3.6783846739562613,
    4.216448244199726,
    4.38880045709373,
    3.6767730275988084,
    4.255768193448796,
    4.273406071674026,
    4.117972096625429,
    4.5200446209643905,
    3.123923803849057,
    3.8127071823319634,
    4.127336935341481,
    4.339322273155753,
    3.9227969288217954,
    4.305896138836057,
    4.01338789870694,
    4.550339312314538,
    4.2270774854581425,
    4.468374779513939,
    4.417328668482887,
    4.1824518300703515,
    3.3929840515719665,
    3.845527621709297,
    4.333534455829392,
    4.4776057456601475,
    4.0684726672073745,
    4.161606139644188,
    4.258692406349116,
    3.838546662669372,
    3.9866783445370513,
    3.6693689464454557,
    4.114674710716184,
    4.194102385007277,
    4.508918268917327,
    4.071118070822889,
    3.5489443075821594,
    4.558210784736094,
    4.433066789797223,
    4.390534974653719,
    4.132356243320659,
    4.531001658493717,
    4.417053715462425,
    4.319828534577328,
    4.464007569444505,
    3.5977016119491347,
    4.069882444643104,
    3.763990176350566,
    3.646411421955722,
    4.094736960555351,
    3.347282641204294,
    4.22135810764122,
    4.25042632074516,
    4.560453966317605,
    4.127377338903208,
    4.254570873969329,
    4.545581577575659,
    3.981818510563878,
    4.296319697701321,
    3.6067674440252224,
    4.387800819410939,
    3.9213363084895154,
    4.3990579040461215,
    3.0729926692127307,
    4.278645997496409,
    3.4686652873213286,
    4.2281807333594,
    4.34600396488075,
    4.303907537673043,
    3.684675683628552,
    4.252780175933297,
    4.445804547165876,
    4.560453966317605,
    4.215867102444038,
    4.2320051759732715,
    4.022622503581295,
    4.31616111614023,
    3.8737620126308543,
    4.514386689097539,
    4.263814570872156,
    3.9156185543250825,
    4.195705033470638,
    4.338284759906777,
    4.265703416077461,
    4.319517450697418,
    3.8104041070798735,
    2.961477493119099,
    4.180710668950395,
    3.900631528249382,
    3.463105649608358,
    3.5298880981424605,
    4.166582959064852,
    3.9807917955584373,
    3.7142904045643625,
    3.8406555567669214,
    3.5845307515929634,
    4.506143926827869,
    4.330880168650084,
    3.1663452090238438,
    3.7427393951544086,
    4.280515233597499,
    4.17251725174387,
    4.253859231021945,
    4.5314949734354695,
    4.282183611286973,
    3.9596342758772356,
    4.07802894411038,
    4.320719366594629,
    4.223606978919561,
    3.250454782072298,
    4.129347436345694,
    4.05668802737825,
    4.211278167304352,
    3.905346231385736,
    4.176395548859513,
    3.9833274392825326,
    3.976259618483101,
    3.3146330464198672,
    3.8846266772053895,
    3.474395512540861,
    3.740017353805906,
    4.302391739838678,
    4.328397058112504,
    3.977993689764812,
    4.188905184082877,
    3.315249609330247,
    3.606239026148988,
    4.232575465941446,
    4.37351881738705,
    3.4842626265996643,
    4.466609203529634,
    4.560453966317605,
    3.9716982901175184,
    4.43338630460758,
    4.266495707242904,
    4.517491669813636,
    4.4947941218982645,
    4.2098344652967,
    3.5299284030290687,
    4.469055632651967,
    4.54333982871401,
    3.9598120048104417,
    3.619438175218862,
    4.226255779608927,
    3.493131201304057
  ],