{
  "total_s": 4.867968375008786,
  "step_s": 0.0,
  "fit_s": 0.0,
  "eval_s": 0.6400780020048842,
  "plot_s": 0.0,
  "other_s": 0.0,
  "train_s": 3.9762121670064516,
  "eval_final_s": 0.6469465830014087,
  "post_s": 0.23309016702114604,
  "steps_per_s": null,
  "updates_per_s": null
}
