{
  "total_s": 4.588294374989346,
  "step_s": 0.0,
  "fit_s": 0.0,
  "eval_s": 0.6036615860939492,
  "plot_s": 0.0,
  "other_s": 0.0,
  "train_s": 3.772928582999157,
  "eval_final_s": 0.6024209579918534,
  "post_s": 0.20176458300556988,
  "steps_per_s": null,
  "updates_per_s": null
}
