{
  "total_s": 10.302682791982079,
  "step_s": 0.0,
  "fit_s": 0.0,
  "eval_s": 1.362039961037226,
  "plot_s": 0.0,
  "other_s": 0.0,
  "train_s": 9.268870499974582,
  "eval_final_s": 0.5219459159998223,
  "post_s": 0.5037261249963194,
  "steps_per_s": null,
  "updates_per_s": null
}
