{
  "total_s": 8.875158458016813,
  "step_s": 0.0,
  "fit_s": 0.0,
  "eval_s": 1.3086663339636289,
  "plot_s": 0.0,
  "other_s": 0.0,
  "train_s": 8.188124208012596,
  "eval_final_s": 0.44717408300493844,
  "post_s": 0.23203362501226366,
  "steps_per_s": null,
  "updates_per_s": null
}
