{
  "total_s": 8.384466582996538,
  "step_s": 0.0,
  "fit_s": 0.0,
  "eval_s": 1.281286500976421,
  "plot_s": 0.0,
  "other_s": 0.0,
  "train_s": 7.427262000011979,
  "eval_final_s": 0.48544995801057667,
  "post_s": 0.4640670829976443,
  "steps_per_s": null,
  "updates_per_s": null
}
