{
  "total_s": 4.906492540991167,
  "step_s": 0.0,
  "fit_s": 0.0,
  "eval_s": 0.6424128339567687,
  "plot_s": 0.0,
  "other_s": 0.0,
  "train_s": 4.480866375000915,
  "eval_final_s": 0.20896179199917242,
  "post_s": 0.21199312500539236,
  "steps_per_s": null,
  "updates_per_s": null
}
