{
  "total_s": 6.943893791991286,
  "step_s": 0.0,
  "fit_s": 0.0,
  "eval_s": 0.6699367520050146,
  "plot_s": 0.0,
  "other_s": 0.0,
  "train_s": 6.316158541972982,
  "eval_final_s": 0.22843091600225307,
  "post_s": 0.39459683300810866,
  "steps_per_s": null,
  "updates_per_s": null
}
