{
  "total_s": 6.793163624999579,
  "step_s": 0.0,
  "fit_s": 0.0,
  "eval_s": 0.6433980850561056,
  "plot_s": 0.0,
  "other_s": 0.0,
  "train_s": 6.204008207976585,
  "eval_final_s": 0.22531162499217317,
  "post_s": 0.35907687500002794,
  "steps_per_s": null,
  "updates_per_s": null
}
