{
  "schema_version": "1.0.0",
  "created_at": "2026-04-19T06:07:52Z",
  "phase": "phase2",
  "task": "grid_regime_shift",
  "algorithm": "QLearning",
  "seed": 11,
  "train_steps": 250000,
  "n_transitions": 250000,
  "steps_to_threshold": 16000,
  "auc_disc_return": 0.719670433797672,
  "final_disc_return_mean": 0.8362716434805849,
  "final_10pct_success_rate": 0.995,
  "adaptation_metrics": {
    "change_at_episode": 200,
    "pre_change_auc": 0.514848648670484,
    "post_change_auc": 0.6685965166273683,
    "lag_to_50pct_recovery": 0,
    "lag_to_75pct_recovery": 494,
    "lag_to_90pct_recovery": 5323,
    "post_change_optimum": 0.941480149401
  },
  "shortcut_risky_path_fraction": 0.0,
  "episode_returns": [
    0.9043820750088044,
    0.9043820750088044,
    0.9043820750088044,
    0.9043820750088044,
    0.9043820750088044,
    0.8261686238355866,
    0.9043820750088044,
    0.4566097477439145,
    0.8097278682212584,
    0.8261686238355866,
    0.5099857462495653,
    0.8179069375972308,
    0.9043820750088044,
    0.8261686238355866,
    0.5099857462495653,
    0.9043820750088044,
    0.9043820750088044,
    0.9043820750088044,
    0.9043820750088044,
    0.8179069375972308,
    0.9043820750088044,
    0.9043820750088044,
    0.8179069375972308,
    0.9043820750088044,
    0.8261686238355866,
    0.7778213593991467,
    0.8261686238355866,
    0.9043820750088044,
    0.6050060671375364,
    0.9043820750088044,
    0.9043820750088044,
    0.6050060671375364,
    0.9043820750088044,
    0.8179069375972308,
    0.8179069375972308,
    0.9043820750088044,
    0.9043820750088044,
    0.8179069375972308,
    0.9043820750088044,
    0.9043820750088044,
    0.8179069375972308,
    0.9043820750088044,
    0.9043820750088044,
    0.6050060671375364,
    0.9043820750088044,
    0.9043820750088044,
    0.8261686238355866,
    0.7623427143471035,
    0.9043820750088044,
    0.5099857462495653,
    0.8097278682212584,
    0.8261686238355866,
    0.8261686238355866,
    0.8097278682212584,
    0.8261686238355866,
    0.9043820750088044,
    0.8179069375972308,
    0.9043820750088044,
    0.6050060671375364,
    0.9043820750088044,
    0.9043820750088044,
    0.8097278682212584,
    0.9043820750088044,
    0.9043820750088044,
    0.8179069375972308,
    0.6050060671375364,
    0.8179069375972308,
    0.9043820750088044,
    0.9043820750088044,
    0.9043820750088044,
    0.6050060671375364,
    0.9043820750088044,
    0.9043820750088044,
    0.9043820750088044,
    0.8261686238355866,
    0.8261686238355866,
    0.9043820750088044,
    0.8179069375972308,
    0.6050060671375364,
    0.8179069375972308,
    0.8261686238355866,
    0.8179069375972308,
    0.9043820750088044,
    0.9043820750088044,
    0.9043820750088044,
    0.8261686238355866,
    0.8179069375972308,
    0.9043820750088044,
    0.8179069375972308,
    0.9043820750088044,
    0.9043820750088044,
    0.6050060671375364,
    0.8179069375972308,
    0.8179069375972308,
    0.9043820750088044,
    0.9043820750088044,
    0.9043820750088044,
    0.9043820750088044,
    0.8179069375972308,
    0.9043820750088044,
    0.9043820750088044,
    0.8179069375972308,
    0.6050060671375364,
    0.9043820750088044,
    0.9043820750088044,
    0.9043820750088044,
    0.9043820750088044,
    0.9043820750088044,
    0.8179069375972308,
    0.9043820750088044,
    0.8775210229989678,
    0.8261686238355866,
    0.9043820750088044,
    0.8600583546412884,
    0.9043820750088044,
    0.8179069375972308,
    0.9043820750088044,
    0.7778213593991467,
    0.9043820750088044,
    0.8097278682212584,
    0.9043820750088044,
    0.9043820750088044,
    0.9043820750088044,
    0.9043820750088044,
    0.8097278682212584,
    0.8179069375972308,
    0.8179069375972308,
    0.9043820750088044,
    0.8179069375972308,
    0.8179069375972308,
    0.8179069375972308,
    0.8261686238355866,
    0.8261686238355866,
    0.8261686238355866,
    0.9043820750088044,
    0.9043820750088044,
    0.8261686238355866,
    0.6050060671375364,
    0.5099857462495653,
    0.9043820750088044,
    0.9043820750088044,
    0.6050060671375364,
    0.6050060671375364,
    0.5099857462495653,
    0.8179069375972308,
    0.9043820750088044,
    0.8179069375972308,
    0.8261686238355866,
    0.9043820750088044,
    0.9043820750088044,
    0.8179069375972308,
    0.9043820750088044,
    0.9043820750088044,
    0.9043820750088044,
    0.9043820750088044,
    0.9043820750088044,
    0.8261686238355866,
    0.5099857462495653,
    0.6050060671375364,
    0.8179069375972308,
    0.6050060671375364,
    0.9043820750088044,
    0.5099857462495653,
    0.9043820750088044,
    0.9043820750088044,
    0.9043820750088044,
    0.8261686238355866,
    0.9043820750088044,
    0.9043820750088044,
    0.6050060671375364,
    0.8261686238355866,
    0.8179069375972308,
    0.8179069375972308,
    0.9043820750088044,
    0.9043820750088044,
    0.9043820750088044,
    0.9043820750088044,
    0.8261686238355866,
    0.9043820750088044,
    0.5099857462495653,
    0.8179069375972308,
    0.9043820750088044,
    0.9043820750088044,
    0.9043820750088044,
    0.9043820750088044,
    0.9043820750088044,
    0.9043820750088044,
    0.8261686238355866,
    0.9043820750088044,
    0.6050060671375364,
    0.9043820750088044,
    0.9043820750088044,
    0.6050060671375364,
    0.9043820750088044,
    0.9043820750088044,
    0.9043820750088044,
    0.9043820750088044,
    0.9043820750088044,
    0.9043820750088044,
    0.6050060671375364
  ],