{
  "schema_version": "1.0.0",
  "phase": "phase4C",
  "task": "dense_chain_cost_0",
  "algorithm": "safe_double_q",
  "seed": 456,
  "train_steps": 20000,
  "n_transitions": 20000,
  "mean_return": -0.25660563103658307,
  "final_disc_return_mean": -0.25660563103658296,
  "mean_double_gap": 0.001024046675122513,
  "mean_natural_shift_double": -0.0015199903786048063,
  "mean_beta_used": 0.0861066449908234
}