{
  "schema_version": "1.0.0",
  "phase": "phase4C",
  "task": "dense_chain_cost_0",
  "algorithm": "safe_double_q",
  "seed": 456,
  "train_steps": 20000,
  "n_transitions": 20000,
  "mean_return": -0.25660563103658307,
  "final_disc_return_mean": -0.25660563103658296,
  "mean_double_gap": 0.001024046675122513,
  "std_double_gap": 0.0020059746225666703,
  "p5_double_gap": 0.0,
  "p95_double_gap": 0.005443613951756466,
  "mean_natural_shift_double": -0.0015199903786048063,
  "std_natural_shift_double": 0.0012009595379929875,
  "p5_natural_shift_double": -0.003983998171043635,
  "p95_natural_shift_double": 0.0,
  "mean_beta_used": 0.0861066449908234,
  "std_beta_used": 0.062106208206612584,
  "p5_beta_used": 0.0,
  "p95_beta_used": 0.20184916819927948,
  "mean_rho": 0.5124407532904599,
  "std_rho": 0.0003000589445876052,
  "p5_rho": 0.5118251185847414,
  "p95_rho": 0.5128205128205129,
  "mean_effective_discount": 0.9507405310836031,
  "std_effective_discount": 0.0005851149419458322,
  "p5_effective_discount": 0.9499999999999998,
  "p95_effective_discount": 0.9519410187597541,
  "stage_mean_double_gap": [
    4.7463163611305205e-05,
    0.00035284987029615456,
    0.0008575509539347992,
    0.0010726614587018074,
    0.0012335489020915582,
    0.0011936870521700388,
    0.001258383717417502,
    0.0008645307370622304,
    0.0015126706740834438,
    0.0012998110136691592,
    0.0013105552591076393,
    0.0009854700566030974,
    0.0009793540573771705,
    0.0014595054813710136,
    0.0008342157834100168,
    0.0012259723342179683,
    0.0012750614232967799,
    0.001283992612003507,
    0.0014336489520250667,
    0.0
  ],
  "stage_std_double_gap": [
    0.00041615810008324586,
    0.001231815717975679,
    0.002218797477595677,
    0.002395758899318196,
    0.0021228694342354066,
    0.002067930764118049,
    0.002210034936706908,
    0.0017431003019765913,
    0.002547277713173816,
    0.002136191158971159,
    0.0021542029978997503,
    0.0018651403756066974,
    0.0017824976263066856,
    0.0025881430188173125,
    0.0015373841825956983,
    0.0021171463382857456,
    0.0020192632174768107,
    0.0018899415149278675,
    0.0020679587744605915,
    0.0
  ],
  "stage_mean_natural_shift_double": [
    -0.0008596322897867725,
    -0.0008320468775778063,
    -0.0008267355251535932,
    -0.0008508806448236621,
    -0.0009069334703722362,
    -0.0010257786630162057,
    -0.0010799450029558343,
    -0.001174280578358605,
    -0.0012233792176777126,
    -0.0013110209176278005,
    -0.001426510758290959,
    -0.0015518494035020682,
    -0.0016930837557678725,
    -0.0018808635395597003,
    -0.002721371450758531,
    -0.003079501948429874,
    -0.0035080644162528225,
    -0.004447929112184069,
    0.0,
    0.0
  ],
  "stage_std_natural_shift_double": [
    0.00019604672460234008,
    0.00030551801526359785,
    0.0003436012159417196,
    0.00032381815942747087,
    0.0002955816321702638,
    0.00032235538827670134,
    0.0003347845829128319,
    0.00030937103625377365,
    0.0003600572005388952,
    0.0003709353629354384,
    0.00039377503650841117,
    0.0003877241387740726,
    0.00041581183034052115,
    0.0004919499900244903,
    0.000669303293984166,
    0.0008021146072495705,
    0.0008681493970854186,
    0.0010797479735958444,
    0.0,
    0.0
  ],
  "stage_mean_beta_used": [
    0.04536260681613801,
    0.046788225391751544,
    0.048339322374195345,
    0.050030071158022466,
    0.05243868730223877,
    0.05900242541307057,
    0.06216050388335867,
    0.06577165852724608,
    0.06993604590903958,
    0.07478453906945683,
    0.08049061927717276,
    0.08728733093435813,
    0.0954905489300232,
    0.1055264818438841,
    0.1528526655703753,
    0.1744861573690478,
    0.19919990855218173,
    0.25218510149490736,
    0.0,
    0.0
  ],
  "stage_std_beta_used": [
    6.938893903907228e-18,
    1.3877787807814457e-17,
    1.3877787807814457e-17,
    2.0816681711721685e-17,
    2.7755575615628914e-17,
    1.3877787807814457e-17,
    2.0816681711721685e-17,
    0.0,
    0.0,
    1.3877787807814457e-17,
    0.0,
    1.3877787807814457e-17,
    0.0,
    1.3877787807814457e-17,
    2.7755575615628914e-17,
    5.551115123125783e-17,
    2.7755575615628914e-17,
    1.1102230246251565e-16,
    0.0,
    0.0
  ],
  "stage_mean_rho": [
    0.5126057435665942,
    0.5126126353595661,
    0.5126139622742978,
    0.512607929876552,
    0.5125939256261554,
    0.5125642330814043,
    0.5125507000125538,
    0.5125271310027697,
    0.5125148639337621,
    0.5124929671870719,
    0.5124641126560862,
    0.5124327974340555,
    0.512397510546224,
    0.5123505941379368,
    0.5121405925796207,
    0.512051111765245,
    0.5119440325172964,
    0.5117091966109807,
    0.5128205128205128,
    0.5128205128205128
  ],
  "stage_std_rho": [
    4.89800390119505e-05,
    7.633001599778123e-05,
    8.58446546346751e-05,
    8.090224565239788e-05,
    7.384780244865546e-05,
    8.053702625445677e-05,
    8.364246959941653e-05,
    7.72933466030776e-05,
    8.995681298799801e-05,
    9.267480844517147e-05,
    9.838120179025773e-05,
    9.686984904298282e-05,
    0.00010388769984184278,
    0.00012291026786778606,
    0.00016722345774287348,
    0.00020040728217571378,
    0.0002169077499500517,
    0.0002697799961189149,
    1.1102230246251565e-16,
    1.1102230246251565e-16
  ],
  "stage_mean_effective_discount": [
    0.9504188000451409,
    0.9504053610488462,
    0.9504027735651194,
    0.950414536740724,
    0.9504418450289968,
    0.9504997454912615,
    0.9505261349755201,
    0.9505720945445991,
    0.9505960153291639,
    0.9506387139852095,
    0.950694980320632,
    0.9507560450035919,
    0.9508248544348631,
    0.9509163414310229,
    0.9513258444697396,
    0.9515003320577721,
    0.951709136591272,
    0.9521670666085874,
    0.9499999999999996,
    0.9499999999999996
  ],
  "stage_std_effective_discount": [
    9.551107607330231e-05,
    0.0001488435311956739,
    0.0001673970765376017,
    0.00015775937902218914,
    0.000144003214774891,
    0.00015704720119620838,
    0.00016310281571887107,
    0.00015072202587598752,
    0.00017541578532661063,
    0.00018071587646809886,
    0.00019184334349100758,
    0.00018889620563380981,
    0.00020258101469159198,
    0.00023967502234219766,
    0.0003260857425986162,
    0.00039079420024264503,
    0.000422970112402588,
    0.0005260709924318881,
    2.220446049250313e-16,
    2.220446049250313e-16
  ]
}