{
  "task_family": "grid_hazard",
  "gamma": 0.99,
  "sign": -1,
  "source_phase": "phase2",
  "reward_bound": 5.0,
  "ablation_type": "alpha_constant_0.00",
  "alpha_t": [
    0.0,
    0.0,
    0.0,
    0.0,
    0.0,
    0.0,
    0.0,
    0.0,
    0.0,
    0.0,
    0.0,
    0.0,
    0.0,
    0.0,
    0.0,
    0.0,
    0.0,
    0.0,
    0.0,
    0.0,
    0.0,
    0.0,
    0.0,
    0.0,
    0.0,
    0.0,
    0.0,
    0.0,
    0.0,
    0.0,
    0.0,
    0.0,
    0.0,
    0.0,
    0.0,
    0.0,
    0.0,
    0.0,
    0.0,
    0.0,
    0.0,
    0.0,
    0.0,
    0.0,
    0.0,
    0.0,
    0.0,
    0.0,
    0.0,
    0.0,
    0.0,
    0.0,
    0.0,
    0.0,
    0.0,
    0.0,
    0.0,
    0.0,
    0.0,
    0.0,
    0.0,
    0.0,
    0.0,
    0.0,
    0.0,
    0.0,
    0.0,
    0.0,
    0.0,
    0.0,
    0.0,
    0.0,
    0.0,
    0.0,
    0.0,
    0.0,
    0.0,
    0.0,
    0.0,
    0.0
  ],
  "kappa_t": [
    0.99,
    0.99,
    0.99,
    0.99,
    0.99,
    0.99,
    0.99,
    0.99,
    0.99,
    0.99,
    0.99,
    0.99,
    0.99,
    0.99,
    0.99,
    0.99,
    0.99,
    0.99,
    0.99,
    0.99,
    0.99,
    0.99,
    0.99,
    0.99,
    0.99,
    0.99,
    0.99,
    0.99,
    0.99,
    0.99,
    0.99,
    0.99,
    0.99,
    0.99,
    0.99,
    0.99,
    0.99,
    0.99,
    0.99,
    0.99,
    0.99,
    0.99,
    0.99,
    0.99,
    0.99,
    0.99,
    0.99,
    0.99,
    0.99,
    0.99,
    0.99,
    0.99,
    0.99,
    0.99,
    0.99,
    0.99,
    0.99,
    0.99,
    0.99,
    0.99,
    0.99,
    0.99,
    0.99,
    0.99,
    0.99,
    0.99,
    0.99,
    0.99,
    0.99,
    0.99,
    0.99,
    0.99,
    0.99,
    0.99,
    0.99,
    0.99,
    0.99,
    0.99,
    0.99,
    0.99
  ],
  "Bhat_t": [
    549.7144023050079,
    545.2165679848564,
    540.6733009948044,
    536.0841424189944,
    531.4486287060548,
    526.7662916222775,
    522.0366582043207,
    517.259250711435,
    512.433586577207,
    507.5591783608152,
    502.63553369779316,
    497.66215525029617,
    492.63854065686485,
    487.56418248168166,
    482.4385681633148,
    477.26117996294425,
    472.03149491206494,
    466.7489847596616,
    461.4131159188501,
    456.02334941297994,
    450.57914082119186,
    445.07994022342615,
    439.5251921448749,
    433.91433549987363,
    428.2468035352259,
    422.5220237729555,
    416.7394179524803,
    410.89840197220235,
    404.99838583050746,
    399.03877356616914,
    393.0189631981507,
    386.9383466647987,
    380.79630976242294,
    374.5922320832555,
    368.32548695278336,
    361.99544136644784,
    355.6014559257049,
    349.1428847734393,
    342.61907552872657,
    336.02936922093596,
    329.3731002231676,
    322.6495961850178,
    315.85817796466443,
    308.99815956026714,
    302.0688480406739,
    295.0695434754282,
    287.9995388640689,
    280.85812006471605,
    273.6445657219354,
    266.3581471938742,
    258.9981284786608,
    251.5637661400614,
    244.05430923238526,
    236.4689992246316,
    228.80706992387033,
    221.06774739784882,
    213.250249896817,
    205.35378777456265,
    197.37756340864917,
    189.32077111984765,
    181.18259709075522,
    172.96221928359114,
    164.65880735716277,
    156.2715225829927,
    147.7995177605987,
    139.2419371319179,
    130.59791629486656,
    121.86658211602685,
    113.04705264245136,
    104.13843701257713,
    95.13983536623952,
    86.0503387537773,
    76.86902904421949,
    67.59497883254494,
    58.22725134600499,
    48.764900349499996,
    39.206970049999995,
    29.552495,
    19.8005,
    9.95,
    0.0
  ],
  "margin_quantile": 0.75,
  "informativeness_t": [
    0.0,
    6.507180640576856e-11,
    4.046907026494961e-10,
    3.1292261077723347e-10,
    1.4483331682698508e-08,
    2.8953110441575866e-10,
    8.199250522828145e-09,
    9.372978777232942e-07,
    0.0006043724783790817,
    0.020159728698916753,
    0.48423801984693376,
    0.4673612644945101,
    0.3473564723302211,
    0.5470094910747103,
    0.5275180685939426,
    0.5973988413067743,
    0.7048912798564926,
    0.6392113078839928,
    0.8686029635050354,
    0.6372357312485412,
    0.898334223656209,
    0.7074223382390589,
    0.615884676781394,
    0.3846850009700374,
    0.9423324950665665,
    0.9540905472165873,
    0.9038792751082823,
    0.7411572436447985,
    0.845357746731835,
    0.4386882348022141,
    0.1596741431517435,
    0.663842627019078,
    0.9999999997893375,
    0.7978114440766014,
    0.5555332605831947,
    0.33446302078370305,
    0.394286535926439,
    0.5113867226605106,
    0.5029288058927895,
    0.42975069606109795,
    0.21946322778160762,
    0.8497886107917366,
    0.5000411885364986,
    0.2857941395581353,
    0.5665991926998659,
    0.1851425385398302,
    0.4627347159267039,
    0.19509888824359314,
    0.2898403727125885,
    0.2980425572349771,
    0.24276400954922048,
    0.35117672817139195,
    0.3564901497984427,
    0.2557922297773003,
    0.15566107492811296,
    0.2433665768888416,
    0.23795347958755333,
    0.49834296644395626,
    0.1859426373495471,
    0.2711203521940895,
    0.3546877471658766,
    0.3943681346961917,
    0.16923554366167234,
    0.4999229911583651,
    0.25614614558687393,
    0.38112780483167613,
    0.5598693362494023,
    0.08777605206340182,
    0.21638013226601305,
    0.26521359762894653,
    0.16704836429420794,
    0.2585339217195009,
    0.21314465374949174,
    0.3471056583980094,
    0.22918174410865094,
    0.476606511656845,
    0.46365502242037165,
    0.2474408470718349,
    0.34267556555649115,
    0.2753924051866526
  ],
  "d_target_t": [
    0.891,
    0.8909999999742315,
    0.8909999998397425,
    0.8909999998760826,
    0.8909999942646006,
    0.8909999998853456,
    0.8909999967530968,
    0.8909996288300404,
    0.8907606684985618,
    0.883016747435229,
    0.6992417441406141,
    0.705924939260174,
    0.7534468369572325,
    0.6743842415344148,
    0.6821028448367987,
    0.6544300588425174,
    0.6118630531768289,
    0.6378723220779389,
    0.547033226452006,
    0.6386546504255777,
    0.5352596474321412,
    0.6108607540573326,
    0.6471096679945679,
    0.7386647396158651,
    0.5178363319536397,
    0.5131801433022315,
    0.5330638070571202,
    0.5975017315166598,
    0.5562383322941933,
    0.7172794590183232,
    0.8277690393119095,
    0.6281183197004451,
    0.49500000008342226,
    0.5750666681456658,
    0.6710088288090549,
    0.7585526437696536,
    0.7348625317731301,
    0.6884908578264378,
    0.6918401928664553,
    0.7208187243598052,
    0.8040925617984833,
    0.5544837101264722,
    0.6929836893395466,
    0.7778255207349785,
    0.6666267196908531,
    0.8176835547382272,
    0.7077570524930252,
    0.8137408402555372,
    0.7762232124058149,
    0.7729751473349491,
    0.7948654522185087,
    0.7519340156441288,
    0.7498299006798167,
    0.7897062770081891,
    0.8293582143284672,
    0.7946268355520186,
    0.7967704220833288,
    0.6936561852881934,
    0.8173667156095793,
    0.7836363405311406,
    0.7505436521223129,
    0.7348302186603082,
    0.8239827247099777,
    0.6930304955012874,
    0.7895661263475978,
    0.7400733892866562,
    0.6692917428452367,
    0.8562406833828928,
    0.8053134676226589,
    0.7859754153389372,
    0.8248488477394936,
    0.7886205669990777,
    0.8065947171152013,
    0.7535461592743883,
    0.8002440293329742,
    0.7022638213838894,
    0.7073926111215328,
    0.7930134245595534,
    0.7553004760396296,
    0.7819446075460855
  ],