{
  "task_family": "grid_hazard",
  "gamma": 0.99,
  "sign": -1,
  "source_phase": "phase2",
  "reward_bound": 5.0,
  "ablation_type": "alpha_constant_0.10",
  "alpha_t": [
    0.1,
    0.1,
    0.1,
    0.1,
    0.1,
    0.1,
    0.1,
    0.1,
    0.1,
    0.1,
    0.1,
    0.1,
    0.1,
    0.1,
    0.1,
    0.1,
    0.1,
    0.1,
    0.1,
    0.1,
    0.1,
    0.1,
    0.1,
    0.1,
    0.1,
    0.1,
    0.1,
    0.1,
    0.1,
    0.1,
    0.1,
    0.1,
    0.1,
    0.1,
    0.1,
    0.1,
    0.1,
    0.1,
    0.1,
    0.1,
    0.1,
    0.1,
    0.1,
    0.1,
    0.1,
    0.1,
    0.1,
    0.1,
    0.1,
    0.1,
    0.1,
    0.1,
    0.1,
    0.1,
    0.1,
    0.1,
    0.1,
    0.1,
    0.1,
    0.1,
    0.1,
    0.1,
    0.1,
    0.1,
    0.1,
    0.1,
    0.1,
    0.1,
    0.1,
    0.1,
    0.1,
    0.1,
    0.1,
    0.1,
    0.1,
    0.1,
    0.1,
    0.1,
    0.1,
    0.1
  ],
  "kappa_t": [
    0.991,
    0.991,
    0.991,
    0.991,
    0.991,
    0.991,
    0.991,
    0.991,
    0.991,
    0.991,
    0.991,
    0.991,
    0.991,
    0.991,
    0.991,
    0.991,
    0.991,
    0.991,
    0.991,
    0.991,
    0.991,
    0.991,
    0.991,
    0.991,
    0.991,
    0.991,
    0.991,
    0.991,
    0.991,
    0.991,
    0.991,
    0.991,
    0.991,
    0.991,
    0.991,
    0.991,
    0.991,
    0.991,
    0.991,
    0.991,
    0.991,
    0.991,
    0.991,
    0.991,
    0.991,
    0.991,
    0.991,
    0.991,
    0.991,
    0.991,
    0.991,
    0.991,
    0.991,
    0.991,
    0.991,
    0.991,
    0.991,
    0.991,
    0.991,
    0.991,
    0.991,
    0.991,
    0.991,
    0.991,
    0.991,
    0.991,
    0.991,
    0.991,
    0.991,
    0.991,
    0.991,
    0.991,
    0.991,
    0.991,
    0.991,
    0.991,
    0.991,
    0.991,
    0.991,
    0.991
  ],
  "Bhat_t": [
    569.1751181161115,
    564.3038527912325,
    559.3883479225353,
    554.4282017381789,
    549.4230088175367,
    544.3723600580591,
    539.2758426418357,
    534.1330400018522,
    528.9435317879437,
    523.7068938324355,
    518.4226981154748,
    513.0905127300451,
    507.70990184666516,
    502.28042567776504,
    496.80164044174074,
    491.2730983266809,
    485.6943474537648,
    480.06493184032774,
    474.3843913625911,
    468.6522617180536,
    462.86807438754147,
    457.0313565969137,
    451.14163127841954,
    445.1984170317049,
    439.2012280844651,
    433.14957425273974,
    427.0429609008474,
    420.880888900956,
    414.6628545922866,
    408.38834973994614,
    402.05686149338663,
    395.667872344487,
    389.22086008525434,
    382.71529776514063,
    376.1506536479724,
    369.5263911684888,
    362.84196888848516,
    356.0968404525582,
    349.29045454344924,
    342.4222548369821,
    335.49167995659144,
    328.4981634274384,
    321.4411336301094,
    314.32001375389444,
    307.13422174964126,
    299.8831702821809,
    292.56626668232184,
    285.1829128984075,
    277.7325054474344,
    270.21443536572593,
    262.6280881591584,
    254.9728437529348,
    247.24807644090293,
    239.45315483441266,
    231.58744181070907,
    223.6502944608568,
    215.64106403719154,
    207.5590959002942,
    199.40372946548356,
    191.17429814882297,
    182.87012931263672,
    174.4905442105315,
    166.0348579319188,
    157.5023793460331,
    148.8924110454421,
    140.2042492890435,
    131.43718394454442,
    122.5904984304182,
    113.6634696573342,
    104.6553679690557,
    95.5654570828009,
    86.39299402906246,
    77.13722909088038,
    67.79740574256346,
    58.372760587854145,
    48.862523297531936,
    39.26591654644999,
    29.582155949999994,
    19.810449999999996,
    9.95,
    0.0
  ],
  "margin_quantile": 0.75,
  "informativeness_t": [
    0.0,
    6.507180640576856e-11,
    4.046907026494961e-10,
    3.1292261077723347e-10,
    1.4483331682698508e-08,
    2.8953110441575866e-10,
    8.199250522828145e-09,
    9.372978777232942e-07,
    0.0006043724783790817,
    0.020159728698916753,
    0.48423801984693376,
    0.4673612644945101,
    0.3473564723302211,
    0.5470094910747103,
    0.5275180685939426,
    0.5973988413067743,
    0.7048912798564926,
    0.6392113078839928,
    0.8686029635050354,
    0.6372357312485412,
    0.898334223656209,
    0.7074223382390589,
    0.615884676781394,
    0.3846850009700374,
    0.9423324950665665,
    0.9540905472165873,
    0.9038792751082823,
    0.7411572436447985,
    0.845357746731835,
    0.4386882348022141,
    0.1596741431517435,
    0.663842627019078,
    0.9999999997893375,
    0.7978114440766014,
    0.5555332605831947,
    0.33446302078370305,
    0.394286535926439,
    0.5113867226605106,
    0.5029288058927895,
    0.42975069606109795,
    0.21946322778160762,
    0.8497886107917366,
    0.5000411885364986,
    0.2857941395581353,
    0.5665991926998659,
    0.1851425385398302,
    0.4627347159267039,
    0.19509888824359314,
    0.2898403727125885,
    0.2980425572349771,
    0.24276400954922048,
    0.35117672817139195,
    0.3564901497984427,
    0.2557922297773003,
    0.15566107492811296,
    0.2433665768888416,
    0.23795347958755333,
    0.49834296644395626,
    0.1859426373495471,
    0.2711203521940895,
    0.3546877471658766,
    0.3943681346961917,
    0.16923554366167234,
    0.4999229911583651,
    0.25614614558687393,
    0.38112780483167613,
    0.5598693362494023,
    0.08777605206340182,
    0.21638013226601305,
    0.26521359762894653,
    0.16704836429420794,
    0.2585339217195009,
    0.21314465374949174,
    0.3471056583980094,
    0.22918174410865094,
    0.476606511656845,
    0.46365502242037165,
    0.2474408470718349,
    0.34267556555649115,
    0.2753924051866526
  ],
  "d_target_t": [
    0.891,
    0.8909999999742315,
    0.8909999998397425,
    0.8909999998760826,
    0.8909999942646006,
    0.8909999998853456,
    0.8909999967530968,
    0.8909996288300404,
    0.8907606684985618,
    0.883016747435229,
    0.6992417441406141,
    0.705924939260174,
    0.7534468369572325,
    0.6743842415344148,
    0.6821028448367987,
    0.6544300588425174,
    0.6118630531768289,
    0.6378723220779389,
    0.547033226452006,
    0.6386546504255777,
    0.5352596474321412,
    0.6108607540573326,
    0.6471096679945679,
    0.7386647396158651,
    0.5178363319536397,
    0.5131801433022315,
    0.5330638070571202,
    0.5975017315166598,
    0.5562383322941933,
    0.7172794590183232,
    0.8277690393119095,
    0.6281183197004451,
    0.49500000008342226,
    0.5750666681456658,
    0.6710088288090549,
    0.7585526437696536,
    0.7348625317731301,
    0.6884908578264378,
    0.6918401928664553,
    0.7208187243598052,
    0.8040925617984833,
    0.5544837101264722,
    0.6929836893395466,
    0.7778255207349785,
    0.6666267196908531,
    0.8176835547382272,
    0.7077570524930252,
    0.8137408402555372,
    0.7762232124058149,
    0.7729751473349491,
    0.7948654522185087,
    0.7519340156441288,
    0.7498299006798167,
    0.7897062770081891,
    0.8293582143284672,
    0.7946268355520186,
    0.7967704220833288,
    0.6936561852881934,
    0.8173667156095793,
    0.7836363405311406,
    0.7505436521223129,
    0.7348302186603082,
    0.8239827247099777,
    0.6930304955012874,
    0.7895661263475978,
    0.7400733892866562,
    0.6692917428452367,
    0.8562406833828928,
    0.8053134676226589,
    0.7859754153389372,
    0.8248488477394936,
    0.7886205669990777,
    0.8065947171152013,
    0.7535461592743883,
    0.8002440293329742,
    0.7022638213838894,
    0.7073926111215328,
    0.7930134245595534,
    0.7553004760396296,
    0.7819446075460855
  ],