{
  "task_family": "grid_hazard",
  "gamma": 0.99,
  "sign": -1,
  "source_phase": "phase2",
  "reward_bound": 5.0,
  "ablation_type": "alpha_constant_0.10",
  "alpha_t": [
    0.1,
    0.1,
    0.1,
    0.1,
    0.1,
    0.1,
    0.1,
    0.1,
    0.1,
    0.1,
    0.1,
    0.1,
    0.1,
    0.1,
    0.1,
    0.1,
    0.1,
    0.1,
    0.1,
    0.1,
    0.1,
    0.1,
    0.1,
    0.1,
    0.1,
    0.1,
    0.1,
    0.1,
    0.1,
    0.1,
    0.1,
    0.1,
    0.1,
    0.1,
    0.1,
    0.1,
    0.1,
    0.1,
    0.1,
    0.1,
    0.1,
    0.1,
    0.1,
    0.1,
    0.1,
    0.1,
    0.1,
    0.1,
    0.1,
    0.1,
    0.1,
    0.1,
    0.1,
    0.1,
    0.1,
    0.1,
    0.1,
    0.1,
    0.1,
    0.1,
    0.1,
    0.1,
    0.1,
    0.1,
    0.1,
    0.1,
    0.1,
    0.1,
    0.1,
    0.1,
    0.1,
    0.1,
    0.1,
    0.1,
    0.1,
    0.1,
    0.1,
    0.1,
    0.1,
    0.1
  ],
  "kappa_t": [
    0.991,
    0.991,
    0.991,
    0.991,
    0.991,
    0.991,
    0.991,
    0.991,
    0.991,
    0.991,
    0.991,
    0.991,
    0.991,
    0.991,
    0.991,
    0.991,
    0.991,
    0.991,
    0.991,
    0.991,
    0.991,
    0.991,
    0.991,
    0.991,
    0.991,
    0.991,
    0.991,
    0.991,
    0.991,
    0.991,
    0.991,
    0.991,
    0.991,
    0.991,
    0.991,
    0.991,
    0.991,
    0.991,
    0.991,
    0.991,
    0.991,
    0.991,
    0.991,
    0.991,
    0.991,
    0.991,
    0.991,
    0.991,
    0.991,
    0.991,
    0.991,
    0.991,
    0.991,
    0.991,
    0.991,
    0.991,
    0.991,
    0.991,
    0.991,
    0.991,
    0.991,
    0.991,
    0.991,
    0.991,
    0.991,
    0.991,
    0.991,
    0.991,
    0.991,
    0.991,
    0.991,
    0.991,
    0.991,
    0.991,
    0.991,
    0.991,
    0.991,
    0.991,
    0.991,
    0.991
  ],
  "Bhat_t": [
    569.1751181161115,
    564.3038527912325,
    559.3883479225353,
    554.4282017381789,
    549.4230088175367,
    544.3723600580591,
    539.2758426418357,
    534.1330400018522,
    528.9435317879437,
    523.7068938324355,
    518.4226981154748,
    513.0905127300451,
    507.70990184666516,
    502.28042567776504,
    496.80164044174074,
    491.2730983266809,
    485.6943474537648,
    480.06493184032774,
    474.3843913625911,
    468.6522617180536,
    462.86807438754147,
    457.0313565969137,
    451.14163127841954,
    445.1984170317049,
    439.2012280844651,
    433.14957425273974,
    427.0429609008474,
    420.880888900956,
    414.6628545922866,
    408.38834973994614,
    402.05686149338663,
    395.667872344487,
    389.22086008525434,
    382.71529776514063,
    376.1506536479724,
    369.5263911684888,
    362.84196888848516,
    356.0968404525582,
    349.29045454344924,
    342.4222548369821,
    335.49167995659144,
    328.4981634274384,
    321.4411336301094,
    314.32001375389444,
    307.13422174964126,
    299.8831702821809,
    292.56626668232184,
    285.1829128984075,
    277.7325054474344,
    270.21443536572593,
    262.6280881591584,
    254.9728437529348,
    247.24807644090293,
    239.45315483441266,
    231.58744181070907,
    223.6502944608568,
    215.64106403719154,
    207.5590959002942,
    199.40372946548356,
    191.17429814882297,
    182.87012931263672,
    174.4905442105315,
    166.0348579319188,
    157.5023793460331,
    148.8924110454421,
    140.2042492890435,
    131.43718394454442,
    122.5904984304182,
    113.6634696573342,
    104.6553679690557,
    95.5654570828009,
    86.39299402906246,
    77.13722909088038,
    67.79740574256346,
    58.372760587854145,
    48.862523297531936,
    39.26591654644999,
    29.582155949999994,
    19.810449999999996,
    9.95,
    0.0
  ],
  "margin_quantile": 0.75,
  "informativeness_t": [
    0.0,
    1.5645178359288032e-12,
    8.2435398174284e-12,
    5.493822663257054e-12,
    2.1438553491454595e-10,
    2.9518221656540492e-12,
    7.46301434513027e-11,
    7.4253109330701765e-09,
    5.065536711844227e-06,
    0.00020531187585603244,
    0.11921953323977467,
    0.10864836287009332,
    0.04930518996418309,
    0.17398802123508308,
    0.16084740925889215,
    0.2268170253945138,
    0.3612769230157734,
    0.27660813928955286,
    0.6631906548346292,
    0.2776719712693739,
    0.7493414350216594,
    0.38232317327745086,
    0.26693418501756905,
    0.06950802997650385,
    0.8605411675741815,
    0.8836099130453914,
    0.738554686238439,
    0.41108260187326945,
    0.597126168385852,
    0.09344764198382624,
    0.009020172703494018,
    0.31492665415514876,
    0.9999999990857971,
    0.4965712127927103,
    0.1744446142131479,
    0.036586854870930136,
    0.06824912931370716,
    0.14233319633540864,
    0.12757901891513823,
    0.0842813344538063,
    0.01647201610570964,
    0.6346927128051716,
    0.14860578810562938,
    0.027111742748627175,
    0.17787241770428924,
    0.006205823170135893,
    0.10509014298087756,
    0.007261814283233082,
    0.02380989019358636,
    0.02588901917274136,
    0.013990513646188476,
    0.04235044118344475,
    0.04430200247688665,
    0.016366009437439887,
    0.0036882540636560958,
    0.014094950486038451,
    0.013175191417306676,
    0.12102239776747169,
    0.0062866272940101525,
    0.019487992958115,
    0.04363342573986628,
    0.05997720218195545,
    0.004739750671306646,
    0.12217717651541077,
    0.016434035826965336,
    0.054136809127947855,
    0.17160929224917507,
    0.000661315777995174,
    0.009906788693930095,
    0.018241817831847883,
    0.004558347567740051,
    0.01689792414745436,
    0.009468999323868512,
    0.04089458773720807,
    0.01177120205480549,
    0.10586701521269128,
    0.09746880905876032,
    0.014814770744309048,
    0.039348680061290366,
    0.02042380386552884
  ],
  "d_target_t": [
    0.891,
    0.8909999999993804,
    0.8909999999967355,
    0.8909999999978244,
    0.8909999999151034,
    0.8909999999988311,
    0.8909999999704464,
    0.8909999970595769,
    0.890997994047462,
    0.890918696497161,
    0.8437890648370492,
    0.8479752483034431,
    0.8714751447741835,
    0.822100743590907,
    0.8273044259334787,
    0.8011804579437726,
    0.7479343384857537,
    0.7814631768413371,
    0.6283765006854868,
    0.7810418993773279,
    0.5942607917314229,
    0.7396000233821294,
    0.7852940627330427,
    0.8634748201293045,
    0.550225697640624,
    0.541090474434025,
    0.5985323442495781,
    0.7282112896581853,
    0.6545380373192027,
    0.8539947337744048,
    0.8874280116094163,
    0.7662890449545611,
    0.49500000036202435,
    0.6943577997340866,
    0.8219199327715934,
    0.8765116054711116,
    0.863973344791772,
    0.8346360542511781,
    0.8404787085096053,
    0.8576245915562927,
    0.884477081622139,
    0.639661685729152,
    0.8321521079101708,
    0.8802637498715437,
    0.8205625225891015,
    0.8885424940246262,
    0.8493843033795725,
    0.8881243215438397,
    0.8815712834833398,
    0.8807479484075944,
    0.8854597565961094,
    0.8742292252913558,
    0.8734564070191528,
    0.8845190602627738,
    0.8895394513907922,
    0.8854183996075288,
    0.8857826241987465,
    0.8430751304840812,
    0.888510495591572,
    0.8832827547885864,
    0.873721163407013,
    0.8672490279359456,
    0.8891230587341625,
    0.8426178380998973,
    0.8844921218125217,
    0.8695618235853326,
    0.8230427202693267,
    0.8907381189519139,
    0.8870769116772036,
    0.8837762401385882,
    0.8891948943631749,
    0.884308422037608,
    0.887250276267748,
    0.8748057432560655,
    0.886338603986297,
    0.8490766619757742,
    0.8524023516127309,
    0.8851333507852536,
    0.8754179226957289,
    0.8829121736692506
  ],