{
  "task_family": "grid_hazard",
  "gamma": 0.99,
  "sign": -1,
  "source_phase": "phase2",
  "reward_bound": 10.0,
  "ablation_type": "alpha_constant_0.02",
  "alpha_t": [
    0.02,
    0.02,
    0.02,
    0.02,
    0.02,
    0.02,
    0.02,
    0.02,
    0.02,
    0.02,
    0.02,
    0.02,
    0.02,
    0.02,
    0.02,
    0.02,
    0.02,
    0.02,
    0.02,
    0.02,
    0.02,
    0.02,
    0.02,
    0.02,
    0.02,
    0.02,
    0.02,
    0.02,
    0.02,
    0.02,
    0.02,
    0.02,
    0.02,
    0.02,
    0.02,
    0.02,
    0.02,
    0.02,
    0.02,
    0.02,
    0.02,
    0.02,
    0.02,
    0.02,
    0.02,
    0.02,
    0.02,
    0.02,
    0.02,
    0.02
  ],
  "kappa_t": [
    0.9902,
    0.9902,
    0.9902,
    0.9902,
    0.9902,
    0.9902,
    0.9902,
    0.9902,
    0.9902,
    0.9902,
    0.9902,
    0.9902,
    0.9902,
    0.9902,
    0.9902,
    0.9902,
    0.9902,
    0.9902,
    0.9902,
    0.9902,
    0.9902,
    0.9902,
    0.9902,
    0.9902,
    0.9902,
    0.9902,
    0.9902,
    0.9902,
    0.9902,
    0.9902,
    0.9902,
    0.9902,
    0.9902,
    0.9902,
    0.9902,
    0.9902,
    0.9902,
    0.9902,
    0.9902,
    0.9902,
    0.9902,
    0.9902,
    0.9902,
    0.9902,
    0.9902,
    0.9902,
    0.9902,
    0.9902,
    0.9902,
    0.9902
  ],
  "Bhat_t": [
    789.6084758626365,
    777.3262733413821,
    764.9225139783703,
    752.3959947266919,
    739.7455006328944,
    726.9698047191421,
    714.0676678642114,
    701.0378386833079,
    687.8790534066935,
    674.5900357571132,
    661.1694968260082,
    647.6161349485036,
    633.9286355771598,
    620.1056711544736,
    606.145900984118,
    592.0479711009069,
    577.8105141394738,
    563.43214920165,
    548.9114817225308,
    534.2471033352159,
    519.4375917342112,
    504.4815105374785,
    489.3774091471203,
    474.1238226086855,
    458.7192714690825,
    443.1622616330868,
    427.4512842184274,
    411.58481540943995,
    395.56131630927086,
    379.37923279061897,
    363.036995345,
    346.5330189305191,
    329.86570281813687,
    313.03343043641377,
    296.03456921471803,
    278.8674704248819,
    261.53046902129057,
    244.0218834793886,
    226.34001563258798,
    208.4831505075621,
    190.44955615790963,
    172.2374834961721,
    153.84516612418915,
    135.27082016177454,
    116.51264407369678,
    97.56881849494727,
    78.4375060542792,
    59.11685119599999,
    39.60498,
    19.9,
    0.0
  ],
  "margin_quantile": 0.75,
  "informativeness_t": [
    0.0,
    0.28709743337243565,
    0.3626267119264078,
    0.43694383368264517,
    0.5098288904131879,
    0.5806937120064938,
    0.6487575343159966,
    0.7131455119123933,
    0.7729539342077917,
    0.8272986875030538,
    0.8753538502965461,
    0.9163834288664832,
    0.9497675388867988,
    0.975023556649647,
    0.991822405842972,
    0.999999999862771,
    0.9995638259572378,
    0.9906946860722092,
    0.973743672896265,
    0.9492245422608612,
    0.9178017344667643,
    0.8802743901572242,
    0.8375567957539444,
    0.7906557751026935,
    0.7406456145656976,
    0.6886411657347504,
    0.6357698111839774,
    0.5831430027245269,
    0.5318280874542562,
    0.48282112397348065,
    0.4370213593564219,
    0.39520798709806587,
    0.3580197378620274,
    0.3259377691662645,
    0.2992722178598542,
    0.27815266073163447,
    0.2625225933947875,
    0.252137883618657,
    0.24656897738414785,
    0.24520642334112408,
    0.24726901271563434,
    0.25181346535548,
    0.2577440457961289,
    0.2638195961892612,
    0.2686538591193885,
    0.27070178680859047,
    0.26821766775854994,
    0.25915438486821685,
    0.2409276283960887,
    0.02570579320847069
  ],
  "d_target_t": [
    0.891,
    0.7773094163845155,
    0.7473998220771425,
    0.7179702418616725,
    0.6891077593963776,
    0.6610452900454284,
    0.6340920164108653,
    0.6085943772826923,
    0.5849102420537144,
    0.5633897197487907,
    0.5443598752825677,
    0.5281121621688727,
    0.5148920546008277,
    0.5048906715667397,
    0.4982383272861831,
    0.49500000005434264,
    0.49517272492093384,
    0.49868490431540513,
    0.505397505533079,
    0.515107081264699,
    0.5275505131511613,
    0.5424113414977392,
    0.559327508881438,
    0.5779003130593334,
    0.5977043366319837,
    0.6182980983690388,
    0.639235154771145,
    0.6600753709210874,
    0.6803960773681145,
    0.6998028349065017,
    0.7179395416948569,
    0.7344976371091659,
    0.7492241838066371,
    0.7619286434101592,
    0.7724882017274978,
    0.7808515463502728,
    0.7870410530156642,
    0.7911533980870118,
    0.7933586849558775,
    0.7938982563569149,
    0.7930814709646088,
    0.7912818677192299,
    0.7889333578647328,
    0.7865274399090526,
    0.7846130717887222,
    0.7838020924237982,
    0.7847858035676143,
    0.7883748635921861,
    0.7955926591551489,
    0.8808205058894456
  ],
  "beta_raw_t": [
    0.0,
    -0.4085837043722549,
    -0.44222461554154385,
    -0.47311790974848467,
    -0.5021505968085681,
    -0.5298275657959373,
    -0.5564321297889044,
    -0.582101753864119,
    -0.6068682355820761,
    -0.6306825082751774,
    -0.6534336694190526,
    -0.6749672211474502,
    -0.695104936276324,
    -0.7136668717510054,
    -0.7304944496434357,
    -0.7454722868809612,
    -0.7585458535083518,
    -0.7697323059415735,
    -0.7791229509438848,
    -0.786877393828571,
    -0.7932109537962355,
    -0.7983778840798458,
    -0.8026530751620593,
    -0.8063143242213098,
    -0.8096262083590314,
    -0.8128254269362508,
    -0.8161064290819449,
    -0.8196053828637911,
    -0.8233802384577142,
    -0.8273850785866134,
    -0.831438644435539,
    -0.8351905340224326,
    -0.838094438266806,
    -0.8394048509745478,
    -0.838218067290384,
    -0.8335730773915858,
    -0.8246072689806115,
    -0.8107294490542392,
    -0.7917476831617967,
    -0.7678959181514492,
    -0.7397457989213433,
    -0.7080419199240983,
    -0.6735244170672701,
    -0.6367905461810927,
    -0.5982138760763843,
    -0.5579095889523376,
    -0.5157172693070166,
    -0.47116242674734454,
    -0.42333518737228537,
    0.0
  ],
  "beta_cap_t": [
    5.106139791931197e-07,
    5.187870969062518e-07,
    5.273110091537815e-07,
    5.362083547213951e-07,
    5.455037625419973e-07,
    5.552240753132566e-07,
    5.653986039597961e-07,
    5.760594180204652e-07,
    5.872416780205171e-07,
    5.989840170855549e-07,
    6.113289805238952e-07,
    6.24323533917386e-07,
    6.380196525093262e-07,
    6.52475007481216e-07,
    6.677537682238149e-07,
    6.839275441383872e-07,
    7.010764951247283e-07,
    7.192906470898267e-07,
    7.386714580390125e-07,
    7.593336922625535e-07,
    7.814076757280222e-07,
    8.050420263117969e-07,
    8.304069797430384e-07,
    8.576984686251606e-07,
    8.871431612715304e-07,
    9.190047346012526e-07,
    9.535917487058789e-07,
    9.91267621410822e-07,
    1.0324633865882396e-06,
    1.0776941868254342e-06,
    1.127580841067846e-06,
    1.1828784076198914e-06,
    1.2445145408356333e-06,
    1.3136417966954263e-06,
    1.3917101872454538e-06,
    1.480569760009551e-06,
    1.5826187722395695e-06,
    1.7010229955265354e-06,
    1.8400494519609115e-06,
    2.005590878123127e-06,
    2.2060214706738828e-06,
    2.4536567715974935e-06,
    2.7673816455805862e-06,
    3.1777045235094955e-06,
    3.7373265503796225e-06,
    4.545806629908698e-06,
    5.8165236754506416e-06,
    8.104424220191865e-06,
    1.3445478306158295e-05,
    4.02019801354133e-05
  ],