{
  "task_family": "grid_hazard",
  "gamma": 0.99,
  "sign": -1,
  "source_phase": "phase2",
  "reward_bound": 5.0,
  "ablation_type": "alpha_constant_0.02",
  "alpha_t": [
    0.02,
    0.02,
    0.02,
    0.02,
    0.02,
    0.02,
    0.02,
    0.02,
    0.02,
    0.02,
    0.02,
    0.02,
    0.02,
    0.02,
    0.02,
    0.02,
    0.02,
    0.02,
    0.02,
    0.02,
    0.02,
    0.02,
    0.02,
    0.02,
    0.02,
    0.02,
    0.02,
    0.02,
    0.02,
    0.02,
    0.02,
    0.02,
    0.02,
    0.02,
    0.02,
    0.02,
    0.02,
    0.02,
    0.02,
    0.02,
    0.02,
    0.02,
    0.02,
    0.02,
    0.02,
    0.02,
    0.02,
    0.02,
    0.02,
    0.02,
    0.02,
    0.02,
    0.02,
    0.02,
    0.02,
    0.02,
    0.02,
    0.02,
    0.02,
    0.02,
    0.02,
    0.02,
    0.02,
    0.02,
    0.02,
    0.02,
    0.02,
    0.02,
    0.02,
    0.02,
    0.02,
    0.02,
    0.02,
    0.02,
    0.02,
    0.02,
    0.02,
    0.02,
    0.02,
    0.02
  ],
  "kappa_t": [
    0.9902,
    0.9902,
    0.9902,
    0.9902,
    0.9902,
    0.9902,
    0.9902,
    0.9902,
    0.9902,
    0.9902,
    0.9902,
    0.9902,
    0.9902,
    0.9902,
    0.9902,
    0.9902,
    0.9902,
    0.9902,
    0.9902,
    0.9902,
    0.9902,
    0.9902,
    0.9902,
    0.9902,
    0.9902,
    0.9902,
    0.9902,
    0.9902,
    0.9902,
    0.9902,
    0.9902,
    0.9902,
    0.9902,
    0.9902,
    0.9902,
    0.9902,
    0.9902,
    0.9902,
    0.9902,
    0.9902,
    0.9902,
    0.9902,
    0.9902,
    0.9902,
    0.9902,
    0.9902,
    0.9902,
    0.9902,
    0.9902,
    0.9902,
    0.9902,
    0.9902,
    0.9902,
    0.9902,
    0.9902,
    0.9902,
    0.9902,
    0.9902,
    0.9902,
    0.9902,
    0.9902,
    0.9902,
    0.9902,
    0.9902,
    0.9902,
    0.9902,
    0.9902,
    0.9902,
    0.9902,
    0.9902,
    0.9902,
    0.9902,
    0.9902,
    0.9902,
    0.9902,
    0.9902,
    0.9902,
    0.9902,
    0.9902,
    0.9902
  ],
  "Bhat_t": [
    553.5307527399542,
    548.9605662895922,
    544.3451487473159,
    539.6840524614379,
    534.9768253498665,
    530.2230108562578,
    525.4221479057339,
    520.5737708601636,
    515.677409472999,
    510.7325888436669,
    505.73882937150773,
    500.6956467092585,
    495.60255171607605,
    490.459050410095,
    485.2646439205161,
    480.0188284392205,
    474.7210951719052,
    469.3709302887348,
    463.967814874505,
    458.5112248783125,
    453.0006310627272,
    447.4354989524614,
    441.8152887825302,
    436.13945544590007,
    430.40744844061817,
    424.6187118164191,
    418.772684120803,
    412.8687983445799,
    406.9064818668753,
    400.8851563995913,
    394.80423793131826,
    388.6631366706911,
    382.46125698918513,
    376.19799736334596,
    369.8727503164472,
    363.48490235957104,
    357.0338339321057,
    350.51891934165394,
    343.93952670334676,
    337.2950178785566,
    330.5847484130041,
    323.8080674742518,
    316.9643177885799,
    310.0528355772368,
    303.072950492059,
    296.02398555045346,
    288.9052570697369,
    281.716074600825,
    274.4557408612654,
    267.12355166760796,
    259.7187958671056,
    252.24075526873926,
    244.68870457356016,
    237.06191130434274,
    229.35963573454126,
    221.5811308165434,
    213.7256421092137,
    205.79240770471998,
    197.78065815463543,
    189.68961639530949,
    181.5184976725,
    173.26650946525956,
    164.93285140906843,
    156.51671521820688,
    148.01728460735902,
    139.43373521244095,
    130.76523451064529,
    122.0109417396943,
    113.17000781629399,
    104.24157525378105,
    95.22477807895481,
    86.11874174808605,
    76.92258306209457,
    67.63541008088727,
    58.25632203684839,
    48.78440924747363,
    39.2187530271396,
    29.558425597999996,
    19.80249,
    9.95,
    0.0
  ],
  "margin_quantile": 0.75,
  "informativeness_t": [
    0.0,
    1.5645178359288032e-12,
    8.2435398174284e-12,
    5.493822663257054e-12,
    2.1438553491454595e-10,
    2.9518221656540492e-12,
    7.46301434513027e-11,
    7.4253109330701765e-09,
    5.065536711844227e-06,
    0.00020531187585603244,
    0.11921953323977467,
    0.10864836287009332,
    0.04930518996418309,
    0.17398802123508308,
    0.16084740925889215,
    0.2268170253945138,
    0.3612769230157734,
    0.27660813928955286,
    0.6631906548346292,
    0.2776719712693739,
    0.7493414350216594,
    0.38232317327745086,
    0.26693418501756905,
    0.06950802997650385,
    0.8605411675741815,
    0.8836099130453914,
    0.738554686238439,
    0.41108260187326945,
    0.597126168385852,
    0.09344764198382624,
    0.009020172703494018,
    0.31492665415514876,
    0.9999999990857971,
    0.4965712127927103,
    0.1744446142131479,
    0.036586854870930136,
    0.06824912931370716,
    0.14233319633540864,
    0.12757901891513823,
    0.0842813344538063,
    0.01647201610570964,
    0.6346927128051716,
    0.14860578810562938,
    0.027111742748627175,
    0.17787241770428924,
    0.006205823170135893,
    0.10509014298087756,
    0.007261814283233082,
    0.02380989019358636,
    0.02588901917274136,
    0.013990513646188476,
    0.04235044118344475,
    0.04430200247688665,
    0.016366009437439887,
    0.0036882540636560958,
    0.014094950486038451,
    0.013175191417306676,
    0.12102239776747169,
    0.0062866272940101525,
    0.019487992958115,
    0.04363342573986628,
    0.05997720218195545,
    0.004739750671306646,
    0.12217717651541077,
    0.016434035826965336,
    0.054136809127947855,
    0.17160929224917507,
    0.000661315777995174,
    0.009906788693930095,
    0.018241817831847883,
    0.004558347567740051,
    0.01689792414745436,
    0.009468999323868512,
    0.04089458773720807,
    0.01177120205480549,
    0.10586701521269128,
    0.09746880905876032,
    0.014814770744309048,
    0.039348680061290366,
    0.02042380386552884
  ],
  "d_target_t": [
    0.891,
    0.8909999999993804,
    0.8909999999967355,
    0.8909999999978244,
    0.8909999999151034,
    0.8909999999988311,
    0.8909999999704464,
    0.8909999970595769,
    0.890997994047462,
    0.890918696497161,
    0.8437890648370492,
    0.8479752483034431,
    0.8714751447741835,
    0.822100743590907,
    0.8273044259334787,
    0.8011804579437726,
    0.7479343384857537,
    0.7814631768413371,
    0.6283765006854868,
    0.7810418993773279,
    0.5942607917314229,
    0.7396000233821294,
    0.7852940627330427,
    0.8634748201293045,
    0.550225697640624,
    0.541090474434025,
    0.5985323442495781,
    0.7282112896581853,
    0.6545380373192027,
    0.8539947337744048,
    0.8874280116094163,
    0.7662890449545611,
    0.49500000036202435,
    0.6943577997340866,
    0.8219199327715934,
    0.8765116054711116,
    0.863973344791772,
    0.8346360542511781,
    0.8404787085096053,
    0.8576245915562927,
    0.884477081622139,
    0.639661685729152,
    0.8321521079101708,
    0.8802637498715437,
    0.8205625225891015,
    0.8885424940246262,
    0.8493843033795725,
    0.8881243215438397,
    0.8815712834833398,
    0.8807479484075944,
    0.8854597565961094,
    0.8742292252913558,
    0.8734564070191528,
    0.8845190602627738,
    0.8895394513907922,
    0.8854183996075288,
    0.8857826241987465,
    0.8430751304840812,
    0.888510495591572,
    0.8832827547885864,
    0.873721163407013,
    0.8672490279359456,
    0.8891230587341625,
    0.8426178380998973,
    0.8844921218125217,
    0.8695618235853326,
    0.8230427202693267,
    0.8907381189519139,
    0.8870769116772036,
    0.8837762401385882,
    0.8891948943631749,
    0.884308422037608,
    0.887250276267748,
    0.8748057432560655,
    0.886338603986297,
    0.8490766619757742,
    0.8524023516127309,
    0.8851333507852536,
    0.8754179226957289,
    0.8829121736692506
  ],