{
  "task_family": "grid_hazard",
  "gamma": 0.99,
  "sign": -1,
  "source_phase": "phase2",
  "reward_bound": 5.0,
  "ablation_type": "alpha_constant_0.20",
  "alpha_t": [
    0.2,
    0.2,
    0.2,
    0.2,
    0.2,
    0.2,
    0.2,
    0.2,
    0.2,
    0.2,
    0.2,
    0.2,
    0.2,
    0.2,
    0.2,
    0.2,
    0.2,
    0.2,
    0.2,
    0.2,
    0.2,
    0.2,
    0.2,
    0.2,
    0.2,
    0.2,
    0.2,
    0.2,
    0.2,
    0.2,
    0.2,
    0.2,
    0.2,
    0.2,
    0.2,
    0.2,
    0.2,
    0.2,
    0.2,
    0.2,
    0.2,
    0.2,
    0.2,
    0.2,
    0.2,
    0.2,
    0.2,
    0.2,
    0.2,
    0.2,
    0.2,
    0.2,
    0.2,
    0.2,
    0.2,
    0.2,
    0.2,
    0.2,
    0.2,
    0.2,
    0.2,
    0.2,
    0.2,
    0.2,
    0.2,
    0.2,
    0.2,
    0.2,
    0.2,
    0.2,
    0.2,
    0.2,
    0.2,
    0.2,
    0.2,
    0.2,
    0.2,
    0.2,
    0.2,
    0.2
  ],
  "kappa_t": [
    0.992,
    0.992,
    0.992,
    0.992,
    0.992,
    0.992,
    0.992,
    0.992,
    0.992,
    0.992,
    0.992,
    0.992,
    0.992,
    0.992,
    0.992,
    0.992,
    0.992,
    0.992,
    0.992,
    0.992,
    0.992,
    0.992,
    0.992,
    0.992,
    0.992,
    0.992,
    0.992,
    0.992,
    0.992,
    0.992,
    0.992,
    0.992,
    0.992,
    0.992,
    0.992,
    0.992,
    0.992,
    0.992,
    0.992,
    0.992,
    0.992,
    0.992,
    0.992,
    0.992,
    0.992,
    0.992,
    0.992,
    0.992,
    0.992,
    0.992,
    0.992,
    0.992,
    0.992,
    0.992,
    0.992,
    0.992,
    0.992,
    0.992,
    0.992,
    0.992,
    0.992,
    0.992,
    0.992,
    0.992,
    0.992,
    0.992,
    0.992,
    0.992,
    0.992,
    0.992,
    0.992,
    0.992,
    0.992,
    0.992,
    0.992,
    0.992,
    0.992,
    0.992,
    0.992,
    0.992
  ],
  "Bhat_t": [
    589.6157846225516,
    584.3405086920883,
    579.0226902137987,
    573.6619861026196,
    568.2580505066729,
    562.8105347849526,
    557.3190874848311,
    551.7833543193861,
    546.2029781445425,
    540.5775989360307,
    534.9068537661599,
    529.1903767804031,
    523.4277991737933,
    517.6187491671303,
    511.7628519829942,
    505.85972982156676,
    499.90900183625683,
    493.91028410912986,
    487.863189626139,
    481.76732825215623,
    475.62230670580266,
    469.4277285340753,
    463.18319408676945,
    456.88830049069503,
    450.5426416236845,
    444.1458080883917,
    437.6973871858787,
    431.19696288899064,
    424.6441158155148,
    418.0384232011238,
    411.3794588721006,
    404.66679321784335,
    397.89999316314857,
    391.07862214027074,
    384.2022400607568,
    377.2704032870533,
    370.28266460388437,
    363.2385731893996,
    356.1376745860883,
    348.97951067146,
    341.7636196284879,
    334.48953591581443,
    327.15679023771617,
    319.7649095138268,
    312.31341684861576,
    304.8018315006207,
    297.22966885143217,
    289.5964403744276,
    281.90165360325364,
    274.1448121000541,
    266.32541542344165,
    258.4429590962114,
    250.49693457279372,
    242.4868292064453,
    234.4121262161747,
    226.27230465340193,
    218.06683936834872,
    209.79520097615801,
    201.45685582273995,
    193.0512659503427,
    184.5778890628455,
    176.03617849077168,
    167.42558315601985,
    158.74554753631034,
    149.99551162934512,
    141.17491091667856,
    132.28317632729696,
    123.3197342009042,
    114.28400625091149,
    105.17540952712851,
    95.99335637815373,
    86.73725441346143,
    77.40650646518289,
    68.00051054957952,
    58.51865982820516,
    48.960342568755195,
    39.3249421056,
    29.6118368,
    19.8204,
    9.95,
    0.0
  ],
  "margin_quantile": 0.75,
  "informativeness_t": [
    0.0,
    6.507180640576856e-11,
    4.046907026494961e-10,
    3.1292261077723347e-10,
    1.4483331682698508e-08,
    2.8953110441575866e-10,
    8.199250522828145e-09,
    9.372978777232942e-07,
    0.0006043724783790817,
    0.020159728698916753,
    0.48423801984693376,
    0.4673612644945101,
    0.3473564723302211,
    0.5470094910747103,
    0.5275180685939426,
    0.5973988413067743,
    0.7048912798564926,
    0.6392113078839928,
    0.8686029635050354,
    0.6372357312485412,
    0.898334223656209,
    0.7074223382390589,
    0.615884676781394,
    0.3846850009700374,
    0.9423324950665665,
    0.9540905472165873,
    0.9038792751082823,
    0.7411572436447985,
    0.845357746731835,
    0.4386882348022141,
    0.1596741431517435,
    0.663842627019078,
    0.9999999997893375,
    0.7978114440766014,
    0.5555332605831947,
    0.33446302078370305,
    0.394286535926439,
    0.5113867226605106,
    0.5029288058927895,
    0.42975069606109795,
    0.21946322778160762,
    0.8497886107917366,
    0.5000411885364986,
    0.2857941395581353,
    0.5665991926998659,
    0.1851425385398302,
    0.4627347159267039,
    0.19509888824359314,
    0.2898403727125885,
    0.2980425572349771,
    0.24276400954922048,
    0.35117672817139195,
    0.3564901497984427,
    0.2557922297773003,
    0.15566107492811296,
    0.2433665768888416,
    0.23795347958755333,
    0.49834296644395626,
    0.1859426373495471,
    0.2711203521940895,
    0.3546877471658766,
    0.3943681346961917,
    0.16923554366167234,
    0.4999229911583651,
    0.25614614558687393,
    0.38112780483167613,
    0.5598693362494023,
    0.08777605206340182,
    0.21638013226601305,
    0.26521359762894653,
    0.16704836429420794,
    0.2585339217195009,
    0.21314465374949174,
    0.3471056583980094,
    0.22918174410865094,
    0.476606511656845,
    0.46365502242037165,
    0.2474408470718349,
    0.34267556555649115,
    0.2753924051866526
  ],
  "d_target_t": [
    0.891,
    0.8909999999742315,
    0.8909999998397425,
    0.8909999998760826,
    0.8909999942646006,
    0.8909999998853456,
    0.8909999967530968,
    0.8909996288300404,
    0.8907606684985618,
    0.883016747435229,
    0.6992417441406141,
    0.705924939260174,
    0.7534468369572325,
    0.6743842415344148,
    0.6821028448367987,
    0.6544300588425174,
    0.6118630531768289,
    0.6378723220779389,
    0.547033226452006,
    0.6386546504255777,
    0.5352596474321412,
    0.6108607540573326,
    0.6471096679945679,
    0.7386647396158651,
    0.5178363319536397,
    0.5131801433022315,
    0.5330638070571202,
    0.5975017315166598,
    0.5562383322941933,
    0.7172794590183232,
    0.8277690393119095,
    0.6281183197004451,
    0.49500000008342226,
    0.5750666681456658,
    0.6710088288090549,
    0.7585526437696536,
    0.7348625317731301,
    0.6884908578264378,
    0.6918401928664553,
    0.7208187243598052,
    0.8040925617984833,
    0.5544837101264722,
    0.6929836893395466,
    0.7778255207349785,
    0.6666267196908531,
    0.8176835547382272,
    0.7077570524930252,
    0.8137408402555372,
    0.7762232124058149,
    0.7729751473349491,
    0.7948654522185087,
    0.7519340156441288,
    0.7498299006798167,
    0.7897062770081891,
    0.8293582143284672,
    0.7946268355520186,
    0.7967704220833288,
    0.6936561852881934,
    0.8173667156095793,
    0.7836363405311406,
    0.7505436521223129,
    0.7348302186603082,
    0.8239827247099777,
    0.6930304955012874,
    0.7895661263475978,
    0.7400733892866562,
    0.6692917428452367,
    0.8562406833828928,
    0.8053134676226589,
    0.7859754153389372,
    0.8248488477394936,
    0.7886205669990777,
    0.8065947171152013,
    0.7535461592743883,
    0.8002440293329742,
    0.7022638213838894,
    0.7073926111215328,
    0.7930134245595534,
    0.7553004760396296,
    0.7819446075460855
  ],