{
  "task_family": "grid_hazard",
  "gamma": 0.99,
  "sign": -1,
  "source_phase": "phase2",
  "reward_bound": 10.0,
  "ablation_type": "alpha_constant_0.00",
  "alpha_t": [
    0.0,
    0.0,
    0.0,
    0.0,
    0.0,
    0.0,
    0.0,
    0.0,
    0.0,
    0.0,
    0.0,
    0.0,
    0.0,
    0.0,
    0.0,
    0.0,
    0.0,
    0.0,
    0.0,
    0.0,
    0.0,
    0.0,
    0.0,
    0.0,
    0.0,
    0.0,
    0.0,
    0.0,
    0.0,
    0.0,
    0.0,
    0.0,
    0.0,
    0.0,
    0.0,
    0.0,
    0.0,
    0.0,
    0.0,
    0.0,
    0.0,
    0.0,
    0.0,
    0.0,
    0.0,
    0.0,
    0.0,
    0.0,
    0.0,
    0.0
  ],
  "kappa_t": [
    0.99,
    0.99,
    0.99,
    0.99,
    0.99,
    0.99,
    0.99,
    0.99,
    0.99,
    0.99,
    0.99,
    0.99,
    0.99,
    0.99,
    0.99,
    0.99,
    0.99,
    0.99,
    0.99,
    0.99,
    0.99,
    0.99,
    0.99,
    0.99,
    0.99,
    0.99,
    0.99,
    0.99,
    0.99,
    0.99,
    0.99,
    0.99,
    0.99,
    0.99,
    0.99,
    0.99,
    0.99,
    0.99,
    0.99,
    0.99,
    0.99,
    0.99,
    0.99,
    0.99,
    0.99,
    0.99,
    0.99,
    0.99,
    0.99,
    0.99
  ],
  "Bhat_t": [
    786.0379263963014,
    773.8766933295974,
    761.5926195248459,
    749.184464166511,
    736.6509739055667,
    723.9908827328957,
    711.2029118514098,
    698.2857695468786,
    685.2381510574531,
    672.0587384418719,
    658.7462004463353,
    645.2991923700356,
    631.7163559293289,
    617.9963191205343,
    604.1376960813478,
    590.1390869508564,
    575.9990777281378,
    561.7162401294321,
    547.2891314438708,
    532.7162943877483,
    517.9962569573216,
    503.1275322801228,
    488.10861846477053,
    472.9379984492632,
    457.61413984774066,
    442.13549479569764,
    426.500499793634,
    410.7075755491253,
    394.75512681729833,
    378.6415422396953,
    362.36519418151045,
    345.9244385671823,
    329.31761471432554,
    312.5430451659854,
    295.5990355211974,
    278.4838742638358,
    261.19583258973313,
    243.7331642320537,
    226.09410528490272,
    208.27687402515426,
    190.27967073247905,
    172.1006775075546,
    153.73805808843898,
    135.18995766508988,
    116.45450269200998,
    97.52980069899999,
    78.41394009999999,
    59.10499,
    39.601,
    19.9,
    0.0
  ],
  "margin_quantile": 0.75,
  "informativeness_t": [
    0.0,
    0.28709743337243565,
    0.3626267119264078,
    0.43694383368264517,
    0.5098288904131879,
    0.5806937120064938,
    0.6487575343159966,
    0.7131455119123933,
    0.7729539342077917,
    0.8272986875030538,
    0.8753538502965461,
    0.9163834288664832,
    0.9497675388867988,
    0.975023556649647,
    0.991822405842972,
    0.999999999862771,
    0.9995638259572378,
    0.9906946860722092,
    0.973743672896265,
    0.9492245422608612,
    0.9178017344667643,
    0.8802743901572242,
    0.8375567957539444,
    0.7906557751026935,
    0.7406456145656976,
    0.6886411657347504,
    0.6357698111839774,
    0.5831430027245269,
    0.5318280874542562,
    0.48282112397348065,
    0.4370213593564219,
    0.39520798709806587,
    0.3580197378620274,
    0.3259377691662645,
    0.2992722178598542,
    0.27815266073163447,
    0.2625225933947875,
    0.252137883618657,
    0.24656897738414785,
    0.24520642334112408,
    0.24726901271563434,
    0.25181346535548,
    0.2577440457961289,
    0.2638195961892612,
    0.2686538591193885,
    0.27070178680859047,
    0.26821766775854994,
    0.25915438486821685,
    0.2409276283960887,
    0.02570579320847069
  ],
  "d_target_t": [
    0.891,
    0.7773094163845155,
    0.7473998220771425,
    0.7179702418616725,
    0.6891077593963776,
    0.6610452900454284,
    0.6340920164108653,
    0.6085943772826923,
    0.5849102420537144,
    0.5633897197487907,
    0.5443598752825677,
    0.5281121621688727,
    0.5148920546008277,
    0.5048906715667397,
    0.4982383272861831,
    0.49500000005434264,
    0.49517272492093384,
    0.49868490431540513,
    0.505397505533079,
    0.515107081264699,
    0.5275505131511613,
    0.5424113414977392,
    0.559327508881438,
    0.5779003130593334,
    0.5977043366319837,
    0.6182980983690388,
    0.639235154771145,
    0.6600753709210874,
    0.6803960773681145,
    0.6998028349065017,
    0.7179395416948569,
    0.7344976371091659,
    0.7492241838066371,
    0.7619286434101592,
    0.7724882017274978,
    0.7808515463502728,
    0.7870410530156642,
    0.7911533980870118,
    0.7933586849558775,
    0.7938982563569149,
    0.7930814709646088,
    0.7912818677192299,
    0.7889333578647328,
    0.7865274399090526,
    0.7846130717887222,
    0.7838020924237982,
    0.7847858035676143,
    0.7883748635921861,
    0.7955926591551489,
    0.8808205058894456
  ],
  "beta_raw_t": [
    0.0,
    -0.4085837043722549,
    -0.44222461554154385,
    -0.47311790974848467,
    -0.5021505968085681,
    -0.5298275657959373,
    -0.5564321297889044,
    -0.582101753864119,
    -0.6068682355820761,
    -0.6306825082751774,
    -0.6534336694190526,
    -0.6749672211474502,
    -0.695104936276324,
    -0.7136668717510054,
    -0.7304944496434357,
    -0.7454722868809612,
    -0.7585458535083518,
    -0.7697323059415735,
    -0.7791229509438848,
    -0.786877393828571,
    -0.7932109537962355,
    -0.7983778840798458,
    -0.8026530751620593,
    -0.8063143242213098,
    -0.8096262083590314,
    -0.8128254269362508,
    -0.8161064290819449,
    -0.8196053828637911,
    -0.8233802384577142,
    -0.8273850785866134,
    -0.831438644435539,
    -0.8351905340224326,
    -0.838094438266806,
    -0.8394048509745478,
    -0.838218067290384,
    -0.8335730773915858,
    -0.8246072689806115,
    -0.8107294490542392,
    -0.7917476831617967,
    -0.7678959181514492,
    -0.7397457989213433,
    -0.7080419199240983,
    -0.6735244170672701,
    -0.6367905461810927,
    -0.5982138760763843,
    -0.5579095889523376,
    -0.5157172693070166,
    -0.47116242674734454,
    -0.42333518737228537,
    0.0
  ],
  "beta_cap_t": [
    0.0,
    0.0,
    0.0,
    0.0,
    0.0,
    0.0,
    0.0,
    0.0,
    0.0,
    0.0,
    0.0,
    0.0,
    0.0,
    0.0,
    0.0,
    0.0,
    0.0,
    0.0,
    0.0,
    0.0,
    0.0,
    0.0,
    0.0,
    0.0,
    0.0,
    0.0,
    0.0,
    0.0,
    0.0,
    0.0,
    0.0,
    0.0,
    0.0,
    0.0,
    0.0,
    0.0,
    0.0,
    0.0,
    0.0,
    0.0,
    0.0,
    0.0,
    0.0,
    0.0,
    0.0,
    0.0,
    0.0,
    0.0,
    0.0,
    0.0
  ],
  "beta_used_t": [
    0.0,
    0.0,
    0.0,
    0.0,
    0.0,
    0.0,
    0.0,
    0.0,
    0.0,
    0.0,
    0.0,
    0.0,
    0.0,
    0.0,
    0.0,
    0.0,
    0.0,
    0.0,
    0.0,
    0.0,
    0.0,
    0.0,
    0.0,
    0.0,
    0.0,
    0.0,
    0.0,
    0.0,
    0.0,
    0.0,
    0.0,
    0.0,
    0.0,
    0.0,
    0.0,
    0.0,
    0.0,
    0.0,
    0.0,
    0.0,
    0.0,
    0.0,
    0.0,
    0.0,
    0.0,
    0.0,
    0.0,
    0.0,
    0.0,
    0.0
  ],
  "clip_active_t": [
    false,
    true,
    true,
    true,
    true,
    true,
    true,
    true,
    true,
    true,
    true,
    true,
    true,
    true,
    true,
    true,
    true,
    true,
    true,
    true,
    true,
    true,
    true,
    true,
    true,
    true,
    true,
    true,
    true,
    true,
    true,
    true,
    true,
    true,
    true,
    true,
    true,
    true,
    true,
    true,
    true,
    true,
    true,
    true,
    true,
    true,
    true,
    true,
    true,
    false
  ],
  "calibration_source_path": "/Users/liq/Documents/Claude/Projects/LSE_RL/.claude/worktrees/agent-a54130c9/results/weighted_lse_dp/phase2/calibration/grid_hazard.json",
  "calibration_hash": "45537c952cc191a1e9d7237784bb0ef9819f42d86ac802be98135980e3b4e211",
  "notes": "Constant alpha=0.00 schedule. Recomputes certification from constant alpha, re-clips main beta_raw_t. alpha=0.00 collapses to classical (beta_cap=0, beta_used=0).",
  "constant_alpha": 0.0
}