{
  "task_family": "grid_hazard",
  "gamma": 0.99,
  "sign": -1,
  "source_phase": "phase2",
  "reward_bound": 10.0,
  "ablation_type": "alpha_constant_0.20",
  "alpha_t": [
    0.2,
    0.2,
    0.2,
    0.2,
    0.2,
    0.2,
    0.2,
    0.2,
    0.2,
    0.2,
    0.2,
    0.2,
    0.2,
    0.2,
    0.2,
    0.2,
    0.2,
    0.2,
    0.2,
    0.2,
    0.2,
    0.2,
    0.2,
    0.2,
    0.2,
    0.2,
    0.2,
    0.2,
    0.2,
    0.2,
    0.2,
    0.2,
    0.2,
    0.2,
    0.2,
    0.2,
    0.2,
    0.2,
    0.2,
    0.2,
    0.2,
    0.2,
    0.2,
    0.2,
    0.2,
    0.2,
    0.2,
    0.2,
    0.2,
    0.2
  ],
  "kappa_t": [
    0.992,
    0.992,
    0.992,
    0.992,
    0.992,
    0.992,
    0.992,
    0.992,
    0.992,
    0.992,
    0.992,
    0.992,
    0.992,
    0.992,
    0.992,
    0.992,
    0.992,
    0.992,
    0.992,
    0.992,
    0.992,
    0.992,
    0.992,
    0.992,
    0.992,
    0.992,
    0.992,
    0.992,
    0.992,
    0.992,
    0.992,
    0.992,
    0.992,
    0.992,
    0.992,
    0.992,
    0.992,
    0.992,
    0.992,
    0.992,
    0.992,
    0.992,
    0.992,
    0.992,
    0.992,
    0.992,
    0.992,
    0.992,
    0.992,
    0.992
  ],
  "Bhat_t": [
    822.7589177442012,
    809.3335864356867,
    795.7999863262971,
    782.1572442805415,
    768.4044801215136,
    754.5408065741066,
    740.5653292077687,
    726.4771463787991,
    712.2753491721766,
    697.95902134292,
    683.5272392569758,
    668.9790718316289,
    654.3135804754323,
    639.5298190276536,
    624.6268336972315,
    609.6036630012414,
    594.4593377028643,
    579.1928807488551,
    563.8033072065073,
    548.2896242001082,
    532.6508308468833,
    516.8859181924228,
    500.99386914558744,
    484.9736584128906,
    468.8242524323494,
    452.54460930680386,
    436.13367873669745,
    419.59040195231603,
    402.9137116454799,
    386.1025319006854,
    369.155778125691,
    352.07235698154335,
    334.8511663120397,
    317.4910950726207,
    299.99102325869023,
    282.3498218333571,
    264.5663526545939,
    246.6394684018084,
    228.56801250182298,
    210.35081905425702,
    191.98671275630747,
    173.47450882692286,
    154.81301293036577,
    136.00102109915903,
    117.03731965641032,
    97.92068513751039,
    78.6498842112,
    59.2236736,
    39.6408,
    19.9,
    0.0
  ],
  "margin_quantile": 0.75,
  "informativeness_t": [
    0.0,
    0.28709743337243565,
    0.3626267119264078,
    0.43694383368264517,
    0.5098288904131879,
    0.5806937120064938,
    0.6487575343159966,
    0.7131455119123933,
    0.7729539342077917,
    0.8272986875030538,
    0.8753538502965461,
    0.9163834288664832,
    0.9497675388867988,
    0.975023556649647,
    0.991822405842972,
    0.999999999862771,
    0.9995638259572378,
    0.9906946860722092,
    0.973743672896265,
    0.9492245422608612,
    0.9178017344667643,
    0.8802743901572242,
    0.8375567957539444,
    0.7906557751026935,
    0.7406456145656976,
    0.6886411657347504,
    0.6357698111839774,
    0.5831430027245269,
    0.5318280874542562,
    0.48282112397348065,
    0.4370213593564219,
    0.39520798709806587,
    0.3580197378620274,
    0.3259377691662645,
    0.2992722178598542,
    0.27815266073163447,
    0.2625225933947875,
    0.252137883618657,
    0.24656897738414785,
    0.24520642334112408,
    0.24726901271563434,
    0.25181346535548,
    0.2577440457961289,
    0.2638195961892612,
    0.2686538591193885,
    0.27070178680859047,
    0.26821766775854994,
    0.25915438486821685,
    0.2409276283960887,
    0.02570579320847069
  ],
  "d_target_t": [
    0.891,
    0.7773094163845155,
    0.7473998220771425,
    0.7179702418616725,
    0.6891077593963776,
    0.6610452900454284,
    0.6340920164108653,
    0.6085943772826923,
    0.5849102420537144,
    0.5633897197487907,
    0.5443598752825677,
    0.5281121621688727,
    0.5148920546008277,
    0.5048906715667397,
    0.4982383272861831,
    0.49500000005434264,
    0.49517272492093384,
    0.49868490431540513,
    0.505397505533079,
    0.515107081264699,
    0.5275505131511613,
    0.5424113414977392,
    0.559327508881438,
    0.5779003130593334,
    0.5977043366319837,
    0.6182980983690388,
    0.639235154771145,
    0.6600753709210874,
    0.6803960773681145,
    0.6998028349065017,
    0.7179395416948569,
    0.7344976371091659,
    0.7492241838066371,
    0.7619286434101592,
    0.7724882017274978,
    0.7808515463502728,
    0.7870410530156642,
    0.7911533980870118,
    0.7933586849558775,
    0.7938982563569149,
    0.7930814709646088,
    0.7912818677192299,
    0.7889333578647328,
    0.7865274399090526,
    0.7846130717887222,
    0.7838020924237982,
    0.7847858035676143,
    0.7883748635921861,
    0.7955926591551489,
    0.8808205058894456
  ],
  "beta_raw_t": [
    0.0,
    -0.4085837043722549,
    -0.44222461554154385,
    -0.47311790974848467,
    -0.5021505968085681,
    -0.5298275657959373,
    -0.5564321297889044,
    -0.582101753864119,
    -0.6068682355820761,
    -0.6306825082751774,
    -0.6534336694190526,
    -0.6749672211474502,
    -0.695104936276324,
    -0.7136668717510054,
    -0.7304944496434357,
    -0.7454722868809612,
    -0.7585458535083518,
    -0.7697323059415735,
    -0.7791229509438848,
    -0.786877393828571,
    -0.7932109537962355,
    -0.7983778840798458,
    -0.8026530751620593,
    -0.8063143242213098,
    -0.8096262083590314,
    -0.8128254269362508,
    -0.8161064290819449,
    -0.8196053828637911,
    -0.8233802384577142,
    -0.8273850785866134,
    -0.831438644435539,
    -0.8351905340224326,
    -0.838094438266806,
    -0.8394048509745478,
    -0.838218067290384,
    -0.8335730773915858,
    -0.8246072689806115,
    -0.8107294490542392,
    -0.7917476831617967,
    -0.7678959181514492,
    -0.7397457989213433,
    -0.7080419199240983,
    -0.6735244170672701,
    -0.6367905461810927,
    -0.5982138760763843,
    -0.5579095889523376,
    -0.5157172693070166,
    -0.47116242674734454,
    -0.42333518737228537,
    0.0
  ],
  "beta_cap_t": [
    4.906630087506935e-06,
    4.989038092738805e-06,
    5.074960629264368e-06,
    5.164624471692059e-06,
    5.258276330500394e-06,
    5.356185092047406e-06,
    5.45864436755051e-06,
    5.565975401926633e-06,
    5.678530403192677e-06,
    5.796696365116661e-06,
    5.920899470532154e-06,
    6.051610180892544e-06,
    6.189349140164951e-06,
    6.3346940492406755e-06,
    6.488287702234339e-06,
    6.650847420420707e-06,
    6.823176175857274e-06,
    7.0061757686305535e-06,
    7.200862514094213e-06,
    7.408386016172252e-06,
    7.630051759026342e-06,
    7.867348454947738e-06,
    8.12198135917127e-06,
    8.395913127809443e-06,
    8.691414289608e-06,
    9.011126078385481e-06,
    9.358139308141566e-06,
    9.736094281998427e-06,
    1.0149308583360127e-05,
    1.0602942270281347e-05,
    1.110321390018524e-05,
    1.1657686618558927e-05,
    1.2275652338024148e-05,
    1.2968655623151513e-05,
    1.375122037598452e-05,
    1.4641877229464085e-05,
    1.5664647577184497e-05,
    1.6851239966127415e-05,
    1.824439248360778e-05,
    1.9903125171211374e-05,
    2.1911309928632384e-05,
    2.439229011976647e-05,
    2.7535196648932618e-05,
    3.164555768165915e-05,
    3.72511240249067e-05,
    4.534881080422661e-05,
    5.807502864035093e-05,
    8.098513373898698e-05,
    0.00013445374003044497,
    0.00040201668269103044
  ],