{
  "task_family": "grid_hazard",
  "gamma": 0.99,
  "sign": -1,
  "source_phase": "phase2",
  "reward_bound": 10.0,
  "ablation_type": "alpha_constant_0.10",
  "alpha_t": [
    0.1,
    0.1,
    0.1,
    0.1,
    0.1,
    0.1,
    0.1,
    0.1,
    0.1,
    0.1,
    0.1,
    0.1,
    0.1,
    0.1,
    0.1,
    0.1,
    0.1,
    0.1,
    0.1,
    0.1,
    0.1,
    0.1,
    0.1,
    0.1,
    0.1,
    0.1,
    0.1,
    0.1,
    0.1,
    0.1,
    0.1,
    0.1,
    0.1,
    0.1,
    0.1,
    0.1,
    0.1,
    0.1,
    0.1,
    0.1,
    0.1,
    0.1,
    0.1,
    0.1,
    0.1,
    0.1,
    0.1,
    0.1,
    0.1,
    0.1
  ],
  "kappa_t": [
    0.991,
    0.991,
    0.991,
    0.991,
    0.991,
    0.991,
    0.991,
    0.991,
    0.991,
    0.991,
    0.991,
    0.991,
    0.991,
    0.991,
    0.991,
    0.991,
    0.991,
    0.991,
    0.991,
    0.991,
    0.991,
    0.991,
    0.991,
    0.991,
    0.991,
    0.991,
    0.991,
    0.991,
    0.991,
    0.991,
    0.991,
    0.991,
    0.991,
    0.991,
    0.991,
    0.991,
    0.991,
    0.991,
    0.991,
    0.991,
    0.991,
    0.991,
    0.991,
    0.991,
    0.991,
    0.991,
    0.991,
    0.991,
    0.991,
    0.991
  ],
  "Bhat_t": [
    804.1137229867733,
    791.335744688974,
    778.4417201705087,
    765.4305955302813,
    752.3013072959448,
    739.0527823369775,
    725.6839377769703,
    712.1936809051164,
    698.5809090868985,
    684.8445096739642,
    670.9833599131829,
    656.9963268548768,
    642.8822672602188,
    628.6400275077889,
    614.2684434992825,
    599.7663405643618,
    585.1325333646437,
    570.365825796815,
    555.4650108948688,
    540.4288707314519,
    525.2561763183168,
    509.9456875058696,
    494.49615288180587,
    478.9063096688253,
    463.17488362141813,
    447.3005889217136,
    431.2821280743831,
    415.1181918005884,
    398.80745893096713,
    382.34859629764594,
    365.74025862527344,
    348.981088421063,
    332.0697158638376,
    315.0047586920662,
    297.7848220908842,
    280.408498578087,
    262.87436788908883,
    245.1809968608364,
    227.3269393146684,
    209.3107359381114,
    191.1309141656018,
    172.78598805812493,
    154.27445818176076,
    135.5948114851269,
    116.74552117570829,
    97.72504659506387,
    78.53183309289999,
    59.16431189999999,
    39.62089999999999,
    19.9,
    0.0
  ],
  "margin_quantile": 0.75,
  "informativeness_t": [
    0.0,
    0.28709743337243565,
    0.3626267119264078,
    0.43694383368264517,
    0.5098288904131879,
    0.5806937120064938,
    0.6487575343159966,
    0.7131455119123933,
    0.7729539342077917,
    0.8272986875030538,
    0.8753538502965461,
    0.9163834288664832,
    0.9497675388867988,
    0.975023556649647,
    0.991822405842972,
    0.999999999862771,
    0.9995638259572378,
    0.9906946860722092,
    0.973743672896265,
    0.9492245422608612,
    0.9178017344667643,
    0.8802743901572242,
    0.8375567957539444,
    0.7906557751026935,
    0.7406456145656976,
    0.6886411657347504,
    0.6357698111839774,
    0.5831430027245269,
    0.5318280874542562,
    0.48282112397348065,
    0.4370213593564219,
    0.39520798709806587,
    0.3580197378620274,
    0.3259377691662645,
    0.2992722178598542,
    0.27815266073163447,
    0.2625225933947875,
    0.252137883618657,
    0.24656897738414785,
    0.24520642334112408,
    0.24726901271563434,
    0.25181346535548,
    0.2577440457961289,
    0.2638195961892612,
    0.2686538591193885,
    0.27070178680859047,
    0.26821766775854994,
    0.25915438486821685,
    0.2409276283960887,
    0.02570579320847069
  ],
  "d_target_t": [
    0.891,
    0.7773094163845155,
    0.7473998220771425,
    0.7179702418616725,
    0.6891077593963776,
    0.6610452900454284,
    0.6340920164108653,
    0.6085943772826923,
    0.5849102420537144,
    0.5633897197487907,
    0.5443598752825677,
    0.5281121621688727,
    0.5148920546008277,
    0.5048906715667397,
    0.4982383272861831,
    0.49500000005434264,
    0.49517272492093384,
    0.49868490431540513,
    0.505397505533079,
    0.515107081264699,
    0.5275505131511613,
    0.5424113414977392,
    0.559327508881438,
    0.5779003130593334,
    0.5977043366319837,
    0.6182980983690388,
    0.639235154771145,
    0.6600753709210874,
    0.6803960773681145,
    0.6998028349065017,
    0.7179395416948569,
    0.7344976371091659,
    0.7492241838066371,
    0.7619286434101592,
    0.7724882017274978,
    0.7808515463502728,
    0.7870410530156642,
    0.7911533980870118,
    0.7933586849558775,
    0.7938982563569149,
    0.7930814709646088,
    0.7912818677192299,
    0.7889333578647328,
    0.7865274399090526,
    0.7846130717887222,
    0.7838020924237982,
    0.7847858035676143,
    0.7883748635921861,
    0.7955926591551489,
    0.8808205058894456
  ],
  "beta_raw_t": [
    0.0,
    -0.4085837043722549,
    -0.44222461554154385,
    -0.47311790974848467,
    -0.5021505968085681,
    -0.5298275657959373,
    -0.5564321297889044,
    -0.582101753864119,
    -0.6068682355820761,
    -0.6306825082751774,
    -0.6534336694190526,
    -0.6749672211474502,
    -0.695104936276324,
    -0.7136668717510054,
    -0.7304944496434357,
    -0.7454722868809612,
    -0.7585458535083518,
    -0.7697323059415735,
    -0.7791229509438848,
    -0.786877393828571,
    -0.7932109537962355,
    -0.7983778840798458,
    -0.8026530751620593,
    -0.8063143242213098,
    -0.8096262083590314,
    -0.8128254269362508,
    -0.8161064290819449,
    -0.8196053828637911,
    -0.8233802384577142,
    -0.8273850785866134,
    -0.831438644435539,
    -0.8351905340224326,
    -0.838094438266806,
    -0.8394048509745478,
    -0.838218067290384,
    -0.8335730773915858,
    -0.8246072689806115,
    -0.8107294490542392,
    -0.7917476831617967,
    -0.7678959181514492,
    -0.7397457989213433,
    -0.7080419199240983,
    -0.6735244170672701,
    -0.6367905461810927,
    -0.5982138760763843,
    -0.5579095889523376,
    -0.5157172693070166,
    -0.47116242674734454,
    -0.42333518737228537,
    0.0
  ],
  "beta_cap_t": [
    2.508426147539581e-06,
    2.549448467162825e-06,
    2.5922262372963444e-06,
    2.636872737456235e-06,
    2.68351120553163e-06,
    2.7322759567238275e-06,
    2.783313656824997e-06,
    2.8367847752576298e-06,
    2.8928652481964663e-06,
    2.9517483880842355e-06,
    3.0136470832069133e-06,
    3.078796340067793e-06,
    3.1474562325509877e-06,
    3.219915335890648e-06,
    3.296494741043772e-06,
    3.3775527672326413e-06,
    3.4634905185469237e-06,
    3.554758466407819e-06,
    3.6518642858699643e-06,
    3.755382233535449e-06,
    3.865964432897105e-06,
    3.984354535616948e-06,
    4.111404363542613e-06,
    4.24809431885268e-06,
    4.3955585967549165e-06,
    4.555116572944692e-06,
    4.728312205182705e-06,
    4.916963942371112e-06,
    5.123228562314051e-06,
    5.34968369450289e-06,
    5.599435735673655e-06,
    5.876262766669618e-06,
    6.184806471835187e-06,
    6.530833851002487e-06,
    6.921600245095573e-06,
    7.366362588342985e-06,
    7.877120787454768e-06,
    8.469714987858048e-06,
    9.165495370473627e-06,
    9.993946198051428e-06,
    1.0996967307454259e-05,
    1.223617814469896e-05,
    1.380606571368969e-05,
    1.5859270736275716e-05,
    1.8659463128308638e-05,
    2.2704731899390982e-05,
    2.9062553789910902e-05,
    4.050896970703725e-05,
    6.7227141636653e-05,
    0.00020100915349359244
  ],