{
  "total_s": 4.3830576250038575,
  "step_s": 0.0,
  "fit_s": 0.0,
  "eval_s": 0.6560738339831005,
  "plot_s": 0.0,
  "other_s": 0.0,
  "train_s": 3.7032836670041434,
  "eval_final_s": 0.54647195799771,
  "post_s": 0.12126562499906868,
  "steps_per_s": null,
  "updates_per_s": null
}
