{
  "total_s": 5.711644875002094,
  "step_s": 0.0,
  "fit_s": 0.0,
  "eval_s": 0.6655492120116833,
  "plot_s": 0.0,
  "other_s": 0.0,
  "train_s": 4.81616424999811,
  "eval_final_s": 0.6594196660007583,
  "post_s": 0.22426316600467544,
  "steps_per_s": null,
  "updates_per_s": null
}
