{
  "total_s": 5.893601290998049,
  "step_s": 0.0,
  "fit_s": 0.0,
  "eval_s": 0.6583050850895233,
  "plot_s": 0.0,
  "other_s": 0.0,
  "train_s": 4.9912456659949385,
  "eval_final_s": 0.6520930000115186,
  "post_s": 0.23857133300043643,
  "steps_per_s": null,
  "updates_per_s": null
}
