{
  "total_s": 4.6874237500014715,
  "step_s": 0.0,
  "fit_s": 0.0,
  "eval_s": 0.6297180840338115,
  "plot_s": 0.0,
  "other_s": 0.0,
  "train_s": 4.031456166005228,
  "eval_final_s": 0.5283019589842297,
  "post_s": 0.11610666700289585,
  "steps_per_s": null,
  "updates_per_s": null
}
