{
  "suite": "paper_suite",
  "task": "grid_regime_shift_pre_shift",
  "algorithm": "PE",
  "n_seeds": 3,
  "seeds": [
    11,
    29,
    47
  ],
  "scalar_metrics": {
    "final_bellman_residual": {
      "mean": 0.9988901220865705,
      "std": 0.0,
      "median": 0.9988901220865705,
      "q25": 0.9988901220865705,
      "q75": 0.9988901220865705,
      "iqr": 0.0,
      "ci_low": 0.9988901220865705,
      "ci_high": 0.9988901220865705
    },
    "n_sweeps": {
      "mean": 1.0,
      "std": 0.0,
      "median": 1.0,
      "q25": 1.0,
      "q75": 1.0,
      "iqr": 0.0,
      "ci_low": 1.0,
      "ci_high": 1.0
    },
    "wall_clock_s": {
      "mean": 0.0008392639938392676,
      "std": 1.2735058004456262e-05,
      "median": 0.0008357919941772707,
      "q25": 0.0008322084941028152,
      "q75": 0.0008445834937447216,
      "iqr": 1.237499964190647e-05,
      "ci_low": 0.0008286249940283597,
      "ci_high": 0.0008533749933121726
    }
  },
  "tail_risk": null,
  "adaptation": null,
  "event_rates": null,
  "curves": {
    "steps": [
      0
    ],
    "bellman_residual": [
      0.9988901220865705
    ],
    "supnorm_to_exact": [
      0.0
    ],
    "mean_return": [
      -0.9988901220865705
    ],
    "episode_returns": [
      -0.9988901220865705
    ]
  },
  "checkpoints": [
    0
  ],
  "episode_returns": {},
  "change_at_episode": null,
  "visitation_counts": null
}
