{
  "schema_version": "1.0.0",
  "created_at": "2026-04-19T05:00:14Z",
  "phase": "phase3",
  "task": "chain_regime_shift",
  "algorithm": "SafeExpectedSARSA",
  "seed": 29,
  "train_steps": 180000,
  "n_transitions": 180000,
  "steps_to_threshold": null,
  "auc_disc_return": 13.407333116507981,
  "final_disc_return_mean": 16.33827888222399,
  "final_10pct_success_rate": 0.0,
  "adaptation_metrics": {
    "change_at_episode": 300,
    "pre_change_auc": 0.0,
    "post_change_auc": 15.161925699378711,
    "lag_to_50pct_recovery": 14,
    "lag_to_75pct_recovery": 45,
    "lag_to_90pct_recovery": null,
    "post_change_optimum": 20.108956009875012
  },
  "shortcut_risky_path_fraction": 0.0,
  "episode_returns": [
    16.134933488536905,
    17.44658267983785,
    15.302231446804386,
    15.103761674497836,
    17.612302416595007,
    15.469450745642304,
    17.100148010052127,
    16.352425615269315,
    16.559888965695535,
    16.008266046982797,
    17.365763638304866,
    16.26282039842079,
    17.420844914219355,
    18.180156513772904,
    16.47850682572687,
    15.97670091246053,
    17.49148505603862,
    16.78954390863301,
    17.1813197985304,
    17.3929679316191,
    16.75865074437924,
    17.000323034760775,
    17.412598384751636,
    14.663666691165522,
    17.54599213486112,
    16.728483908198164,
    17.39483646153341,
    17.327142358352656,
    17.46908539162986,
    17.265598933616015,
    15.423876955818471,
    14.945744236579465,
    14.8441468222335,
    16.956013268925666,
    16.156235564312396,
    16.35824365884621,
    17.53182806872854,
    18.274113106560375,
    18.133650464432638,
    15.805621563032808,
    16.09966627992608,
    14.06137962319379,
    18.26549198693093,
    18.374645130942113,
    14.055418639121902,
    14.972533930949487,
    15.03844259075988,
    16.278651296414285,
    15.942970124170193,
    18.209598075506225,
    15.329036873347164,
    17.650767432456004,
    15.736543011457062,
    15.86680330331205,
    18.015999836105916,
    16.28178403509,
    17.51963497004044,
    16.834092107231463,
    14.87880504514085,
    17.082829675712944,
    13.804352831200076,
    16.923084305890594,
    15.265020545357237,
    15.537234161712647,
    16.7420385422382,
    17.588158628230737,
    17.396051338456836,
    16.405377893838125,
    15.957096014456656,
    16.507732324041847,
    16.554340112269557,
    16.591819548835613,
    15.376660327491285,
    15.596099745143015,
    16.674911260621496,
    17.08247584020629,
    15.883782486574928,
    18.91186469922066,
    17.579493324330564,
    18.02285518137094,
    15.708704308064883,
    16.623109308222674,
    16.93064137842747,
    16.858152349508252,
    17.415394410010006,
    15.72420704252569,
    16.566729061665864,
    14.356732977772412,
    16.50671337511708,
    16.29986057183278,
    15.079245132553616,
    16.630845283888736,
    16.706759246487838,
    17.405086163221448,
    17.733536167900272,
    16.429106577449435,
    17.454360893431843,
    16.6456949113861,
    16.046192589454815,
    13.484164290771457,
    16.040146683581145,
    15.993003670006361,
    17.389313841498225,
    15.177128094084457,
    18.015820704420943,
    14.964103758524258,
    16.883904992631805,
    16.1262526085154,
    18.16795427547783,
    17.4181210412812,
    13.913387618706826,
    14.474528315832615,
    18.04980758510553,
    16.556493326041984,
    16.61785228639227,
    16.6439945087293,
    17.07055520256294,
    16.604341342189443,
    17.349870175618715,
    12.881095725206103,
    15.201182240619303,
    17.226994707279946,
    16.195987607986655,
    17.14606302101269,
    18.902119523248277,
    17.35061136512696,
    16.710349080231932,
    15.820688293274976,
    15.436728310265094,
    17.350099717112446,
    15.049603303516081,
    15.379173654338915,
    15.797581494594818,
    16.045950316332934,
    14.826694305956897,
    16.456059553705778,
    17.251468646273754,
    16.244239532537584,
    17.443726287737107,
    17.47026022890183,
    15.823105851382401,
    15.738226446631451,
    15.795399054526627,
    17.42675285963898,
    16.828674789346305,
    17.925287771245152,
    16.42084421326539,
    16.72349354425415,
    16.658485166409996,
    18.271603159326258,
    16.364643475922943,
    18.9178187076055,
    16.679615150204253,
    17.526513664985885,
    16.639591237756804,
    16.876453159340027,
    15.555556225119496,
    14.898662881536683,
    17.642341761287717,
    17.22836376873639,
    16.891073466748644,
    17.239334448131093,
    14.464854910137253,
    14.918668411852638,
    14.780587124628859,
    15.474175420641558,
    17.17128594742265,
    15.581378688057859,
    15.804460481384831,
    16.095523290387423,
    16.076636877645587,
    16.002813308602462,
    16.012414176468138,
    17.036726516906928,
    16.745880705119724,
    16.80573683065351,
    15.538307265673346,
    16.526278267262445,
    14.194388186400747,
    16.226134776135602,
    15.237352236112013,
    17.542838825603543,
    15.626998135827344,
    18.244774013094112,
    18.271603159326258,
    15.982583377110775,
    16.31767858668046,
    17.65712895210418,
    16.898332098552704,
    15.843011737500184,
    17.54229537493723,
    12.236611435846134,
    17.49315891408939,
    13.781228328741514,
    16.18637844934839,
    16.072162639116996,
    18.213808474241755,
    16.00293896979928,
    15.466990823664208,
    17.284818259514186
  ],