{
  "total_s": 7.03414929099381,
  "step_s": 0.0,
  "fit_s": 0.0,
  "eval_s": 0.6714252489909995,
  "plot_s": 0.0,
  "other_s": 0.0,
  "train_s": 6.376572957989993,
  "eval_final_s": 0.258047124982113,
  "post_s": 0.39481016600620933,
  "steps_per_s": null,
  "updates_per_s": null
}
