{
  "total_s": 4.080592250014888,
  "step_s": 0.0,
  "fit_s": 0.0,
  "eval_s": 0.6278951270214748,
  "plot_s": 0.0,
  "other_s": 0.0,
  "train_s": 3.4463756660115905,
  "eval_final_s": 0.5066839169885498,
  "post_s": 0.11616470900480635,
  "steps_per_s": null,
  "updates_per_s": null
}
