{
  "total_s": 10.539087666023988,
  "step_s": 0.0,
  "fit_s": 0.0,
  "eval_s": 0.43855212497874163,
  "plot_s": 0.0,
  "other_s": 0.0,
  "train_s": 9.587874457996804,
  "eval_final_s": 0.3421296250016894,
  "post_s": 0.603802291007014,
  "steps_per_s": null,
  "updates_per_s": null
}
