{
  "total_s": 8.576161249977304,
  "step_s": 0.0,
  "fit_s": 0.0,
  "eval_s": 0.32600883196573704,
  "plot_s": 0.0,
  "other_s": 0.0,
  "train_s": 7.90576779100229,
  "eval_final_s": 0.1609462079941295,
  "post_s": 0.5070981669996399,
  "steps_per_s": null,
  "updates_per_s": null
}
