{
  "total_s": 9.774990749981953,
  "step_s": 0.0,
  "fit_s": 0.0,
  "eval_s": 1.2976659970590845,
  "plot_s": 0.0,
  "other_s": 0.0,
  "train_s": 8.809901125001488,
  "eval_final_s": 0.4978248330007773,
  "post_s": 0.45933016698108986,
  "steps_per_s": null,
  "updates_per_s": null
}
