{
  "schema_version": "1.0.0",
  "created_at": "2026-04-18T19:26:53Z",
  "phase": "phase3",
  "task": "chain_catastrophe",
  "algorithm": "SafeQLearning",
  "seed": 83,
  "train_steps": 120000,
  "n_transitions": 120000,
  "steps_to_threshold": null,
  "auc_disc_return": 2.4013128709288702,
  "final_disc_return_mean": 3.707285566764117,
  "final_10pct_success_rate": 0.04,
  "tail_risk_metrics": {
    "return_q05": 0.0,
    "return_q25": 0.0,
    "return_q50": 0.0,
    "return_q75": 1.1165886676147725,
    "return_q95": 1.1278673410250228,
    "cvar_5pct": -3.8050669083807582,
    "cvar_10pct": -1.9025334541903791,
    "top5pct_mean": 1.688606253977501,
    "top10pct_mean": 1.4048622635293304,
    "event_rate": 0.032,
    "event_conditioned_return": -5.945417044344936
  },
  "shortcut_risky_path_fraction": 0.622,
  "episode_returns": [
    0.0,
    0.0,
    0.5639051904523875,
    0.5526834771623851,
    1.1165886676147725,
    1.1278673410250228,
    0.5639051904523875,
    0.0,
    0.5696012024771592,
    1.1165886676147725,
    0.0,
    0.0,
    0.0,
    0.0,
    1.1165886676147725,
    0.0,
    0.0,
    0.0,
    0.0,
    1.1165886676147725,
    1.1165886676147725,
    0.0,
    1.1165886676147725,
    1.1278673410250228,
    0.5639051904523875,
    0.0,
    0.5639051904523875,
    0.0,
    0.0,
    -5.6960120247715915,
    1.1165886676147725,
    0.0,
    1.1278673410250228,
    0.0,
    0.0,
    0.0,
    1.1165886676147725,
    -5.98956006466161,
    1.1165886676147725,
    1.1278673410250228,
    0.0,
    1.1278673410250228,
    0.0,
    0.0,
    1.1222846796395443,
    0.0,
    0.0,
    0.0,
    0.0,
    1.1165886676147725,
    0.0,
    0.0,
    0.0,
    0.0,
    0.0,
    1.1165886676147725,
    1.1278673410250228,
    0.0,
    0.0,
    0.5582661385478637,
    0.0,
    1.1222846796395443,
    -5.98956006466161,
    0.5526834771623851,
    0.0,
    0.0,
    1.1278673410250228,
    0.0,
    1.1165886676147725,
    0.0,
    0.0,
    1.1165886676147725,
    0.0,
    0.0,
    1.1165886676147725,
    0.5639051904523875,
    0.0,
    0.0,
    0.0,
    0.0,
    1.1165886676147725,
    1.1165886676147725,
    1.1165886676147725,
    0.0,
    1.1165886676147725,
    1.1165886676147725,
    0.5582661385478637,
    0.0,
    1.1278673410250228,
    0.0,
    0.0,
    1.1165886676147725,
    0.5582661385478637,
    0.0,
    0.0,
    0.0,
    0.0,
    0.0,
    1.1165886676147725,
    0.0,
    1.1165886676147725,
    0.0,
    1.1165886676147725,
    -5.98956006466161,
    0.0,
    0.0,
    0.0,
    0.5582661385478637,
    -5.98956006466161,
    0.5639051904523875,
    0.0,
    0.5582661385478637,
    0.0,
    1.1165886676147725,
    1.1165886676147725,
    0.0,
    -5.98956006466161,
    1.1165886676147725,
    0.5582661385478637,
    0.0,
    0.0,
    0.0,
    0.5526834771623851,
    0.5582661385478637,
    0.5582661385478637,
    4.198002842273428,
    1.1278673410250228,
    0.0,
    0.0,
    1.1165886676147725,
    0.0,
    0.5526834771623851,
    0.5582661385478637,
    0.0,
    1.1278673410250228,
    1.1165886676147725,
    0.5582661385478637,
    0.0,
    0.0,
    1.1165886676147725,
    1.1165886676147725,
    0.0,
    1.1165886676147725,
    0.0,
    0.0,
    0.0,
    0.0,
    1.1165886676147725,
    0.0,
    1.1165886676147725,
    0.5639051904523875,
    1.1165886676147725,
    0.0,
    1.1165886676147725,
    0.0,
    0.0,
    0.0,
    0.5526834771623851,
    0.0,
    1.1278673410250228,
    0.0,
    4.79194399578584,
    1.1165886676147725,
    0.0,
    0.0,
    1.1165886676147725,
    1.1165886676147725,
    0.5639051904523875,
    0.0,
    1.1165886676147725,
    0.0,
    0.0,
    0.0,
    0.0,
    0.5582661385478637,
    0.0,
    1.1165886676147725,
    0.0,
    0.0,
    0.0,
    0.0,
    0.0,
    0.0,
    0.0,
    0.5582661385478637,
    0.0,
    1.1165886676147725,
    0.0,
    1.7090337551431323,
    0.0,
    0.0,
    0.0,
    0.0,
    0.0,
    1.1165886676147725,
    0.5526834771623851,
    1.1165886676147725,
    0.5582661385478637,
    0.0,
    0.0,
    0.0,
    0.0,
    1.1165886676147725,
    1.1165886676147725,
    0.0,
    0.0,
    0.0,
    0.5639051904523875,
    0.0,
    0.5582661385478637,
    0.5582661385478637,
    1.1278673410250228,
    0.0,
    0.0,
    0.0,
    0.0,
    0.0,
    0.0,
    1.1222846796395443,
    0.0,
    1.1165886676147725,
    0.5526834771623851,
    0.0,
    1.1165886676147725,
    0.0,
    1.1165886676147725,
    0.0,
    1.1165886676147725,
    0.0,
    0.0,
    0.0,
    0.5582661385478637,
    0.5526834771623851,
    0.0,
    0.0,
    0.5526834771623851,
    0.5526834771623851,
    0.0,
    1.1165886676147725,
    1.1165886676147725,
    0.5582661385478637,
    1.1165886676147725,
    0.0,
    1.1278673410250228,
    0.0,
    1.1165886676147725,
    0.0,
    0.5582661385478637,
    0.0,
    0.0,
    1.1222846796395443,
    1.1165886676147725,
    -5.98956006466161,
    0.0,
    0.5582661385478637,
    0.0,
    0.0,
    1.1165886676147725,
    0.0,
    0.5582661385478637,
    0.0,
    0.5582661385478637,
    1.1222846796395443,
    0.5639051904523875,
    0.0,
    1.1165886676147725,
    0.0,
    1.1165886676147725,
    0.0,
    1.1165886676147725,
    0.0,
    1.1165886676147725,
    0.0,
    3.5609739015741884,
    1.1165886676147725,
    0.0,
    -5.98956006466161,
    1.6977550817328821,
    0.0,
    1.1165886676147725,
    0.0,
    0.0,
    0.0,
    0.0,
    1.1278673410250228,
    0.0,
    0.0,
    0.5582661385478637,
    0.0,
    1.1165886676147725,
    0.0,
    0.0,
    0.5582661385478637,
    0.0,
    0.0,
    0.0,
    1.1165886676147725,
    0.0,
    1.1165886676147725,
    1.1165886676147725,
    0.0,
    0.0,
    1.1165886676147725,
    0.0,
    0.0,
    0.0,
    0.0,
    0.0,
    0.5582661385478637,
    1.1165886676147725,
    0.0,
    0.0,
    0.5639051904523875,
    0.5526834771623851,
    1.1165886676147725,
    0.0,
    0.0,
    0.0,
    0.5582661385478637,
    -5.98956006466161,
    0.5639051904523875,
    0.0,
    0.0,
    0.5639051904523875,
    1.1165886676147725,
    1.1165886676147725,
    0.0,
    1.1222846796395443,
    0.5582661385478637,
    0.5582661385478637,
    0.0,
    -5.98956006466161,
    0.0,
    0.0,
    -5.98956006466161,
    1.1165886676147725,
    1.1165886676147725,
    0.5582661385478637,
    -5.98956006466161,
    0.0,
    0.5526834771623851,
    0.5526834771623851,
    0.0,
    0.5526834771623851,
    1.1278673410250228,
    0.0,
    0.0,
    1.1165886676147725,
    0.0,
    0.0,
    0.5582661385478637,
    0.5582661385478637,
    1.1165886676147725,
    0.5582661385478637,
    0.5582661385478637,
    0.0,
    1.1165886676147725,
    1.1278673410250228,
    1.1278673410250228,
    1.1165886676147725,
    0.0,
    1.1165886676147725,
    1.1165886676147725,
    0.5582661385478637,
    0.0,
    0.0,
    0.0,
    1.1165886676147725,
    0.0,
    1.1165886676147725,
    1.1165886676147725,
    1.1165886676147725,
    0.5582661385478637,
    0.0,
    0.5582661385478637,
    0.0,
    0.0,
    1.1165886676147725,
    -5.98956006466161,
    0.0,
    0.0,
    0.0,
    1.1165886676147725,
    0.5639051904523875,
    0.5582661385478637,
    0.0,
    0.5582661385478637,
    0.5639051904523875,
    0.5639051904523875,
    0.0,
    0.0,
    1.1165886676147725,
    -5.870367819374844,
    0.0,
    0.0,
    0.0,
    -5.98956006466161,
    1.1165886676147725,
    1.1278673410250228,
    0.0,
    0.5526834771623851,
    1.1165886676147725,
    0.5639051904523875,
    0.0,
    0.0,
    1.1165886676147725,
    0.0,
    1.1165886676147725,
    0.0,
    1.1165886676147725,
    4.246800879334513,
    0.0,
    0.5582661385478637,
    0.0,
    0.0,
    1.1165886676147725,
    0.0,
    1.1222846796395443,
    0.0,
    0.5582661385478637,
    1.1165886676147725,
    0.0,
    1.1165886676147725,
    1.1165886676147725,
    1.1165886676147725,
    0.0,
    1.1165886676147725,
    0.5639051904523875,
    0.0,
    0.0,
    1.1165886676147725,
    0.0,
    1.1165886676147725,
