{
  "total_s": 4.867310832982184,
  "step_s": 0.0,
  "fit_s": 0.0,
  "eval_s": 0.6429340429895092,
  "plot_s": 0.0,
  "other_s": 0.0,
  "train_s": 4.0275975829863455,
  "eval_final_s": 0.6051055839925539,
  "post_s": 0.22285691599245183,
  "steps_per_s": null,
  "updates_per_s": null
}
