{
  "total_s": 5.967685957992217,
  "step_s": 0.0,
  "fit_s": 0.0,
  "eval_s": 0.6426880451035686,
  "plot_s": 0.0,
  "other_s": 0.0,
  "train_s": 5.550304125004914,
  "eval_final_s": 0.20396887499373406,
  "post_s": 0.20879233299638145,
  "steps_per_s": null,
  "updates_per_s": null
}
