{
  "total_s": 5.489234957989538,
  "step_s": 0.0,
  "fit_s": 0.0,
  "eval_s": 0.6290129169647116,
  "plot_s": 0.0,
  "other_s": 0.0,
  "train_s": 4.900147207983537,
  "eval_final_s": 0.24141062499256805,
  "post_s": 0.3431712919846177,
  "steps_per_s": null,
  "updates_per_s": null
}
