{
  "total_s": 9.437156833999325,
  "step_s": 0.0,
  "fit_s": 0.0,
  "eval_s": 0.5876023740274832,
  "plot_s": 0.0,
  "other_s": 0.0,
  "train_s": 8.346099624992348,
  "eval_final_s": 0.4408640840265434,
  "post_s": 0.6412129589880351,
  "steps_per_s": null,
  "updates_per_s": null
}
