{
  "schema_version": "1.0.0",
  "created_at": "2026-04-19T05:43:35Z",
  "phase": "phase2",
  "task": "chain_regime_shift",
  "algorithm": "QLearning",
  "seed": 11,
  "train_steps": 180000,
  "n_transitions": 180000,
  "steps_to_threshold": null,
  "auc_disc_return": 15.452666227741918,
  "final_disc_return_mean": 20.151480273703097,
  "final_10pct_success_rate": 0.0,
  "adaptation_metrics": {
    "change_at_episode": 300,
    "pre_change_auc": 0.0,
    "post_change_auc": 16.34482670560001,
    "lag_to_50pct_recovery": 18,
    "lag_to_75pct_recovery": 649,
    "lag_to_90pct_recovery": 2572,
    "post_change_optimum": 21.120258435885773
  },
  "shortcut_risky_path_fraction": 0.0,
  "episode_returns": [
    21.906978228670738,
    19.539786044506126,
    21.28199437652698,
    20.993561749450574,
    18.663070628305928,
    20.401325053641077,
    19.000038860970662,
    19.609826589461292,
    20.458059760265954,
    20.256710918176314,
    20.915507476811214,
    18.688220397329864,
    19.25047984393192,
    19.53034209303216,
    19.55900982435505,
    21.00982188830499,
    21.82699626985018,
    21.00703587052046,
    21.97570466520676,
    18.613323043386053,
    19.941468634103636,
    18.828306783834346,
    20.548696380589476,
    20.47932216203625,
    20.331747078221877,
    20.395087002590966,
    18.400735171813544,
    21.060743385444095,
    20.99918305573164,
    20.51007899932579,
    21.17961301412776,
    17.477370369011844,
    19.621121654905068,
    19.548641640451383,
    20.487055097428026,
    20.359123054106863,
    20.23943646534598,
    19.52453464677765,
    19.179693434038487,
    20.30728989940537,
    21.0080403636672,
    18.781793672191593,
    19.96731136364872,
    19.553987164436855,
    19.883382210895057,
    20.179985026808893,
    20.05934160077574,
    19.380354390833528,
    20.285442943802515,
    20.439817968163087,
    19.460969091982832,
    20.414452839106307,
    19.329809281040816,
    20.33011494066552,
    21.168724021221333,
    19.616030819712854,
    20.51160658539827,
    19.701415560390434,
    20.89866507831049,
    20.387486781122334,
    18.881965362022115,
    21.030838972493033,
    19.50120828702275,
    19.820427802342905,
    19.54071920367809,
    20.15212444784885,
    20.180416943413952,
    20.33758222138192,
    19.545091432737337,
    20.079960403289743,
    18.607771720182313,
    20.512495409935525,
    19.59293907948357,
    20.472224067585508,
    19.758444601883948,
    21.221650088789275,
    19.878282326900877,
    20.408045923258292,
    20.380610934827423,
    19.3489304540917,
    18.72406981554677,
    20.446494364350812,
    19.39118222750612,
    19.73750698806175,
    19.496170505161654,
    18.18258331548307,
    19.568942607817785,
    21.13232951961477,
    21.200137741936356,
    21.187624167296068,
    19.82871705458975,
    20.35921802575027,
    21.16146659817053,
    20.379561315556117,
    19.723232641608856,
    20.961828121142506,
    19.639746754031425,
    20.305362337381005,
    21.18124198506461,
    18.787008238122016,
    20.287126308691374,
    19.481729237561616,
    20.24038702163702,
    19.11497720695026,
    21.017849811342625,
    20.939236119680704,
    21.15364465140431,
    21.846536629498786,
    20.190612772404315,
    21.24900444291886,
    21.029030327691324,
    20.38861042910561,
    21.168343222757446,
    21.7559476185547,
    20.924941832341233,
    20.51607522147375,
    19.46842838707981,
    18.46500856357943,
    20.33269698175245,
    18.37961638866625,
    18.764499393746313,
    21.072618664712827,
    20.59114530657603,
    19.5500354861798,
    19.54659095732204,
    18.36478841894036,
    21.11847411448675,
    19.44575235496705,
    21.94135136043166,
    20.440691164743306,
    19.62099167381261,
    19.428711808715917,
    20.524575928227875,
    19.216297313524436,
    21.16323397880806,
    19.4605055996452,
    19.44408318416042,
    20.1021005067184,
    20.105705523624717,
    19.579474938799247,
    19.69422001093246,
    20.871994038367575,
    18.748540032387602,
    19.573846903277058,
    20.89145127957635,
    18.675539622950172,
    19.595079425913976,
    19.429394489057053,
    19.72291132726141,
    21.033353078787282,
    20.942602803887617,
    20.72181027407868,
    20.893751499031183,
    21.095883165069814,
    20.1662587519875,
    20.141108437372253,
    21.043708280760004,
    21.157362603881175,
    19.805293579500216,
    21.7559476185547,
    19.88992945416335,
    19.742900544172464,
    20.65706055579979,
    18.83202127350637,
    20.292437823041944,
    19.65469527665894,
    19.586584977179303,
    20.963974102476115,
    19.5275542088841,
    19.86298594549308,
    20.12392227561046,
    19.702602218358955,
    20.893940868281,
    20.20813572005158,
    20.49220709476898,
    20.36255395660002,
    20.269255936549463,
    17.779900345421993,
    20.49222994416752,
    20.323905994896265,
    20.530930769428437,
    20.579961613181784,
    20.412123614931676,
    19.284762926430144,
    21.002456526329222,
    20.095142827920657,
    19.997014142843845,
    19.472391804730403,
    21.849051246795522,
    18.902983607640955,
    19.575693421980667,
    20.366027446993137,
    19.405645980710347,
    21.186452613993907,
    19.115650256463265,
    20.978179928737294,
    18.220370317191588,
    20.265551256570937,
    19.34621432767262,
    19.590944840633362
  ],