{
  "total_s": 4.889674208010547,
  "step_s": 0.0,
  "fit_s": 0.0,
  "eval_s": 0.6446058750734664,
  "plot_s": 0.0,
  "other_s": 0.0,
  "train_s": 4.472617499995977,
  "eval_final_s": 0.20394108298933133,
  "post_s": 0.20847358301398344,
  "steps_per_s": null,
  "updates_per_s": null
}
