{
  "total_s": 6.719871209003031,
  "step_s": 0.0,
  "fit_s": 0.0,
  "eval_s": 0.7687795839156024,
  "plot_s": 0.0,
  "other_s": 0.0,
  "train_s": 5.761158874985995,
  "eval_final_s": 0.7078930419811513,
  "post_s": 0.23656329201185144,
  "steps_per_s": null,
  "updates_per_s": null
}
