{
  "total_s": 8.680635249998886,
  "step_s": 0.0,
  "fit_s": 0.0,
  "eval_s": 1.3560596260940656,
  "plot_s": 0.0,
  "other_s": 0.0,
  "train_s": 7.65756700001657,
  "eval_final_s": 0.5145225829910487,
  "post_s": 0.5005292499845382,
  "steps_per_s": null,
  "updates_per_s": null
}
