{
  "total_s": 6.723404499993194,
  "step_s": 0.0,
  "fit_s": 0.0,
  "eval_s": 0.637255960929906,
  "plot_s": 0.0,
  "other_s": 0.0,
  "train_s": 6.130992332997266,
  "eval_final_s": 0.24431470900890417,
  "post_s": 0.3434855839877855,
  "steps_per_s": null,
  "updates_per_s": null
}
