{
  "total_s": 0.000848833005875349,
  "step_s": 0.0,
  "fit_s": 0.000848833005875349,
  "eval_s": 0.0,
  "plot_s": 0.0,
  "other_s": 0.0,
  "steps_per_s": null,
  "updates_per_s": null
}
