{
  "total_s": 8.787844042002689,
  "step_s": 0.0,
  "fit_s": 0.0,
  "eval_s": 1.3730642481532414,
  "plot_s": 0.0,
  "other_s": 0.0,
  "train_s": 7.765394458983792,
  "eval_final_s": 0.5156810830230825,
  "post_s": 0.49867983302101493,
  "steps_per_s": null,
  "updates_per_s": null
}
