{
  "schema_version": "1.0.0",
  "created_at": "2026-04-19T05:10:17Z",
  "phase": "phase2",
  "task": "chain_regime_shift",
  "algorithm": "ExpectedSARSA",
  "seed": 29,
  "train_steps": 180000,
  "n_transitions": 180000,
  "steps_to_threshold": null,
  "auc_disc_return": 5.95480836478312,
  "final_disc_return_mean": 7.617997160629732,
  "final_10pct_success_rate": 0.0,
  "adaptation_metrics": {
    "change_at_episode": 300,
    "pre_change_auc": 0.0,
    "post_change_auc": 6.618173130772158,
    "lag_to_50pct_recovery": 13,
    "lag_to_75pct_recovery": 33,
    "lag_to_90pct_recovery": null,
    "post_change_optimum": 8.804729468188109
  },
  "shortcut_risky_path_fraction": 0.0,
  "episode_returns": [
    8.640989210065847,
    7.728666382498801,
    6.893786558732314,
    8.546624091604905,
    6.276579452409821,
    8.674716002969966,
    7.730586163558473,
    7.8991002001114135,
    7.184473881814662,
    7.542455056529692,
    8.29552967755067,
    7.103840650373673,
    7.8577570132292935,
    7.812183371848776,
    7.026608810083985,
    6.540976734943743,
    8.697060340136831,
    8.750471866870942,
    7.98439816650405,
    8.773686565584175,
    7.936692926190783,
    8.799880816917257,
    8.192795968700636,
    7.9265655999410916,
    6.9910999213518386,
    8.144107504168256,
    7.261745382532962,
    7.859215147459714,
    6.00024145584253,
    7.236567123533048,
    7.033454231492636,
    8.356643159687355,
    8.748920337022286,
    7.455931767510021,
    8.24510688265398,
    8.805420773863755,
    8.726462797953912,
    8.55068560202817,
    8.522522597253834,
    7.6944059120892145,
    7.933485293235466,
    7.870551712992428,
    5.436817969401185,
    8.494999041389628,
    6.278335135384182,
    7.318849379622878,
    7.982360853347013,
    7.601828512309542,
    7.601661257505896,
    8.376778583865498,
    8.600972336450562,
    8.75325527742532,
    7.375240559903764,
    7.119364223742427,
    6.994462023923104,
    8.029344551898436,
    8.439908160679249,
    7.624098998222587,
    7.383445683846219,
    7.726337624618618,
    8.719665209141914,
    7.068979103506295,
    7.286768413754954,
    7.825951822013931,
    8.768329099770819,
    6.728917749570455,
    6.454759964408072,
    8.78283984364783,
    7.893975999754904,
    6.482019020440331,
    8.82206264575356,
    7.325998154656566,
    7.571220379712074,
    7.9702794943917,
    5.906174751627579,
    7.3473331317460495,
    8.143194268025766,
    8.398509846816227,
    7.4726795725562924,
    7.034596035400077,
    8.054789849463727,
    6.752610028380449,
    6.976750532654754,
    8.752443408400675,
    7.517804176361738,
    8.758838316317483,
    7.78627804678643,
    7.610817599875077,
    7.247462064751229,
    6.582459448608214,
    8.106925052217456,
    8.696297982219999,
    8.712863053282897,
    8.866133224022507,
    7.704112773876129,
    8.037274689529772,
    7.5355215370248985,
    8.306993231508008,
    8.600573755270439,
    8.125377663210275,
    7.040077003122549,
    8.822181090833597,
    6.617237244055382,
    7.291831280460364,
    8.432045235588658,
    6.314078412329651,
    7.627295189772216,
    8.047543569151033,
    7.237710491132578,
    8.75533174791181,
    8.452140601738439,
    8.036078247565904,
    6.2378269665514345,
    7.473234311906699,
    7.542509450659702,
    6.963860650771347,
    7.75085304733059,
    8.746373400284865,
    8.042939405335805,
    8.214584629712922,
    8.539219687863993,
    7.034252372993433,
    8.181559256819833,
    8.757769438602317,
    6.768112827260261,
    8.705610454836433,
    8.084495303986788,
    8.773994582980542,
    8.324351136129179,
    7.023886629966589,
    7.347356009181899,
    8.519029394842711,
    6.902045049484105,
    7.0928864599964205,
    6.387659054686819,
    7.789095177268669,
    8.135147937257939,
    8.392813488864043,
    7.74047652964718,
    8.04505326326725,
    8.06755573171708,
    8.434277261940878,
    8.440222730202791,
    8.262178594788354,
    6.937665339098245,
    8.36437122189802,
    8.039477274454837,
    7.771583043314182,
    8.0779256785052,
    7.77944785399309,
    8.101855622336839,
    8.749525291051905,
    7.254705620551748,
    7.801032166419673,
    7.924042596985176,
    8.146587721592647,
    8.461097243020786,
    7.387385190255549,
    8.370690196991504,
    6.800365913804736,
    6.744038325037434,
    6.676372229474922,
    7.118485368980983,
    8.301609745066141,
    8.774533405092685,
    8.09414979369711,
    8.12999748395506,
    5.518829874919531,
    8.002695013855005,
    6.480233673279439,
    6.616970807298421,
    8.405125088152548,
    8.713799406911143,
    6.546474676557585,
    7.428094546923644,
    8.045254522244747,
    7.452140513821177,
    7.380913098435775,
    7.580985654668193,
    8.299991804702389,
    6.560334492777692,
    6.819177410619484,
    7.293398174977738,
    7.388054803570992,
    8.761459269299253,
    7.6905280919506875,
    7.080809366285721,
    7.242981869952012,
    8.098395385918378,
    6.840459753538555,
    8.531348307008138,
    7.362131312168873,
    8.525833600920208,
    6.508186077390761,
    7.707781707457357,
    8.529724617241689,
    8.416776417978717,
    8.55989523141577,
    8.158251163980514,
    8.80140080316871
  ],