{
  "total_s": 5.982487333007157,
  "step_s": 0.0,
  "fit_s": 0.0,
  "eval_s": 0.6424050419591367,
  "plot_s": 0.0,
  "other_s": 0.0,
  "train_s": 5.567372041987255,
  "eval_final_s": 0.2045220409927424,
  "post_s": 0.20605737500591204,
  "steps_per_s": null,
  "updates_per_s": null
}
