{
  "phase": "phase4",
  "schedule_version": 3,
  "task_family": "dense_chain_cost",
  "scheduler_mode": "stagewise_u",
  "gamma_eval": 0.95,
  "gamma_base": 0.95,
  "sign_family": 1,
  "reward_bound": 0.05,
  "alpha_t": [
    0.24882256911035683,
    0.2476844710799356,
    0.24629424398391456,
    0.24460112781604476,
    0.24254112216294557,
    0.24003241617738094,
    0.3,
    0.2475457219153376,
    0.26,
    0.25838688023493134,
    0.256174696335377,
    0.25314141812173,
    0.24894619763323142,
    0.24303786075277864,
    0.3,
    0.28784723308842874,
    0.2776396354736116,
    0.2959928410210358,
    0.14280500000000002,
    0.14280500000000002
  ],
  "kappa_t": [
    0.9624411284555178,
    0.9623842235539968,
    0.9623147121991957,
    0.9622300563908022,
    0.9621270561081472,
    0.962001620808869,
    0.965,
    0.9623772860957669,
    0.963,
    0.9629193440117465,
    0.9628087348167688,
    0.9626570709060864,
    0.9624473098816615,
    0.9621518930376389,
    0.965,
    0.9643923616544214,
    0.9638819817736806,
    0.9613843400392705,
    0.9554925,
    0.9554925
  ],
  "Bhat_t": [
    1.3913217975787326,
    1.344312664250955,
    1.2955456186164298,
    1.2449623843726902,
    1.1925031615377617,
    1.13810660929452,
    1.0817098295734249,
    1.0199065591434455,
    0.9584666767079707,
    0.8940463932585365,
    0.8272202632672624,
    0.757907813752993,
    0.6860260353475554,
    0.6114890958757192,
    0.534207851790416,
    0.4525469966740062,
    0.36815616837209364,
    0.2807980369900137,
    0.19066051875,
    0.0975,
    0.0
  ],
  "A_t": [
    1.3943126642509551,
    1.3455456186164299,
    1.2949623843726903,
    1.2425031615377617,
    1.18810660929452,
    1.131709829573425,
    1.0699065591434456,
    1.0084666767079706,
    0.9440463932585366,
    0.8772202632672624,
    0.807907813752993,
    0.7360260353475554,
    0.6614890958757192,
    0.584207851790416,
    0.5025469966740063,
    0.41815616837209363,
    0.3307980369900137,
    0.24066051875,
    0.14750000000000002,
    0.05
  ],
  "xi_ref_t": [
    0.38060128056487624,
    0.3782448693261309,
    0.3753664294502093,
    0.3718608632688909,
    0.3675956590921951,
    0.36240142905130485,
    0.356058239208986,
    0.3779575917084864,
    0.40374394759761506,
    0.40040401251096597,
    0.3958237260472841,
    0.38954337876451656,
    0.38085725116929187,
    0.36862414729313503,
    0.35087095385867256,
    0.3238667243399391,
    0.2797389623902875,
    0.19737346302882097,
    0.02,
    0.02
  ],
  "u_target_t": [
    0.01896823714864832,
    0.018863181945840204,
    0.018734853290822882,
    0.018578565644557975,
    0.018388411276579586,
    0.018156838416373625,
    0.01787404181263226,
    0.01885037433064654,
    0.020000000000000004,
    0.019851096637070582,
    0.01964689504634249,
    0.01936690013431354,
    0.01897964901229828,
    0.018434264069487255,
    0.01764277856556385,
    0.01643885678734405,
    0.011164659197466266,
    0.008436238549954234,
    0.002,
    0.002
  ],
  "u_tr_cap_t": [
    0.013413429260253906,
    0.013337135314941406,
    0.013246536254882812,
    0.013136863708496094,
    0.013003349304199219,
    0.012836456298828125,
    0.012636184692382812,
    0.013327598571777344,
    0.014142990112304688,
    0.0140380859375,
    0.013890266418457031,
    0.01369476318359375,
    0.013418197631835938,
    0.013036727905273438,
    0.01247406005859375,
    0.011625289916992188,
    0.006771087646484375,
    0.0051021575927734375,
    0.0,
    0.0
  ],
  "U_safe_ref_t": [
    0.009716781782474728,
    0.009612463282760714,
    0.009485780995047892,
    0.009332607065623343,
    0.009147883053450706,
    0.008925357437271882,
    0.010959385209941394,
    0.009599783104611848,
    0.010770542743277024,
    0.010615188188393871,
    0.010403936706981773,
    0.01011765412046003,
    0.009728146746148492,
    0.009192261488369853,
    0.010799721840054864,
    0.009564813508297451,
    0.007968676134053344,
    0.004611022998078241,
    0.00022545137999577944,
    0.00022545137999577944
  ],
  "u_ref_used_t": [
    0.009716781782474728,
    0.009612463282760714,
    0.009485780995047892,
    0.009332607065623343,
    0.009147883053450706,
    0.008925357437271882,
    0.010959385209941394,
    0.009599783104611848,
    0.010770542743277024,
    0.010615188188393871,
    0.010403936706981773,
    0.01011765412046003,
    0.009728146746148492,
    0.009192261488369853,
    0.010799721840054864,
    0.009564813508297451,
    0.006771087646484375,
    0.004611022998078241,
    0.0,
    0.0
  ],
  "theta_used_t": [
    0.025530081685624893,
    0.025413334224165352,
    0.025270722821274936,
    0.025097040284325318,
    0.024885721110097125,
    0.024628372632626478,
    0.03077975455444764,
    0.025399101156343567,
    0.02667666675219442,
    0.026511193336513205,
    0.026284267522000297,
    0.02597311280851283,
    0.025542763637246096,
    0.02493667752335291,
    0.03077975455444764,
    0.02953317766062922,
    0.024205021669585866,
    0.02336191971969873,
    0.0,
    0.0
  ],
  "beta_used_t": [
    0.030066254512952268,
    0.030253562962548743,
    0.03048555776865768,
    0.030772947894612285,
    0.03113000571791053,
    0.031576186107696365,
    0.03213871695496023,
    0.03027655805957498,
    0.02834285204152177,
    0.028579271465481938,
    0.028909977387389204,
    0.02937607361139798,
    0.0300460472638673,
    0.03104315073618682,
    0.03261385658622616,
    0.035333222308470254,
    0.04090690432122812,
    0.057977677413240454,
    0.5721627484709562,
    0.5721627484709562
  ],
  "trust_clip_active_t": [
    true,
    true,
    true,
    true,
    true,
    true,
    true,
    true,
    true,
    true,
    true,
    true,
    true,
    true,
    true,
    true,
    true,
    true,
    true,
    true
  ],
  "safe_clip_active_t": [
    false,
    false,
    false,
    false,
    false,
    false,
    false,
    false,
    false,
    false,
    false,
    false,
    false,
    false,
    false,
    false,
    false,
    false,
    false,
    false
  ],
  "source_phase": "phase4C_ablation_constant_u",
  "notes": "constant_u ablation: u_const=0.011443, constant_u_clip_count=0",
  "provenance": {
    "git_sha": "fbfc9b1e68f00da6c711fb85148cb8edfd458e85",
    "calibration_code_version": "v3.0",
    "input_hashes": {
      "margins": "df3a4a9af3d3c4c8",
      "p_align": "ed6399bbaa8804c5",
      "n_by_stage": "35d6f04339c16583"
    }
  }
}