{
  "total_s": 4.189184500020929,
  "step_s": 0.0,
  "fit_s": 0.0,
  "eval_s": 0.6303236650128383,
  "plot_s": 0.0,
  "other_s": 0.0,
  "train_s": 3.4783361250010785,
  "eval_final_s": 0.5867892500245944,
  "post_s": 0.11270487500587478,
  "steps_per_s": null,
  "updates_per_s": null
}
