{
  "total_s": 8.822890292009106,
  "step_s": 0.0,
  "fit_s": 0.0,
  "eval_s": 1.3066969639912713,
  "plot_s": 0.0,
  "other_s": 0.0,
  "train_s": 8.148124083993025,
  "eval_final_s": 0.43740079100825824,
  "post_s": 0.22961966702132486,
  "steps_per_s": null,
  "updates_per_s": null
}
