{
  "total_s": 5.402232583001023,
  "step_s": 0.0,
  "fit_s": 0.0,
  "eval_s": 0.6199257900589146,
  "plot_s": 0.0,
  "other_s": 0.0,
  "train_s": 4.58159245798015,
  "eval_final_s": 0.6102128750062548,
  "post_s": 0.19911450002109632,
  "steps_per_s": null,
  "updates_per_s": null
}
