{
  "total_s": 5.642199207999511,
  "step_s": 0.0,
  "fit_s": 0.0,
  "eval_s": 0.6428212478640489,
  "plot_s": 0.0,
  "other_s": 0.0,
  "train_s": 4.7567202920035925,
  "eval_final_s": 0.6378396250074729,
  "post_s": 0.2360508749843575,
  "steps_per_s": null,
  "updates_per_s": null
}
