{
  "total_s": 5.664439582993509,
  "step_s": 0.0,
  "fit_s": 0.0,
  "eval_s": 0.6750479979964439,
  "plot_s": 0.0,
  "other_s": 0.0,
  "train_s": 4.744578374986304,
  "eval_final_s": 0.6750195829954464,
  "post_s": 0.2330304160132073,
  "steps_per_s": null,
  "updates_per_s": null
}
