{
  "total_s": 4.585375583003042,
  "step_s": 0.0,
  "fit_s": 0.0,
  "eval_s": 0.6174956259783357,
  "plot_s": 0.0,
  "other_s": 0.0,
  "train_s": 3.7492230419884436,
  "eval_final_s": 0.6191162920149509,
  "post_s": 0.20563587499782443,
  "steps_per_s": null,
  "updates_per_s": null
}
