{
  "total_s": 4.752189666003687,
  "step_s": 0.0,
  "fit_s": 0.0,
  "eval_s": 0.6425052500562742,
  "plot_s": 0.0,
  "other_s": 0.0,
  "train_s": 3.8711684999871068,
  "eval_final_s": 0.6359203750034794,
  "post_s": 0.2332607080170419,
  "steps_per_s": null,
  "updates_per_s": null
}
