{
  "total_s": 4.999471125018317,
  "step_s": 0.0,
  "fit_s": 0.0,
  "eval_s": 0.3327441669534892,
  "plot_s": 0.0,
  "other_s": 0.0,
  "train_s": 4.618797584000276,
  "eval_final_s": 0.18128020901349373,
  "post_s": 0.19544958299957216,
  "steps_per_s": null,
  "updates_per_s": null
}
