{
  "total_s": 4.517472750005254,
  "step_s": 0.0,
  "fit_s": 0.0,
  "eval_s": 0.6636808340335847,
  "plot_s": 0.0,
  "other_s": 0.0,
  "train_s": 3.7439625000042724,
  "eval_final_s": 0.6396069170004921,
  "post_s": 0.12197958400065545,
  "steps_per_s": null,
  "updates_per_s": null
}
