{
  "total_s": 9.769753667002078,
  "step_s": 0.0,
  "fit_s": 0.0,
  "eval_s": 1.2739787960599642,
  "plot_s": 0.0,
  "other_s": 0.0,
  "train_s": 8.847674459015252,
  "eval_final_s": 0.4791235000011511,
  "post_s": 0.4350730419973843,
  "steps_per_s": null,
  "updates_per_s": null
}
