{
  "total_s": 5.2041169999938575,
  "step_s": 0.0,
  "fit_s": 0.0,
  "eval_s": 0.6884799160179682,
  "plot_s": 0.0,
  "other_s": 0.0,
  "train_s": 4.257796833997418,
  "eval_final_s": 0.6861548329979996,
  "post_s": 0.24787583299621474,
  "steps_per_s": null,
  "updates_per_s": null
}
