{
  "total_s": 7.153678707982181,
  "step_s": 0.0,
  "fit_s": 0.0,
  "eval_s": 0.24309116406948306,
  "plot_s": 0.0,
  "other_s": 0.0,
  "train_s": 6.599745457991958,
  "eval_final_s": 0.13174920799792744,
  "post_s": 0.41975429098238237,
  "steps_per_s": null,
  "updates_per_s": null
}
