{
  "total_s": 6.907348749984521,
  "step_s": 0.0,
  "fit_s": 0.0,
  "eval_s": 0.2342520859092474,
  "plot_s": 0.0,
  "other_s": 0.0,
  "train_s": 6.409020416002022,
  "eval_final_s": 0.12912045899429359,
  "post_s": 0.36674899997888133,
  "steps_per_s": null,
  "updates_per_s": null
}
