{
  "total_s": 4.7432460419950075,
  "step_s": 0.0,
  "fit_s": 0.0,
  "eval_s": 0.6323967929929495,
  "plot_s": 0.0,
  "other_s": 0.0,
  "train_s": 4.074255791987525,
  "eval_final_s": 0.5381000830093399,
  "post_s": 0.11950404199887998,
  "steps_per_s": null,
  "updates_per_s": null
}
