{
  "total_s": 7.487009750009747,
  "step_s": 0.0,
  "fit_s": 0.0,
  "eval_s": 0.28014612491824664,
  "plot_s": 0.0,
  "other_s": 0.0,
  "train_s": 7.115607542014914,
  "eval_final_s": 0.06481949999579228,
  "post_s": 0.3051834579964634,
  "steps_per_s": null,
  "updates_per_s": null
}
