{
  "schema_version": "1.0.0",
  "created_at": "2026-04-19T05:20:19Z",
  "phase": "phase2",
  "task": "grid_regime_shift",
  "algorithm": "QLearning",
  "seed": 47,
  "train_steps": 250000,
  "n_transitions": 250000,
  "steps_to_threshold": 16000,
  "auc_disc_return": 0.5513962081461411,
  "final_disc_return_mean": 0.797963218737777,
  "final_10pct_success_rate": 1.0,
  "adaptation_metrics": {
    "change_at_episode": 200,
    "pre_change_auc": 0.15076978103298508,
    "post_change_auc": 0.5797967353301042,
    "lag_to_50pct_recovery": 0,
    "lag_to_75pct_recovery": 8156,
    "lag_to_90pct_recovery": 10223,
    "post_change_optimum": 0.8145062499999999
  },
  "shortcut_risky_path_fraction": 0.0,
  "episode_returns": [
    0.8145062499999999,
    0.8145062499999999,
    0.8145062499999999,
    0.8145062499999999,
    0.7737809374999998,
    0.8145062499999999,
    0.8145062499999999,
    0.8145062499999999,
    0.5987369392383787,
    0.8145062499999999,
    0.8145062499999999,
    0.8145062499999999,
    0.8145062499999999,
    0.8145062499999999,
    0.8145062499999999,
    0.8145062499999999,
    0.8145062499999999,
    0.7737809374999998,
    0.7737809374999998,
    0.7737809374999998,
    0.8145062499999999,
    0.8145062499999999,
    0.8145062499999999,
    0.6983372960937497,
    0.8145062499999999,
    0.8145062499999999,
    0.7737809374999998,
    0.7737809374999998,
    0.8145062499999999,
    0.8145062499999999,
    0.7737809374999998,
    0.8145062499999999,
    0.8145062499999999,
    0.8145062499999999,
    0.7737809374999998,
    0.8145062499999999,
    0.8145062499999999,
    0.8145062499999999,
    0.7737809374999998,
    0.7737809374999998,
    0.8145062499999999,
    0.8145062499999999,
    0.7737809374999998,
    0.8145062499999999,
    0.8145062499999999,
    0.8145062499999999,
    0.7737809374999998,
    0.8145062499999999,
    0.8145062499999999,
    0.8145062499999999,
    0.8145062499999999,
    0.7737809374999998,
    0.8145062499999999,
    0.7737809374999998,
    0.8145062499999999,
    0.8145062499999999,
    0.7737809374999998,
    0.7737809374999998,
    0.8145062499999999,
    0.8145062499999999,
    0.7737809374999998,
    0.7737809374999998,
    0.8145062499999999,
    0.7737809374999998,
    0.8145062499999999,
    0.8145062499999999,
    0.8145062499999999,
    0.8145062499999999,
    0.7737809374999998,
    0.8145062499999999,
    0.8145062499999999,
    0.8145062499999999,
    0.7737809374999998,
    0.7737809374999998,
    0.8145062499999999,
    0.5133420832795048,
    0.7737809374999998,
    0.8145062499999999,
    0.8145062499999999,
    0.5987369392383787,
    0.6983372960937497,
    0.8145062499999999,
    0.7737809374999998,
    0.7737809374999998,
    0.8145062499999999,
    0.7737809374999998,
    0.8145062499999999,
    0.7737809374999998,
    0.8145062499999999,
    0.7737809374999998,
    0.8145062499999999,
    0.5987369392383787,
    0.7737809374999998,
    0.8145062499999999,
    0.7737809374999998,
    0.8145062499999999,
    0.8145062499999999,
    0.8145062499999999,
    0.8145062499999999,
    0.8145062499999999,
    0.8145062499999999,
    0.7737809374999998,
    0.8145062499999999,
    0.8145062499999999,
    0.8145062499999999,
    0.8145062499999999,
    0.8145062499999999,
    0.8145062499999999,
    0.8145062499999999,
    0.8145062499999999,
    0.8145062499999999,
    0.7737809374999998,
    0.8145062499999999,
    0.7737809374999998,
    0.8145062499999999,
    0.6983372960937497,
    0.8145062499999999,
    0.7737809374999998,
    0.7737809374999998,
    0.7737809374999998,
    0.8145062499999999,
    0.8145062499999999,
    0.8145062499999999,
    0.7737809374999998,
    0.7737809374999998,
    0.7737809374999998,
    0.7737809374999998,
    0.8145062499999999,
    0.5987369392383787,
    0.8145062499999999,
    0.7737809374999998,
    0.8145062499999999,
    0.7737809374999998,
    0.8145062499999999,
    0.5987369392383787,
    0.8145062499999999,
    0.8145062499999999,
    0.8145062499999999,
    0.8145062499999999,
    0.8145062499999999,
    0.8145062499999999,
    0.8145062499999999,
    0.8145062499999999,
    0.7737809374999998,
    0.8145062499999999,
    0.8145062499999999,
    0.7737809374999998,
    0.8145062499999999,
    0.8145062499999999,
    0.8145062499999999,
    0.8145062499999999,
    0.8145062499999999,
    0.6983372960937497,
    0.8145062499999999,
    0.8145062499999999,
    0.8145062499999999,
    0.8145062499999999,
    0.7737809374999998,
    0.8145062499999999,
    0.8145062499999999,
    0.7737809374999998,
    0.8145062499999999,
    0.8145062499999999,
    0.8145062499999999,
    0.8145062499999999,
    0.8145062499999999,
    0.8145062499999999,
    0.5987369392383787,
    0.8145062499999999,
    0.7737809374999998,
    0.8145062499999999,
    0.7737809374999998,
    0.8145062499999999,
    0.7737809374999998,
    0.8145062499999999,
    0.8145062499999999,
    0.8145062499999999,
    0.7737809374999998,
    0.7737809374999998,
    0.8145062499999999,
    0.8145062499999999,
    0.8145062499999999,
    0.8145062499999999,
    0.8145062499999999,
    0.8145062499999999,
    0.8145062499999999,
    0.5987369392383787,
    0.7737809374999998,
    0.7737809374999998,
    0.7737809374999998,
    0.8145062499999999,
    0.8145062499999999,
    0.8145062499999999,
    0.8145062499999999,
    0.8145062499999999,
    0.8145062499999999,
    0.7737809374999998,
    0.8145062499999999,
    0.8145062499999999,
    0.48767497911552954
  ],