{
  "total_s": 6.1855951660254505,
  "step_s": 0.0,
  "fit_s": 0.0,
  "eval_s": 0.29607333391322754,
  "plot_s": 0.0,
  "other_s": 0.0,
  "train_s": 5.8310320830205455,
  "eval_final_s": 0.156985125009669,
  "post_s": 0.1943580410152208,
  "steps_per_s": null,
  "updates_per_s": null
}
