{
  "total_s": 10.762808125000447,
  "step_s": 0.0,
  "fit_s": 0.0,
  "eval_s": 0.5445930439746007,
  "plot_s": 0.0,
  "other_s": 0.0,
  "train_s": 9.654120874998625,
  "eval_final_s": 0.48637195900664665,
  "post_s": 0.6131653749907855,
  "steps_per_s": null,
  "updates_per_s": null
}
