{
  "phase": "phase4",
  "schedule_version": 3,
  "task_family": "dense_chain_cost",
  "scheduler_mode": "stagewise_u",
  "gamma_eval": 0.95,
  "gamma_base": 0.95,
  "sign_family": 1,
  "reward_bound": 0.02,
  "alpha_t": [
    0.24772702100274563,
    0.24659608519076384,
    0.24521456205511608,
    0.24353199906201684,
    0.24148478279899646,
    0.3,
    0.2487006079089331,
    0.26,
    0.25884313390387914,
    0.25724081916592806,
    0.25504322698674964,
    0.2520297069892254,
    0.24786151696497347,
    0.24199086258652794,
    0.3,
    0.28666225206331214,
    0.2743180536587179,
    0.2922024232435068,
    0.14280500000000002,
    0.14280500000000002
  ],
  "kappa_t": [
    0.9623863510501373,
    0.9623298042595382,
    0.9622607281027558,
    0.9621765999531008,
    0.9620742391399498,
    0.965,
    0.9624350303954466,
    0.963,
    0.9629421566951939,
    0.9628620409582964,
    0.9627521613493375,
    0.9626014853494612,
    0.9623930758482486,
    0.9620995431293263,
    0.965,
    0.9643331126031656,
    0.9637159026829358,
    0.9612385547401349,
    0.9554925,
    0.9554925
  ],
  "Bhat_t": [
    0.5567372934744086,
    0.537972398413032,
    0.5185045669420629,
    0.498310440131418,
    0.477366047099676,
    0.45564679862081653,
    0.4317583405397063,
    0.40808815986085756,
    0.38326911719715223,
    0.3575179618043516,
    0.33080332202871343,
    0.3030928765921843,
    0.2743532818218211,
    0.24455005727714932,
    0.21364739100548463,
    0.18098175233728978,
    0.14723309868932907,
    0.11230809659570176,
    0.0762642075,
    0.039,
    0.0
  ],
  "A_t": [
    0.557972398413032,
    0.538504566942063,
    0.518310440131418,
    0.497366047099676,
    0.47564679862081655,
    0.4517583405397063,
    0.4280881598608576,
    0.40326911719715225,
    0.3775179618043516,
    0.35080332202871345,
    0.32309287659218433,
    0.29435328182182113,
    0.2645500572771493,
    0.23364739100548462,
    0.20098175233728977,
    0.16723309868932906,
    0.13230809659570175,
    0.0962642075,
    0.059,
    0.02
  ],
  "xi_ref_t": [
    0.38061166950377795,
    0.37825598414789663,
    0.37537833734869064,
    0.3718736388846406,
    0.3676093850516415,
    0.3624161961790904,
    0.3826396045937145,
    0.4061756993899743,
    0.40376600248898725,
    0.4004284573129352,
    0.39585097761882393,
    0.38957395919513116,
    0.380891818178255,
    0.3686635251113734,
    0.35091613550827216,
    0.3239187144854756,
    0.2797657350582197,
    0.19737346302882094,
    0.02,
    0.02
  ],
  "u_target_t": [
    0.009496493169343409,
    0.009450095802698002,
    0.009393417930466299,
    0.009324389705108384,
    0.009240401345599855,
    0.009138116765200769,
    0.009536435196263921,
    0.01,
    0.009952538826825808,
    0.009886802837576533,
    0.009796645209712806,
    0.009673013620070784,
    0.009502010952409167,
    0.009261163593293454,
    0.008911612605782274,
    0.00837987383237277,
    0.005992548715732797,
    0.00478977016665629,
    0.002,
    0.002
  ],
  "u_tr_cap_t": [
    0.0067138671875,
    0.0066852569580078125,
    0.0066375732421875,
    0.0065898895263671875,
    0.0065326690673828125,
    0.006465911865234375,
    0.0067424774169921875,
    0.007076263427734375,
    0.007038116455078125,
    0.0069904327392578125,
    0.006923675537109375,
    0.0068378448486328125,
    0.0067138671875,
    0.0065517425537109375,
    0.0063037872314453125,
    0.005931854248046875,
    0.003604888916015625,
    0.00286102294921875,
    0.0,
    0.0
  ],
  "U_safe_ref_t": [
    0.009674272870162431,
    0.009570514187264016,
    0.009444506724814491,
    0.009292143152235605,
    0.00910838994196415,
    0.011155081564948946,
    0.009764033188731834,
    0.010835413775465843,
    0.01072321578062911,
    0.010568760734875528,
    0.010358708008847245,
    0.010074021369990787,
    0.009686648679982151,
    0.009153647815068722,
    0.010801112520139905,
    0.00952697630419807,
    0.007874116994518433,
    0.004551987465449478,
    0.00022545137999577944,
    0.00022545137999577944
  ],
  "u_ref_used_t": [
    0.0067138671875,
    0.0066852569580078125,
    0.0066375732421875,
    0.0065898895263671875,
    0.0065326690673828125,
    0.006465911865234375,
    0.0067424774169921875,
    0.007076263427734375,
    0.007038116455078125,
    0.0069904327392578125,
    0.006923675537109375,
    0.0068378448486328125,
    0.0067138671875,
    0.0065517425537109375,
    0.0063037872314453125,
    0.005931854248046875,
    0.003604888916015625,
    0.00286102294921875,
    0.0,
    0.0
  ],
  "theta_used_t": [
    0.017639677722580595,
    0.017673896086714394,
    0.017682355591078842,
    0.01772077619196731,
    0.017770680872211977,
    0.017841122812401026,
    0.01762096065343609,
    0.017421680908931893,
    0.017431176502459712,
    0.017457382490162987,
    0.017490611185950834,
    0.017552109650141808,
    0.017626703612619875,
    0.01777160502040893,
    0.017963799875758957,
    0.018312786457766884,
    0.012885383963355776,
    0.014495479307676619,
    0.0,
    0.0
  ],
  "beta_used_t": [
    0.03161388945537597,
    0.0328203272018228,
    0.03411537607962415,
    0.035629243884466304,
    0.03736108583877736,
    0.039492625174527174,
    0.04116199022921697,
    0.04320112839291558,
    0.046173105033591504,
    0.04976401702585385,
    0.054134932872654785,
    0.05962940022787484,
    0.06662899185901025,
    0.07606164547324974,
    0.08938025301725856,
    0.10950455741890407,
    0.09738923236670899,
    0.1505801552220395,
    0.0,
    0.0
  ],
  "trust_clip_active_t": [
    true,
    true,
    true,
    true,
    true,
    true,
    true,
    true,
    true,
    true,
    true,
    true,
    true,
    true,
    true,
    true,
    true,
    true,
    true,
    true
  ],
  "safe_clip_active_t": [
    false,
    false,
    false,
    false,
    false,
    false,
    false,
    false,
    false,
    false,
    false,
    false,
    false,
    false,
    false,
    false,
    false,
    false,
    false,
    false
  ],
  "source_phase": "phase4_diagnostic_sweep",
  "notes": "Phase IV-B diagnostic sweep (u_max=0.0100) stagewise schedule from classical pilot",
  "provenance": {
    "git_sha": "01a22b9945b1a74a643b82b1f38fefc5e36ee5f8",
    "calibration_code_version": "v3.0",
    "input_hashes": {
      "margins": "5977ae147dbd30a9",
      "p_align": "9d64868be6ade0c3",
      "n_by_stage": "35d6f04339c16583"
    }
  }
}