{
  "total_s": 4.705805292003788,
  "step_s": 0.0,
  "fit_s": 0.0,
  "eval_s": 0.6579088359721936,
  "plot_s": 0.0,
  "other_s": 0.0,
  "train_s": 3.9000493340136018,
  "eval_final_s": 0.5720352090138476,
  "post_s": 0.222013833001256,
  "steps_per_s": null,
  "updates_per_s": null
}
