{
  "total_s": 8.055736459005857,
  "step_s": 0.0,
  "fit_s": 0.0,
  "eval_s": 1.0075186659523752,
  "plot_s": 0.0,
  "other_s": 0.0,
  "train_s": 7.487654084019596,
  "eval_final_s": 0.1576465829857625,
  "post_s": 0.40766541700577363,
  "steps_per_s": null,
  "updates_per_s": null
}
