{
  "total_s": 4.852406999998493,
  "step_s": 0.0,
  "fit_s": 0.0,
  "eval_s": 0.6158978759194724,
  "plot_s": 0.0,
  "other_s": 0.0,
  "train_s": 4.146129166998435,
  "eval_final_s": 0.5805546659976244,
  "post_s": 0.11444079098873772,
  "steps_per_s": null,
  "updates_per_s": null
}
