{
  "total_s": 5.814916625007754,
  "step_s": 0.0,
  "fit_s": 0.0,
  "eval_s": 0.1693532520730514,
  "plot_s": 0.0,
  "other_s": 0.0,
  "train_s": 5.495184583996888,
  "eval_final_s": 0.026018540986115113,
  "post_s": 0.2930246660253033,
  "steps_per_s": null,
  "updates_per_s": null
}
