{
  "total_s": 8.557251749996794,
  "step_s": 0.0,
  "fit_s": 0.0,
  "eval_s": 0.16362066709552892,
  "plot_s": 0.0,
  "other_s": 0.0,
  "train_s": 7.976192166999681,
  "eval_final_s": 0.06491154199466109,
  "post_s": 0.5152438750083093,
  "steps_per_s": null,
  "updates_per_s": null
}
