{
  "total_s": 7.8437072499946225,
  "step_s": 0.0,
  "fit_s": 0.0,
  "eval_s": 0.8458429559832439,
  "plot_s": 0.0,
  "other_s": 0.0,
  "train_s": 7.290598707972094,
  "eval_final_s": 0.14069866700447164,
  "post_s": 0.4100073750014417,
  "steps_per_s": null,
  "updates_per_s": null
}
