{
  "total_s": 7.647721832996467,
  "step_s": 0.0,
  "fit_s": 0.0,
  "eval_s": 0.8398671699978877,
  "plot_s": 0.0,
  "other_s": 0.0,
  "train_s": 7.130284290993586,
  "eval_final_s": 0.13409316699835472,
  "post_s": 0.3810176670085639,
  "steps_per_s": null,
  "updates_per_s": null
}
