{
  "total_s": 5.550092541001504,
  "step_s": 0.0,
  "fit_s": 0.0,
  "eval_s": 0.6474760409910232,
  "plot_s": 0.0,
  "other_s": 0.0,
  "train_s": 4.735203125019325,
  "eval_final_s": 0.5810547079890966,
  "post_s": 0.22195337497396395,
  "steps_per_s": null,
  "updates_per_s": null
}
