{
  "total_s": 5.230123415996786,
  "step_s": 0.0,
  "fit_s": 0.0,
  "eval_s": 0.605722166976193,
  "plot_s": 0.0,
  "other_s": 0.0,
  "train_s": 4.480103832989698,
  "eval_final_s": 0.5370174169947859,
  "post_s": 0.20180170799721964,
  "steps_per_s": null,
  "updates_per_s": null
}
