{
  "total_s": 5.604864583001472,
  "step_s": 0.0,
  "fit_s": 0.0,
  "eval_s": 0.4459487899803207,
  "plot_s": 0.0,
  "other_s": 0.0,
  "train_s": 5.171047832998738,
  "eval_final_s": 0.21610029200382996,
  "post_s": 0.21314004200394265,
  "steps_per_s": null,
  "updates_per_s": null
}
