{
  "schema_version": "1.0.0",
  "created_at": "2026-04-19T04:51:14Z",
  "phase": "phase3",
  "task": "chain_catastrophe",
  "algorithm": "SafeExpectedSARSA",
  "seed": 47,
  "train_steps": 120000,
  "n_transitions": 120000,
  "steps_to_threshold": null,
  "auc_disc_return": 2.8675655355837226,
  "final_disc_return_mean": 3.9792033402321554,
  "final_10pct_success_rate": 0.0,
  "tail_risk_metrics": {
    "return_q05": 0.0,
    "return_q25": 0.0,
    "return_q50": 0.0,
    "return_q75": 0.5526834771623851,
    "return_q95": 0.5526834771623851,
    "cvar_5pct": -2.991844699880028,
    "cvar_10pct": -1.495922349940014,
    "top5pct_mean": 0.9784830806768464,
    "top10pct_mean": 0.7655832789196156,
    "event_rate": 0.026,
    "event_conditioned_return": -5.753547499769284
  },
  "shortcut_risky_path_fraction": 0.476,
  "episode_returns": [
    0.0,
    0.5526834771623851,
    0.0,
    0.5526834771623851,
    0.5526834771623851,
    0.5526834771623851,
    0.5526834771623851,
    0.0,
    0.0,
    0.0,
    2.3084571608951903,
    0.5526834771623851,
    0.5526834771623851,
    0.0,
    0.0,
    0.0,
    0.0,
    0.0,
    0.0,
    0.0,
    0.0,
    0.0,
    0.5526834771623851,
    0.5526834771623851,
    0.5526834771623851,
    0.0,
    0.5526834771623851,
    0.0,
    0.0,
    0.0,
    0.5526834771623851,
    0.0,
    0.0,
    0.0,
    0.5526834771623851,
    0.0,
    0.5526834771623851,
    0.5526834771623851,
    0.0,
    0.0,
    0.5526834771623851,
    0.5526834771623851,
    0.5526834771623851,
    0.0,
    0.0,
    0.0,
    0.0,
    0.0,
    0.0,
    0.0,
    0.0,
    0.0,
    0.5526834771623851,
    0.0,
    0.0,
    0.0,
    0.0,
    0.0,
    0.5526834771623851,
    0.5526834771623851,
    0.0,
    0.5526834771623851,
    0.0,
    0.5526834771623851,
    -5.753547499769285,
    0.0,
    0.0,
    0.0,
    0.0,
    0.5526834771623851,
    0.0,
    0.0,
    0.0,
    0.0,
    0.0,
    0.0,
    0.0,
    0.0,
    0.5526834771623851,
    -5.753547499769285,
    0.0,
    0.0,
    0.5526834771623851,
    0.0,
    0.0,
    0.5526834771623851,
    0.0,
    0.0,
    0.0,
    0.0,
    0.0,
    0.0,
    0.0,
    0.0,
    0.5526834771623851,
    0.0,
    0.0,
    0.0,
    0.0,
    0.5526834771623851,
    0.0,
    0.5526834771623851,
    0.0,
    0.0,
    0.5526834771623851,
    0.0,
    0.0,
    0.0,
    0.0,
    0.0,
    0.0,
    0.0,
    0.0,
    0.0,
    0.0,
    0.0,
    -5.753547499769285,
    0.0,
    0.0,
    0.0,
    -5.753547499769285,
    0.0,
    0.5526834771623851,
    0.0,
    0.0,
    0.0,
    -5.753547499769285,
    0.5526834771623851,
    0.0,
    0.0,
    0.0,
    0.5526834771623851,
    0.0,
    0.5526834771623851,
    0.0,
    0.0,
    0.0,
    0.0,
    0.0,
    0.5526834771623851,
    0.0,
    0.0,
    0.0,
    0.0,
    0.5526834771623851,
    0.0,
    0.0,
    0.5526834771623851,
    0.0,
    0.5526834771623851,
    0.0,
    0.0,
    0.5526834771623851,
    0.0,
    0.0,
    0.0,
    0.0,
    0.0,
    0.5526834771623851,
    0.0,
    0.5526834771623851,
    0.0,
    0.0,
    0.0,
    0.0,
    0.0,
    0.0,
    0.5526834771623851,
    0.5526834771623851,
    0.0,
    0.0,
    0.0,
    0.0,
    0.0,
    0.0,
    0.0,
    0.0,
    0.0,
    0.5526834771623851,
    0.0,
    0.0,
    0.0,
    0.0,
    0.0,
    0.0,
    0.5526834771623851,
    0.0,
    0.0,
    0.0,
    0.5526834771623851,
    0.5526834771623851,
    0.0,
    0.0,
    0.5526834771623851,
    0.0,
    0.0,
    0.5526834771623851,
    0.5526834771623851,
    0.5526834771623851,
    0.0,
    0.0,
    0.0,
    0.5526834771623851,
    0.0,
    0.0,
    0.0,
    0.0,
    0.5526834771623851,
    0.0,
    0.5526834771623851,
    0.0,
    0.5526834771623851,
    0.5526834771623851,
    0.0,
    0.5526834771623851,
    0.0,
    0.0,
    0.0,
    0.0,
    0.0,
    0.0,
    0.0,
    0.0,
    0.0,
    0.0,
    0.0,
    0.0,
    0.5526834771623851,
    0.0,
    0.5526834771623851,
    0.5526834771623851,
    0.5526834771623851,
    0.0,
    0.5526834771623851,
    0.0,
    0.0,
    0.0,
    0.5526834771623851,
    0.5526834771623851,
    0.0,
    0.5526834771623851,
    0.0,
    0.0,
    0.0,
    0.5526834771623851,
    0.0,
    0.0,
    0.0,
    0.0,
    0.0,
    0.0,
    -5.753547499769285,
    0.0,
    0.0,
    0.0,
    0.0,
    0.5526834771623851,
    0.5526834771623851,
    0.0,
    0.0,
    0.5526834771623851,
    0.0,
    0.0,
    0.5526834771623851,
    0.5526834771623851,
    0.0,
    0.0,
    0.0,
    0.0,
    0.0,
    0.0,
    0.0,
    -5.753547499769285,
    0.0,
    0.0,
    0.0,
    0.0,
    -5.753547499769285,
    0.0,
    0.0,
    0.0,
    0.0,
    0.5526834771623851,
    0.0,
    0.0,
    0.0,
    0.0,
    0.0,
    0.0,
    0.5526834771623851,
    0.0,
    0.0,
    0.0,
    0.5526834771623851,
    0.0,
    0.0,
    0.0,
    0.0,
    0.0,
    0.0,
    0.0,
    0.0,
    0.0,
    0.0,
    0.0,
    0.5526834771623851,
    0.5526834771623851,
    0.0,
    0.5526834771623851,
    0.0,
    0.0,
    0.0,
    0.0,
    0.5526834771623851,
    0.5526834771623851,
    0.5526834771623851,
    0.0,
    0.0,
    0.5526834771623851,
    0.0,
    0.0,
    2.8839862666667218,
    0.0,
    0.0,
    0.0,
    0.5526834771623851,
    0.0,
    0.0,
    0.0,
    0.0,
    0.0,
    -5.753547499769285,
    0.0,
    0.5526834771623851,
    0.0,
    0.0,
    0.0,
    0.5526834771623851,
    0.0,
    0.0,
    0.5526834771623851,
    0.0,
    0.0,
    0.0,
    0.0,
    0.0,
    0.0,
    0.0,
    0.0,
    0.0,
    0.0,
    2.8839862666667218,
    0.0,
    -5.753547499769285,
    0.5526834771623851,
    0.0,
    0.0,
    0.5526834771623851,
    0.0,
    0.0,
    0.5526834771623851,
    0.0,
    0.5526834771623851,
    0.0,
    0.0,
    0.5526834771623851,
    0.5526834771623851,
    0.5526834771623851,
    0.0,
    0.0,
    0.0,
    0.0,
    0.0,
    0.5526834771623851,
    0.0,
    0.0,
    0.5526834771623851,
    0.0,
    0.5526834771623851,
    0.0,
    0.5526834771623851,
    0.5526834771623851,
    0.0,
    0.0,
    0.0,
    0.0,
    0.5526834771623851,
    0.0,
    0.5526834771623851,
    0.0,
    0.0,
    0.5526834771623851,
    0.5526834771623851,
    0.0,
    -5.753547499769285,
    0.5526834771623851,
    0.0,
    0.0,
    0.0,
    0.0,
    0.5526834771623851,
    0.0,
    0.0,
    0.0,
    0.5526834771623851,
    0.0,
    0.5526834771623851,
    0.0,
    0.0,
    0.0,
    0.5526834771623851,
    0.0,
    0.5526834771623851,
    0.0,
    0.0,
    0.5526834771623851,
    0.0,
    0.0,
    0.5526834771623851,
    0.0,
    0.0,
    0.0,
    0.5526834771623851,
    0.0,
    0.0,
    -5.753547499769285,
    0.0,
    0.5526834771623851,
    0.5582661385478637,
    0.5526834771623851,
    4.773711640896961,
    0.5526834771623851,
    0.5526834771623851,
    0.0,
    0.0,
    0.0,
    0.5526834771623851,
    0.5526834771623851,
    0.5526834771623851,
    0.0,
    0.0,
    0.0,
    0.0,
    0.0,
    0.0,
    0.5526834771623851,
    0.0,
    0.0,
    0.0,
    0.0,
    0.0,
    0.5526834771623851,
    0.0,
    0.0,
    0.5526834771623851,
    0.5526834771623851,
    0.0,
    0.0,
    0.0,
    0.0,
    0.0,
    0.0,
    0.0,
    0.0,
    0.0,
    0.0,
    0.5526834771623851,
    0.0,
    0.5526834771623851,
    0.5526834771623851,
    0.0,
    0.0,
    0.5526834771623851,
    0.0,
    0.0,
    0.0,
    0.0,
    0.0,
    0.0,
    0.5526834771623851,
    0.0,
    0.0,
    0.5526834771623851,
    0.0,
    0.0,
    0.5526834771623851,
    0.0,
    -5.753547499769285,
    0.0,
    0.0,
    0.0,
    0.5526834771623851,
    0.0,
    0.0,
    0.0,
    0.0,
    0.0,
    0.5526834771623851,
    0.5526834771623851,
    0.0
  ],