{
  "schema_version": "1.0.0",
  "phase": "phase4C",
  "task": "dense_chain_cost_1",
  "algorithm": "safe_q_single_table",
  "seed": 1024,
  "train_steps": 20000,
  "n_transitions": 20000,
  "mean_return": -0.6415140775914574,
  "final_disc_return_mean": -0.6415140775914574,
  "mean_td_error": -0.00867544945863674,
  "std_td_error": 0.017089254816900067,
  "p5_td_error": -0.04949348099477678,
  "p95_td_error": -2.7755575615628914e-17,
  "mean_natural_shift": -0.00155880980012465,
  "std_natural_shift": 0.0012079380385449764,
  "p5_natural_shift": -0.00365858000395519,
  "p95_natural_shift": 0.0,
  "mean_beta_used": 0.03414023924722289,
  "std_beta_used": 0.023814349756885244,
  "p5_beta_used": 0.0,
  "p95_beta_used": 0.07436672849416094,
  "mean_rho": 0.5124310543846218,
  "std_rho": 0.00030180211140592257,
  "p5_rho": 0.5119064273085729,
  "p95_rho": 0.5128205128205129,
  "mean_effective_discount": 0.9507594439499875,
  "std_effective_discount": 0.0005885141172415458,
  "p5_effective_discount": 0.9499999999999998,
  "p95_effective_discount": 0.9517824667482827,
  "stage_mean_td_error": [
    -0.0014694577192722095,
    -0.0037039252137517505,
    -0.005716890932868281,
    -0.006878413998023091,
    -0.00737329144273441,
    -0.007663201501875737,
    -0.007989074819455043,
    -0.008517992709284595,
    -0.008948970124627862,
    -0.009355649367879448,
    -0.009786485827840138,
    -0.010051837633298097,
    -0.010225479605297164,
    -0.010557712516920895,
    -0.010916609012860626,
    -0.01106747416375794,
    -0.01121048954655208,
    -0.011285986766482613,
    -0.01155271063342836,
    -0.009237335636524433
  ],
  "stage_std_td_error": [
    0.006854679049232653,
    0.011237956053529414,
    0.014225598045559408,
    0.015878638731382705,
    0.01661106534305863,
    0.017018159625162857,
    0.01713281425255224,
    0.017432470396336122,
    0.01764645283697726,
    0.017783050721170444,
    0.017898808384328134,
    0.01819556173224197,
    0.018402454205014355,
    0.018397466751851877,
    0.018575085882717564,
    0.01861689161786914,
    0.01878543515801571,
    0.018738996443005283,
    0.018919897800771707,
    0.014361344408738111
  ],
  "stage_mean_natural_shift": [
    -0.0008720275192114731,
    -0.0008329070820122068,
    -0.0008213740262105409,
    -0.0008438428649970701,
    -0.0009022905159845773,
    -0.0009633611405256517,
    -0.0012945447579781567,
    -0.0011359443828369926,
    -0.0012834867646159761,
    -0.0013837806010859115,
    -0.0014942516797394072,
    -0.001625949546317705,
    -0.0017831950965920664,
    -0.001970575372379387,
    -0.0028088037093944,
    -0.0032585662621641073,
    -0.003383249452194586,
    -0.004518045228252786,
    0.0,
    0.0
  ],
  "stage_std_natural_shift": [
    0.0001904490618844558,
    0.00035271245415486333,
    0.0004049668356740593,
    0.0003865272477862932,
    0.0003465105437232757,
    0.000316313428013337,
    0.000382383645339623,
    0.0003170960234505281,
    0.00034830439817913156,
    0.00035713370883821543,
    0.0003726939402673777,
    0.00039906217965542313,
    0.00042338671199693384,
    0.00045578120706573315,
    0.0006524136519858493,
    0.0007356606118269162,
    0.0007536460985522812,
    0.0009759956987271982,
    0.0,
    0.0
  ],
  "stage_mean_beta_used": [
    0.018304367916000826,
    0.018880582576678927,
    0.019507467507026754,
    0.02019073459540788,
    0.020936636047555583,
    0.02175181800136148,
    0.02875375230849497,
    0.02517149500648957,
    0.02823991408177651,
    0.030200452434985422,
    0.03250780731382831,
    0.035256230319631036,
    0.03857346275063237,
    0.04263182744737092,
    0.0611563208259073,
    0.07049614735161151,
    0.0731716000791038,
    0.09707416838059453,
    0.0,
    0.0
  ],
  "stage_std_beta_used": [
    3.469446951953614e-18,
    0.0,
    0.0,
    0.0,
    3.469446951953614e-18,
    6.938893903907228e-18,
    6.938893903907228e-18,
    0.0,
    3.469446951953614e-18,
    3.469446951953614e-18,
    1.3877787807814457e-17,
    6.938893903907228e-18,
    6.938893903907228e-18,
    0.0,
    2.0816681711721685e-17,
    1.3877787807814457e-17,
    0.0,
    1.3877787807814457e-17,
    0.0,
    0.0
  ],
  "stage_mean_rho": [
    0.5126026467352749,
    0.5126124203462581,
    0.5126153016495179,
    0.512609688060951,
    0.5125950855243673,
    0.5125798276081833,
    0.5124970836264509,
    0.5125367090151788,
    0.5124998464760315,
    0.5124747886370921,
    0.5124471879860583,
    0.51241428380695,
    0.5123749965153963,
    0.5123281799466131,
    0.5121187474458604,
    0.5120063719070307,
    0.5119752189580745,
    0.5116916778061226,
    0.5128205128205128,
    0.5128205128205128
  ],
  "stage_std_rho": [
    4.758152759794057e-05,
    8.812073694651979e-05,
    0.0001011758529191865,
    9.656915218873216e-05,
    8.657161429292983e-05,
    7.902729627245015e-05,
    9.553464308375417e-05,
    7.92231224912789e-05,
    8.702039819073413e-05,
    8.922647511361118e-05,
    9.311423546087553e-05,
    9.970230794079636e-05,
    0.00010577989088826251,
    0.00011387379543031967,
    0.00016300311474053253,
    0.00018380329605843194,
    0.0001882973243588988,
    0.00024385516891978814,
    1.1102230246251565e-16,
    1.1102230246251565e-16
  ],
  "stage_mean_effective_discount": [
    0.9504248388662142,
    0.9504057803247967,
    0.9504001617834406,
    0.9504111082811455,
    0.9504395832274841,
    0.9504693361640426,
    0.9506306869284215,
    0.9505534174204014,
    0.9506252993717382,
    0.95067416215767,
    0.9507279834271865,
    0.9507921465764482,
    0.9508687567949771,
    0.9509600491041047,
    0.9513684424805725,
    0.9515875747812904,
    0.9516483230317546,
    0.9522012282780615,
    0.9499999999999996,
    0.9499999999999996
  ],
  "stage_std_effective_discount": [
    9.278397881596762e-05,
    0.0001718354370457259,
    0.00019729291319241335,
    0.0001883098467680239,
    0.00016881464787122318,
    0.0001541032277312738,
    0.00018629255401333758,
    0.00015448508885800146,
    0.0001696897764719455,
    0.00017399162647152718,
    0.00018157275914870366,
    0.00019441950048456672,
    0.00020627078723212515,
    0.00022205390108913635,
    0.00031785607374403555,
    0.000358416427313945,
    0.0003671797824998422,
    0.0004755175793935807,
    2.220446049250313e-16,
    2.220446049250313e-16
  ]
}