{
  "total_s": 5.090951749996748,
  "step_s": 0.0,
  "fit_s": 0.0,
  "eval_s": 0.3976872490020469,
  "plot_s": 0.0,
  "other_s": 0.0,
  "train_s": 4.682667041983223,
  "eval_final_s": 0.20484383299481124,
  "post_s": 0.19894041601219214,
  "steps_per_s": null,
  "updates_per_s": null
}
