{
  "total_s": 7.391715166013455,
  "step_s": 0.0,
  "fit_s": 0.0,
  "eval_s": 0.23299683403456584,
  "plot_s": 0.0,
  "other_s": 0.0,
  "train_s": 7.044190707994858,
  "eval_final_s": 0.05315533297834918,
  "post_s": 0.2932610410207417,
  "steps_per_s": null,
  "updates_per_s": null
}
