{
  "total_s": 0.6715984580077929,
  "step_s": 0.0,
  "fit_s": 0.0,
  "eval_s": 0.15214474996901117,
  "plot_s": 0.0,
  "other_s": 0.0,
  "train_s": 0.6557008750096429,
  "post_s": 0.015858458005823195,
  "steps_per_s": null,
  "updates_per_s": null
}
