{
  "total_s": 4.5529437079967465,
  "step_s": 0.0,
  "fit_s": 0.0,
  "eval_s": 0.6151377909991425,
  "plot_s": 0.0,
  "other_s": 0.0,
  "train_s": 3.7290399159828667,
  "eval_final_s": 0.6065981659921817,
  "post_s": 0.2058995830011554,
  "steps_per_s": null,
  "updates_per_s": null
}
