{
  "total_s": 4.752425499988021,
  "step_s": 0.0,
  "fit_s": 0.0,
  "eval_s": 0.6427867889869958,
  "plot_s": 0.0,
  "other_s": 0.0,
  "train_s": 3.862053040997125,
  "eval_final_s": 0.6466781249910127,
  "post_s": 0.23182045901194215,
  "steps_per_s": null,
  "updates_per_s": null
}
