{
  "total_s": 4.503724209003849,
  "step_s": 0.0,
  "fit_s": 0.0,
  "eval_s": 0.6039237929217052,
  "plot_s": 0.0,
  "other_s": 0.0,
  "train_s": 3.714373374998104,
  "eval_final_s": 0.576468457991723,
  "post_s": 0.201669583999319,
  "steps_per_s": null,
  "updates_per_s": null
}
