{
  "total_s": 4.814164042007178,
  "step_s": 0.0,
  "fit_s": 0.0,
  "eval_s": 0.6511891250847839,
  "plot_s": 0.0,
  "other_s": 0.0,
  "train_s": 3.957332874997519,
  "eval_final_s": 0.6211547499988228,
  "post_s": 0.22393241702229716,
  "steps_per_s": null,
  "updates_per_s": null
}
