{
  "total_s": 0.6776377500063973,
  "step_s": 0.0,
  "fit_s": 0.0,
  "eval_s": 0.15136437595356256,
  "plot_s": 0.0,
  "other_s": 0.0,
  "train_s": 0.6618640840024455,
  "post_s": 0.01573454101162497,
  "steps_per_s": null,
  "updates_per_s": null
}
