{
  "total_s": 8.282819874992128,
  "step_s": 0.0,
  "fit_s": 0.0,
  "eval_s": 1.2940863750409335,
  "plot_s": 0.0,
  "other_s": 0.0,
  "train_s": 7.334684250003193,
  "eval_final_s": 0.494020707992604,
  "post_s": 0.4462762910115998,
  "steps_per_s": null,
  "updates_per_s": null
}
