{
  "total_s": 10.939766833005706,
  "step_s": 0.0,
  "fit_s": 0.0,
  "eval_s": 0.5637084609188605,
  "plot_s": 0.0,
  "other_s": 0.0,
  "train_s": 9.918988499994157,
  "eval_final_s": 0.40957195800729096,
  "post_s": 0.6036336250253953,
  "steps_per_s": null,
  "updates_per_s": null
}
