{
  "total_s": 4.524795250006719,
  "step_s": 0.0,
  "fit_s": 0.0,
  "eval_s": 0.612902788008796,
  "plot_s": 0.0,
  "other_s": 0.0,
  "train_s": 3.773626874986803,
  "eval_final_s": 0.5228647920012008,
  "post_s": 0.21665504199336283,
  "steps_per_s": null,
  "updates_per_s": null
}
