{
  "total_s": 5.54169000001275,
  "step_s": 0.0,
  "fit_s": 0.0,
  "eval_s": 0.6489758381503634,
  "plot_s": 0.0,
  "other_s": 0.0,
  "train_s": 4.65789262499311,
  "eval_final_s": 0.6392888750124257,
  "post_s": 0.23193212499609217,
  "steps_per_s": null,
  "updates_per_s": null
}
