{
  "total_s": 7.194666750001488,
  "step_s": 0.0,
  "fit_s": 0.0,
  "eval_s": 0.29927007987862453,
  "plot_s": 0.0,
  "other_s": 0.0,
  "train_s": 6.631225584016647,
  "eval_final_s": 0.1651785839931108,
  "post_s": 0.3951516659872141,
  "steps_per_s": null,
  "updates_per_s": null
}
