{
  "phase": "phase4",
  "schedule_version": 3,
  "task_family": "dense_chain_cost",
  "scheduler_mode": "stagewise_u",
  "gamma_eval": 0.95,
  "gamma_base": 0.95,
  "sign_family": 1,
  "reward_bound": 0.05,
  "alpha_t": [
    0.14280500000000002,
    0.14280500000000002,
    0.14280500000000002,
    0.14280500000000002,
    0.14280500000000002,
    0.14280500000000002,
    0.14280500000000002,
    0.14280500000000002,
    0.14280500000000002,
    0.14280500000000002,
    0.14280500000000002,
    0.14280500000000002,
    0.14280500000000002,
    0.14280500000000002,
    0.14280500000000002,
    0.14280500000000002,
    0.14280500000000002,
    0.14280500000000002,
    0.14280500000000002,
    0.14280500000000002
  ],
  "kappa_t": [
    0.9554925,
    0.9554925,
    0.9554925,
    0.9554925,
    0.9554925,
    0.9554925,
    0.9554925,
    0.9554925,
    0.9554925,
    0.9554925,
    0.9554925,
    0.9554925,
    0.9554925,
    0.9554925,
    0.9554925,
    0.9554925,
    0.9554925,
    0.9554925,
    0.9554925,
    0.9554925
  ],
  "Bhat_t": [
    1.3093556337389174,
    1.2683047054151837,
    1.2253415965224048,
    1.1803772363701495,
    1.1333184052937617,
    1.0840675413922787,
    1.0325225382640666,
    0.978576533320844,
    0.9221176862412254,
    0.8630289471044779,
    0.8011878137237894,
    0.7364660776759518,
    0.6687295585009321,
    0.5978378255202758,
    0.5236439066976201,
    0.4459939839377285,
    0.3647270741923443,
    0.27967469571173437,
    0.19066051875,
    0.0975,
    0.0
  ],
  "A_t": [
    1.3183047054151837,
    1.2753415965224049,
    1.2303772363701495,
    1.1833184052937618,
    1.1340675413922787,
    1.0825225382640666,
    1.028576533320844,
    0.9721176862412254,
    0.9130289471044779,
    0.8511878137237895,
    0.7864660776759519,
    0.7187295585009321,
    0.6478378255202758,
    0.5736439066976201,
    0.4959939839377285,
    0.4147270741923443,
    0.32967469571173436,
    0.24066051875,
    0.14750000000000002,
    0.05
  ],
  "xi_ref_t": [
    0.4034573058838575,
    0.39979353981596316,
    0.3955768649265093,
    0.3907021295504118,
    0.390695154027186,
    0.42708119650409726,
    0.4245264232411648,
    0.42138921874908986,
    0.4175113055642465,
    0.412673977585405,
    0.40656628346930124,
    0.3987307399860691,
    0.3884655912212917,
    0.37463678575824677,
    0.35528467724746465,
    0.3267058227724,
    0.2809587790777572,
    0.19737346302882097,
    0.02,
    0.02
  ],
  "u_target_t": [
    0.01900433445760416,
    0.01884991934927835,
    0.018672201040367875,
    0.018466747750717105,
    0.0184664537564624,
    0.020000000000000004,
    0.019892325114968294,
    0.019760102761655657,
    0.019596662090657836,
    0.019392785393833253,
    0.019135367144119196,
    0.018805126000625477,
    0.018372485370978325,
    0.01778964889779161,
    0.016974024243638204,
    0.015769524057814108,
    0.011361483366635715,
    0.008628842159940055,
    0.002,
    0.002
  ],
  "u_tr_cap_t": [
    0.013437271118164062,
    0.013327598571777344,
    0.013203620910644531,
    0.013055801391601562,
    0.013055801391601562,
    0.014142990112304688,
    0.014066696166992188,
    0.013971328735351562,
    0.013856887817382812,
    0.013713836669921875,
    0.013532638549804688,
    0.013294219970703125,
    0.012989044189453125,
    0.012578964233398438,
    0.012001991271972656,
    0.011148452758789062,
    0.0071430206298828125,
    0.0054454803466796875,
    0.0,
    0.0
  ],
  "U_safe_ref_t": [
    0.004548000319044749,
    0.004506700263245325,
    0.0044591675046042785,
    0.004404216713721507,
    0.004404138081654635,
    0.004814302256104869,
    0.004785503398219647,
    0.004750139044116284,
    0.0047064250001649455,
    0.004651895886748846,
    0.004583046483395461,
    0.00449471977882988,
    0.004379005181085828,
    0.004223119017318995,
    0.004004971038839801,
    0.0036828139298347063,
    0.003167127223250484,
    0.0022249059807196822,
    0.00022545137999577944,
    0.00022545137999577944
  ],
  "u_ref_used_t": [
    0.004548000319044749,
    0.004506700263245325,
    0.0044591675046042785,
    0.004404216713721507,
    0.004404138081654635,
    0.004814302256104869,
    0.004785503398219647,
    0.004750139044116284,
    0.0047064250001649455,
    0.004651895886748846,
    0.004583046483395461,
    0.00449471977882988,
    0.004379005181085828,
    0.004223119017318995,
    0.004004971038839801,
    0.0036828139298347063,
    0.003167127223250484,
    0.0022249059807196822,
    0.0,
    0.0
  ],
  "theta_used_t": [
    0.011272568999788972,
    0.011272568999788972,
    0.011272568999788972,
    0.011272568999788972,
    0.011272568999788972,
    0.011272568999788972,
    0.011272568999788974,
    0.011272568999788972,
    0.01127256899978897,
    0.011272568999788972,
    0.011272568999788972,
    0.011272568999788972,
    0.011272568999788972,
    0.011272568999788972,
    0.011272568999788972,
    0.011272568999788972,
    0.011272568999788972,
    0.011272568999788972,
    0.0,
    0.0
  ],
  "beta_used_t": [
    0.008550806921559774,
    0.00883886249027473,
    0.009161880329520098,
    0.009526234823492439,
    0.009939945010638255,
    0.010413241850710717,
    0.010959387692226027,
    0.011595889221371237,
    0.012346343492764474,
    0.013243339270182411,
    0.01433319162741259,
    0.01568402031954882,
    0.017400294573315506,
    0.019650812757139566,
    0.022727229290757347,
    0.027180692318536506,
    0.034193006458844634,
    0.04684012590988804,
    0.0,
    0.0
  ],
  "trust_clip_active_t": [
    true,
    true,
    true,
    true,
    true,
    true,
    true,
    true,
    true,
    true,
    true,
    true,
    true,
    true,
    true,
    true,
    true,
    true,
    true,
    true
  ],
  "safe_clip_active_t": [
    false,
    false,
    false,
    false,
    false,
    false,
    false,
    false,
    false,
    false,
    false,
    false,
    false,
    false,
    false,
    false,
    false,
    false,
    false,
    false
  ],
  "source_phase": "phase4C_ablation_adaptive_headroom_off",
  "notes": "Phase IV-C ablation: adaptive_headroom_off",
  "provenance": {
    "git_sha": "01a22b9945b1a74a643b82b1f38fefc5e36ee5f8",
    "calibration_code_version": "v3.0",
    "input_hashes": {
      "margins": "e7d6b71300293fae",
      "p_align": "071c86d5d2228b8c",
      "n_by_stage": "35d6f04339c16583"
    }
  }
}