{
  "task_family": "grid_regime_shift",
  "gamma": 0.99,
  "sign": 1,
  "source_phase": "phase2",
  "reward_bound": 1.0,
  "ablation_type": "alpha_constant_0.02",
  "alpha_t": [
    0.02,
    0.02,
    0.02,
    0.02,
    0.02,
    0.02,
    0.02,
    0.02,
    0.02,
    0.02,
    0.02,
    0.02,
    0.02,
    0.02,
    0.02,
    0.02,
    0.02,
    0.02,
    0.02,
    0.02,
    0.02,
    0.02,
    0.02,
    0.02,
    0.02,
    0.02,
    0.02,
    0.02,
    0.02,
    0.02,
    0.02,
    0.02,
    0.02,
    0.02,
    0.02,
    0.02,
    0.02,
    0.02,
    0.02,
    0.02,
    0.02,
    0.02,
    0.02,
    0.02,
    0.02,
    0.02,
    0.02,
    0.02,
    0.02,
    0.02,
    0.02,
    0.02,
    0.02,
    0.02,
    0.02,
    0.02,
    0.02,
    0.02,
    0.02,
    0.02,
    0.02,
    0.02,
    0.02,
    0.02,
    0.02,
    0.02,
    0.02,
    0.02,
    0.02,
    0.02,
    0.02,
    0.02,
    0.02,
    0.02,
    0.02,
    0.02,
    0.02,
    0.02,
    0.02,
    0.02
  ],
  "kappa_t": [
    0.9902,
    0.9902,
    0.9902,
    0.9902,
    0.9902,
    0.9902,
    0.9902,
    0.9902,
    0.9902,
    0.9902,
    0.9902,
    0.9902,
    0.9902,
    0.9902,
    0.9902,
    0.9902,
    0.9902,
    0.9902,
    0.9902,
    0.9902,
    0.9902,
    0.9902,
    0.9902,
    0.9902,
    0.9902,
    0.9902,
    0.9902,
    0.9902,
    0.9902,
    0.9902,
    0.9902,
    0.9902,
    0.9902,
    0.9902,
    0.9902,
    0.9902,
    0.9902,
    0.9902,
    0.9902,
    0.9902,
    0.9902,
    0.9902,
    0.9902,
    0.9902,
    0.9902,
    0.9902,
    0.9902,
    0.9902,
    0.9902,
    0.9902,
    0.9902,
    0.9902,
    0.9902,
    0.9902,
    0.9902,
    0.9902,
    0.9902,
    0.9902,
    0.9902,
    0.9902,
    0.9902,
    0.9902,
    0.9902,
    0.9902,
    0.9902,
    0.9902,
    0.9902,
    0.9902,
    0.9902,
    0.9902,
    0.9902,
    0.9902,
    0.9902,
    0.9902,
    0.9902,
    0.9902,
    0.9902,
    0.9902,
    0.9902,
    0.9902
  ],
  "Bhat_t": [
    110.7061505479907,
    109.79211325791832,
    108.86902974946307,
    107.93681049228749,
    106.99536506997323,
    106.04460217125151,
    105.08442958114676,
    104.11475417203269,
    103.13548189459978,
    102.14651776873337,
    101.14776587430154,
    100.1391293418517,
    99.12051034321522,
    98.09181008201901,
    97.05292878410323,
    96.00376568784411,
    94.94421903438105,
    93.87418605774698,
    92.79356297490102,
    91.70224497566252,
    90.60012621254548,
    89.48709979049231,
    88.36305775650608,
    87.22789108918005,
    86.08148968812367,
    84.92374236328386,
    83.75453682416065,
    82.57375966891604,
    81.38129637337512,
    80.17703127991832,
    78.96084758626371,
    77.73262733413827,
    76.49225139783708,
    75.23959947266924,
    73.97455006328948,
    72.69698047191424,
    71.40676678642117,
    70.10378386833082,
    68.78790534066938,
    67.45900357571136,
    66.11694968260086,
    64.76161349485041,
    63.39286355771603,
    62.010567115447415,
    60.61459009841185,
    59.204797110090745,
    57.78105141394743,
    56.343214920165046,
    54.891148172253125,
    53.42471033352164,
    51.943759173421164,
    50.44815105374789,
    48.93774091471207,
    47.41238226086858,
    45.871927146908284,
    44.316226163308706,
    42.745128421842765,
    41.15848154094402,
    39.556131630927105,
    37.93792327906191,
    36.30369953450001,
    34.65330189305192,
    32.98657028181369,
    31.303343043641377,
    29.603456921471803,
    27.88674704248819,
    26.153046902129056,
    24.402188347938857,
    22.634001563258796,
    20.84831505075621,
    19.04495561579096,
    17.22374834961721,
    15.384516612418915,
    13.527082016177454,
    11.651264407369677,
    9.756881849494725,
    7.843750605427919,
    5.9116851195999995,
    3.960498,
    1.99,
    0.0
  ],
  "margin_quantile": 0.75,
  "informativeness_t": [
    0.0,
    0.0,
    0.0,
    0.4114541192207718,
    0.7486989887386163,
    0.8545925522519511,
    0.9490714630945282,
    0.8060493356864747,
    0.7162499829302482,
    0.9610148156000152,
    0.6850094164005166,
    0.9999999998162851,
    0.44299411692563007,
    0.7751672185292365,
    0.9769813037123848,
    0.3430565703848638,
    0.2269666782272514,
    0.5296770771848572,
    0.30421084316250296,
    0.6945771590069381,
    0.6303188310044235,
    0.7226485284565148,
    0.4893425482547358,
    0.43657310233927804,
    0.4352836672265534,
    0.2303367552771805,
    0.2256228211051947,
    0.27007054563911687,
    0.2758672006553299,
    0.16643272842279022,
    0.17587288707005383,
    0.33402215340991986,
    0.26137219667587586,
    0.15742148531831493,
    0.14830252039249758,
    0.12225922758344573,
    0.15476665214648164,
    0.1796946304742785,
    0.1057627680403552,
    0.1784214921910659,
    0.0878544338474299,
    0.25288169968989055,
    0.1473314830290553,
    0.0804864122353361,
    0.10680965453846633,
    0.1432473420845407,
    0.20511332004302596,
    0.0952579209536518,
    0.1264186436357126,
    0.159800790901729,
    0.12674626136369277,
    0.07714706565226374,
    0.18625637422867886,
    0.04978011264580582,
    0.12484822460141674,
    0.2991626780380818,
    0.15493964820811443,
    0.2456778640002129,
    0.5718399134866006,
    0.27774233910533874,
    0.09444270346603441,
    0.10641408347629422,
    0.10909766828600194,
    0.1551561303949574,
    0.17600205094997579,
    0.11319868968637285,
    0.2273389368236058,
    0.03792978883884821,
    0.15862796801036638,
    0.11021542530208224,
    0.13176731478224002,
    0.08422711316344185,
    0.07668930124343507,
    0.12879669162590648,
    0.11700244242194714,
    0.15226643943335996,
    0.1077670337082044,
    0.07771673443144028,
    0.2996977002812654,
    0.28755271862551346
  ],
  "d_target_t": [
    0.891,
    0.891,
    0.891,
    0.7280641687885744,
    0.5945152004595079,
    0.5525813493082273,
    0.5151677006145668,
    0.571804463068156,
    0.6073650067596217,
    0.5104381330223939,
    0.6197362711053954,
    0.49500000007275113,
    0.7155743296974505,
    0.5840337814624224,
    0.5041154037298956,
    0.7551495981275939,
    0.8011211954220084,
    0.6812478774347965,
    0.7705325061076488,
    0.6159474450332525,
    0.6413937429222483,
    0.6048311827312202,
    0.6972203508911246,
    0.7181170514736459,
    0.7186276677782849,
    0.7997866449102364,
    0.8016533628423429,
    0.7840520639269097,
    0.7817565885404893,
    0.825092639544575,
    0.8213543367202586,
    0.7587272272496717,
    0.7874966101163532,
    0.8286610918139472,
    0.832272201924571,
    0.8425853458769554,
    0.8297124057499933,
    0.8198409263321857,
    0.8491179438560194,
    0.8203450890923379,
    0.8562096441964178,
    0.7908588469228034,
    0.8326567327204941,
    0.8591273807548069,
    0.8487033768027673,
    0.8342740525345219,
    0.8097751252629617,
    0.8532778633023539,
    0.8409382171202578,
    0.8277188868029153,
    0.8408084804999776,
    0.8604497620017035,
    0.8172424758054431,
    0.8712870753922609,
    0.8415601030578389,
    0.7725315794969196,
    0.8296438993095867,
    0.7937115658559156,
    0.6645513942593062,
    0.7810140337142859,
    0.8536006894274504,
    0.8488600229433875,
    0.8477973233587432,
    0.8295581723635969,
    0.8213031878238096,
    0.8461733188841963,
    0.8009737810178521,
    0.8759798036198161,
    0.8281833246678949,
    0.8473546915803755,
    0.8388201433462329,
    0.857646063187277,
    0.8606310367075997,
    0.839996510116141,
    0.8446670328009089,
    0.8307024899843894,
    0.848324254651551,
    0.8602241731651497,
    0.7723197106886189,
    0.7771291234242966
  ],