{
  "task_family": "grid_regime_shift",
  "gamma": 0.99,
  "sign": 1,
  "source_phase": "phase2",
  "reward_bound": 1.0,
  "ablation_type": "alpha_constant_0.20",
  "alpha_t": [
    0.2,
    0.2,
    0.2,
    0.2,
    0.2,
    0.2,
    0.2,
    0.2,
    0.2,
    0.2,
    0.2,
    0.2,
    0.2,
    0.2,
    0.2,
    0.2,
    0.2,
    0.2,
    0.2,
    0.2,
    0.2,
    0.2,
    0.2,
    0.2,
    0.2,
    0.2,
    0.2,
    0.2,
    0.2,
    0.2,
    0.2,
    0.2,
    0.2,
    0.2,
    0.2,
    0.2,
    0.2,
    0.2,
    0.2,
    0.2,
    0.2,
    0.2,
    0.2,
    0.2,
    0.2,
    0.2,
    0.2,
    0.2,
    0.2,
    0.2,
    0.2,
    0.2,
    0.2,
    0.2,
    0.2,
    0.2,
    0.2,
    0.2,
    0.2,
    0.2,
    0.2,
    0.2,
    0.2,
    0.2,
    0.2,
    0.2,
    0.2,
    0.2,
    0.2,
    0.2,
    0.2,
    0.2,
    0.2,
    0.2,
    0.2,
    0.2,
    0.2,
    0.2,
    0.2,
    0.2
  ],
  "kappa_t": [
    0.992,
    0.992,
    0.992,
    0.992,
    0.992,
    0.992,
    0.992,
    0.992,
    0.992,
    0.992,
    0.992,
    0.992,
    0.992,
    0.992,
    0.992,
    0.992,
    0.992,
    0.992,
    0.992,
    0.992,
    0.992,
    0.992,
    0.992,
    0.992,
    0.992,
    0.992,
    0.992,
    0.992,
    0.992,
    0.992,
    0.992,
    0.992,
    0.992,
    0.992,
    0.992,
    0.992,
    0.992,
    0.992,
    0.992,
    0.992,
    0.992,
    0.992,
    0.992,
    0.992,
    0.992,
    0.992,
    0.992,
    0.992,
    0.992,
    0.992,
    0.992,
    0.992,
    0.992,
    0.992,
    0.992,
    0.992,
    0.992,
    0.992,
    0.992,
    0.992,
    0.992,
    0.992,
    0.992,
    0.992,
    0.992,
    0.992,
    0.992,
    0.992,
    0.992,
    0.992,
    0.992,
    0.992,
    0.992,
    0.992,
    0.992,
    0.992,
    0.992,
    0.992,
    0.992,
    0.992
  ],
  "Bhat_t": [
    117.92315692451014,
    116.86810173841748,
    115.80453804275956,
    114.73239722052375,
    113.65161010133443,
    112.56210695699036,
    111.4638174969661,
    110.35667086387713,
    109.2405956289084,
    108.11551978720605,
    106.98137075323191,
    105.83807535608057,
    104.68555983475864,
    103.52374983342605,
    102.35257039659885,
    101.17194596431337,
    99.98180036725138,
    98.78205682182599,
    97.57263792522782,
    96.35346565043127,
    95.12446134116057,
    93.8855457068151,
    92.63663881735393,
    91.37766009813905,
    90.10852832473695,
    88.82916161767838,
    87.53947743717579,
    86.23939257779818,
    84.92882316310302,
    83.60768464022482,
    82.27589177442019,
    80.93335864356874,
    79.57999863262978,
    78.21572442805422,
    76.84044801215143,
    75.45408065741071,
    74.05653292077693,
    72.64771463787997,
    71.22753491721772,
    69.79590213429206,
    68.35272392569765,
    66.89790718316296,
    65.43135804754331,
    63.952981902765444,
    62.46268336972323,
    60.96036630012422,
    59.44593377028651,
    57.91928807488559,
    56.3803307206508,
    54.82896242001088,
    53.265083084688385,
    51.68859181924232,
    50.099386914558785,
    48.497365841289096,
    46.88242524323498,
    45.254460930680416,
    43.61336787366977,
    41.95904019523162,
    40.291371164548,
    38.61025319006855,
    36.9155778125691,
    35.20723569815433,
    33.48511663120396,
    31.749109507262055,
    29.99910232586901,
    28.2349821833357,
    26.456635265459376,
    24.663946840180824,
    22.856801250182283,
    21.03508190542569,
    19.19867127563074,
    17.347450882692282,
    15.481301293036577,
    13.600102109915904,
    11.703731965641031,
    9.79206851375104,
    7.8649884211200005,
    5.92236736,
    3.96408,
    1.99,
    0.0
  ],
  "margin_quantile": 0.75,
  "informativeness_t": [
    0.0,
    0.0,
    0.0,
    0.4114541192207718,
    0.7486989887386163,
    0.8545925522519511,
    0.9490714630945282,
    0.8060493356864747,
    0.7162499829302482,
    0.9610148156000152,
    0.6850094164005166,
    0.9999999998162851,
    0.44299411692563007,
    0.7751672185292365,
    0.9769813037123848,
    0.3430565703848638,
    0.2269666782272514,
    0.5296770771848572,
    0.30421084316250296,
    0.6945771590069381,
    0.6303188310044235,
    0.7226485284565148,
    0.4893425482547358,
    0.43657310233927804,
    0.4352836672265534,
    0.2303367552771805,
    0.2256228211051947,
    0.27007054563911687,
    0.2758672006553299,
    0.16643272842279022,
    0.17587288707005383,
    0.33402215340991986,
    0.26137219667587586,
    0.15742148531831493,
    0.14830252039249758,
    0.12225922758344573,
    0.15476665214648164,
    0.1796946304742785,
    0.1057627680403552,
    0.1784214921910659,
    0.0878544338474299,
    0.25288169968989055,
    0.1473314830290553,
    0.0804864122353361,
    0.10680965453846633,
    0.1432473420845407,
    0.20511332004302596,
    0.0952579209536518,
    0.1264186436357126,
    0.159800790901729,
    0.12674626136369277,
    0.07714706565226374,
    0.18625637422867886,
    0.04978011264580582,
    0.12484822460141674,
    0.2991626780380818,
    0.15493964820811443,
    0.2456778640002129,
    0.5718399134866006,
    0.27774233910533874,
    0.09444270346603441,
    0.10641408347629422,
    0.10909766828600194,
    0.1551561303949574,
    0.17600205094997579,
    0.11319868968637285,
    0.2273389368236058,
    0.03792978883884821,
    0.15862796801036638,
    0.11021542530208224,
    0.13176731478224002,
    0.08422711316344185,
    0.07668930124343507,
    0.12879669162590648,
    0.11700244242194714,
    0.15226643943335996,
    0.1077670337082044,
    0.07771673443144028,
    0.2996977002812654,
    0.28755271862551346
  ],
  "d_target_t": [
    0.891,
    0.891,
    0.891,
    0.7280641687885744,
    0.5945152004595079,
    0.5525813493082273,
    0.5151677006145668,
    0.571804463068156,
    0.6073650067596217,
    0.5104381330223939,
    0.6197362711053954,
    0.49500000007275113,
    0.7155743296974505,
    0.5840337814624224,
    0.5041154037298956,
    0.7551495981275939,
    0.8011211954220084,
    0.6812478774347965,
    0.7705325061076488,
    0.6159474450332525,
    0.6413937429222483,
    0.6048311827312202,
    0.6972203508911246,
    0.7181170514736459,
    0.7186276677782849,
    0.7997866449102364,
    0.8016533628423429,
    0.7840520639269097,
    0.7817565885404893,
    0.825092639544575,
    0.8213543367202586,
    0.7587272272496717,
    0.7874966101163532,
    0.8286610918139472,
    0.832272201924571,
    0.8425853458769554,
    0.8297124057499933,
    0.8198409263321857,
    0.8491179438560194,
    0.8203450890923379,
    0.8562096441964178,
    0.7908588469228034,
    0.8326567327204941,
    0.8591273807548069,
    0.8487033768027673,
    0.8342740525345219,
    0.8097751252629617,
    0.8532778633023539,
    0.8409382171202578,
    0.8277188868029153,
    0.8408084804999776,
    0.8604497620017035,
    0.8172424758054431,
    0.8712870753922609,
    0.8415601030578389,
    0.7725315794969196,
    0.8296438993095867,
    0.7937115658559156,
    0.6645513942593062,
    0.7810140337142859,
    0.8536006894274504,
    0.8488600229433875,
    0.8477973233587432,
    0.8295581723635969,
    0.8213031878238096,
    0.8461733188841963,
    0.8009737810178521,
    0.8759798036198161,
    0.8281833246678949,
    0.8473546915803755,
    0.8388201433462329,
    0.857646063187277,
    0.8606310367075997,
    0.839996510116141,
    0.8446670328009089,
    0.8307024899843894,
    0.848324254651551,
    0.8602241731651497,
    0.7723197106886189,
    0.7771291234242966
  ],