{
  "task_family": "grid_regime_shift",
  "gamma": 0.99,
  "sign": 1,
  "source_phase": "phase2",
  "reward_bound": 1.0,
  "ablation_type": "alpha_constant_0.10",
  "alpha_t": [
    0.1,
    0.1,
    0.1,
    0.1,
    0.1,
    0.1,
    0.1,
    0.1,
    0.1,
    0.1,
    0.1,
    0.1,
    0.1,
    0.1,
    0.1,
    0.1,
    0.1,
    0.1,
    0.1,
    0.1,
    0.1,
    0.1,
    0.1,
    0.1,
    0.1,
    0.1,
    0.1,
    0.1,
    0.1,
    0.1,
    0.1,
    0.1,
    0.1,
    0.1,
    0.1,
    0.1,
    0.1,
    0.1,
    0.1,
    0.1,
    0.1,
    0.1,
    0.1,
    0.1,
    0.1,
    0.1,
    0.1,
    0.1,
    0.1,
    0.1,
    0.1,
    0.1,
    0.1,
    0.1,
    0.1,
    0.1,
    0.1,
    0.1,
    0.1,
    0.1,
    0.1,
    0.1,
    0.1,
    0.1,
    0.1,
    0.1,
    0.1,
    0.1,
    0.1,
    0.1,
    0.1,
    0.1,
    0.1,
    0.1,
    0.1,
    0.1,
    0.1,
    0.1,
    0.1,
    0.1
  ],
  "kappa_t": [
    0.991,
    0.991,
    0.991,
    0.991,
    0.991,
    0.991,
    0.991,
    0.991,
    0.991,
    0.991,
    0.991,
    0.991,
    0.991,
    0.991,
    0.991,
    0.991,
    0.991,
    0.991,
    0.991,
    0.991,
    0.991,
    0.991,
    0.991,
    0.991,
    0.991,
    0.991,
    0.991,
    0.991,
    0.991,
    0.991,
    0.991,
    0.991,
    0.991,
    0.991,
    0.991,
    0.991,
    0.991,
    0.991,
    0.991,
    0.991,
    0.991,
    0.991,
    0.991,
    0.991,
    0.991,
    0.991,
    0.991,
    0.991,
    0.991,
    0.991,
    0.991,
    0.991,
    0.991,
    0.991,
    0.991,
    0.991,
    0.991,
    0.991,
    0.991,
    0.991,
    0.991,
    0.991,
    0.991,
    0.991,
    0.991,
    0.991,
    0.991,
    0.991,
    0.991,
    0.991,
    0.991,
    0.991,
    0.991,
    0.991,
    0.991,
    0.991,
    0.991,
    0.991,
    0.991,
    0.991
  ],
  "Bhat_t": [
    113.83502362322209,
    112.8607705582463,
    111.87766958450688,
    110.8856403476356,
    109.88460176350718,
    108.87447201161169,
    107.855168528367,
    106.82660800037034,
    105.78870635758865,
    104.74137876648705,
    103.6845396230949,
    102.618102546009,
    101.541980369333,
    100.45608513555298,
    99.36032808834813,
    98.25461966533615,
    97.13886949075294,
    96.01298636806554,
    94.87687827251821,
    93.73045234361071,
    92.57361487750829,
    91.40627131938274,
    90.2283262556839,
    89.03968340634097,
    87.84024561689301,
    86.62991485054795,
    85.40859218016948,
    84.17617778019121,
    82.93257091845733,
    81.67766994798924,
    80.41137229867735,
    79.13357446889744,
    77.8441720170509,
    76.54305955302816,
    75.23013072959452,
    73.9052782336978,
    72.56839377769708,
    71.2193680905117,
    69.8580909086899,
    68.48445096739648,
    67.09833599131835,
    65.69963268548774,
    64.28822672602195,
    62.864002750778965,
    61.42684434992832,
    59.97663405643624,
    58.513253336464416,
    57.03658257968155,
    55.54650108948693,
    54.04288707314524,
    52.52561763183172,
    50.994568750587,
    49.449615288180624,
    47.89063096688257,
    46.317488362141845,
    44.730058892171385,
    43.12821280743833,
    41.51181918005886,
    39.88074589309673,
    38.23485962976461,
    36.57402586252735,
    34.8981088421063,
    33.20697158638376,
    31.50047586920662,
    29.77848220908842,
    28.0408498578087,
    26.28743678890888,
    24.518099686083634,
    22.732693931466837,
    20.93107359381114,
    19.11309141656018,
    17.278598805812496,
    15.427445818176082,
    13.559481148512695,
    11.674552117570833,
    9.77250465950639,
    7.85318330929,
    5.91643119,
    3.96209,
    1.99,
    0.0
  ],
  "margin_quantile": 0.75,
  "informativeness_t": [
    0.0,
    0.0,
    0.0,
    0.06965691618204677,
    0.4196833496835415,
    0.6241332372443503,
    0.8548634426841918,
    0.5237027725635213,
    0.36744629596923484,
    0.8875447291248877,
    0.32143238039166044,
    0.9999999993799406,
    0.08693484339762006,
    0.4657857468716793,
    0.9325212955140999,
    0.0403735766380397,
    0.011691932642415267,
    0.14860503870360375,
    0.028152960395363778,
    0.33509001937582816,
    0.2504268242166848,
    0.37738216176665274,
    0.11717607261254435,
    0.08320911917711016,
    0.08247401081953538,
    0.012220521348676338,
    0.011485478032793171,
    0.019698432361385045,
    0.020994242229903808,
    0.004610162126403763,
    0.0054399721784812085,
    0.03726711852658878,
    0.017855752748878247,
    0.003901144322531844,
    0.0032617118817462785,
    0.001827447642161947,
    0.0037070817603137604,
    0.005802368408519636,
    0.0011830372683944367,
    0.005679910618360487,
    0.0006780957980415459,
    0.016171570765757728,
    0.003198060544048222,
    0.0005213960132131744,
    0.0012185168277299542,
    0.0029394069551974796,
    0.008629419722765765,
    0.0008643771860355112,
    0.0020203814815376395,
    0.004080719781513219,
    0.0020361298621637595,
    0.00045915385604465716,
    0.006461501260933509,
    0.00012335808677067033,
    0.0019460191629753932,
    0.026774553478644856,
    0.0037195268378112287,
    0.014828529402502707,
    0.18699215872272973,
    0.021425268156208547,
    0.0008423745383366208,
    0.001205028522646614,
    0.001298513310843914,
    0.003735139436930697,
    0.005451966592524613,
    0.001450521596463221,
    0.011749556496911506,
    5.456840687523156e-05,
    0.003991528946564237,
    0.0013388352630308467,
    0.0022878265059360294,
    0.0005975245413751741,
    0.0004510288704816944,
    0.0021365552238614364,
    0.0016017133049256007,
    0.003530307840103355,
    0.0012515776153343568,
    0.00046940059009671067,
    0.02691846129306882,
    0.023776746842284358
  ],
  "d_target_t": [
    0.891,
    0.891,
    0.891,
    0.8634158611919095,
    0.7248053935253176,
    0.6438432380512373,
    0.5524740766970601,
    0.6836137020648456,
    0.745491266796183,
    0.5395322872665445,
    0.7637127773649025,
    0.49500000024554347,
    0.8565738020145425,
    0.7065488442388149,
    0.5217215669764165,
    0.8750120636513363,
    0.8863699946736036,
    0.8321524046733728,
    0.8798514276834359,
    0.758304352327172,
    0.7918309776101928,
    0.7415566639404055,
    0.8445982752454324,
    0.8580491888058643,
    0.858340291715464,
    0.8861606735459241,
    0.8864517506990138,
    0.8831994207848916,
    0.882686280076958,
    0.8891743757979441,
    0.8888457710173214,
    0.8762422210634708,
    0.8839291219114441,
    0.8894551468482773,
    0.8897083620948285,
    0.8902763307337038,
    0.8895319956229157,
    0.8887022621102262,
    0.8905315172417159,
    0.8887507553951293,
    0.8907314740639756,
    0.8845960579767599,
    0.8897335680245569,
    0.8907935271787676,
    0.8905174673362188,
    0.8898359948457418,
    0.8875827497897848,
    0.8906577066343299,
    0.890199928933311,
    0.8893840349665207,
    0.8901936925745831,
    0.8908181750730063,
    0.8884412455006704,
    0.8909511501976388,
    0.8902293764114617,
    0.8803972768224566,
    0.8895270673722268,
    0.885127902356609,
    0.8169511051457989,
    0.8825155938101414,
    0.8906664196828187,
    0.8905228087050319,
    0.8904857887289058,
    0.8895208847829754,
    0.8888410212293602,
    0.8904255934478006,
    0.886347175627223,
    0.8909783909108774,
    0.8894193545371605,
    0.8904698212358398,
    0.8900940207036493,
    0.8907633802816154,
    0.8908213925672892,
    0.8901539241313509,
    0.8903657215312495,
    0.8896019980953191,
    0.8905043752643276,
    0.8908141173663217,
    0.8803402893279447,
    0.8815844082504554
  ],