{
  "total_s": 5.139105000009295,
  "step_s": 0.0,
  "fit_s": 0.0,
  "eval_s": 0.4043624590849504,
  "plot_s": 0.0,
  "other_s": 0.0,
  "train_s": 4.725124416989274,
  "eval_final_s": 0.21390704199438915,
  "post_s": 0.19548604200826958,
  "steps_per_s": null,
  "updates_per_s": null
}
