{
  "total_s": 7.419536125002196,
  "step_s": 0.0,
  "fit_s": 0.0,
  "eval_s": 1.3026535000244621,
  "plot_s": 0.0,
  "other_s": 0.0,
  "train_s": 6.741578249988379,
  "eval_final_s": 0.4382436670130119,
  "post_s": 0.2319280420197174,
  "steps_per_s": null,
  "updates_per_s": null
}
