{
  "total_s": 5.582329124998068,
  "step_s": 0.0,
  "fit_s": 0.0,
  "eval_s": 0.6305139639007393,
  "plot_s": 0.0,
  "other_s": 0.0,
  "train_s": 4.993260040995665,
  "eval_final_s": 0.2419067499868106,
  "post_s": 0.3424482920090668,
  "steps_per_s": null,
  "updates_per_s": null
}
