{
  "total_s": 6.564868790999753,
  "step_s": 0.0,
  "fit_s": 0.0,
  "eval_s": 0.8495087090414017,
  "plot_s": 0.0,
  "other_s": 0.0,
  "train_s": 6.004807082994375,
  "eval_final_s": 0.14684658398618922,
  "post_s": 0.4107560830016155,
  "steps_per_s": null,
  "updates_per_s": null
}
