{
  "total_s": 4.719177249993663,
  "step_s": 0.0,
  "fit_s": 0.0,
  "eval_s": 0.6501823758590035,
  "plot_s": 0.0,
  "other_s": 0.0,
  "train_s": 3.9292223749798723,
  "eval_final_s": 0.5572502920113038,
  "post_s": 0.22096591599984095,
  "steps_per_s": null,
  "updates_per_s": null
}
