{
  "total_s": 9.361467916984111,
  "step_s": 0.0,
  "fit_s": 0.0,
  "eval_s": 0.472450081986608,
  "plot_s": 0.0,
  "other_s": 0.0,
  "train_s": 8.732248166983481,
  "eval_final_s": 0.2967028749990277,
  "post_s": 0.3259612089896109,
  "steps_per_s": null,
  "updates_per_s": null
}
