{
  "schema_version": "1.0.0",
  "created_at": "2026-04-18T19:36:30Z",
  "phase": "phase3",
  "task": "chain_regime_shift",
  "algorithm": "SafeQLearning",
  "seed": 83,
  "train_steps": 180000,
  "n_transitions": 180000,
  "steps_to_threshold": null,
  "auc_disc_return": 15.549807155413056,
  "final_disc_return_mean": 16.32936808945358,
  "final_10pct_success_rate": 0.0,
  "adaptation_metrics": {
    "change_at_episode": 300,
    "pre_change_auc": 4.688497427188641,
    "post_change_auc": 15.090047936758761,
    "lag_to_50pct_recovery": 0,
    "lag_to_75pct_recovery": 0,
    "lag_to_90pct_recovery": null,
    "post_change_optimum": 19.368511970820293
  },
  "shortcut_risky_path_fraction": 0.0,
  "episode_returns": [
    16.64617248168849,
    16.780035938154075,
    14.59809735050003,
    15.913489082959124,
    15.93037260225226,
    17.02614129011259,
    15.534293082981923,
    16.740008083773247,
    17.40055915978518,
    15.78544170852473,
    16.749240253984205,
    15.137914363405518,
    15.942840087093288,
    14.539046832959029,
    16.888676932815574,
    15.371031071192236,
    16.10322095900038,
    14.972760955275074,
    17.297767005164992,
    17.568957338987186,
    14.409360826913522,
    13.228240231997372,
    17.31791293097957,
    17.570029636328528,
    16.928804598605357,
    16.859410252884683,
    17.045793794812177,
    18.193926180047278,
    17.202904817770783,
    16.88623042975556,
    17.401922135462193,
    16.750354962559697,
    17.388700644579338,
    16.4560600111107,
    16.099267836688977,
    13.727769024663587,
    16.790175266806763,
    16.484524196000308,
    13.701533487593133,
    16.55442979870002,
    16.866766524772135,
    16.841886825741213,
    16.418879235234037,
    18.193926180047278,
    16.646444858491822,
    17.30039434352744,
    17.402486076864783,
    16.48307093059499,
    17.497264857723597,
    15.975073559065754,
    16.51784386904867,
    15.967408678410587,
    17.30603999587744,
    15.818595024789566,
    15.589568917212096,
    16.797325433079024,
    16.37002047739483,
    16.817474876214245,
    15.3235532461189,
    16.758043620561324,
    17.821325006500665,
    16.546270602084814,
    15.467675864023896,
    16.50839090859878,
    15.674798500461987,
    14.611991461691638,
    16.458324542158458,
    16.161482452945638,
    16.737244642306717,
    16.738098246912692,
    17.45801370280249,
    17.630502696044033,
    16.45034049461331,
    16.170190948462754,
    15.738282617845025,
    17.205901154777923,
    14.69271190841781,
    16.337862088394882,
    16.016149820213485,
    17.42062070864334,
    13.447559774011713,
    16.471108935398615,
    17.36922764627104,
    17.59591337870404,
    15.81582683943632,
    17.409447455388584,
    14.987576246872367,
    16.79451880172989,
    15.49349374623188,
    16.724891191841195,
    16.217242609555196,
    17.470369483287353,
    16.770537424218556,
    16.305612841707784,
    18.119214580133278,
    17.26512392786376,
    16.784216274827163,
    14.268580051442044,
    15.68252031145886,
    14.959454123388223,
    16.092267285728003,
    15.783191779136926,
    17.35017658162772,
    15.283364646554245,
    14.457384596251316,
    17.452640890514775,
    14.259653318010114,
    14.643190207625146,
    17.597907645049762,
    18.12533510666923,
    15.791370848512896,
    15.269173373970162,
    16.117189973853947,
    15.73529462730759,
    18.13331953931007,
    15.840635848031875,
    17.010022423560535,
    15.644343114371894,
    16.10927609946901,
    17.397475854809326,
    15.753655733440388,
    15.074424280465244,
    16.42435866643189,
    17.030247193315066,
    14.634068936457856,
    17.595566375625502,
    16.872228791325682,
    14.863351531957514,
    18.13157036061814,
    16.858909743364062,
    16.71918699679494,
    14.642508539320962,
    17.163888904692417,
    15.00905690290685,
    16.0697251719637,
    16.380351290117062,
    18.15981856915643,
    16.052679022518074,
    16.776233481858764,
    15.76242484939525,
    15.93421467676321,
    16.024384363672063,
    17.40488130817966,
    15.996418773146763,
    16.006844419225253,
    17.53086242301387,
    15.937061200609174,
    15.847578857082615,
    15.778407694222102,
    15.870503268435167,
    18.735116318385998,
    16.595685656117706,
    15.919832625636408,
    16.070768494202564,
    15.008910045452781,
    15.962146197122944,
    15.250573290743219,
    15.754523896695803,
    15.811811025121239,
    18.18318617320642,
    15.641848575006067,
    14.673760908578112,
    15.860826663278702,
    13.550203504816258,
    15.937801827720902,
    17.020558628727112,
    15.542155475098012,
    16.875439188456188,
    15.151379206008032,
    18.15981856915643,
    16.236237423089758,
    16.60187059040684,
    16.614507929666754,
    13.186689148362198,
    15.648828027819018,
    17.427515199502032,
    15.278475529466752,
    17.549936577393176,
    16.01057847721593,
    17.595260786140607,
    15.964227295479438,
    15.248847742784706,
    16.20799621196431,
    15.768324029344784,
    14.497968307914258,
    16.12271462260482,
    15.091755750798475,
    15.341414886476093,
    15.189018441686668,
    16.084881278155077,
    13.825373652126492,
    16.60069110377818,
    16.607209399732998,
    16.398569267510087,
    14.80247945495215,
    16.44147098503317,
    15.911730809361563,
    16.957114882697308,
    17.432336977414206,
    17.427515199502032
  ],