{
  "total_s": 5.807900415995391,
  "step_s": 0.0,
  "fit_s": 0.0,
  "eval_s": 0.6742969190527219,
  "plot_s": 0.0,
  "other_s": 0.0,
  "train_s": 5.169983708008658,
  "eval_final_s": 0.2564143750059884,
  "post_s": 0.37677687499672174,
  "steps_per_s": null,
  "updates_per_s": null
}
