{
  "total_s": 5.873545750015182,
  "step_s": 0.0,
  "fit_s": 0.0,
  "eval_s": 0.6731376678508241,
  "plot_s": 0.0,
  "other_s": 0.0,
  "train_s": 5.205202250013826,
  "eval_final_s": 0.2564996669825632,
  "post_s": 0.40695170799153857,
  "steps_per_s": null,
  "updates_per_s": null
}
