{
  "total_s": 7.360424249985954,
  "step_s": 0.0,
  "fit_s": 0.0,
  "eval_s": 0.23001720500178635,
  "plot_s": 0.0,
  "other_s": 0.0,
  "train_s": 7.013762958988082,
  "eval_final_s": 0.05283400000189431,
  "post_s": 0.2926861660089344,
  "steps_per_s": null,
  "updates_per_s": null
}
