{
  "phase": "phase4",
  "schedule_version": 3,
  "task_family": "dense_chain_cost",
  "scheduler_mode": "stagewise_u",
  "gamma_eval": 0.95,
  "gamma_base": 0.95,
  "sign_family": 1,
  "reward_bound": 0.05,
  "alpha_t": [
    0.4828228130933467,
    0.4814000774584665,
    0.47940366507173554,
    0.4767116735092644,
    0.4731701567276055,
    0.4685820665495859,
    0.4923616519691219,
    0.4,
    0.5,
    0.5,
    0.5,
    0.5,
    0.49813023833890197,
    0.48545484718199566,
    0.4663456131026056,
    0.4364395670805744,
    0.5,
    0.5,
    0.14280500000000002,
    0.14280500000000002
  ],
  "kappa_t": [
    0.9741411406546673,
    0.9740700038729233,
    0.9739701832535868,
    0.9738355836754632,
    0.9736585078363802,
    0.9734291033274792,
    0.9746180825984561,
    0.97,
    0.975,
    0.975,
    0.975,
    0.975,
    0.9749065119169451,
    0.9742727423590998,
    0.9733172806551302,
    0.9718219783540287,
    0.975,
    0.9693943211023859,
    0.9554925,
    0.9554925
  ],
  "Bhat_t": [
    1.5329836142990383,
    1.473588943522422,
    1.4127207880861363,
    1.3503706896781873,
    1.2865320498451969,
    1.2212002876526085,
    1.1543730137217558,
    1.0843970911190133,
    1.017419681565993,
    0.9435073657087109,
    0.8676998622653445,
    0.7899485766824046,
    0.7102036683922098,
    0.628474280254277,
    0.5449955204212921,
    0.4597632543008866,
    0.3727670935313179,
    0.28232522413468497,
    0.19066051875,
    0.0975,
    0.0
  ],
  "A_t": [
    1.5235889435224221,
    1.4627207880861364,
    1.4003706896781873,
    1.336532049845197,
    1.2712002876526085,
    1.2043730137217559,
    1.1343970911190133,
    1.067419681565993,
    0.9935073657087109,
    0.9176998622653445,
    0.8399485766824046,
    0.7602036683922099,
    0.678474280254277,
    0.5949955204212921,
    0.5097632543008866,
    0.42276709353131786,
    0.33232522413468496,
    0.24066051875,
    0.14750000000000002,
    0.05
  ],
  "xi_ref_t": [
    0.3597241026590165,
    0.35849919994059093,
    0.3567803908381456,
    0.35446272359061975,
    0.3514136585170727,
    0.3474635472007765,
    0.3679365557550866,
    0.3917317618396429,
    0.3905755986534138,
    0.38851429372543284,
    0.3852326994401537,
    0.38026652249917325,
    0.37290301400114834,
    0.36199014958378234,
    0.3455380750050447,
    0.31979049676797283,
    0.2779217241266577,
    0.19737346302882097,
    0.02,
    0.02
  ],
  "u_target_t": [
    0.09199260589702851,
    0.09168617052951587,
    0.09125617401545073,
    0.09067636044814925,
    0.0899135722182535,
    0.08892536817991081,
    0.09404712503950317,
    0.1,
    0.09971076128287797,
    0.09919508218146053,
    0.09837412184256158,
    0.09713172746041979,
    0.09528958979607119,
    0.09255950554689137,
    0.08844367051440735,
    0.08200236829427757,
    0.05237782771977799,
    0.037434773861338796,
    0.002,
    0.002
  ],
  "u_tr_cap_t": [
    0.09199261665344238,
    0.09168624877929688,
    0.09125590324401855,
    0.09067654609680176,
    0.08991360664367676,
    0.08892536163330078,
    0.0940471887588501,
    0.09999990463256836,
    0.09971082210540771,
    0.09919524192810059,
    0.0983738899230957,
    0.09713172912597656,
    0.09528994560241699,
    0.09255945682525635,
    0.08844375610351562,
    0.08200228214263916,
    0.044579505920410156,
    0.03170967102050781,
    0.0,
    0.0
  ],
  "U_safe_ref_t": [
    0.01781768560425118,
    0.017704701474886914,
    0.01754676252582087,
    0.017334909798713497,
    0.01705815097337082,
    0.01670289913874338,
    0.018584429084658287,
    0.016075415700193108,
    0.0200339091623234,
    0.019928178041829964,
    0.019759854260094637,
    0.01950512268428026,
    0.01905591230480441,
    0.01802764648534997,
    0.01653108019205993,
    0.014318380462036071,
    0.014255520812324304,
    0.007854346532161192,
    0.00022545137999577944,
    0.00022545137999577944
  ],
  "u_ref_used_t": [
    0.01781768560425118,
    0.017704701474886914,
    0.01754676252582087,
    0.017334909798713497,
    0.01705815097337082,
    0.01670289913874338,
    0.018584429084658287,
    0.016075415700193108,
    0.0200339091623234,
    0.019928178041829964,
    0.019759854260094637,
    0.01950512268428026,
    0.01905591230480441,
    0.01802764648534997,
    0.01653108019205993,
    0.014318380462036071,
    0.014255520812324304,
    0.007854346532161192,
    0.0,
    0.0
  ],
  "theta_used_t": [
    0.04953153117221232,
    0.04938560944576966,
    0.04918084899397121,
    0.048904746945222184,
    0.0485415138539417,
    0.048070939450496855,
    0.050509874036622854,
    0.04103679422036156,
    0.05129329438755069,
    0.05129329438755069,
    0.05129329438755069,
    0.05129329438755069,
    0.05110152396018373,
    0.04980148356544571,
    0.04784155897094288,
    0.04477425253954596,
    0.05129329438755069,
    0.039794339176256334,
    0.0,
    0.0
  ],
  "beta_used_t": [
    0.032509773310443676,
    0.033762841034335155,
    0.035119878869553624,
    0.036590777565630804,
    0.03818557494474627,
    0.039913663709508024,
    0.04452574361487295,
    0.03844485438019766,
    0.05162849935285684,
    0.05589332253023669,
    0.061067184124707845,
    0.0674730950667908,
    0.07531829200810974,
    0.08370060253593727,
    0.09385054447785776,
    0.10590761018212776,
    0.15434667808051342,
    0.16535466383497247,
    0.0,
    0.0
  ],
  "trust_clip_active_t": [
    true,
    true,
    true,
    true,
    true,
    true,
    true,
    true,
    true,
    true,
    true,
    true,
    true,
    true,
    true,
    true,
    true,
    true,
    true,
    true
  ],
  "safe_clip_active_t": [
    false,
    false,
    false,
    false,
    false,
    false,
    false,
    false,
    false,
    false,
    false,
    false,
    false,
    false,
    false,
    false,
    false,
    false,
    false,
    false
  ],
  "source_phase": "phase4C_ablation_raw_unclipped",
  "notes": "Phase IV-C ablation: raw_unclipped",
  "provenance": {
    "git_sha": "fa077e0a75d850a63da597f54fff569ff627e6ec",
    "calibration_code_version": "v3.0",
    "input_hashes": {
      "margins": "f2c5575dfadf0222",
      "p_align": "9d64868be6ade0c3",
      "n_by_stage": "35d6f04339c16583"
    }
  }
}