{
  "total_s": 6.012076208018698,
  "step_s": 0.0,
  "fit_s": 0.0,
  "eval_s": 0.6468168750288896,
  "plot_s": 0.0,
  "other_s": 0.0,
  "train_s": 5.596639708004659,
  "eval_final_s": 0.20318287500413135,
  "post_s": 0.20761250000214204,
  "steps_per_s": null,
  "updates_per_s": null
}
