{
  "total_s": 4.139641542016761,
  "step_s": 0.0,
  "fit_s": 0.0,
  "eval_s": 0.6204122890485451,
  "plot_s": 0.0,
  "other_s": 0.0,
  "train_s": 3.422022292012116,
  "eval_final_s": 0.5926182499970309,
  "post_s": 0.11374054200132377,
  "steps_per_s": null,
  "updates_per_s": null
}
