{
  "total_s": 7.1104880000057165,
  "step_s": 0.0,
  "fit_s": 0.0,
  "eval_s": 0.12922887614695355,
  "plot_s": 0.0,
  "other_s": 0.0,
  "train_s": 6.538091208989499,
  "eval_final_s": 0.023274040984688327,
  "post_s": 0.5484915410052054,
  "steps_per_s": null,
  "updates_per_s": null
}
