{
  "total_s": 6.810191290998773,
  "step_s": 0.0,
  "fit_s": 0.0,
  "eval_s": 0.3523099539743271,
  "plot_s": 0.0,
  "other_s": 0.0,
  "train_s": 6.412258249998558,
  "eval_final_s": 0.17405237500497606,
  "post_s": 0.22007520799525082,
  "steps_per_s": null,
  "updates_per_s": null
}
