{
  "total_s": 4.507333457993809,
  "step_s": 0.0,
  "fit_s": 0.0,
  "eval_s": 0.602990289859008,
  "plot_s": 0.0,
  "other_s": 0.0,
  "train_s": 3.6645841249846853,
  "eval_final_s": 0.6109505420026835,
  "post_s": 0.21978549999766983,
  "steps_per_s": null,
  "updates_per_s": null
}
