{
  "total_s": 4.782930833986029,
  "step_s": 0.0,
  "fit_s": 0.0,
  "eval_s": 0.6484047111298423,
  "plot_s": 0.0,
  "other_s": 0.0,
  "train_s": 3.907005292014219,
  "eval_final_s": 0.6304599170107394,
  "post_s": 0.23379666698747315,
  "steps_per_s": null,
  "updates_per_s": null
}
