{
  "total_s": 4.020915040979162,
  "step_s": 0.0,
  "fit_s": 0.0,
  "eval_s": 0.6266165418783203,
  "plot_s": 0.0,
  "other_s": 0.0,
  "train_s": 3.37877374998061,
  "eval_final_s": 0.5162187910173088,
  "post_s": 0.11457854098989628,
  "steps_per_s": null,
  "updates_per_s": null
}
