{
  "total_s": 6.002728583000135,
  "step_s": 0.0,
  "fit_s": 0.0,
  "eval_s": 0.24708712004940026,
  "plot_s": 0.0,
  "other_s": 0.0,
  "train_s": 5.68504141701851,
  "eval_final_s": 0.12022254100884311,
  "post_s": 0.19480233298963867,
  "steps_per_s": null,
  "updates_per_s": null
}
