{
  "total_s": 4.422902458987664,
  "step_s": 0.0,
  "fit_s": 0.0,
  "eval_s": 0.6145962919399608,
  "plot_s": 0.0,
  "other_s": 0.0,
  "train_s": 3.6766099169908557,
  "eval_final_s": 0.5311883329995908,
  "post_s": 0.20380166699760593,
  "steps_per_s": null,
  "updates_per_s": null
}
