{
  "total_s": 5.2946910000173375,
  "step_s": 0.0,
  "fit_s": 0.0,
  "eval_s": 0.6080050820601173,
  "plot_s": 0.0,
  "other_s": 0.0,
  "train_s": 4.489236708992394,
  "eval_final_s": 0.5914072500017937,
  "post_s": 0.20296233301633038,
  "steps_per_s": null,
  "updates_per_s": null
}
