{
  "phase": "III",
  "task": "grid_sparse_goal",
  "algorithm": "SafeVI",
  "n_seeds": 3,
  "seeds": [
    "seed_11",
    "seed_29",
    "seed_47"
  ],
  "metrics": {
    "beta_used_max": {
      "mean": 0.002010091518999209,
      "std": 0.0,
      "median": 0.002010091518999209,
      "q25": 0.002010091518999209,
      "q75": 0.002010091518999209,
      "iqr": 0.0,
      "ci_low": 0.002010091518999209,
      "ci_high": 0.002010091518999209
    },
    "beta_used_min": {
      "mean": 2.8479584804721076e-06,
      "std": 5.186996290247033e-22,
      "median": 2.847958480472107e-06,
      "q25": 2.847958480472107e-06,
      "q75": 2.847958480472107e-06,
      "iqr": 0.0,
      "ci_low": 2.8479584804721076e-06,
      "ci_high": 2.8479584804721076e-06
    },
    "clip_fraction": {
      "mean": 1.0,
      "std": 0.0,
      "median": 1.0,
      "q25": 1.0,
      "q75": 1.0,
      "iqr": 0.0,
      "ci_low": 1.0,
      "ci_high": 1.0
    },
    "final_bellman_residual": {
      "mean": 0.9988969112532885,
      "std": 1.3597399555105182e-16,
      "median": 0.9988969112532884,
      "q25": 0.9988969112532884,
      "q75": 0.9988969112532884,
      "iqr": 0.0,
      "ci_low": 0.9988969112532885,
      "ci_high": 0.9988969112532885
    },
    "n_stages_clipped": {
      "mean": 120.0,
      "std": 0.0,
      "median": 120.0,
      "q25": 120.0,
      "q75": 120.0,
      "iqr": 0.0,
      "ci_low": 120.0,
      "ci_high": 120.0
    },
    "n_states": {
      "mean": 49.0,
      "std": 0.0,
      "median": 49.0,
      "q25": 49.0,
      "q75": 49.0,
      "iqr": 0.0,
      "ci_low": 49.0,
      "ci_high": 49.0
    },
    "n_sweeps": {
      "mean": 1.0,
      "std": 0.0,
      "median": 1.0,
      "q25": 1.0,
      "q75": 1.0,
      "iqr": 0.0,
      "ci_low": 1.0,
      "ci_high": 1.0
    },
    "schedule_sign": {
      "mean": 1.0,
      "std": 0.0,
      "median": 1.0,
      "q25": 1.0,
      "q75": 1.0,
      "iqr": 0.0,
      "ci_low": 1.0,
      "ci_high": 1.0
    },
    "seed": {
      "mean": 29.0,
      "std": 18.0,
      "median": 29.0,
      "q25": 20.0,
      "q75": 38.0,
      "iqr": 18.0,
      "ci_low": 11.0,
      "ci_high": 47.0
    },
    "wall_clock_s": {
      "mean": 0.014844749668554869,
      "std": 0.00018919354828757888,
      "median": 0.014880333001201507,
      "q25": 0.014760312002181308,
      "q75": 0.014946979001251748,
      "iqr": 0.0001866669990704395,
      "ci_low": 0.01464029100316111,
      "ci_high": 0.015013625001301989
    }
  },
  "provenance": {
    "schedule_path": "/Users/liq/Documents/Claude/Projects/LSE_RL/results/weighted_lse_dp/phase3/calibration/grid_sparse_goal/schedule.json",
    "calibration_hash": "8bf465e816fd3eabce9027dfc4aa51517cf801590d056ad8775d313ef8decbb3",
    "source_phase": "phase2"
  }
}
