{
  "total_s": 4.851264124998124,
  "step_s": 0.0,
  "fit_s": 0.0,
  "eval_s": 0.6447202490235213,
  "plot_s": 0.0,
  "other_s": 0.0,
  "train_s": 3.9742397090012673,
  "eval_final_s": 0.6346001670171972,
  "post_s": 0.23093912500189617,
  "steps_per_s": null,
  "updates_per_s": null
}
