{
  "total_s": 4.639177333010593,
  "step_s": 0.0,
  "fit_s": 0.0,
  "eval_s": 0.6197124178870581,
  "plot_s": 0.0,
  "other_s": 0.0,
  "train_s": 3.8233742080046795,
  "eval_final_s": 0.6016183750180062,
  "post_s": 0.20285599998896942,
  "steps_per_s": null,
  "updates_per_s": null
}
