{
  "total_s": 0.6578874590049963,
  "step_s": 0.0,
  "fit_s": 0.0,
  "eval_s": 0.15205154198338278,
  "plot_s": 0.0,
  "other_s": 0.0,
  "train_s": 0.6426237499981653,
  "post_s": 0.015226959003484808,
  "steps_per_s": null,
  "updates_per_s": null
}
