{
  "total_s": 7.538570834003622,
  "step_s": 0.0,
  "fit_s": 0.0,
  "eval_s": 0.9103493338916451,
  "plot_s": 0.0,
  "other_s": 0.0,
  "train_s": 7.033766042004572,
  "eval_final_s": 0.13393545799772255,
  "post_s": 0.3685190000105649,
  "steps_per_s": null,
  "updates_per_s": null
}
