{
  "schema_version": "1.0.0",
  "phase": "phase4C",
  "task": "dense_chain_cost_0",
  "algorithm": "safe_target_q_polyak",
  "seed": 456,
  "train_steps": 20000,
  "n_transitions": 20000,
  "mean_return": -0.2565901396781632,
  "final_disc_return_mean": -0.25660563103658296,
  "mean_q_target_gap": 2.6623101035661143e-06,
  "std_q_target_gap": 3.498503336311304e-05,
  "p5_q_target_gap": 0.0,
  "p95_q_target_gap": 6.210310043996969e-16,
  "mean_beta_used": 0.0861066449908234,
  "std_beta_used": 0.062106208206612584,
  "p5_beta_used": 0.0,
  "p95_beta_used": 0.20184916819927948,
  "mean_rho": 0.5124317336153009,
  "std_rho": 0.00031214481575106943,
  "p5_rho": 0.5118251185847414,
  "p95_rho": 0.5128205128205129,
  "mean_effective_discount": 0.9507581194501632,
  "std_effective_discount": 0.0006086823907145863,
  "p5_effective_discount": 0.9499999999999998,
  "p95_effective_discount": 0.9519410187597541,
  "stage_mean_q_target_gap": [
    1.6030479273701054e-06,
    3.3778774152159818e-06,
    3.536719096335265e-06,
    3.4709770399477034e-06,
    4.184091753315076e-06,
    2.570375379175695e-06,
    2.087543906844158e-06,
    2.3324148190635774e-06,
    3.377937578573329e-06,
    3.6867463842440737e-06,
    3.896262831862274e-06,
    2.8641056512690063e-06,
    2.833927483732081e-06,
    4.020614976966548e-06,
    1.526287010907375e-06,
    1.9400782099311542e-06,
    1.2481245281928175e-06,
    2.702459351267746e-06,
    1.9866107271083226e-06,
    0.0
  ],
  "stage_std_q_target_gap": [
    1.9547318086026453e-05,
    3.7282430058339594e-05,
    3.6924456329587054e-05,
    3.1648023016404604e-05,
    4.57553883019481e-05,
    3.404449328582396e-05,
    3.421625023733701e-05,
    3.2028614170091085e-05,
    3.90795460399551e-05,
    4.426375037568411e-05,
    4.9504460516547814e-05,
    3.971869543876266e-05,
    3.689275877435052e-05,
    5.4071581965732947e-05,
    1.9099393504017455e-05,
    2.7167078158065793e-05,
    1.5148115001773932e-05,
    2.95374186146976e-05,
    2.9432813774433824e-05,
    0.0
  ],
  "stage_mean_beta_used": [
    0.04536260681613801,
    0.046788225391751544,
    0.048339322374195345,
    0.050030071158022466,
    0.05243868730223877,
    0.05900242541307057,
    0.06216050388335867,
    0.06577165852724608,
    0.06993604590903958,
    0.07478453906945683,
    0.08049061927717276,
    0.08728733093435813,
    0.0954905489300232,
    0.1055264818438841,
    0.1528526655703753,
    0.1744861573690478,
    0.19919990855218173,
    0.25218510149490736,
    0.0,
    0.0
  ],
  "stage_std_beta_used": [
    6.938893903907228e-18,
    1.3877787807814457e-17,
    1.3877787807814457e-17,
    2.0816681711721685e-17,
    2.7755575615628914e-17,
    1.3877787807814457e-17,
    2.0816681711721685e-17,
    0.0,
    0.0,
    1.3877787807814457e-17,
    0.0,
    1.3877787807814457e-17,
    0.0,
    1.3877787807814457e-17,
    2.7755575615628914e-17,
    5.551115123125783e-17,
    2.7755575615628914e-17,
    1.1102230246251565e-16,
    0.0,
    0.0
  ],
  "stage_mean_rho": [
    0.512605013853331,
    0.5126153699066559,
    0.5126198393854061,
    0.5126149457599745,
    0.5126011506047553,
    0.512565451356503,
    0.5125447397516445,
    0.5125266672179993,
    0.5125032183162792,
    0.5124790911831865,
    0.5124505532982251,
    0.5124255262849308,
    0.5123831983710326,
    0.5123347779133612,
    0.5121297994905729,
    0.5120186984134264,
    0.5119094916699595,
    0.5116661138877474,
    0.5128205128205128,
    0.5128205128205128
  ],
  "stage_std_rho": [
    4.8140618446836836e-05,
    8.891184255693895e-05,
    0.00010577050813711643,
    0.00010271689239629298,
    9.46828708945888e-05,
    9.31866896123721e-05,
    8.952684048440153e-05,
    9.137877647053912e-05,
    9.122839207426345e-05,
    9.324406237029543e-05,
    9.679849939626171e-05,
    0.00010059477068298555,
    0.00010734482450530585,
    0.0001168906869733462,
    0.0001643254357831971,
    0.0001890095430705063,
    0.00021025778499153395,
    0.0002656082590563855,
    1.1102230246251565e-16,
    1.1102230246251565e-16
  ],
  "stage_mean_effective_discount": [
    0.950420222986004,
    0.950400028682021,
    0.9503913131984584,
    0.9504008557680502,
    0.950427756320727,
    0.9504973698548187,
    0.9505377574842933,
    0.9505729989249013,
    0.9506187242832554,
    0.9506657721927859,
    0.9507214210684614,
    0.9507702237443851,
    0.9508527631764861,
    0.9509471830689451,
    0.9513468909933829,
    0.951563538093818,
    0.9517764912435788,
    0.9522510779188922,
    0.9499999999999996,
    0.9499999999999996
  ],
  "stage_std_effective_discount": [
    9.387420597133155e-05,
    0.00017337809298603748,
    0.00020625249086736258,
    0.0002002979401727788,
    0.00018463159824446307,
    0.00018171404474413708,
    0.0001745773389445924,
    0.00017818861411754007,
    0.00017789536454483135,
    0.00018182592162208766,
    0.00018875707382271339,
    0.00019615980283181557,
    0.0002093224077853423,
    0.00022793683959804078,
    0.00032043459977724596,
    0.00036856860898748636,
    0.00041000268073347927,
    0.0005179361051599546,
    2.220446049250313e-16,
    2.220446049250313e-16
  ]
}