{
  "total_s": 9.355080457986332,
  "step_s": 0.0,
  "fit_s": 0.0,
  "eval_s": 0.5045152910461184,
  "plot_s": 0.0,
  "other_s": 0.0,
  "train_s": 8.718329374998575,
  "eval_final_s": 0.31793487499817275,
  "post_s": 0.31184170799679123,
  "steps_per_s": null,
  "updates_per_s": null
}
