{
  "phase": "phase4",
  "schedule_version": 3,
  "task_family": "dense_chain_cost",
  "scheduler_mode": "stagewise_u",
  "gamma_eval": 0.95,
  "gamma_base": 0.95,
  "sign_family": 1,
  "reward_bound": 0.02,
  "alpha_t": [
    0.3632361747910975,
    0.36218682964822974,
    0.3607308573911366,
    0.3587819561124141,
    0.3605108017667129,
    0.3899714123192041,
    0.39,
    0.3896026260210475,
    0.38864940531554426,
    0.3869602271443643,
    0.38427823661254645,
    0.38022454479669576,
    0.37421659233366567,
    0.3653108817281716,
    0.35187340652374993,
    0.3308083404581059,
    0.3206420493041127,
    0.3290488475714912,
    0.14280500000000002,
    0.14280500000000002
  ],
  "kappa_t": [
    0.9681618087395548,
    0.9681093414824115,
    0.9680365428695568,
    0.9679390978056207,
    0.9680255400883356,
    0.9694985706159602,
    0.9695,
    0.9694801313010524,
    0.9694324702657772,
    0.9693480113572182,
    0.9692139118306273,
    0.9690112272398348,
    0.9687108296166833,
    0.9682655440864085,
    0.9675936703261875,
    0.9665404170229053,
    0.9660321024652057,
    0.9664524423785745,
    0.9554925,
    0.9554925
  ],
  "Bhat_t": [
    0.58522647748819,
    0.5641892424979246,
    0.5424895928529434,
    0.5201142421343372,
    0.49705011733181736,
    0.47317978541146627,
    0.44783953124924664,
    0.42170142470267835,
    0.3947491158886249,
    0.3669663713565253,
    0.33833707555383347,
    0.3088452114646735,
    0.27847480388159174,
    0.24720979322214387,
    0.21503377301171744,
    0.18192943836887063,
    0.14787735292965348,
    0.11270572960444139,
    0.0762642075,
    0.039,
    0.0
  ],
  "A_t": [
    0.5841892424979246,
    0.5624895928529434,
    0.5401142421343372,
    0.5170501173318174,
    0.4931797854114663,
    0.46783953124924665,
    0.44170142470267837,
    0.4147491158886249,
    0.38696637135652534,
    0.3583370755538335,
    0.3288452114646735,
    0.29847480388159175,
    0.2672097932221439,
    0.23503377301171743,
    0.20192943836887062,
    0.16787735292965347,
    0.13270572960444138,
    0.0962642075,
    0.059,
    0.02
  ],
  "xi_ref_t": [
    0.3616465964995767,
    0.36037414154089403,
    0.35860860316599913,
    0.3562453301161843,
    0.3583417597233176,
    0.3940662305879635,
    0.3941008965283675,
    0.39361903363186834,
    0.3924631409099353,
    0.39041481281252555,
    0.38716258243384866,
    0.38224700219115176,
    0.37496165003121346,
    0.3641624237732214,
    0.3478678975420206,
    0.3223240162438679,
    0.2786211168244297,
    0.19737346302882094,
    0.02,
    0.02
  ],
  "u_target_t": [
    0.01851769583458386,
    0.01845957825744042,
    0.018378939793970643,
    0.018271000646226013,
    0.018366752097848715,
    0.019998416682294386,
    0.020000000000000004,
    0.019977991595011867,
    0.01992519783286091,
    0.019831643349534023,
    0.019683102335464116,
    0.01945859017335546,
    0.01912584203694149,
    0.018632602680329506,
    0.017888373284392307,
    0.016721692702295097,
    0.012060489674494744,
    0.009183576251773951,
    0.002,
    0.002
  ],
  "u_tr_cap_t": [
    0.01656055450439453,
    0.016508102416992188,
    0.01643657684326172,
    0.016341209411621094,
    0.016427040100097656,
    0.01788616180419922,
    0.01788616180419922,
    0.017867088317871094,
    0.01781940460205078,
    0.01773834228515625,
    0.017604827880859375,
    0.017404556274414062,
    0.017104148864746094,
    0.01666545867919922,
    0.015997886657714844,
    0.01495361328125,
    0.009593963623046875,
    0.0073337554931640625,
    0.0,
    0.0
  ],
  "U_safe_ref_t": [
    0.013477124014376176,
    0.01339091745995671,
    0.01327175902218934,
    0.013113083958252659,
    0.01325379528557937,
    0.015765877126687724,
    0.015768419616389914,
    0.015733096770608815,
    0.01564852443495164,
    0.015499211043346341,
    0.015263596857923983,
    0.014910873706377661,
    0.014395622582679802,
    0.013648372889361642,
    0.012558215831521884,
    0.010939634626485449,
    0.009165823496340212,
    0.006663208435458746,
    0.00022545137999577944,
    0.00022545137999577944
  ],
  "u_ref_used_t": [
    0.013477124014376176,
    0.01339091745995671,
    0.01327175902218934,
    0.013113083958252659,
    0.01325379528557937,
    0.015765877126687724,
    0.015768419616389914,
    0.015733096770608815,
    0.01564852443495164,
    0.015499211043346341,
    0.015263596857923983,
    0.014910873706377661,
    0.014395622582679802,
    0.013648372889361642,
    0.012558215831521884,
    0.010939634626485449,
    0.009165823496340212,
    0.006663208435458746,
    0.0,
    0.0
  ],
  "theta_used_t": [
    0.037266005389855646,
    0.0371583749119723,
    0.03700903688594964,
    0.0368091392355263,
    0.036986465925190726,
    0.0400081912707018,
    0.04001112343385623,
    0.039970365826676894,
    0.039872596439681336,
    0.0396993416609655,
    0.039424256243904846,
    0.03900847781906507,
    0.03839225313170413,
    0.03747880615453349,
    0.036100531035649586,
    0.033939868192162895,
    0.03289708834996869,
    0.03375939365509217,
    0.0,
    0.0
  ],
  "beta_used_t": [
    0.06379098189228988,
    0.06606055540246579,
    0.06852075727480031,
    0.07119066025064645,
    0.07499590822509572,
    0.0855169103899153,
    0.09058409413279307,
    0.09637239549272572,
    0.10303891860139276,
    0.11078770344823392,
    0.11988697073711238,
    0.1306926993895946,
    0.14367831608546947,
    0.15946136452766305,
    0.17877794999708588,
    0.20217061801293051,
    0.24789501137611542,
    0.3506951808136182,
    0.0,
    0.0
  ],
  "trust_clip_active_t": [
    true,
    true,
    true,
    true,
    true,
    true,
    true,
    true,
    true,
    true,
    true,
    true,
    true,
    true,
    true,
    true,
    true,
    true,
    true,
    true
  ],
  "safe_clip_active_t": [
    false,
    false,
    false,
    false,
    false,
    false,
    false,
    false,
    false,
    false,
    false,
    false,
    false,
    false,
    false,
    false,
    false,
    false,
    false,
    false
  ],
  "source_phase": "phase4C_scheduler_state_bin_reward_region",
  "notes": "Phase IV-C scheduler ablation: state_bin_reward_region",
  "provenance": {
    "git_sha": "01a22b9945b1a74a643b82b1f38fefc5e36ee5f8",
    "calibration_code_version": "v3.0",
    "input_hashes": {
      "margins": "a86415b111926c48",
      "p_align": "071c86d5d2228b8c",
      "n_by_stage": "35d6f04339c16583"
    }
  }
}