{
  "total_s": 9.802685125003336,
  "step_s": 0.0,
  "fit_s": 0.0,
  "eval_s": 1.3084770810673945,
  "plot_s": 0.0,
  "other_s": 0.0,
  "train_s": 8.862225165998098,
  "eval_final_s": 0.4934780420153402,
  "post_s": 0.4391401250031777,
  "steps_per_s": null,
  "updates_per_s": null
}
