{
  "total_s": 8.869374790985603,
  "step_s": 0.0,
  "fit_s": 0.0,
  "eval_s": 0.16288583594723605,
  "plot_s": 0.0,
  "other_s": 0.0,
  "train_s": 8.294243832991924,
  "eval_final_s": 0.024206749978475273,
  "post_s": 0.550291332998313,
  "steps_per_s": null,
  "updates_per_s": null
}
