{
  "total_s": 8.254199292015983,
  "step_s": 0.0,
  "fit_s": 0.0,
  "eval_s": 0.139873495005304,
  "plot_s": 0.0,
  "other_s": 0.0,
  "train_s": 7.730615500011481,
  "eval_final_s": 0.02252812500228174,
  "post_s": 0.5004469999985304,
  "steps_per_s": null,
  "updates_per_s": null
}
