{
  "total_s": 4.1855414169840515,
  "step_s": 0.0,
  "fit_s": 0.0,
  "eval_s": 0.6260218298411928,
  "plot_s": 0.0,
  "other_s": 0.0,
  "train_s": 3.453378000005614,
  "eval_final_s": 0.5996162919909693,
  "post_s": 0.12116337497718632,
  "steps_per_s": null,
  "updates_per_s": null
}
