{
  "phase": "phase4",
  "schedule_version": 3,
  "task_family": "dense_chain_cost",
  "scheduler_mode": "stagewise_u",
  "gamma_eval": 0.95,
  "gamma_base": 0.95,
  "sign_family": 1,
  "reward_bound": 0.02,
  "alpha_t": [
    0.19276432331939442,
    0.19171745991626155,
    0.19047523436245423,
    0.18899917576899133,
    0.18724080309923613,
    0.1851381684940661,
    0.1826108621755257,
    0.19059390474496646,
    0.2,
    0.19857418368571783,
    0.19669198488553807,
    0.19418596355586498,
    0.1907990138113177,
    0.18611518847664876,
    0.17941479903674362,
    0.1693354996949205,
    0.1255189371960872,
    0.10287361567289527,
    0.14280500000000002,
    0.14280500000000002
  ],
  "kappa_t": [
    0.9596382161659697,
    0.959585872995813,
    0.9595237617181227,
    0.9594499587884495,
    0.9593620401549617,
    0.9592569084247032,
    0.9591305431087762,
    0.9595296952372483,
    0.96,
    0.9599287091842859,
    0.9598345992442768,
    0.9597092981777933,
    0.9595399506905659,
    0.9593057594238324,
    0.9589707399518371,
    0.958466774984746,
    0.9562759468598043,
    0.9551436807836448,
    0.9554925,
    0.9554925
  ],
  "Bhat_t": [
    0.541351457961577,
    0.5234800464373077,
    0.5048845132794297,
    0.4855372340599645,
    0.4654096130493682,
    0.44447205038516224,
    0.4226939069441059,
    0.40004346613805075,
    0.37627127949258626,
    0.3513242494714441,
    0.3253619216544179,
    0.2983450709944028,
    0.27023294604608195,
    0.2409831355949976,
    0.2105513634321454,
    0.17889113430172154,
    0.14595303452636416,
    0.11184327586359766,
    0.0762642075,
    0.039,
    0.0
  ],
  "A_t": [
    0.5434800464373077,
    0.5248845132794298,
    0.5055372340599645,
    0.4854096130493682,
    0.46447205038516226,
    0.44269390694410593,
    0.42004346613805077,
    0.3962712794925863,
    0.3713242494714441,
    0.3453619216544179,
    0.3183450709944028,
    0.29023294604608196,
    0.2609831355949976,
    0.23055136343214538,
    0.19889113430172153,
    0.16595303452636415,
    0.13184327586359765,
    0.0962642075,
    0.059,
    0.02
  ],
  "xi_ref_t": [
    0.3898040377500368,
    0.38694567949899816,
    0.3835539039810556,
    0.3795236701921821,
    0.37472260539809865,
    0.3689815670213428,
    0.36208100401867827,
    0.38387792186724073,
    0.4095603460515429,
    0.4056672938976539,
    0.40052813395139114,
    0.3936856875314347,
    0.3844379521351948,
    0.37164922463578165,
    0.35335446585119723,
    0.3258339236752362,
    0.28059868516245146,
    0.19737346302882094,
    0.02,
    0.02
  ],
  "u_target_t": [
    9.647568907474166e-05,
    0.00011043386778317979,
    0.00012699687516727729,
    0.00014667765641344943,
    0.0001701226253435187,
    0.0001981577534124518,
    0.00023185517099299146,
    0.00012541460340044757,
    0.0,
    1.90108841904295e-05,
    4.410686819282571e-05,
    7.75204859218006e-05,
    0.00012267981584909802,
    0.00018513082031135003,
    0.00027446934617675225,
    0.00040886000406772666,
    0.000993080837385504,
    0.00129501845769473,
    0.002,
    0.002
  ],
  "u_tr_cap_t": [
    6.821855784022191e-05,
    7.80884635272991e-05,
    8.980025335874108e-05,
    0.00010371663445530682,
    0.0001202946863617971,
    0.00014011845405489162,
    0.0001639460377730265,
    8.868142202014537e-05,
    0.0,
    1.3442714466541445e-05,
    3.118825420025601e-05,
    5.481522587242501e-05,
    8.674763958069945e-05,
    0.0001309070503360693,
    0.00019407867944396345,
    0.0002891066685147014,
    0.0006019554225663307,
    0.0007831492809944008,
    0.0,
    0.0
  ],
  "U_safe_ref_t": [
    0.007710064674903472,
    0.007611971306076601,
    0.007496368503615372,
    0.007360128732637127,
    0.007199424369042285,
    0.00700953038255644,
    0.006784560602228485,
    0.007507374749110799,
    0.00840484822735323,
    0.008265618518307632,
    0.008083567305412443,
    0.007844258330843465,
    0.007526416467636942,
    0.007097459386223326,
    0.00650518438539535,
    0.005661604065710432,
    0.003614183333405677,
    0.0020836224440166414,
    0.00022545137999577944,
    0.00022545137999577944
  ],
  "u_ref_used_t": [
    6.821855784022191e-05,
    7.80884635272991e-05,
    8.980025335874108e-05,
    0.00010371663445530682,
    0.0001202946863617971,
    0.00014011845405489162,
    0.0001639460377730265,
    8.868142202014537e-05,
    0.0,
    1.3442714466541445e-05,
    3.118825420025601e-05,
    5.481522587242501e-05,
    8.674763958069945e-05,
    0.0001309070503360693,
    0.00019407867944396345,
    0.0002891066685147014,
    0.0006019554225663307,
    0.0007831492809944008,
    0.0,
    0.0
  ],
  "theta_used_t": [
    0.00017500731453163473,
    0.00020180730181147113,
    0.00023412681353694804,
    0.0002732810694067832,
    0.0003210232973108152,
    0.00037974377740876907,
    0.00045278828757492397,
    0.00023101464546016455,
    0.0,
    3.3137289273147365e-05,
    7.786782389683787e-05,
    0.00013923601392811153,
    0.00022564795983044103,
    0.00035223280894601343,
    0.0005492464315583119,
    0.0008872822855696835,
    0.002145253896032446,
    0.003967854994164253,
    0.0,
    0.0
  ],
  "beta_used_t": [
    0.00032201240078428975,
    0.0003844794363441928,
    0.0004631247666105183,
    0.0005629906414296525,
    0.0006911574055847009,
    0.000857802132471444,
    0.0010779557928562358,
    0.0005829709530197899,
    0.0,
    9.594945822170221e-05,
    0.00024460194610083016,
    0.00047973882987772254,
    0.0008646074364766968,
    0.0015277845409475562,
    0.002761543059657425,
    0.00534658669003564,
    0.01627124236697427,
    0.04121838321023162,
    0.0,
    0.0
  ],
  "trust_clip_active_t": [
    true,
    true,
    true,
    true,
    true,
    true,
    true,
    true,
    false,
    true,
    true,
    true,
    true,
    true,
    true,
    true,
    true,
    true,
    true,
    true
  ],
  "safe_clip_active_t": [
    false,
    false,
    false,
    false,
    false,
    false,
    false,
    false,
    false,
    false,
    false,
    false,
    false,
    false,
    false,
    false,
    false,
    false,
    false,
    false
  ],
  "source_phase": "phase4_diagnostic_sweep",
  "notes": "Phase IV-B diagnostic sweep (u_max=0.0000) stagewise schedule from classical pilot",
  "provenance": {
    "git_sha": "6202151f2786771ab9339e76dffb5bd4f02d731b",
    "calibration_code_version": "v3.0",
    "input_hashes": {
      "margins": "ad022def185cf1b1",
      "p_align": "ed6399bbaa8804c5",
      "n_by_stage": "35d6f04339c16583"
    }
  }
}