{
  "phase": "phase4",
  "schedule_version": 3,
  "task_family": "dense_chain_cost",
  "scheduler_mode": "stagewise_u",
  "gamma_eval": 0.95,
  "gamma_base": 0.95,
  "sign_family": 1,
  "reward_bound": 0.02,
  "alpha_t": [
    0.19098045710526196,
    0.18994607089796695,
    0.18871870236710703,
    0.1872603536173711,
    0.19348930013186943,
    0.19224736980362583,
    0.2,
    0.19918854018287413,
    0.1981173401267982,
    0.196707462761206,
    0.19484656633802744,
    0.19236921422008513,
    0.18902139615441543,
    0.18439221265852784,
    0.1777707983047076,
    0.16781174023955775,
    0.12892855743323872,
    0.1771697231058059,
    0.14280500000000002,
    0.14280500000000002
  ],
  "kappa_t": [
    0.9595490228552631,
    0.9594973035448983,
    0.9594359351183553,
    0.9593630176808685,
    0.9596744650065935,
    0.9596123684901813,
    0.96,
    0.9599594270091437,
    0.9599058670063398,
    0.9598353731380602,
    0.9597423283169013,
    0.9596184607110042,
    0.9594510698077208,
    0.9592196106329264,
    0.9588885399152354,
    0.9583905870119779,
    0.9564464278716619,
    0.9588584861552902,
    0.9554925,
    0.9554925
  ],
  "Bhat_t": [
    0.5418524794608576,
    0.5240508483501494,
    0.5055260150894756,
    0.48625030396836794,
    0.46619506456433524,
    0.44514580739772025,
    0.423239446190898,
    0.40024942311551875,
    0.37631738691397615,
    0.35140673529371014,
    0.32547949787715774,
    0.2984962624078032,
    0.27041607996529815,
    0.24119633324467,
    0.21079253489329083,
    0.1791579810813852,
    0.14624306935063158,
    0.11212658255128294,
    0.0762642075,
    0.039,
    0.0
  ],
  "A_t": [
    0.5440508483501494,
    0.5255260150894756,
    0.5062503039683679,
    0.48619506456433526,
    0.46514580739772027,
    0.443239446190898,
    0.42024942311551877,
    0.39631738691397617,
    0.37140673529371016,
    0.34547949787715776,
    0.3184962624078032,
    0.29041607996529817,
    0.26119633324467,
    0.23079253489329082,
    0.1991579810813852,
    0.16624306935063157,
    0.13212658255128293,
    0.0962642075,
    0.059,
    0.02
  ],
  "xi_ref_t": [
    0.3897826649471429,
    0.3869227947158882,
    0.3835293670972386,
    0.3794973255379607,
    0.3967191123166884,
    0.39328542425125645,
    0.41471989056197495,
    0.4124763670516156,
    0.4095147139181104,
    0.405616686006349,
    0.4004716809332305,
    0.393622299604987,
    0.38436625465954743,
    0.37156749150750884,
    0.3532606099329633,
    0.32572581346043467,
    0.280556337988494,
    0.19737346302882094,
    0.02,
    0.02
  ],
  "u_target_t": [
    0.00481960914210524,
    0.004798921417959338,
    0.00477437404734214,
    0.004745207072347421,
    0.004869786002637388,
    0.0048449473960725156,
    0.005,
    0.004983770803657482,
    0.004962346802535964,
    0.004934149255224119,
    0.0048969313267605485,
    0.0048473842844017016,
    0.0047804279230883075,
    0.0046878442531705575,
    0.004555415966094151,
    0.004356234804791154,
    0.003578571148664774,
    0.0030966831136781756,
    0.002,
    0.002
  ],
  "u_tr_cap_t": [
    0.003414154052734375,
    0.00339508056640625,
    0.003376007080078125,
    0.00335693359375,
    0.0034332275390625,
    0.0034332275390625,
    0.003528594970703125,
    0.003528594970703125,
    0.003509521484375,
    0.003490447998046875,
    0.00347137451171875,
    0.0034332275390625,
    0.003376007080078125,
    0.00331878662109375,
    0.003223419189453125,
    0.00308990478515625,
    0.002231597900390625,
    0.0019073486328125,
    0.0,
    0.0
  ],
  "U_safe_ref_t": [
    0.007638309239532489,
    0.007541206951611175,
    0.007426775881031606,
    0.007291920681440126,
    0.007876346241957866,
    0.007758066661914733,
    0.008510730520281552,
    0.008430352573554498,
    0.008324818387444203,
    0.008186909903441038,
    0.008006610744979797,
    0.007769632235629225,
    0.007454917506361621,
    0.007030219677891419,
    0.006443875130229007,
    0.005608805447644375,
    0.0037117856122688875,
    0.003588145195416385,
    0.00022545137999577944,
    0.00022545137999577944
  ],
  "u_ref_used_t": [
    0.003414154052734375,
    0.00339508056640625,
    0.003376007080078125,
    0.00335693359375,
    0.0034332275390625,
    0.0034332275390625,
    0.003528594970703125,
    0.003528594970703125,
    0.003509521484375,
    0.003490447998046875,
    0.00347137451171875,
    0.0034332275390625,
    0.003376007080078125,
    0.00331878662109375,
    0.003223419189453125,
    0.00308990478515625,
    0.002231597900390625,
    0.0019073486328125,
    0.0,
    0.0
  ],
  "theta_used_t": [
    0.008759122351419494,
    0.00877456849989727,
    0.008802473473229978,
    0.008845737157676517,
    0.008654051273239044,
    0.008729607881092307,
    0.008508381321960776,
    0.008554659739479258,
    0.008569952104521427,
    0.008605287007330464,
    0.008668214700298677,
    0.008722136785715285,
    0.008783307689350681,
    0.008931854096355149,
    0.009124762565701335,
    0.009486214040974604,
    0.007954188154830228,
    0.009663652871784412,
    0.0,
    0.0
  ],
  "beta_used_t": [
    0.016099822981586732,
    0.016696734791337244,
    0.017387591482374662,
    0.018193802863060562,
    0.018605029080353393,
    0.019695015766562816,
    0.020246027368423014,
    0.021585375817327224,
    0.023074304502701787,
    0.024908242197313395,
    0.027216064121970383,
    0.030033243292718136,
    0.03362722431912207,
    0.03870079290252988,
    0.045816705492573426,
    0.05706231290139834,
    0.060201270639410734,
    0.10038677014802633,
    0.0,
    0.0
  ],
  "trust_clip_active_t": [
    true,
    true,
    true,
    true,
    true,
    true,
    true,
    true,
    true,
    true,
    true,
    true,
    true,
    true,
    true,
    true,
    true,
    true,
    true,
    true
  ],
  "safe_clip_active_t": [
    false,
    false,
    false,
    false,
    false,
    false,
    false,
    false,
    false,
    false,
    false,
    false,
    false,
    false,
    false,
    false,
    false,
    false,
    false,
    false
  ],
  "source_phase": "phase4_diagnostic_sweep",
  "notes": "Phase IV-B diagnostic sweep (u_max=0.0050) stagewise schedule from classical pilot",
  "provenance": {
    "git_sha": "6202151f2786771ab9339e76dffb5bd4f02d731b",
    "calibration_code_version": "v3.0",
    "input_hashes": {
      "margins": "e60ba183774a6893",
      "p_align": "8bb2e1a18e96a781",
      "n_by_stage": "35d6f04339c16583"
    }
  }
}