{
  "total_s": 0.6781621249974705,
  "step_s": 0.0,
  "fit_s": 0.0,
  "eval_s": 0.15104924800107256,
  "plot_s": 0.0,
  "other_s": 0.0,
  "train_s": 0.6624858750001295,
  "post_s": 0.015640333003830165,
  "steps_per_s": null,
  "updates_per_s": null
}
