{
  "total_s": 11.076073167001596,
  "step_s": 0.0,
  "fit_s": 0.0,
  "eval_s": 0.4547241680556908,
  "plot_s": 0.0,
  "other_s": 0.0,
  "train_s": 10.15600237500621,
  "eval_final_s": 0.2758975000178907,
  "post_s": 0.6389887080003973,
  "steps_per_s": null,
  "updates_per_s": null
}
