{
  "total_s": 10.636424458993133,
  "step_s": 0.0,
  "fit_s": 0.0,
  "eval_s": 0.4712042919418309,
  "plot_s": 0.0,
  "other_s": 0.0,
  "train_s": 9.721478624996962,
  "eval_final_s": 0.3098432499973569,
  "post_s": 0.5998874170181807,
  "steps_per_s": null,
  "updates_per_s": null
}
