{
  "algorithm": "safe_q_zero",
  "metrics": {
    "final_10pct_success_rate": {
      "max": 0.0,
      "mean": 0.0,
      "min": 0.0,
      "n": 5,
      "std": 0.0
    },
    "final_disc_return_mean": {
      "max": -0.6415140775914574,
      "mean": -0.6415140775914574,
      "min": -0.6415140775914574,
      "n": 5,
      "std": 0.0
    },
    "frac_u_ge_5e3": {
      "max": 0.0,
      "mean": 0.0,
      "min": 0.0,
      "n": 5,
      "std": 0.0
    },
    "mean_abs_delta_effective_discount": {
      "max": 0.050000000000000155,
      "mean": 0.050000000000000155,
      "min": 0.050000000000000155,
      "n": 5,
      "std": 0.0
    },
    "mean_abs_natural_shift": {
      "max": 0.0,
      "mean": 0.0,
      "min": 0.0,
      "n": 5,
      "std": 0.0
    },
    "mean_abs_target_gap": {
      "max": 0.0,
      "mean": 0.0,
      "min": 0.0,
      "n": 5,
      "std": 0.0
    },
    "mean_return": {
      "max": -0.6414753491954078,
      "mean": -0.6415025583762223,
      "min": -0.6415140775914575,
      "n": 5,
      "std": 1.726569152800919e-05
    },
    "n_transitions": {
      "max": 20000.0,
      "mean": 20000.0,
      "min": 20000.0,
      "n": 5,
      "std": 0.0
    },
    "train_steps": {
      "max": 20000.0,
      "mean": 20000.0,
      "min": 20000.0,
      "n": 5,
      "std": 0.0
    }
  },
  "n_seeds": 5,
  "per_seed": [
    {
      "final_10pct_success_rate": 0.0,
      "final_disc_return_mean": -0.6415140775914574,
      "frac_u_ge_5e3": 0.0,
      "mean_abs_delta_effective_discount": 0.050000000000000155,
      "mean_abs_natural_shift": 0.0,
      "mean_abs_target_gap": 0.0,
      "mean_return": -0.6415140775914575,
      "n_transitions": 20000.0,
      "run_dir": "results/weighted_lse_dp/phase4/translation_4a2/dense_chain_cost_1/safe_q_zero/seed_1024",
      "seed": 1024,
      "status": "unknown",
      "train_steps": 20000.0
    },
    {
      "final_10pct_success_rate": 0.0,
      "final_disc_return_mean": -0.6415140775914574,
      "frac_u_ge_5e3": 0.0,
      "mean_abs_delta_effective_discount": 0.050000000000000155,
      "mean_abs_natural_shift": 0.0,
      "mean_abs_target_gap": 0.0,
      "mean_return": -0.6414753491954078,
      "n_transitions": 20000.0,
      "run_dir": "results/weighted_lse_dp/phase4/translation_4a2/dense_chain_cost_1/safe_q_zero/seed_123",
      "seed": 123,
      "status": "unknown",
      "train_steps": 20000.0
    },
    {
      "final_10pct_success_rate": 0.0,
      "final_disc_return_mean": -0.6415140775914574,
      "frac_u_ge_5e3": 0.0,
      "mean_abs_delta_effective_discount": 0.050000000000000155,
      "mean_abs_natural_shift": 0.0,
      "mean_abs_target_gap": 0.0,
      "mean_return": -0.6415140775914575,
      "n_transitions": 20000.0,
      "run_dir": "results/weighted_lse_dp/phase4/translation_4a2/dense_chain_cost_1/safe_q_zero/seed_42",
      "seed": 42,
      "status": "unknown",
      "train_steps": 20000.0
    },
    {
      "final_10pct_success_rate": 0.0,
      "final_disc_return_mean": -0.6415140775914574,
      "frac_u_ge_5e3": 0.0,
      "mean_abs_delta_effective_discount": 0.050000000000000155,
      "mean_abs_natural_shift": 0.0,
      "mean_abs_target_gap": 0.0,
      "mean_return": -0.6415140775914575,
      "n_transitions": 20000.0,
      "run_dir": "results/weighted_lse_dp/phase4/translation_4a2/dense_chain_cost_1/safe_q_zero/seed_456",
      "seed": 456,
      "status": "unknown",
      "train_steps": 20000.0
    },
    {
      "final_10pct_success_rate": 0.0,
      "final_disc_return_mean": -0.6415140775914574,
      "frac_u_ge_5e3": 0.0,
      "mean_abs_delta_effective_discount": 0.050000000000000155,
      "mean_abs_natural_shift": 0.0,
      "mean_abs_target_gap": 0.0,
      "mean_return": -0.6414952099113308,
      "n_transitions": 20000.0,
      "run_dir": "results/weighted_lse_dp/phase4/translation_4a2/dense_chain_cost_1/safe_q_zero/seed_789",
      "seed": 789,
      "status": "unknown",
      "train_steps": 20000.0
    }
  ],
  "schema_version": "1.0.0",
  "seeds": [
    42,
    123,
    456,
    789,
    1024
  ],
  "suite": "translation_4a2",
  "task_tag": "dense_chain_cost_1"
}