{
  "total_s": 6.529355625010794,
  "step_s": 0.0,
  "fit_s": 0.0,
  "eval_s": 0.8313289540528785,
  "plot_s": 0.0,
  "other_s": 0.0,
  "train_s": 5.969416292005917,
  "eval_final_s": 0.14628608300699852,
  "post_s": 0.41118837500107475,
  "steps_per_s": null,
  "updates_per_s": null
}
