{
  "phase": "phase4",
  "schedule_version": 3,
  "task_family": "dense_chain_cost",
  "scheduler_mode": "stagewise_u",
  "gamma_eval": 0.95,
  "gamma_base": 0.95,
  "sign_family": 1,
  "reward_bound": 0.05,
  "alpha_t": [
    0.3636963610379033,
    0.3626363381988218,
    0.3611680890785246,
    0.35920505284933285,
    0.35663789558526154,
    0.3533266389987535,
    0.37028420499247916,
    0.39,
    0.38902040493673457,
    0.38729937785638946,
    0.3845785855254386,
    0.38047712429018177,
    0.374409648386602,
    0.36542878084673774,
    0.3518952239576036,
    0.3307068136819435,
    0.4,
    0.4,
    0.14280500000000002,
    0.14280500000000002
  ],
  "kappa_t": [
    0.9681848180518952,
    0.9681318169099411,
    0.9680584044539262,
    0.9679602526424667,
    0.967831894779263,
    0.9676663319499377,
    0.9685142102496239,
    0.9695,
    0.9694510202468367,
    0.9693649688928194,
    0.9692289292762719,
    0.969023856214509,
    0.9687204824193301,
    0.9682714390423368,
    0.9675947611978801,
    0.9665353406840972,
    0.97,
    0.9658967691199087,
    0.9554925,
    0.9554925
  ],
  "Bhat_t": [
    1.4610453326340753,
    1.408352317874281,
    1.3540018982727235,
    1.297960838407788,
    1.240196418324627,
    1.1806765456776418,
    1.1193698797962106,
    1.0550902289113908,
    0.9877155532866332,
    0.9182676944937053,
    0.8467065768130267,
    0.772992380007129,
    0.6970853975112021,
    0.6189457210750495,
    0.5385325850267589,
    0.45580298975653977,
    0.3707086276875702,
    0.28165837905935076,
    0.19066051875,
    0.0975,
    0.0
  ],
  "A_t": [
    1.458352317874281,
    1.4040018982727236,
    1.3479608384077881,
    1.290196418324627,
    1.2306765456776418,
    1.1693698797962107,
    1.1050902289113909,
    1.0377155532866331,
    0.9682676944937053,
    0.8967065768130268,
    0.822992380007129,
    0.7470853975112022,
    0.6689457210750496,
    0.588532585026759,
    0.5058029897565398,
    0.42070862768757017,
    0.33165837905935075,
    0.24066051875,
    0.14750000000000002,
    0.05
  ],
  "xi_ref_t": [
    0.36149413234415223,
    0.36021125084152106,
    0.3584343177715546,
    0.35605857380210676,
    0.3529516986980987,
    0.3489442852078597,
    0.36946700126730536,
    0.39332783500814406,
    0.39214229037608606,
    0.3900594354360783,
    0.38676662510672544,
    0.3818028747435458,
    0.3744597757862562,
    0.3635907752141031,
    0.34721193019514096,
    0.32156887929978817,
    0.2787207722246335,
    0.19737346302882097,
    0.02,
    0.02
  ],
  "u_target_t": [
    0.018543183072868494,
    0.018484474115627057,
    0.0184031557028106,
    0.018294433696270748,
    0.018152252678568334,
    0.01796886000608481,
    0.018908048276506537,
    0.020000000000000004,
    0.01994574550418838,
    0.01985042708127696,
    0.019699737044485834,
    0.019472579191456223,
    0.01913653437218104,
    0.018639132477665472,
    0.017889581634574964,
    0.016716069680846102,
    0.011714068392840947,
    0.00881936619602576,
    0.002,
    0.002
  ],
  "u_tr_cap_t": [
    0.016584396362304688,
    0.016531944274902344,
    0.016460418701171875,
    0.01636505126953125,
    0.016236305236816406,
    0.016069412231445312,
    0.016913414001464844,
    0.01788616180419922,
    0.017838478088378906,
    0.017752647399902344,
    0.01761913299560547,
    0.01741647720336914,
    0.017113685607910156,
    0.01667022705078125,
    0.016002655029296875,
    0.01495361328125,
    0.009145736694335938,
    0.0068569183349609375,
    0.0,
    0.0
  ],
  "U_safe_ref_t": [
    0.013488505133960872,
    0.013401472511274345,
    0.013281383432302118,
    0.013121661424039957,
    0.012914228723221581,
    0.012649086935672084,
    0.014035650152067529,
    0.01573748855648229,
    0.015650653277705193,
    0.015498671345977707,
    0.015259901305668466,
    0.014903440171460947,
    0.01438376934370154,
    0.013631345012066592,
    0.012535312057895459,
    0.010910656628282951,
    0.011437806974722547,
    0.006438215317306437,
    0.00022545137999577944,
    0.00022545137999577944
  ],
  "u_ref_used_t": [
    0.013488505133960872,
    0.013401472511274345,
    0.013281383432302118,
    0.013121661424039957,
    0.012914228723221581,
    0.012649086935672084,
    0.014035650152067529,
    0.01573748855648229,
    0.015650653277705193,
    0.015498671345977707,
    0.015259901305668466,
    0.014903440171460947,
    0.01438376934370154,
    0.013631345012066592,
    0.012535312057895459,
    0.010910656628282951,
    0.009145736694335938,
    0.006438215317306437,
    0.0,
    0.0
  ],
  "theta_used_t": [
    0.03731320629326135,
    0.037204480648413925,
    0.03705388344195019,
    0.036852536041816604,
    0.03658922388206981,
    0.03624958903722196,
    0.037988914040831726,
    0.04001112343385624,
    0.03991064891954233,
    0.0397341275148248,
    0.03945506234271793,
    0.039034384383489724,
    0.03841205457515383,
    0.03749089894824662,
    0.0361027688502821,
    0.03392945440504304,
    0.032813258306291504,
    0.032619457643940274,
    0.0,
    0.0
  ],
  "beta_used_t": [
    0.02558586552503973,
    0.026498882013040594,
    0.027488842691986697,
    0.028563508252232736,
    0.029730983344549603,
    0.030999249821227887,
    0.03437630072818043,
    0.0385569275772477,
    0.04121861045917792,
    0.04431118109565266,
    0.04794098135194904,
    0.052248892179564285,
    0.05742178081866279,
    0.0637023334001838,
    0.0713771361210411,
    0.08064834465491397,
    0.09893691936671838,
    0.13554137510118816,
    0.0,
    0.0
  ],
  "trust_clip_active_t": [
    true,
    true,
    true,
    true,
    true,
    true,
    true,
    true,
    true,
    true,
    true,
    true,
    true,
    true,
    true,
    true,
    true,
    true,
    true,
    true
  ],
  "safe_clip_active_t": [
    false,
    false,
    false,
    false,
    false,
    false,
    false,
    false,
    false,
    false,
    false,
    false,
    false,
    false,
    false,
    false,
    false,
    false,
    false,
    false
  ],
  "source_phase": "phase4C_scheduler_state_bin_reward_region",
  "notes": "Phase IV-C scheduler ablation: state_bin_reward_region",
  "provenance": {
    "git_sha": "01a22b9945b1a74a643b82b1f38fefc5e36ee5f8",
    "calibration_code_version": "v3.0",
    "input_hashes": {
      "margins": "ceada405a7c1d7a9",
      "p_align": "d96e305f37d4ed27",
      "n_by_stage": "35d6f04339c16583"
    }
  }
}