{
  "schema_version": "1.0.0",
  "phase": "phase4C",
  "task": "dense_chain_cost_1",
  "algorithm": "safe_target_q",
  "seed": 789,
  "train_steps": 20000,
  "n_transitions": 20000,
  "mean_return": -0.6414753491954077,
  "final_disc_return_mean": -0.6415140775914574,
  "mean_q_target_gap": 0.00011534422668026043,
  "std_q_target_gap": 0.0007790176239337375,
  "p5_q_target_gap": 0.0,
  "p95_q_target_gap": 0.0,
  "mean_beta_used": 0.0343115923684983,
  "std_beta_used": 0.024479070244946576,
  "p5_beta_used": 0.0,
  "p95_beta_used": 0.07927271690348733,
  "mean_rho": 0.512446260242583,
  "std_rho": 0.00031279225715476146,
  "p5_rho": 0.5118432228134261,
  "p95_rho": 0.5128205128205129,
  "mean_effective_discount": 0.950729792526963,
  "std_effective_discount": 0.0006099449014517787,
  "p5_effective_discount": 0.9499999999999998,
  "p95_effective_discount": 0.9519057155138191,
  "stage_mean_q_target_gap": [
    9.011360876702172e-05,
    0.00010399520987760494,
    0.00013776855881222729,
    0.0001582672845752958,
    0.00011683247379098871,
    0.00011119654305004296,
    0.00013441841511776004,
    0.00010348904937458555,
    8.990488807441216e-05,
    0.00011826989359578428,
    0.00012864560778576934,
    0.0001469638753919101,
    0.00011972585525569965,
    0.00014730886792336262,
    0.00014722291536407872,
    0.00011269247821363508,
    0.00012783258031657654,
    0.00010289104521127269,
    0.00010934538310718038,
    0.0
  ],
  "stage_std_q_target_gap": [
    0.0010986043088450712,
    0.0007790678357231899,
    0.0008354706376213786,
    0.0008758519421433195,
    0.0007916366093445554,
    0.0007015463111186695,
    0.0008392738993117088,
    0.0006617136322392585,
    0.0006238865284867,
    0.0007590107735574214,
    0.0007988136888392596,
    0.0008437922592812054,
    0.0007875999002342295,
    0.000918099026053817,
    0.0008213217296004658,
    0.0007081698219462505,
    0.0007639454088131372,
    0.0006843804171026667,
    0.0007545704698233256,
    0.0
  ],
  "stage_mean_beta_used": [
    0.018180765600138517,
    0.018752444758697622,
    0.019374441706544003,
    0.020052439966815272,
    0.02169585248450462,
    0.022663161959561435,
    0.02491455140898085,
    0.026362455522567777,
    0.028032190819287324,
    0.02997623698072495,
    0.0322641602925721,
    0.034989412862642795,
    0.038278662573884556,
    0.04230281848910618,
    0.061143581540143085,
    0.0699489722015648,
    0.07823081332598998,
    0.09906888487624023,
    0.0,
    0.0
  ],
  "stage_std_beta_used": [
    0.0,
    0.0,
    6.938893903907228e-18,
    0.0,
    1.0408340855860843e-17,
    0.0,
    6.938893903907228e-18,
    1.0408340855860843e-17,
    3.469446951953614e-18,
    6.938893903907228e-18,
    0.0,
    0.0,
    6.938893903907228e-18,
    6.938893903907228e-18,
    6.938893903907228e-18,
    0.0,
    0.0,
    1.3877787807814457e-17,
    0.0,
    0.0
  ],
  "stage_mean_rho": [
    0.5126075689366388,
    0.5126190911573956,
    0.5126221396076459,
    0.5126186752863024,
    0.5126031140011271,
    0.5125888701576563,
    0.5125568893162675,
    0.5125409872509381,
    0.5125168224780813,
    0.5124900962215088,
    0.5124641791005595,
    0.5124357536749247,
    0.5123953075365569,
    0.5123644395686295,
    0.512154520377245,
    0.5120429567318889,
    0.5119491376884794,
    0.5117136301187897,
    0.5128205128205128,
    0.5128205128205128
  ],
  "stage_std_rho": [
    5.4278560529968576e-05,
    9.599578799987312e-05,
    0.00011303391430259547,
    0.00011613861301289768,
    0.00011818738941252604,
    0.0001129499027603765,
    0.00011395992289808071,
    0.00011111502176007879,
    0.00011339300041153282,
    0.00011466243608259248,
    0.00011932171718034604,
    0.0001246081337211685,
    0.00013189823183852763,
    0.0001425136531638117,
    0.0002013730197555743,
    0.00023030605726858958,
    0.0002572724391122978,
    0.00031927263152805945,
    1.1102230246251565e-16,
    1.1102230246251565e-16
  ],
  "stage_mean_effective_discount": [
    0.9504152405735546,
    0.9503927722430783,
    0.9503868277650905,
    0.9503935831917101,
    0.9504239276978024,
    0.9504517031925698,
    0.950514065833278,
    0.9505450748606706,
    0.9505921961677414,
    0.9506443123680574,
    0.950694850753909,
    0.9507502803338969,
    0.9508291503037133,
    0.9508893428411725,
    0.951298685264372,
    0.9515162343728168,
    0.9516991815074651,
    0.9521584212683597,
    0.9499999999999996,
    0.9499999999999996
  ],
  "stage_std_effective_discount": [
    0.00010584319303344494,
    0.00018719178659975987,
    0.0002204161328900529,
    0.00022647029537513344,
    0.00023046540935443594,
    0.00022025231038274502,
    0.000222221849651266,
    0.00021667429243216592,
    0.00022111635080248893,
    0.00022359175036105913,
    0.00023267734850166756,
    0.0002429858607562868,
    0.00025720155208512244,
    0.0002779016236694321,
    0.0003926773885233597,
    0.0004490968116737563,
    0.0005016812562689744,
    0.0006225816314797027,
    2.220446049250313e-16,
    2.220446049250313e-16
  ]
}