{
  "total_s": 8.139031582977623,
  "step_s": 0.0,
  "fit_s": 0.0,
  "eval_s": 1.0073238739278167,
  "plot_s": 0.0,
  "other_s": 0.0,
  "train_s": 7.564609416993335,
  "eval_final_s": 0.15891275001922622,
  "post_s": 0.412715707992902,
  "steps_per_s": null,
  "updates_per_s": null
}
