{
  "total_s": 7.710538666986395,
  "step_s": 0.0,
  "fit_s": 0.0,
  "eval_s": 0.9553363739978522,
  "plot_s": 0.0,
  "other_s": 0.0,
  "train_s": 7.153458207991207,
  "eval_final_s": 0.17412329200305976,
  "post_s": 0.38001404199167155,
  "steps_per_s": null,
  "updates_per_s": null
}
