{
  "schema_version": "1.0.0",
  "created_at": "2026-04-19T05:26:55Z",
  "phase": "phase2",
  "task": "chain_catastrophe",
  "algorithm": "ExpectedSARSA",
  "seed": 47,
  "train_steps": 120000,
  "n_transitions": 120000,
  "steps_to_threshold": null,
  "auc_disc_return": 2.3832795945346503,
  "final_disc_return_mean": 0.46065664063683426,
  "final_10pct_success_rate": 0.0,
  "tail_risk_metrics": {
    "return_q05": 0.0,
    "return_q25": 0.0,
    "return_q50": 0.5526834771623851,
    "return_q75": 1.1507676165952687,
    "return_q95": 1.703451093757654,
    "cvar_5pct": -2.410392571961316,
    "cvar_10pct": -1.205196285980658,
    "top5pct_mean": 1.7034510937576541,
    "top10pct_mean": 1.7034510937576537,
    "event_rate": 0.02,
    "event_conditioned_return": -6.02598142990329
  },
  "shortcut_risky_path_fraction": 0.45,
  "episode_returns": [
    0.5582661385478637,
    0.0,
    0.0,
    1.691943417591701,
    0.0,
    0.0,
    0.0,
    0.0,
    0.5526834771623851,
    0.0,
    1.703451093757654,
    0.0,
    0.0,
    0.0,
    1.691943417591701,
    0.0,
    1.1394325526659732,
    0.0,
    0.0,
    1.703451093757654,
    0.0,
    0.0,
    0.5526834771623851,
    0.5526834771623851,
    0.0,
    0.0,
    0.0,
    0.0,
    0.5526834771623851,
    1.6977550817328821,
    1.1507676165952687,
    0.0,
    0.5526834771623851,
    0.0,
    1.703451093757654,
    1.1394325526659732,
    1.703451093757654,
    0.5526834771623851,
    1.703451093757654,
    0.5526834771623851,
    0.0,
    0.0,
    0.0,
    0.0,
    0.5526834771623851,
    0.0,
    0.0,
    0.0,
    1.691943417591701,
    0.0,
    0.0,
    0.0,
    0.0,
    1.6977550817328821,
    0.0,
    0.5526834771623851,
    1.139259940429316,
    1.1222846796395443,
    1.703451093757654,
    0.0,
    0.0,
    0.5526834771623851,
    1.703451093757654,
    1.1507676165952687,
    0.0,
    1.703451093757654,
    1.1507676165952687,
    1.1222846796395443,
    1.1280382271393137,
    0.5526834771623851,
    0.5526834771623851,
    1.703451093757654,
    0.0,
    0.0,
    0.0,
    0.0,
    1.6977550817328821,
    0.5526834771623851,
    1.703451093757654,
    0.0,
    0.0,
    1.703451093757654,
    1.703451093757654,
    0.5526834771623851,
    1.691943417591701,
    0.0,
    1.703451093757654,
    1.6977550817328821,
    1.703451093757654,
    1.703451093757654,
    1.691943417591701,
    1.6977550817328821,
    0.0,
    1.703451093757654,
    1.6977550817328821,
    1.6977550817328821,
    0.5526834771623851,
    0.5526834771623851,
    0.5526834771623851,
    1.6977550817328821,
    -6.0500606713753635,
    1.703451093757654,
    1.145071604570497,
    1.703451093757654,
    -6.0500606713753635,
    1.703451093757654,
    0.5526834771623851,
    1.1507676165952687,
    1.703451093757654,
    0.0,
    1.1507676165952687,
    1.691943417591701,
    0.0,
    0.0,
    -6.0500606713753635,
    0.0,
    0.0,
    0.5526834771623851,
    0.5526834771623851,
    1.1222846796395443,
    0.5526834771623851,
    0.0,
    1.691943417591701,
    0.0,
    0.5753547499769285,
    1.1507676165952687,
    1.145071604570497,
    0.5526834771623851,
    1.6977550817328821,
    0.0,
    1.1507676165952687,
    0.5526834771623851,
    0.0,
    0.5526834771623851,
    0.0,
    1.691943417591701,
    1.703451093757654,
    0.5526834771623851,
    1.139259940429316,
    0.0,
    0.5526834771623851,
    0.0,
    0.5526834771623851,
    1.703451093757654,
    1.1507676165952687,
    0.5526834771623851,
    1.703451093757654,
    0.0,
    1.1338498912804946,
    1.703451093757654,
    0.0,
    0.5526834771623851,
    1.6977550817328821,
    1.1507676165952687,
    0.0,
    1.1394325526659732,
    1.139259940429316,
    0.5526834771623851,
    0.0,
    0.0,
    0.0,
    0.0,
    0.0,
    0.0,
    0.0,
    0.5696012024771592,
    1.691943417591701,
    0.5696012024771592,
    1.1222846796395443,
    1.691943417591701,
    1.1338498912804946,
    1.1165886676147725,
    0.0,
    0.5526834771623851,
    1.703451093757654,
    0.0,
    1.703451093757654,
    1.1222846796395443,
    0.0,
    0.0,
    0.5526834771623851,
    0.5526834771623851,
    1.703451093757654,
    0.0,
    1.145071604570497,
    0.0,
    1.139259940429316,
    1.6977550817328821,
    1.6977550817328821,
    0.0,
    0.0,
    0.0,
    0.0,
    1.703451093757654,
    0.0,
    1.703451093757654,
    1.691943417591701,
    1.703451093757654,
    1.139259940429316,
    1.691943417591701,
    0.5526834771623851,
    0.0,
    0.0,
    1.6977550817328821,
    1.1507676165952687,
    0.0,
    0.5526834771623851,
    1.1222846796395443,
    0.0,
    0.5526834771623851,
    1.703451093757654,
    0.0,
    0.0,
    0.0,
    0.0,
    0.0,
    1.1222846796395443,
    0.0,
    0.5526834771623851,
    1.703451093757654,
    1.691943417591701,
    0.5696012024771592,
    1.703451093757654,
    0.0,
    1.703451093757654,
    0.0,
    0.5526834771623851,
    0.0,
    0.0,
    0.0,
    0.0,
    1.1222846796395443,
    1.703451093757654,
    1.133620888524792,
    1.1222846796395443,
    1.1222846796395443,
    0.5696012024771592,
    0.5526834771623851,
    1.1507676165952687,
    1.6977550817328821,
    0.5526834771623851,
    1.1222846796395443,
    0.5526834771623851,
    1.1507676165952687,
    0.5526834771623851,
    0.5526834771623851,
    1.703451093757654,
    0.5526834771623851,
    0.0,
    0.0,
    0.0,
    0.0,
    1.1222846796395443,
    1.1507676165952687,
    1.1165886676147725,
    1.691943417591701,
    1.1222846796395443,
    0.5526834771623851,
    0.0,
    0.0,
    0.0,
    0.0,
    0.0,
    0.5526834771623851,
    1.703451093757654,
    0.5526834771623851,
    0.0,
    1.703451093757654,
    1.703451093757654,
    0.0,
    0.0,
    0.0,
    1.1222846796395443,
    0.0,
    0.0,
    1.691943417591701,
    0.0,
    0.0,
    0.0,
    1.703451093757654,
    1.6977550817328821,
    -6.0500606713753635,
    0.5526834771623851,
    0.0,
    0.0,
    0.0,
    0.0,
    1.703451093757654,
    0.0,
    0.0,
    1.691943417591701,
    0.0,
    1.703451093757654,
    1.703451093757654,
    -6.0500606713753635,
    1.1222846796395443,
    1.691943417591701,
    1.145071604570497,
    1.691943417591701,
    0.5526834771623851,
    0.0,
    -6.0500606713753635,
    1.703451093757654,
    0.0,
    0.0,
    -5.929664464014994,
    0.5526834771623851,
    0.0,
    0.0,
    -6.0500606713753635,
    1.6977550817328821,
    1.1280382271393137,
    1.703451093757654,
    0.0,
    1.703451093757654,
    0.0,
    0.0,
    0.0,
    0.0,
    0.0,
    0.0,
    1.703451093757654,
    0.5526834771623851,
    0.5526834771623851,
    1.6977550817328821,
    0.0,
    0.0,
    0.5526834771623851,
    1.703451093757654,
    0.5526834771623851,
    0.0,
    1.1222846796395443,
    0.5526834771623851,
    1.6977550817328821,
    0.0,
    0.0,
    0.0,
    1.1222846796395443,
    0.0,
    0.0,
    1.703451093757654,
    0.5526834771623851,
    0.0,
    0.0,
    1.1280382271393137,
    0.5696012024771592,
    1.691943417591701,
    0.0,
    0.0,
    0.5526834771623851,
    0.0,
    0.0,
    0.0,
    1.6977550817328821,
    0.0,
    0.5526834771623851,
    0.0,
    0.0,
    0.0,
    1.1222846796395443,
    0.0,
    0.5526834771623851,
    1.703451093757654,
    0.5582661385478637,
    0.5526834771623851,
    0.0,
    0.0,
    0.5526834771623851,
    1.703451093757654,
    1.703451093757654,
    1.1507676165952687,
    0.0,
    0.0,
    0.0,
    0.5526834771623851,
    1.703451093757654,
    0.5526834771623851,
    0.0,
    -5.929664464014994,
    0.5526834771623851,
    1.703451093757654,
    0.5526834771623851,
    0.0,
    0.0,
    0.0,
    0.0,
    0.0,
    0.5526834771623851,
    0.0,
    0.5696012024771592,
    0.0,
    1.6977550817328821,
    0.0,
    0.0,
    1.703451093757654,
    0.0,
    1.691943417591701,
    0.0,
    1.6977550817328821,
    1.691943417591701,
    0.0,
    0.0,
    1.691943417591701,
    0.0,
    1.6977550817328821,
    1.703451093757654,
    0.0,
    0.0,
