{
  "total_s": 4.7881988330045715,
  "step_s": 0.0,
  "fit_s": 0.0,
  "eval_s": 0.6262133760610595,
  "plot_s": 0.0,
  "other_s": 0.0,
  "train_s": 4.144995582988486,
  "eval_final_s": 0.5181053330015857,
  "post_s": 0.11418508301721886,
  "steps_per_s": null,
  "updates_per_s": null
}
