{
  "total_s": 4.85233458399307,
  "step_s": 0.0,
  "fit_s": 0.0,
  "eval_s": 0.6227765839721542,
  "plot_s": 0.0,
  "other_s": 0.0,
  "train_s": 4.13587029199698,
  "eval_final_s": 0.5899599170079455,
  "post_s": 0.1152368749899324,
  "steps_per_s": null,
  "updates_per_s": null
}
