{
  "schema_version": "1.0.0",
  "created_at": "2026-04-19T06:06:10Z",
  "phase": "phase2",
  "task": "grid_regime_shift",
  "algorithm": "ExpectedSARSA",
  "seed": 47,
  "train_steps": 250000,
  "n_transitions": 250000,
  "steps_to_threshold": 16000,
  "auc_disc_return": 0.6614028713145933,
  "final_disc_return_mean": 0.7092958076484562,
  "final_10pct_success_rate": 1.0,
  "adaptation_metrics": {
    "change_at_episode": 200,
    "pre_change_auc": 0.5450940337903293,
    "post_change_auc": 0.6072415220087786,
    "lag_to_50pct_recovery": 3,
    "lag_to_75pct_recovery": 311,
    "lag_to_90pct_recovery": null,
    "post_change_optimum": 0.970299
  },
  "shortcut_risky_path_fraction": 0.0,
  "episode_returns": [
    0.7177305325982749,
    0.7034476949995692,
    0.7177305325982749,
    0.7105532272722921,
    0.7177305325982749,
    0.7177305325982749,
    0.7177305325982749,
    0.7177305325982749,
    0.7034476949995692,
    0.7105532272722921,
    0.7034476949995692,
    0.7105532272722921,
    0.7177305325982749,
    0.7177305325982749,
    0.7177305325982749,
    0.7177305325982749,
    0.7177305325982749,
    0.5696012024771592,
    0.7105532272722921,
    0.7177305325982749,
    0.7177305325982749,
    0.5753547499769285,
    0.7177305325982749,
    0.7177305325982749,
    0.7177305325982749,
    0.7177305325982749,
    0.7177305325982749,
    0.7034476949995692,
    0.7034476949995692,
    0.7034476949995692,
    0.7177305325982749,
    0.7105532272722921,
    0.7177305325982749,
    0.7177305325982749,
    0.7177305325982749,
    0.7034476949995692,
    0.7177305325982749,
    0.7034476949995692,
    0.7177305325982749,
    0.7034476949995692,
    0.7177305325982749,
    0.7177305325982749,
    0.7177305325982749,
    0.7177305325982749,
    0.7177305325982749,
    0.7177305325982749,
    0.7177305325982749,
    0.7177305325982749,
    0.5753547499769285,
    0.7177305325982749,
    0.7177305325982749,
    0.7177305325982749,
    0.7177305325982749,
    0.7177305325982749,
    0.7177305325982749,
    0.7177305325982749,
    0.7177305325982749,
    0.7034476949995692,
    0.7034476949995692,
    0.7034476949995692,
    0.7105532272722921,
    0.7105532272722921,
    0.7177305325982749,
    0.7034476949995692,
    0.7177305325982749,
    0.7177305325982749,
    0.7177305325982749,
    0.7177305325982749,
    0.6964132180495735,
    0.7034476949995692,
    0.7105532272722921,
    0.7177305325982749,
    0.7177305325982749,
    0.7177305325982749,
    0.0,
    0.7105532272722921,
    0.0,
    0.7177305325982749,
    0.7177305325982749,
    0.7034476949995692,
    0.7177305325982749,
    0.7034476949995692,
    0.7177305325982749,
    0.7177305325982749,
    0.7034476949995692,
    0.7177305325982749,
    0.7177305325982749,
    0.7105532272722921,
    0.7034476949995692,
    0.7177305325982749,
    0.7034476949995692,
    0.7177305325982749,
    0.7177305325982749,
    0.7177305325982749,
    0.7177305325982749,
    0.7177305325982749,
    0.7177305325982749,
    0.7177305325982749,
    0.7177305325982749,
    0.7105532272722921,
    0.7177305325982749,
    0.7034476949995692,
    0.7177305325982749,
    0.7034476949995692,
    0.7177305325982749,
    0.7177305325982749,
    0.0,
    0.7177305325982749,
    0.7177305325982749,
    0.5753547499769285,
    0.7177305325982749,
    0.7177305325982749,
    0.7177305325982749,
    0.7177305325982749,
    0.7177305325982749,
    0.6964132180495735,
    0.7177305325982749,
    0.7177305325982749,
    0.7177305325982749,
    0.7177305325982749,
    0.7177305325982749,
    0.7177305325982749,
    0.7177305325982749,
    0.7177305325982749,
    0.7177305325982749,
    0.7034476949995692,
    0.7177305325982749,
    0.7177305325982749,
    0.7034476949995692,
    0.7177305325982749,
    0.7105532272722921,
    0.7177305325982749,
    0.7034476949995692,
    0.7034476949995692,
    0.7034476949995692,
    0.7034476949995692,
    0.7034476949995692,
    0.7177305325982749,
    0.5696012024771592,
    0.7177305325982749,
    0.7177305325982749,
    0.7177305325982749,
    0.7034476949995692,
    0.7177305325982749,
    0.7034476949995692,
    0.7034476949995692,
    0.7177305325982749,
    0.7034476949995692,
    0.7177305325982749,
    0.7177305325982749,
    0.7177305325982749,
    0.7177305325982749,
    0.6964132180495735,
    0.7034476949995692,
    0.7034476949995692,
    0.7177305325982749,
    0.7105532272722921,
    0.7177305325982749,
    0.7034476949995692,
    0.7034476949995692,
    0.7177305325982749,
    0.7034476949995692,
    0.7177305325982749,
    0.7034476949995692,
    0.7034476949995692,
    0.7034476949995692,
    0.7034476949995692,
    0.7177305325982749,
    0.7034476949995692,
    0.7034476949995692,
    0.7177305325982749,
    0.7034476949995692,
    0.7177305325982749,
    0.7177305325982749,
    0.7034476949995692,
    0.7177305325982749,
    0.7034476949995692,
    0.7177305325982749,
    0.7177305325982749,
    0.6964132180495735,
    0.7105532272722921,
    0.7034476949995692,
    0.7177305325982749,
    0.7177305325982749,
    0.7034476949995692,
    0.7177305325982749,
    0.7177305325982749,
    0.7034476949995692,
    0.5753547499769285,
    0.7177305325982749,
    0.7177305325982749,
    0.7177305325982749,
    0.7177305325982749,
    0.7034476949995692,
    0.7177305325982749,
    0.7177305325982749,
    0.7034476949995692,
    0.7105532272722921,
    0.7177305325982749,
    0.7177305325982749
  ],