{
  "total_s": 7.6907099170202855,
  "step_s": 0.0,
  "fit_s": 0.0,
  "eval_s": 0.4409448340011295,
  "plot_s": 0.0,
  "other_s": 0.0,
  "train_s": 7.253110042016488,
  "eval_final_s": 0.13181650001206435,
  "post_s": 0.30291566700907424,
  "steps_per_s": null,
  "updates_per_s": null
}
