{
  "total_s": 8.869625542021822,
  "step_s": 0.0,
  "fit_s": 0.0,
  "eval_s": 1.3504199130111374,
  "plot_s": 0.0,
  "other_s": 0.0,
  "train_s": 7.843369208014337,
  "eval_final_s": 0.5161981669953093,
  "post_s": 0.5019489590195008,
  "steps_per_s": null,
  "updates_per_s": null
}
