{
  "family": "chain_sparse_credit",
  "tag": "chain_sparse_credit_1",
  "n_transitions": 6000,
  "gamma_base": 0.95,
  "r_max": 1.0,
  "seed": 42,
  "n_episodes": 200,
  "mean_natural_shift": -2.1089362514382685e-06,
  "std_natural_shift": 0.0002553866842471201,
  "p25_natural_shift": -2.4440293468116155e-16,
  "p75_natural_shift": -1.9189216668233324e-41,
  "mean_abs_u": 9.960183019477818e-06,
  "mean_delta_effective_discount": 1.027808184092464e-06,
  "std_delta_effective_discount": 0.0001244357497561826,
  "p25_delta_effective_discount": -1.1102230246251565e-16,
  "p75_delta_effective_discount": 1.1102230246251565e-16,
  "mean_abs_delta_d": 4.852767744086791e-06,
  "mean_target_gap_same_gamma_base": -1.6909209369927994e-06,
  "std_target_gap_same_gamma_base": 6.203408308147288e-05,
  "p25_target_gap_same_gamma_base": 0.0,
  "p75_target_gap_same_gamma_base": 0.0,
  "mean_abs_target_gap": 1.8683844756404076e-06,
  "frac_u_ge_5e3": 0.0005,
  "frac_delta_d_ge_1e3": 0.0005,
  "frac_target_gap_ge_5e3_normed": 0.0,
  "mean_beta_used": -0.0003965309180685945,
  "mean_KL_to_prior": 8.149425106159116e-09
}