{
  "phase": "phase4",
  "schedule_version": 3,
  "task_family": "dense_chain_cost",
  "scheduler_mode": "stagewise_u",
  "gamma_eval": 0.95,
  "gamma_base": 0.95,
  "sign_family": 1,
  "reward_bound": 0.02,
  "alpha_t": [
    0.2469791338534098,
    0.2458511310019141,
    0.244473391703149,
    0.24279564779377028,
    0.2510855137100136,
    0.24969704375430377,
    0.26,
    0.2591827501638644,
    0.2580260706877346,
    0.2564249905315857,
    0.254230102604691,
    0.25122140715174734,
    0.24706121646438628,
    0.24120355491026696,
    0.3,
    0.28571448711466846,
    0.28564221101473003,
    0.3,
    0.14280500000000002,
    0.14280500000000002
  ],
  "kappa_t": [
    0.9623489566926705,
    0.9622925565500957,
    0.9622236695851574,
    0.9621397823896884,
    0.9625542756855007,
    0.9624848521877152,
    0.963,
    0.9629591375081932,
    0.9629013035343867,
    0.9628212495265792,
    0.9627115051302345,
    0.9625610703575873,
    0.9623530608232193,
    0.9620601777455133,
    0.965,
    0.9642857243557333,
    0.9642821105507364,
    0.961618319315287,
    0.9554925,
    0.9554925
  ],
  "Bhat_t": [
    0.5561269457024527,
    0.5373590755266948,
    0.517887280884055,
    0.4976881114247763,
    0.4767374967964865,
    0.45476656003085514,
    0.431972055545418,
    0.40807067034830535,
    0.3832672186935504,
    0.35753115862435436,
    0.33083104343716624,
    0.3031344716272895,
    0.27440801395506753,
    0.24461709900282755,
    0.21372581857059042,
    0.1810630244254823,
    0.14732461638421396,
    0.1123370590400623,
    0.0762642075,
    0.039,
    0.0
  ],
  "A_t": [
    0.5573590755266948,
    0.537887280884055,
    0.5176881114247763,
    0.49673749679648654,
    0.47476656003085516,
    0.451972055545418,
    0.42807067034830537,
    0.4032672186935504,
    0.3775311586243544,
    0.35083104343716626,
    0.32313447162728953,
    0.29440801395506755,
    0.26461709900282754,
    0.2337258185705904,
    0.2010630244254823,
    0.16732461638421395,
    0.1323370590400623,
    0.0962642075,
    0.059,
    0.02
  ],
  "xi_ref_t": [
    0.38056503704979794,
    0.3782060938133854,
    0.3753248876213509,
    0.37181629485297835,
    0.389152530402348,
    0.38624888365478793,
    0.40779500733578267,
    0.4060859283464386,
    0.4036670149338564,
    0.40031874573374404,
    0.3957286722042608,
    0.3894367184385978,
    0.380736692839261,
    0.3684868203447348,
    0.3507134020333168,
    0.32368545660351855,
    0.27966784088974883,
    0.19737346302882094,
    0.02,
    0.02
  ],
  "u_target_t": [
    0.00013354734509323342,
    0.00014511660510857353,
    0.0001592472645830876,
    0.00017645489442286904,
    9.143062861524578e-05,
    0.00010567134610970567,
    0.0,
    8.382049601391058e-06,
    2.0245428843748605e-05,
    3.6666763778608804e-05,
    5.9178434823682494e-05,
    9.003684972566845e-05,
    0.0001327054721601416,
    0.0001927840522023905,
    0.0002799524480468407,
    0.0004125089773990658,
    0.0009331378484920042,
    0.0012564625319026552,
    0.002,
    0.002
  ],
  "u_tr_cap_t": [
    0.000152587890625,
    0.000152587890625,
    0.000152587890625,
    0.00030517578125,
    0.000152587890625,
    0.000152587890625,
    0.0,
    0.000152587890625,
    0.000152587890625,
    0.000152587890625,
    0.000152587890625,
    0.000152587890625,
    0.000152587890625,
    0.00030517578125,
    0.00030517578125,
    0.00030517578125,
    0.0006103515625,
    0.000762939453125,
    0.0,
    0.0
  ],
  "U_safe_ref_t": [
    0.009643890915220717,
    0.009540349935017898,
    0.009414625796458694,
    0.009262624644631328,
    0.010025431831952565,
    0.00989561382868193,
    0.010878611513905354,
    0.010798975484850024,
    0.010686753834454533,
    0.010532363274689873,
    0.010322499538667663,
    0.010038181916594365,
    0.00965144669984573,
    0.00911950000956835,
    0.01079487243354081,
    0.00948864764461986,
    0.00819622387445002,
    0.004705772031621411,
    0.00022545137999577944,
    0.00022545137999577944
  ],
  "u_ref_used_t": [
    0.00013354734509323342,
    0.00014511660510857353,
    0.000152587890625,
    0.00017645489442286904,
    9.143062861524578e-05,
    0.00010567134610970567,
    0.0,
    8.382049601391058e-06,
    2.0245428843748605e-05,
    3.6666763778608804e-05,
    5.9178434823682494e-05,
    9.003684972566845e-05,
    0.0001327054721601416,
    0.0001927840522023905,
    0.0002799524480468407,
    0.00030517578125,
    0.0006103515625,
    0.000762939453125,
    0.0,
    0.0
  ],
  "theta_used_t": [
    0.00035091858707913414,
    0.0003836971626908186,
    0.00040654882118805653,
    0.0004745754741401043,
    0.00023494805114260698,
    0.0002735835638146466,
    0.0,
    2.064107376367938e-05,
    5.015378540915947e-05,
    9.159392151722076e-05,
    0.00014954295450478943,
    0.0002311976386989418,
    0.0003485492064621338,
    0.0005231776051638238,
    0.0007982370973671717,
    0.0009428158572592558,
    0.002182415970882451,
    0.003865461148713765,
    0.0,
    0.0
  ],
  "beta_used_t": [
    0.0006296095326832564,
    0.0007133412079575218,
    0.0007853161241604654,
    0.0009553848404855533,
    0.0004948706815562951,
    0.0006053107940146857,
    0.0,
    5.118460615407691e-05,
    0.00013284674460224558,
    0.0002610770147928064,
    0.0004627886147574982,
    0.0007852966894244499,
    0.0013171832348536534,
    0.0022384245282076635,
    0.003970084005490593,
    0.005634651240402932,
    0.01649134404763952,
    0.04015470805921053,
    0.0,
    0.0
  ],
  "trust_clip_active_t": [
    false,
    false,
    true,
    false,
    false,
    false,
    false,
    false,
    false,
    false,
    false,
    false,
    false,
    false,
    false,
    true,
    true,
    true,
    true,
    true
  ],
  "safe_clip_active_t": [
    true,
    true,
    false,
    true,
    true,
    true,
    true,
    true,
    true,
    true,
    true,
    true,
    true,
    true,
    true,
    false,
    false,
    false,
    false,
    false
  ],
  "source_phase": "phase4_diagnostic_sweep",
  "notes": "Phase IV-B diagnostic sweep (u_max=0.0000) stagewise schedule from classical pilot",
  "provenance": {
    "git_sha": "01a22b9945b1a74a643b82b1f38fefc5e36ee5f8",
    "calibration_code_version": "v3.0",
    "input_hashes": {
      "margins": "e60ba183774a6893",
      "p_align": "8bb2e1a18e96a781",
      "n_by_stage": "35d6f04339c16583"
    }
  }
}