{
  "phase": "phase4",
  "schedule_version": 3,
  "task_family": "dense_chain_cost",
  "scheduler_mode": "stagewise_u",
  "gamma_eval": 0.95,
  "gamma_base": 0.95,
  "sign_family": 1,
  "reward_bound": 0.02,
  "alpha_t": [
    0.19098045710526196,
    0.18994607089796695,
    0.18871870236710703,
    0.1872603536173711,
    0.19348930013186943,
    0.19224736980362583,
    0.2,
    0.19918854018287413,
    0.1981173401267982,
    0.196707462761206,
    0.19484656633802744,
    0.19236921422008513,
    0.18902139615441543,
    0.18439221265852784,
    0.1777707983047076,
    0.16781174023955775,
    0.12892855743323872,
    0.1048341556839088,
    0.14280500000000002,
    0.14280500000000002
  ],
  "kappa_t": [
    0.9595490228552631,
    0.9594973035448983,
    0.9594359351183553,
    0.9593630176808685,
    0.9596744650065935,
    0.9596123684901813,
    0.96,
    0.9599594270091437,
    0.9599058670063398,
    0.9598353731380602,
    0.9597423283169013,
    0.9596184607110042,
    0.9594510698077208,
    0.9592196106329264,
    0.9588885399152354,
    0.9583905870119779,
    0.9564464278716619,
    0.9552417077841954,
    0.9554925,
    0.9554925
  ],
  "Bhat_t": [
    0.5417163076340545,
    0.5239089360313834,
    0.5053781123092993,
    0.48609614799529816,
    0.46603437880698506,
    0.4449783696225064,
    0.42306496138775057,
    0.4000676681122402,
    0.37612805078354733,
    0.3512094908169998,
    0.32527399964044923,
    0.29828214427354427,
    0.27019295156268247,
    0.24096377484785628,
    0.21055008947804305,
    0.17890514104299116,
    0.14597925202832007,
    0.11185075181510823,
    0.0762642075,
    0.039,
    0.0
  ],
  "A_t": [
    0.5439089360313835,
    0.5253781123092993,
    0.5060961479952981,
    0.4860343788069851,
    0.46497836962250644,
    0.4430649613877506,
    0.4200676681122402,
    0.39612805078354735,
    0.37120949081699983,
    0.34527399964044925,
    0.3182821442735443,
    0.2901929515626825,
    0.26096377484785627,
    0.23055008947804304,
    0.19890514104299115,
    0.16597925202832006,
    0.13185075181510822,
    0.0962642075,
    0.059,
    0.02
  ],
  "xi_ref_t": [
    0.3897826649471429,
    0.3869227947158882,
    0.3835293670972386,
    0.3794973255379607,
    0.3967191123166884,
    0.39328542425125645,
    0.41471989056197495,
    0.4124763670516156,
    0.4095147139181104,
    0.405616686006349,
    0.4004716809332305,
    0.393622299604987,
    0.38436625465954743,
    0.37156749150750884,
    0.3532606099329633,
    0.32572581346043467,
    0.280556337988494,
    0.19737346302882094,
    0.02,
    0.02
  ],
  "u_target_t": [
    0.00012026057192984058,
    0.00013405238802710758,
    0.00015041730177190664,
    0.0001698619517683862,
    8.680933157507466e-05,
    0.00010336840261832275,
    0.0,
    1.0819464228345455e-05,
    2.5102131642691042e-05,
    4.390049651725389e-05,
    6.871244882630106e-05,
    0.00010174381039886548,
    0.00014638138460779473,
    0.00020810383121962878,
    0.00029638935593723236,
    0.00042917679680589695,
    0.0009476192342234842,
    0.0012688779242145494,
    0.002,
    0.002
  ],
  "u_tr_cap_t": [
    8.503697890635996e-05,
    9.478924347655046e-05,
    0.00010636095720072904,
    0.00012011036388855682,
    6.138342061863282e-05,
    7.30924340604365e-05,
    0.0,
    7.650506880871712e-06,
    1.774988851238772e-05,
    3.104232566495525e-05,
    4.858700973349174e-05,
    7.19436744795806e-05,
    0.00010350714022161325,
    0.00014715136757295188,
    0.00020957839169049558,
    0.00030347270658961874,
    0.0005909546729743442,
    0.0007863449337839777,
    0.0,
    0.0
  ],
  "U_safe_ref_t": [
    0.007638309239532489,
    0.007541206951611175,
    0.007426775881031606,
    0.007291920681440126,
    0.007876346241957866,
    0.007758066661914733,
    0.008510730520281552,
    0.008430352573554498,
    0.008324818387444203,
    0.008186909903441038,
    0.008006610744979797,
    0.007769632235629225,
    0.007454917506361621,
    0.007030219677891419,
    0.006443875130229007,
    0.005608805447644375,
    0.0037117856122688875,
    0.002123326888945873,
    0.00022545137999577944,
    0.00022545137999577944
  ],
  "u_ref_used_t": [
    8.503697890635996e-05,
    9.478924347655046e-05,
    0.00010636095720072904,
    0.00012011036388855682,
    6.138342061863282e-05,
    7.30924340604365e-05,
    0.0,
    7.650506880871712e-06,
    1.774988851238772e-05,
    3.104232566495525e-05,
    4.858700973349174e-05,
    7.19436744795806e-05,
    0.00010350714022161325,
    0.00014715136757295188,
    0.00020957839169049558,
    0.00030347270658961874,
    0.0005909546729743442,
    0.0007863449337839777,
    0.0,
    0.0
  ],
  "theta_used_t": [
    0.00021816511239126433,
    0.0002449823188787645,
    0.0002773215464717274,
    0.00031649857800260657,
    0.0001547276617458056,
    0.00018585085933350094,
    0.0,
    1.8547745984958112e-05,
    4.33437136911694e-05,
    7.653118507178315e-05,
    0.00012132445824950232,
    0.00018277337069515232,
    0.0002692929958518204,
    0.0003960286379627432,
    0.0005932684986595769,
    0.0009316814757958415,
    0.002106367217405654,
    0.003984045888018663,
    0.0,
    0.0
  ],
  "beta_used_t": [
    0.000401105953476514,
    0.0004662971546377233,
    0.0005479621759031919,
    0.0006511855782290148,
    0.00033276313879164216,
    0.00041946638874666643,
    0.0,
    4.682260180330675e-05,
    0.00011676348467215547,
    0.00022165348433846402,
    0.0003811852484732265,
    0.0006298339422474661,
    0.0010319171540525889,
    0.0017177552993335962,
    0.0029826705109213267,
    0.005613240597305946,
    0.015975390268228216,
    0.04138657546231462,
    0.0,
    0.0
  ],
  "trust_clip_active_t": [
    true,
    true,
    true,
    true,
    true,
    true,
    false,
    true,
    true,
    true,
    true,
    true,
    true,
    true,
    true,
    true,
    true,
    true,
    true,
    true
  ],
  "safe_clip_active_t": [
    false,
    false,
    false,
    false,
    false,
    false,
    false,
    false,
    false,
    false,
    false,
    false,
    false,
    false,
    false,
    false,
    false,
    false,
    false,
    false
  ],
  "source_phase": "phase4_diagnostic_sweep",
  "notes": "Phase IV-B diagnostic sweep (u_max=0.0000) stagewise schedule from classical pilot",
  "provenance": {
    "git_sha": "6202151f2786771ab9339e76dffb5bd4f02d731b",
    "calibration_code_version": "v3.0",
    "input_hashes": {
      "margins": "e60ba183774a6893",
      "p_align": "8bb2e1a18e96a781",
      "n_by_stage": "35d6f04339c16583"
    }
  }
}