{
  "schema_version": "1.0.0",
  "created_at": "2026-04-18T19:36:18Z",
  "phase": "phase3",
  "task": "chain_regime_shift",
  "algorithm": "SafeQLearning",
  "seed": 47,
  "train_steps": 180000,
  "n_transitions": 180000,
  "steps_to_threshold": null,
  "auc_disc_return": 16.321906355126217,
  "final_disc_return_mean": 16.30588814025985,
  "final_10pct_success_rate": 0.0,
  "adaptation_metrics": {
    "change_at_episode": 300,
    "pre_change_auc": 4.779027311054302,
    "post_change_auc": 15.737903236973544,
    "lag_to_50pct_recovery": 0,
    "lag_to_75pct_recovery": 11,
    "lag_to_90pct_recovery": null,
    "post_change_optimum": 20.283883931340164
  },
  "shortcut_risky_path_fraction": 0.0,
  "episode_returns": [
    16.840887774136366,
    16.22349840300421,
    16.775515248353507,
    15.7426217806828,
    15.209023765431693,
    14.378677954691511,
    16.7963322183674,
    15.830883282146756,
    15.253868859426134,
    17.34202783319147,
    15.458400720372337,
    16.872670168965538,
    17.426676799365996,
    18.345167661893594,
    17.750839312627964,
    17.522005201430428,
    17.477221708577883,
    16.45493705169323,
    18.174526860162658,
    17.55580430613633,
    17.021455377697833,
    17.83067938412838,
    18.30419144115763,
    17.507376465620794,
    18.3618786927462,
    17.310777667749758,
    18.385214042138035,
    15.640901944519031,
    17.61032452491914,
    17.522818820389773,
    19.130610427551087,
    15.120917745132967,
    18.384419027879122,
    15.709334908787275,
    17.8669830895381,
    15.787844676096316,
    18.493662509718988,
    16.481651090941188,
    15.461956892044448,
    17.08933295741584,
    16.59685177523188,
    14.139180813592697,
    15.290774394901808,
    16.442105145667956,
    18.150411427551088,
    17.729753693565883,
    16.776647362612525,
    19.130610427551087,
    15.283126745916332,
    18.36869829765222,
    18.404147562416515,
    16.25781215480606,
    17.88286292106025,
    17.815714043354614,
    17.920353840207298,
    15.724756048573857,
    15.99961828518029,
    16.6814707830796,
    17.30147346799237,
    14.322358780080146,
    16.608831238445262,
    18.272647727676027,
    15.870622614055478,
    16.265173641454744,
    15.632046786626672,
    19.109857012725108,
    16.6503644417885,
    16.498380714271267,
    15.922460191587184,
    16.886061250366918,
    16.200276151467403,
    16.43183144924538,
    16.900858832323745,
    17.307700414873946,
    16.229855945962136,
    14.434756635617116,
    16.05508657135719,
    17.735797127022604,
    15.969823865952574,
    17.62818109701454,
    17.354680049915203,
    16.290594695591068,
    17.5769331601341,
    17.344476285067465,
    17.808756619401166,
    16.50116040126512,
    16.21468172718792,
    17.55920040542173,
    18.40787016197034,
    16.691507839585242,
    15.499304273337561,
    15.817415698866874,
    18.174926134899234,
    17.007726497111125,
    16.648187589661646,
    14.693174221350148,
    16.0408921990753,
    17.112509809560787,
    18.35934464180933,
    15.386211415648607,
    17.360189519429827,
    17.580929812442033,
    16.18618180642756,
    18.26783366308258,
    16.666592824031184,
    17.645870976381058,
    16.63696240263105,
    16.244020975326226,
    15.62088669829725,
    16.21386671372596,
    15.979795693863018,
    19.089997424731326,
    16.322539211425386,
    16.59287236118916,
    17.411363631720217,
    18.270050606690774,
    17.188403616879953,
    18.39275024898006,
    15.655293687250186,
    14.21727394888911,
    17.46663300476636,
    15.01461537872237,
    15.728890049683702,
    15.570428265616865,
    17.567283953054968,
    15.729371263365548,
    17.507459156788638,
    17.300948318057525,
    16.913307424246504,
    16.94866860055819,
    16.434113731587495,
    15.67105860063255,
    17.34297445064888,
    17.311098644513116,
    17.69731066864611,
    17.741807425794402,
    17.755085235473913,
    16.601635763498958,
    16.085268174706126,
    17.357931777991954,
    15.391279837110675,
    18.438052793241223,
    19.12963585543525,
    19.130610427551087,
    17.8724998677869,
    17.563854959833545,
    17.595560257900623,
    17.172185525901718,
    15.63661721706927,
    18.474762098493994,
    17.30352860149115,
    16.397363388897418,
    18.30032186859292,
    18.490988628778116,
    17.424672379932716,
    17.345168791735297,
    17.478383446913217,
    16.04847670758182,
    16.99009991007931,
    18.468328386567098,
    15.357782778337027,
    13.675541209783912,
    18.326872119394487,
    15.05641624686119,
    17.59748635669494,
    17.504727475566387,
    16.039955594899357,
    16.739396387345337,
    15.299396764058447,
    16.71991002400331,
    17.560720531425392,
    16.170696911686345,
    15.392488834808356,
    17.615568595452835,
    16.359891474175438,
    16.309340645789366,
    15.946755482638526,
    17.51330613008481,
    15.320059453423301,
    18.153844486241663,
    14.847934975597195,
    17.569079620068106,
    18.57223093836393,
    18.244682376173184,
    15.564277972413874,
    14.591749202876706,
    16.153245092135574,
    15.623197395090758,
    17.524693446590867,
    17.18392436562631,
    16.1571214805029,
    17.498241077696335,
    15.454666060664113,
    16.36906628163084,
    16.033047787093775,
    15.11141368533032,
    17.267003844952477,
    17.439428599949583,
    16.153099016971993,
    13.764502819976997
  ],