{
  "total_s": 5.475431083992589,
  "step_s": 0.0,
  "fit_s": 0.0,
  "eval_s": 0.6254065399989486,
  "plot_s": 0.0,
  "other_s": 0.0,
  "train_s": 4.886371375003364,
  "eval_final_s": 0.2402535420260392,
  "post_s": 0.3442445420078002,
  "steps_per_s": null,
  "updates_per_s": null
}
