{
  "total_s": 5.8252044589899015,
  "step_s": 0.0,
  "fit_s": 0.0,
  "eval_s": 0.12558620600611903,
  "plot_s": 0.0,
  "other_s": 0.0,
  "train_s": 5.513839958992321,
  "eval_final_s": 0.01593341599800624,
  "post_s": 0.29496699999435805,
  "steps_per_s": null,
  "updates_per_s": null
}
