{
  "total_s": 5.597323333000531,
  "step_s": 0.0,
  "fit_s": 0.0,
  "eval_s": 0.9769809969002381,
  "plot_s": 0.0,
  "other_s": 0.0,
  "train_s": 5.263871166011086,
  "eval_final_s": 0.13128079200396314,
  "post_s": 0.19951716699870303,
  "steps_per_s": null,
  "updates_per_s": null
}
