{
  "total_s": 8.713710875017568,
  "step_s": 0.0,
  "fit_s": 0.0,
  "eval_s": 1.3499858788854908,
  "plot_s": 0.0,
  "other_s": 0.0,
  "train_s": 7.686296208004933,
  "eval_final_s": 0.5162252089940012,
  "post_s": 0.5030366670107469,
  "steps_per_s": null,
  "updates_per_s": null
}
