{
  "total_s": 5.971669207996456,
  "step_s": 0.0,
  "fit_s": 0.0,
  "eval_s": 0.6396342079096939,
  "plot_s": 0.0,
  "other_s": 0.0,
  "train_s": 5.558132292004302,
  "eval_final_s": 0.2033486250147689,
  "post_s": 0.2055605000059586,
  "steps_per_s": null,
  "updates_per_s": null
}
