{
  "total_s": 7.510830290993908,
  "step_s": 0.0,
  "fit_s": 0.0,
  "eval_s": 1.3251888350350782,
  "plot_s": 0.0,
  "other_s": 0.0,
  "train_s": 6.799725290999049,
  "eval_final_s": 0.46310304099461064,
  "post_s": 0.23987874999875203,
  "steps_per_s": null,
  "updates_per_s": null
}
