{
  "schema_version": "1.0.0",
  "phase": "phase4C",
  "task": "dense_chain_cost_0",
  "algorithm": "safe_target_expected_sarsa",
  "seed": 42,
  "train_steps": 20000,
  "n_transitions": 20000,
  "mean_return": -0.2565746483197433,
  "final_disc_return_mean": -0.25660563103658296,
  "mean_q_target_gap": 4.282066688128894e-05,
  "std_q_target_gap": 0.00029579856537125275,
  "p5_q_target_gap": 0.0,
  "p95_q_target_gap": 0.0,
  "mean_beta_used": 0.08500354200582821,
  "std_beta_used": 0.05862147356959599,
  "p5_beta_used": 0.0,
  "p95_beta_used": 0.18159849408806886,
  "mean_rho": 0.5124438916483516,
  "std_rho": 0.00030414311681917667,
  "p5_rho": 0.5119283252323484,
  "p95_rho": 0.5128215354676166,
  "mean_effective_discount": 0.9507344112857143,
  "std_effective_discount": 0.0005930790777974039,
  "p5_effective_discount": 0.9499980058381478,
  "p95_effective_discount": 0.9517397657969205,
  "stage_mean_q_target_gap": [
    3.798412196150032e-05,
    4.66515165303906e-05,
    4.5949226931777525e-05,
    5.7246900708109985e-05,
    7.40534034140601e-05,
    5.969956031411248e-05,
    5.685706626501493e-05,
    6.52920887046995e-05,
    2.9510219514820116e-05,
    4.429622698259994e-05,
    4.16504757290634e-05,
    3.906604525941183e-05,
    3.725692982969859e-05,
    3.98105843458437e-05,
    3.4252438574169084e-05,
    3.948251644636979e-05,
    4.292448445078012e-05,
    2.5475781863376437e-05,
    3.895374979998032e-05,
    0.0
  ],
  "stage_std_q_target_gap": [
    0.0004436022088208647,
    0.00031743809263843584,
    0.00028559005603744883,
    0.00034451095666902446,
    0.0003657494903526396,
    0.00034471794858776853,
    0.0003376803698933248,
    0.00039357542671765666,
    0.0002354723916851603,
    0.0002941726728337741,
    0.0002740613804443639,
    0.0002559022418521847,
    0.00026022493567358785,
    0.0002535593906423533,
    0.00023231330175689296,
    0.00027054142530482896,
    0.0002687862621310593,
    0.0002043016068795948,
    0.00026491398110767126,
    0.0
  ],
  "stage_mean_beta_used": [
    0.04553943801746763,
    0.04696926921457963,
    0.04852462525837098,
    0.05021960811097284,
    0.05206963635015882,
    0.06810141652907278,
    0.059577698183470786,
    0.06611369900944807,
    0.0703049241420851,
    0.07518505408996992,
    0.08092892116688964,
    0.08777145004345101,
    0.09603118038633644,
    0.10613813655093676,
    0.15292135883010216,
    0.17554921057238324,
    0.17854692600563307,
    0.23957828765523562,
    0.0,
    0.0
  ],
  "stage_std_beta_used": [
    0.0,
    6.938893903907228e-18,
    2.0816681711721685e-17,
    6.938893903907228e-18,
    0.0,
    1.3877787807814457e-17,
    1.3877787807814457e-17,
    0.0,
    1.3877787807814457e-17,
    1.3877787807814457e-17,
    1.3877787807814457e-17,
    2.7755575615628914e-17,
    1.3877787807814457e-17,
    2.7755575615628914e-17,
    5.551115123125783e-17,
    8.326672684688674e-17,
    5.551115123125783e-17,
    8.326672684688674e-17,
    0.0,
    0.0
  ],
  "stage_mean_rho": [
    0.5126079735652571,
    0.5126171218053247,
    0.512616169105494,
    0.5126152502897853,
    0.5126072073535206,
    0.5125354873436955,
    0.5125647842777217,
    0.5125340527671424,
    0.5125125847657086,
    0.5124875192901165,
    0.5124606526779099,
    0.51242824356201,
    0.512390498391024,
    0.5123425166389827,
    0.5121338839855939,
    0.5120305341388415,
    0.5120141323787304,
    0.5117381949891479,
    0.5128205128205128,
    0.5128205128205128
  ],
  "stage_std_rho": [
    5.707019018461256e-05,
    9.324954335857134e-05,
    0.00010455776966149032,
    0.00011119195529756814,
    0.00010891880728635706,
    0.0001295968473233593,
    0.00010404371654219318,
    0.00010906888552964736,
    0.0001108627753738446,
    0.0001141068593662761,
    0.00011836778019293905,
    0.00012472957070451448,
    0.00013323537031913988,
    0.0001440633103653202,
    0.0002070350278493739,
    0.0002307513250831085,
    0.00023105959844900147,
    0.0003051813880651011,
    1.1102230246251565e-16,
    1.1102230246251565e-16
  ],
  "stage_mean_effective_discount": [
    0.9504144515477485,
    0.9503966124796167,
    0.9503984702442865,
    0.9504002619349186,
    0.9504159456606345,
    0.9505557996797942,
    0.950498670658443,
    0.9505585971040723,
    0.9506004597068679,
    0.9506493373842732,
    0.9507017272780761,
    0.9507649250540801,
    0.9508385281375031,
    0.9509320925539839,
    0.9513389262280916,
    0.9515404584292587,
    0.9515724418614759,
    0.9521105197711612,
    0.9499999999999996,
    0.9499999999999996
  ],
  "stage_std_effective_discount": [
    0.00011128687085999498,
    0.00018183660954921037,
    0.00020388765083990048,
    0.00021682431283025309,
    0.00021239167420840192,
    0.0002527138522805513,
    0.00020288524725728852,
    0.00021268432678280238,
    0.0002161824119789904,
    0.00022250837576424617,
    0.0002308171713762202,
    0.00024322266287379733,
    0.00025980897212232447,
    0.0002809234552123721,
    0.00040371830430629225,
    0.0004499650839120746,
    0.00045056621697555586,
    0.0005951037067269561,
    2.220446049250313e-16,
    2.220446049250313e-16
  ]
}