{
  "total_s": 8.323984666989418,
  "step_s": 0.0,
  "fit_s": 0.0,
  "eval_s": 1.2769764168770052,
  "plot_s": 0.0,
  "other_s": 0.0,
  "train_s": 7.379863917012699,
  "eval_final_s": 0.5008467920124531,
  "post_s": 0.4354842079919763,
  "steps_per_s": null,
  "updates_per_s": null
}
