{
  "total_s": 7.057054874981986,
  "step_s": 0.0,
  "fit_s": 0.0,
  "eval_s": 0.6748684989288449,
  "plot_s": 0.0,
  "other_s": 0.0,
  "train_s": 6.359109832992544,
  "eval_final_s": 0.29833829202107154,
  "post_s": 0.3948361669899896,
  "steps_per_s": null,
  "updates_per_s": null
}
