{
  "total_s": 6.788599166000495,
  "step_s": 0.0,
  "fit_s": 0.0,
  "eval_s": 0.6428721241245512,
  "plot_s": 0.0,
  "other_s": 0.0,
  "train_s": 6.183721291017719,
  "eval_final_s": 0.251734875026159,
  "post_s": 0.34848841599887237,
  "steps_per_s": null,
  "updates_per_s": null
}
