{
  "total_s": 5.8093529579928145,
  "step_s": 0.0,
  "fit_s": 0.0,
  "eval_s": 0.2970937939535361,
  "plot_s": 0.0,
  "other_s": 0.0,
  "train_s": 5.256943000014871,
  "eval_final_s": 0.1912839169963263,
  "post_s": 0.3577694999985397,
  "steps_per_s": null,
  "updates_per_s": null
}
