{
  "total_s": 4.215545792016201,
  "step_s": 0.0,
  "fit_s": 0.0,
  "eval_s": 0.6248842059576418,
  "plot_s": 0.0,
  "other_s": 0.0,
  "train_s": 3.5013370419910643,
  "eval_final_s": 0.5897910409839824,
  "post_s": 0.1129293330013752,
  "steps_per_s": null,
  "updates_per_s": null
}
