{
  "total_s": 5.247351875004824,
  "step_s": 0.0,
  "fit_s": 0.0,
  "eval_s": 0.6170263349486049,
  "plot_s": 0.0,
  "other_s": 0.0,
  "train_s": 4.432093167008134,
  "eval_final_s": 0.6040708330110647,
  "post_s": 0.19989808299578726,
  "steps_per_s": null,
  "updates_per_s": null
}
