{
  "total_s": 10.376710708980681,
  "step_s": 0.0,
  "fit_s": 0.0,
  "eval_s": 0.47804108101991005,
  "plot_s": 0.0,
  "other_s": 0.0,
  "train_s": 9.408964417001698,
  "eval_final_s": 0.37358558300184086,
  "post_s": 0.5872581669827923,
  "steps_per_s": null,
  "updates_per_s": null
}
