{
  "total_s": 5.469751875003567,
  "step_s": 0.0,
  "fit_s": 0.0,
  "eval_s": 0.6263227469462436,
  "plot_s": 0.0,
  "other_s": 0.0,
  "train_s": 4.878340541006764,
  "eval_final_s": 0.24241570799495094,
  "post_s": 0.34442512498935685,
  "steps_per_s": null,
  "updates_per_s": null
}
