{
  "total_s": 7.002705541992327,
  "step_s": 0.0,
  "fit_s": 0.0,
  "eval_s": 0.6685873329406604,
  "plot_s": 0.0,
  "other_s": 0.0,
  "train_s": 6.346725708979648,
  "eval_final_s": 0.25581999999121763,
  "post_s": 0.39532487498945557,
  "steps_per_s": null,
  "updates_per_s": null
}
