{
  "schema_version": "1.0.0",
  "created_at": "2026-04-19T05:46:27Z",
  "phase": "phase2",
  "task": "chain_regime_shift",
  "algorithm": "QLearning",
  "seed": 83,
  "train_steps": 180000,
  "n_transitions": 180000,
  "steps_to_threshold": null,
  "auc_disc_return": 14.683598445078257,
  "final_disc_return_mean": 19.651173238470122,
  "final_10pct_success_rate": 0.0,
  "adaptation_metrics": {
    "change_at_episode": 300,
    "pre_change_auc": 0.0,
    "post_change_auc": 16.090510608243605,
    "lag_to_50pct_recovery": 22,
    "lag_to_75pct_recovery": 707,
    "lag_to_90pct_recovery": 2630,
    "post_change_optimum": 21.248161877506416
  },
  "shortcut_risky_path_fraction": 0.0,
  "episode_returns": [
    18.459173537559643,
    19.600168459349664,
    17.397203816662447,
    20.9878191259957,
    21.82984551132659,
    20.465358421814685,
    18.33587026809159,
    19.961298795709503,
    18.420859413242056,
    20.621928740281998,
    19.28293521973513,
    20.45100880968057,
    17.88515556967718,
    18.64063783053641,
    19.206399740371396,
    19.39912266991574,
    19.519627175738556,
    19.545961890201276,
    19.96231029887355,
    20.395107871016858,
    19.60452886986921,
    19.53888620206771,
    19.608223769376544,
    20.194983573200467,
    18.753425677881594,
    20.39056336434637,
    18.869783127015847,
    19.83784636972197,
    20.376651188150902,
    19.498380631509377,
    19.856536902495986,
    19.17087796386558,
    19.194566048552748,
    20.406201028996904,
    20.324195734029324,
    17.900198932446447,
    20.300035163568516,
    19.65801202377483,
    20.28709120335469,
    17.531499835062654,
    20.346882951612237,
    20.54131027706283,
    19.622605783709503,
    18.538021712622,
    21.03404210317493,
    20.977052474771458,
    19.49200123338808,
    19.298485073285622,
    19.818204626048395,
    19.83214019530282,
    19.687360554901147,
    21.87034826461143,
    21.7850605090537,
    20.081961596531855,
    18.01592223215241,
    20.28078560308071,
    18.663563380486494,
    21.00780072696696,
    18.724214608756395,
    19.005601951499386,
    20.213047312774165,
    21.29475434323844,
    19.457318750517253,
    17.112911815536624,
    21.132476898181668,
    20.517362321693206,
    20.28340001970241,
    19.51784833530432,
    18.3383521757428,
    19.441966469857693,
    18.989165728746286,
    18.98769525384163,
    17.707676619513126,
    21.0183744150656,
    17.875320907829238,
    18.902372970595522,
    20.937890410314225,
    19.290066985807673,
    20.136319170115378,
    19.715995643054107,
    16.867366373541074,
    19.32558986705991,
    20.219824647217123,
    18.04594564725001,
    19.78802606736933,
    19.94925071182074,
    19.570748341334447,
    20.96632727764967,
    19.879236455196363,
    19.93246744639476,
    20.288241844003473,
    19.829434063823324,
    20.963389428478745,
    19.450499193496476,
    19.012994440810868,
    20.452247953318306,
    18.949203929599214,
    19.340855224071674,
    19.043744823945893,
    18.70936310984966,
    20.49793974573457,
    18.12533360387795,
    18.934177063874618,
    18.752760449732378,
    18.602445285730354,
    18.912620843106897,
    21.304276998580107,
    20.28584187455976,
    21.13060085981748,
    19.64148145268523,
    20.414682815716645,
    19.571843416582258,
    20.876947963402007,
    19.32065161229647,
    21.727583292125573,
    19.497445219698655,
    19.06890296249368,
    20.4443914405514,
    20.45176239482917,
    19.433868388126413,
    17.01611328737538,
    21.21755229392738,
    19.650599079559015,
    21.230769267610796,
    19.503576431597985,
    18.143935089899323,
    21.792174865093358,
    18.954907627784763,
    18.99726824977987,
    19.736958629462357,
    19.337530409756326,
    19.71423858581999,
    19.37802196976135,
    20.112036043033175,
    20.099514713411846,
    19.732845400719,
    19.754232861650486,
    21.018380143572177,
    20.175204553038895,
    21.8035163350076,
    20.106950211431215,
    20.015049319573833,
    20.358874814789598,
    19.73090947735472,
    19.60581143710315,
    20.238553196186594,
    21.230296161713987,
    19.92889820166233,
    19.639361210351225,
    19.47174459651514,
    18.444205836704697,
    18.67219964398468,
    17.923673643334297,
    20.28860259650995,
    17.997051060049266,
    18.80300904708151,
    18.77948774071384,
    20.286741008708123,
    18.916989418281094,
    19.49345355936414,
    20.64411415464098,
    21.789449715534744,
    18.294127558967713,
    19.67686148182043,
    20.312394524100334,
    20.388517267610286,
    20.137062366453435,
    19.37878091342986,
    20.321937397794148,
    20.434122258847548,
    19.688017588175406,
    19.667030916198,
    20.411111533058993,
    21.25349905007516,
    18.176677742206255,
    20.181849961258976,
    19.985800629726278,
    21.24554144860235,
    21.193869732348645,
    19.729767988882063,
    20.61056129505467,
    18.49257041402059,
    18.450373458660195,
    18.952509441858762,
    19.702497709814885,
    19.843596826125825,
    18.867749701296727,
    18.018617504589034,
    21.070179345633008,
    20.912418145301945,
    19.762563558226038,
    20.38752800418701,
    21.145148230245674,
    20.480999903257402,
    20.972277740492597,
    21.17909118091379,
    21.029642172609677,
    21.17933368842058,
    20.95483582766314,
    19.463360805720473
  ],