{
  "total_s": 4.898330374999205,
  "step_s": 0.0,
  "fit_s": 0.0,
  "eval_s": 0.6439744180534035,
  "plot_s": 0.0,
  "other_s": 0.0,
  "train_s": 4.478820416989038,
  "eval_final_s": 0.2071999589970801,
  "post_s": 0.20772808301262558,
  "steps_per_s": null,
  "updates_per_s": null
}
