{
  "total_s": 8.57539137499407,
  "step_s": 0.0,
  "fit_s": 0.0,
  "eval_s": 0.4900951259478461,
  "plot_s": 0.0,
  "other_s": 0.0,
  "train_s": 7.540764290984953,
  "eval_final_s": 0.44031954198726453,
  "post_s": 0.5861249169975054,
  "steps_per_s": null,
  "updates_per_s": null
}
