{
  "total_s": 0.004090208007255569,
  "step_s": 0.0,
  "fit_s": 0.004090208007255569,
  "eval_s": 0.0,
  "plot_s": 0.0,
  "other_s": 0.0,
  "steps_per_s": null,
  "updates_per_s": null
}
