{
  "algorithm": "safe_q_stagewise",
  "metrics": {
    "final_10pct_success_rate": {
      "max": 0.0,
      "mean": 0.0,
      "min": 0.0,
      "n": 5,
      "std": 0.0
    },
    "final_disc_return_mean": {
      "max": -0.6415140775914574,
      "mean": -0.6415140775914574,
      "min": -0.6415140775914574,
      "n": 5,
      "std": 0.0
    },
    "frac_u_ge_5e3": {
      "max": 0.06025,
      "mean": 0.05754,
      "min": 0.05555,
      "n": 5,
      "std": 0.0017408331338758453
    },
    "mean_abs_delta_effective_discount": {
      "max": 0.050853010139365766,
      "mean": 0.05084729535091358,
      "min": 0.05084427129649124,
      "n": 5,
      "std": 3.479737760792556e-06
    },
    "mean_abs_natural_shift": {
      "max": 0.002224503439720325,
      "mean": 0.0022121463464640258,
      "min": 0.002208520909181605,
      "n": 5,
      "std": 6.942855337703429e-06
    },
    "mean_abs_target_gap": {
      "max": 6.256768851528396e-05,
      "mean": 6.213275578202375e-05,
      "min": 6.184707414883903e-05,
      "n": 5,
      "std": 2.8747374546692204e-07
    },
    "mean_return": {
      "max": -0.6414564815152811,
      "mean": -0.6414870670178024,
      "min": -0.6415140775914575,
      "n": 5,
      "std": 2.5832295030502906e-05
    },
    "n_transitions": {
      "max": 20000.0,
      "mean": 20000.0,
      "min": 20000.0,
      "n": 5,
      "std": 0.0
    },
    "train_steps": {
      "max": 20000.0,
      "mean": 20000.0,
      "min": 20000.0,
      "n": 5,
      "std": 0.0
    }
  },
  "n_seeds": 5,
  "per_seed": [
    {
      "final_10pct_success_rate": 0.0,
      "final_disc_return_mean": -0.6415140775914574,
      "frac_u_ge_5e3": 0.05795,
      "mean_abs_delta_effective_discount": 0.05084680789936439,
      "mean_abs_natural_shift": 0.002208537376429137,
      "mean_abs_target_gap": 6.210315673287096e-05,
      "mean_return": -0.6415140775914575,
      "n_transitions": 20000.0,
      "run_dir": "results/weighted_lse_dp/phase4/translation_4a2/dense_chain_cost_1/safe_q_stagewise/seed_1024",
      "seed": 1024,
      "status": "unknown",
      "train_steps": 20000.0
    },
    {
      "final_10pct_success_rate": 0.0,
      "final_disc_return_mean": -0.6415140775914574,
      "frac_u_ge_5e3": 0.06025,
      "mean_abs_delta_effective_discount": 0.050853010139365766,
      "mean_abs_natural_shift": 0.002224503439720325,
      "mean_abs_target_gap": 6.256768851528396e-05,
      "mean_return": -0.6414753491954079,
      "n_transitions": 20000.0,
      "run_dir": "results/weighted_lse_dp/phase4/translation_4a2/dense_chain_cost_1/safe_q_stagewise/seed_123",
      "seed": 123,
      "status": "unknown",
      "train_steps": 20000.0
    },
    {
      "final_10pct_success_rate": 0.0,
      "final_disc_return_mean": -0.6415140775914574,
      "frac_u_ge_5e3": 0.0569,
      "mean_abs_delta_effective_discount": 0.050847601855879325,
      "mean_abs_natural_shift": 0.002208520909181605,
      "mean_abs_target_gap": 6.223378641476328e-05,
      "mean_return": -0.6415140775914575,
      "n_transitions": 20000.0,
      "run_dir": "results/weighted_lse_dp/phase4/translation_4a2/dense_chain_cost_1/safe_q_stagewise/seed_42",
      "seed": 42,
      "status": "unknown",
      "train_steps": 20000.0
    },
    {
      "final_10pct_success_rate": 0.0,
      "final_disc_return_mean": -0.6415140775914574,
      "frac_u_ge_5e3": 0.05705,
      "mean_abs_delta_effective_discount": 0.05084427129649124,
      "mean_abs_natural_shift": 0.0022102275731016485,
      "mean_abs_target_gap": 6.184707414883903e-05,
      "mean_return": -0.6414753491954079,
      "n_transitions": 20000.0,
      "run_dir": "results/weighted_lse_dp/phase4/translation_4a2/dense_chain_cost_1/safe_q_stagewise/seed_456",
      "seed": 456,
      "status": "unknown",
      "train_steps": 20000.0
    },
    {
      "final_10pct_success_rate": 0.0,
      "final_disc_return_mean": -0.6415140775914574,
      "frac_u_ge_5e3": 0.05555,
      "mean_abs_delta_effective_discount": 0.050844785563467165,
      "mean_abs_natural_shift": 0.0022089424338874136,
      "mean_abs_target_gap": 6.191207309836158e-05,
      "mean_return": -0.6414564815152811,
      "n_transitions": 20000.0,
      "run_dir": "results/weighted_lse_dp/phase4/translation_4a2/dense_chain_cost_1/safe_q_stagewise/seed_789",
      "seed": 789,
      "status": "unknown",
      "train_steps": 20000.0
    }
  ],
  "schema_version": "1.0.0",
  "seeds": [
    42,
    123,
    456,
    789,
    1024
  ],
  "suite": "translation_4a2",
  "task_tag": "dense_chain_cost_1"
}