{
  "total_s": 4.865376000001561,
  "step_s": 0.0,
  "fit_s": 0.0,
  "eval_s": 0.6239801679912489,
  "plot_s": 0.0,
  "other_s": 0.0,
  "train_s": 4.153480375010986,
  "eval_final_s": 0.5861861660087015,
  "post_s": 0.11463949998142198,
  "steps_per_s": null,
  "updates_per_s": null
}
