{
  "total_s": 5.344809500005795,
  "step_s": 0.0,
  "fit_s": 0.0,
  "eval_s": 0.6218885030830279,
  "plot_s": 0.0,
  "other_s": 0.0,
  "train_s": 4.5213955829967745,
  "eval_final_s": 0.6079446249932516,
  "post_s": 0.2039529999892693,
  "steps_per_s": null,
  "updates_per_s": null
}
