{
  "schema_version": "1.0.0",
  "created_at": "2026-04-19T05:41:02Z",
  "phase": "phase2",
  "task": "chain_regime_shift",
  "algorithm": "ExpectedSARSA",
  "seed": 47,
  "train_steps": 180000,
  "n_transitions": 180000,
  "steps_to_threshold": null,
  "auc_disc_return": 14.941473499498587,
  "final_disc_return_mean": 19.260827028902288,
  "final_10pct_success_rate": 0.0,
  "adaptation_metrics": {
    "change_at_episode": 300,
    "pre_change_auc": 0.00377873629508264,
    "post_change_auc": 15.862547203991188,
    "lag_to_50pct_recovery": 24,
    "lag_to_75pct_recovery": 226,
    "lag_to_90pct_recovery": null,
    "post_change_optimum": 21.147247633353153
  },
  "shortcut_risky_path_fraction": 0.0,
  "episode_returns": [
    19.486970457709102,
    18.776220202873514,
    18.79185189661444,
    19.6065440284338,
    19.41794503797036,
    17.917034754558358,
    20.239608074812345,
    18.004892940512914,
    19.01998504683724,
    18.832257080013637,
    17.939379530366534,
    19.3227458533019,
    19.17645590069135,
    19.67220568847666,
    19.833100414327255,
    19.237556677484225,
    19.07186682717733,
    19.90794094706856,
    21.016896118839234,
    20.260584556752406,
    19.362361365042222,
    19.04973628591425,
    17.723647307642523,
    19.128884425896324,
    19.22859457067637,
    18.661178229378645,
    19.303777328356272,
    18.66500913446393,
    19.297560460138804,
    20.42194550921569,
    20.50844334340456,
    17.926929153272283,
    19.425383237760286,
    20.145740388970342,
    18.311738252457115,
    21.040588291656334,
    19.54361254906318,
    19.495268612608168,
    19.730075415400687,
    20.341542708609076,
    18.12055015358014,
    18.75226418278372,
    20.510270772963356,
    19.8431276205497,
    20.312933947970272,
    19.30010197002997,
    20.104917592010853,
    18.863823832778547,
    20.06193860165593,
    18.078679897232544,
    16.39293233460628,
    17.8987017130291,
    18.824034481593703,
    19.39563580398103,
    17.765359402861296,
    19.502434543133205,
    21.6476742532038,
    21.01808527012941,
    21.775550608554695,
    19.705781308379123,
    20.453936535740745,
    19.996255494890175,
    20.817562950030535,
    19.241278451636393,
    20.381197773468138,
    19.977769133336096,
    19.948852510921046,
    19.31899722892578,
    20.32248014657307,
    18.684518448113785,
    19.780743118188568,
    20.225477351817588,
    20.266704635088033,
    18.019576449623525,
    18.57050925128402,
    20.17999041479493,
    19.409795666839837,
    20.139030005589078,
    20.244987901725793,
    18.71062297758873,
    19.53407717383303,
    20.313943554587546,
    19.541541258563498,
    21.06703031201947,
    21.758460271003266,
    19.59552391708396,
    19.695227624733278,
    20.427069683152904,
    19.342477546569267,
    18.482096099125354,
    18.782357227862487,
    20.20349546848305,
    19.57216489185408,
    20.783366272371133,
    21.158260467612408,
    18.435183563021333,
    20.15567921836633,
    19.750092606318134,
    19.631494306669385,
    18.176001764017627,
    20.198134169417024,
    18.74507010167059,
    19.613023789485407,
    18.646926099905258,
    18.82370285398324,
    19.419599728152594,
    20.221250731798023,
    20.131559613245667,
    21.06991637703961,
    18.880772344784404,
    18.581971577302838,
    18.788926777091177,
    21.046699464051663,
    19.14459898496805,
    20.17548084676836,
    19.53122339883016,
    20.266295193968705,
    19.49037388264126,
    20.85828407342832,
    16.040030949526738,
    20.351494450311606,
    18.573720111083976,
    18.82021127666372,
    20.189524253262544,
    19.602740124933202,
    19.548969736819434,
    19.42180062310902,
    19.41362210575094,
    18.518211299307374,
    19.31464121424389,
    20.8340704591537,
    20.30121646503001,
    18.525456893513052,
    19.27704254925737,
    20.847223252741298,
    18.755213549833368,
    17.779384864517482,
    19.734064678908474,
    19.461630807602898,
    19.427863419710775,
    19.53265002223986,
    21.09941199226426,
    20.915405379332128,
    18.74366763360505,
    19.41610424885876,
    18.599903078771934,
    18.86275951666665,
    19.9438385888697,
    18.79023421259015,
    20.106984488852355,
    16.47616094251132,
    19.58237848819552,
    19.472981658483697,
    20.413729322355376,
    18.65822225854228,
    18.263251595644306,
    21.086969704663098,
    20.24832252139951,
    18.45479937204889,
    17.13444111176786,
    18.81512186238091,
    20.14791536002378,
    19.4572807091317,
    18.868213187626985,
    20.09832273319138,
    20.403426003770804,
    21.035062285901443,
    20.439471599229158,
    19.535746389209105,
    18.961519000377592,
    20.148241024229204,
    18.736617871336456,
    18.518458964226877,
    19.106398912934832,
    21.14698179420216,
    20.15939464469249,
    19.394765759343112,
    20.86194108660161,
    19.40944035060732,
    20.058233059537496,
    19.395910692040015,
    18.453477257738832,
    21.163507215558894,
    20.83069908498097,
    20.553894125067597,
    18.667795446775635,
    17.75863732259079,
    20.172567073086675,
    19.309822242712873,
    18.382356676582965,
    20.053221919622032,
    20.260619882595154,
    18.53473825833011,
    18.35544991425645,
    20.900275735462614,
    19.807928039118256,
    17.966170255711994,
    20.194743826847215,
    17.790581491014485,
    18.76477777451064
  ],