{
  "phase": "phase4",
  "schedule_version": 3,
  "task_family": "dense_chain_cost",
  "scheduler_mode": "stagewise_u",
  "gamma_eval": 0.95,
  "gamma_base": 0.95,
  "sign_family": 1,
  "reward_bound": 0.02,
  "alpha_t": [
    0.14280500000000002,
    0.14280500000000002,
    0.14280500000000002,
    0.14280500000000002,
    0.14280500000000002,
    0.14280500000000002,
    0.14280500000000002,
    0.14280500000000002,
    0.14280500000000002,
    0.14280500000000002,
    0.14280500000000002,
    0.14280500000000002,
    0.14280500000000002,
    0.14280500000000002,
    0.14280500000000002,
    0.14280500000000002,
    0.14280500000000002,
    0.14280500000000002,
    0.14280500000000002,
    0.14280500000000002
  ],
  "kappa_t": [
    0.9554925,
    0.9554925,
    0.9554925,
    0.9554925,
    0.9554925,
    0.9554925,
    0.9554925,
    0.9554925,
    0.9554925,
    0.9554925,
    0.9554925,
    0.9554925,
    0.9554925,
    0.9554925,
    0.9554925,
    0.9554925,
    0.9554925,
    0.9554925,
    0.9554925,
    0.9554925
  ],
  "Bhat_t": [
    0.5237422534955669,
    0.5073218821660734,
    0.49013663860896184,
    0.47215089454805964,
    0.4533273621175045,
    0.43362701655691127,
    0.41300901530562645,
    0.39143061332833745,
    0.36884707449649,
    0.34521157884179104,
    0.3204751254895157,
    0.2945864310703807,
    0.2674918234003728,
    0.2391351302081103,
    0.20945756267904803,
    0.1783975935750914,
    0.14589082967693773,
    0.11186987828469375,
    0.0762642075,
    0.039,
    0.0
  ],
  "A_t": [
    0.5273218821660735,
    0.5101366386089619,
    0.49215089454805966,
    0.47332736211750454,
    0.4536270165569113,
    0.43300901530562647,
    0.41143061332833747,
    0.38884707449649003,
    0.36521157884179106,
    0.3404751254895157,
    0.3145864310703807,
    0.2874918234003728,
    0.2591351302081103,
    0.22945756267904802,
    0.1983975935750914,
    0.16589082967693772,
    0.13186987828469374,
    0.0962642075,
    0.059,
    0.02
  ],
  "xi_ref_t": [
    0.4034573058838574,
    0.3997935398159632,
    0.3955768649265094,
    0.3907021295504119,
    0.38503695836706175,
    0.37841236358391367,
    0.3706091820827419,
    0.3921334969199887,
    0.4175113055642467,
    0.4126739775854052,
    0.4065662834693014,
    0.3987307399860692,
    0.38846559122129176,
    0.3746367857582468,
    0.35528467724746454,
    0.3267058227723999,
    0.2809587790777572,
    0.19737346302882094,
    0.02,
    0.02
  ],
  "u_target_t": [
    0.019394095463103382,
    0.019236140963804327,
    0.019054349124880125,
    0.018844186584128876,
    0.01859994629664135,
    0.01831434275846766,
    0.01797792727666108,
    0.01890589656014393,
    0.020000000000000004,
    0.01979145018959074,
    0.019528131585699784,
    0.019190320894543596,
    0.018747763590577227,
    0.018151567763021348,
    0.017317247952870776,
    0.0160851390885229,
    0.01090110147186357,
    0.008224004775934383,
    0.002,
    0.002
  ],
  "u_tr_cap_t": [
    0.013713836669921875,
    0.013599395751953125,
    0.013475418090820312,
    0.013322830200195312,
    0.013151168823242188,
    0.012950897216796875,
    0.012712478637695312,
    0.013370513916015625,
    0.014142990112304688,
    0.013995170593261719,
    0.0138092041015625,
    0.013570785522460938,
    0.013256072998046875,
    0.012836456298828125,
    0.01224517822265625,
    0.011372566223144531,
    0.0066089630126953125,
    0.004978179931640625,
    0.0,
    0.0
  ],
  "U_safe_ref_t": [
    0.004548000319044748,
    0.0045067002632453255,
    0.004459167504604279,
    0.004404216713721508,
    0.004340355680661577,
    0.0042656794788728985,
    0.004177717576983063,
    0.0044203519011591095,
    0.004706425000164948,
    0.004651895886748848,
    0.004583046483395463,
    0.004494719778829881,
    0.004379005181085829,
    0.004223119017318996,
    0.004004971038839799,
    0.0036828139298347054,
    0.003167127223250484,
    0.002224905980719682,
    0.00022545137999577944,
    0.00022545137999577944
  ],
  "u_ref_used_t": [
    0.004548000319044748,
    0.0045067002632453255,
    0.004459167504604279,
    0.004404216713721508,
    0.004340355680661577,
    0.0042656794788728985,
    0.004177717576983063,
    0.0044203519011591095,
    0.004706425000164948,
    0.004651895886748848,
    0.004583046483395463,
    0.004494719778829881,
    0.004379005181085829,
    0.004223119017318996,
    0.004004971038839799,
    0.0036828139298347054,
    0.003167127223250484,
    0.002224905980719682,
    0.0,
    0.0
  ],
  "theta_used_t": [
    0.011272568999788972,
    0.011272568999788972,
    0.011272568999788972,
    0.011272568999788972,
    0.011272568999788972,
    0.011272568999788972,
    0.011272568999788972,
    0.011272568999788972,
    0.011272568999788972,
    0.011272568999788972,
    0.011272568999788972,
    0.011272568999788972,
    0.011272568999788972,
    0.011272568999788972,
    0.011272568999788972,
    0.011272568999788972,
    0.011272568999788972,
    0.011272568999788972,
    0.0,
    0.0
  ],
  "beta_used_t": [
    0.02137701730389944,
    0.022097156225686827,
    0.02290470082380025,
    0.023815587058731106,
    0.024849862526595646,
    0.026033104626776805,
    0.02739846923056508,
    0.028989723053428104,
    0.0308658587319112,
    0.033108348175456034,
    0.03583297906853148,
    0.039210050798872055,
    0.043500736433288764,
    0.04912703189284892,
    0.05681807322689337,
    0.06795173079634126,
    0.0854825161471116,
    0.1171003147747201,
    0.0,
    0.0
  ],
  "trust_clip_active_t": [
    true,
    true,
    true,
    true,
    true,
    true,
    true,
    true,
    true,
    true,
    true,
    true,
    true,
    true,
    true,
    true,
    true,
    true,
    true,
    true
  ],
  "safe_clip_active_t": [
    false,
    false,
    false,
    false,
    false,
    false,
    false,
    false,
    false,
    false,
    false,
    false,
    false,
    false,
    false,
    false,
    false,
    false,
    false,
    false
  ],
  "source_phase": "phase4C_ablation_adaptive_headroom_off",
  "notes": "Phase IV-C ablation: adaptive_headroom_off",
  "provenance": {
    "git_sha": "fbfc9b1e68f00da6c711fb85148cb8edfd458e85",
    "calibration_code_version": "v3.0",
    "input_hashes": {
      "margins": "ad022def185cf1b1",
      "p_align": "ed6399bbaa8804c5",
      "n_by_stage": "35d6f04339c16583"
    }
  }
}