{
  "total_s": 4.037665874988306,
  "step_s": 0.0,
  "fit_s": 0.0,
  "eval_s": 0.6247689550218638,
  "plot_s": 0.0,
  "other_s": 0.0,
  "train_s": 3.396334666002076,
  "eval_final_s": 0.5166770000068936,
  "post_s": 0.11340354199637659,
  "steps_per_s": null,
  "updates_per_s": null
}
