{
  "schema_version": "1.0.0",
  "created_at": "2026-04-18T20:00:09Z",
  "phase": "phase3",
  "task": "chain_regime_shift",
  "algorithm": "SafeExpectedSARSA",
  "seed": 67,
  "train_steps": 180000,
  "n_transitions": 180000,
  "steps_to_threshold": null,
  "auc_disc_return": 15.396390269652352,
  "final_disc_return_mean": 17.250794737221938,
  "final_10pct_success_rate": 0.0,
  "adaptation_metrics": {
    "change_at_episode": 300,
    "pre_change_auc": 3.9348014896323624,
    "post_change_auc": 15.057947935825107,
    "lag_to_50pct_recovery": 0,
    "lag_to_75pct_recovery": 0,
    "lag_to_90pct_recovery": null,
    "post_change_optimum": 19.407039229120368
  },
  "shortcut_risky_path_fraction": 0.0,
  "episode_returns": [
    15.492837593015187,
    17.846438962941022,
    17.887893365877158,
    16.78013378594101,
    18.66644469081001,
    16.775194639309856,
    16.8745064585556,
    16.85805513006825,
    16.18217156204455,
    17.194707230300587,
    17.129747499410524,
    16.31399975877492,
    15.573916694215502,
    16.203852238530395,
    17.70776152056977,
    15.418992404151899,
    16.715879870895893,
    15.714632545342125,
    18.565437038344385,
    18.693120914200186,
    18.35824227971688,
    18.535179234178262,
    15.939784526290167,
    19.42158428474356,
    16.385308769512303,
    18.8099670146218,
    19.406000449561866,
    15.41738974735379,
    18.16278611393332,
    17.96365191599337,
    17.158067627729455,
    17.853508642630462,
    19.250106440422186,
    16.23236844322453,
    16.331643481172303,
    18.362786881976188,
    19.306002631679306,
    17.199262689536564,
    16.747119169532585,
    16.377436814286444,
    18.811511400941715,
    16.824484879282256,
    17.82948013466877,
    17.979132905922526,
    14.998331971802983,
    15.752565583852158,
    14.445091803315671,
    17.654723541529705,
    16.892089694979333,
    17.74457304243908,
    16.913814894302384,
    14.716935031584358,
    17.932465552558718,
    17.119743934519388,
    16.088426869553686,
    16.864647299987606,
    18.752285790998066,
    15.528620454182878,
    18.22205896243401,
    17.622110866778126,
    14.843095898034589,
    15.560497148512257,
    17.667198766629863,
    16.774496550087864,
    17.184367294386934,
    17.525691214404187,
    16.889438954454768,
    16.387641576401887,
    16.24018519345491,
    14.12854311152673,
    16.584516995354086,
    18.154006151954682,
    19.416894809439256,
    16.76049572239912,
    16.662204101114295,
    16.711371935152197,
    17.892257734582227,
    17.783478228877854,
    19.21318448404972,
    16.247045421949974,
    18.5417672705909,
    14.562116585594213,
    18.750786648798133,
    17.93914227829455,
    16.98582197466013,
    18.044477328139653,
    17.841370928259142,
    16.000583558359182,
    17.946959321633422,
    17.677423226771353,
    16.46114341028021,
    16.997761370286604,
    16.288938926262386,
    18.556749580216696,
    17.952240906764736,
    17.684022292365086,
    18.240842153599544,
    16.466783886257247,
    16.95166966786018,
    17.301342403843915,
    16.513861635981733,
    17.694089356279694,
    15.593463909574139,
    18.77308589623192,
    18.49776795212155,
    16.93052968249188,
    15.064264684024563,
    16.27962836163834,
    18.746861118087274,
    17.71957786564049,
    15.499101601711985,
    18.60550329816112,
    17.8030744202862,
    15.424850861854662,
    15.913809244216738,
    17.79368606955441,
    17.46485793734802,
    18.119783865093467,
    18.481420253497877,
    17.494796566073717,
    17.0665275631932,
    19.20208545441132,
    18.729290597885246,
    17.843272807114108,
    17.058866958247815,
    16.513935013529906,
    16.162907227470043,
    16.565842855252566,
    17.981604606448396,
    16.249960051583745,
    15.984567370429366,
    18.673905535583625,
    16.987026795026814,
    16.39717732652828,
    16.893589720519348,
    18.762624680055932,
    17.287433951042516,
    19.391560308650853,
    18.708229482583697,
    17.655528871005238,
    17.106435160604264,
    17.138331510615075,
    16.313778139216726,
    16.585635783759166,
    17.107257989315183,
    16.670978547055963,
    17.90600176790876,
    16.910442336848824,
    19.057461836884304,
    17.141926324909132,
    17.14620970999344,
    15.66925473157085,
    19.998941986285303,
    18.391472956530986,
    19.057083323728584,
    17.986041274627418,
    17.80348848397008,
    13.87299958809265,
    17.10948727186409,
    18.468399531899248,
    16.97051729325194,
    14.669020195769395,
    17.520098206811177,
    16.820394315495324,
    18.48152583243359,
    16.153068408886323,
    16.433671156906765,
    16.96686492091455,
    17.046032441484424,
    15.385003473095649,
    14.085161833912151,
    17.91369844218953,
    16.853066319155186,
    17.52864329781739,
    18.513386529825414,
    19.405616136029007,
    16.054160930608994,
    13.948335168974138,
    15.947743838810249,
    17.76084293406036,
    17.28063330949597,
    16.988269635033365,
    16.961796645768825,
    17.77043848039747,
    16.750563225663985,
    16.187664504990785,
    16.654860257512798,
    17.837716919226246,
    17.640239174212393,
    17.239376088406036,
    16.989675075504554,
    17.652761261613588,
    16.951005487848164,
    16.409084730596355,
    16.483053056769965,
    16.325835214631,
    17.882567521640215,
    17.93114167285359,
    15.774603414991741,
    17.10703301123994
  ],