{
  "total_s": 6.709316874999786,
  "step_s": 0.0,
  "fit_s": 0.0,
  "eval_s": 0.6394570420088712,
  "plot_s": 0.0,
  "other_s": 0.0,
  "train_s": 6.115012958995067,
  "eval_final_s": 0.2430285830050707,
  "post_s": 0.3466424159996677,
  "steps_per_s": null,
  "updates_per_s": null
}
