{
  "total_s": 7.133807624981273,
  "step_s": 0.0,
  "fit_s": 0.0,
  "eval_s": 0.12687533398275264,
  "plot_s": 0.0,
  "other_s": 0.0,
  "train_s": 6.56249679098255,
  "eval_final_s": 0.024308333988301456,
  "post_s": 0.5463362089940347,
  "steps_per_s": null,
  "updates_per_s": null
}
