{
  "total_s": 7.09951512500993,
  "step_s": 0.0,
  "fit_s": 0.0,
  "eval_s": 1.0286951678572223,
  "plot_s": 0.0,
  "other_s": 0.0,
  "train_s": 6.764840749994619,
  "eval_final_s": 0.13331874998402782,
  "post_s": 0.19878129099379294,
  "steps_per_s": null,
  "updates_per_s": null
}
