{
  "total_s": 4.387690834002569,
  "step_s": 0.0,
  "fit_s": 0.0,
  "eval_s": 0.6400466690538451,
  "plot_s": 0.0,
  "other_s": 0.0,
  "train_s": 3.637065166985849,
  "eval_final_s": 0.5308564160077367,
  "post_s": 0.20854020901606418,
  "steps_per_s": null,
  "updates_per_s": null
}
