{
  "schema_version": "1.0.0",
  "created_at": "2026-04-19T05:31:06Z",
  "phase": "phase2",
  "task": "chain_catastrophe",
  "algorithm": "QLearning",
  "seed": 83,
  "train_steps": 120000,
  "n_transitions": 120000,
  "steps_to_threshold": null,
  "auc_disc_return": 1.4866084477991823,
  "final_disc_return_mean": 0.1892894387102956,
  "final_10pct_success_rate": 0.0,
  "tail_risk_metrics": {
    "return_q05": 0.0,
    "return_q25": 0.0,
    "return_q50": 0.0,
    "return_q75": 0.5526834771623851,
    "return_q95": 0.5582661385478637,
    "cvar_5pct": -0.672197543226864,
    "cvar_10pct": -0.336098771613432,
    "top5pct_mean": 0.5582661385478638,
    "top10pct_mean": 0.5582661385478637,
    "event_rate": 0.006,
    "event_conditioned_return": -5.6016461935572
  },
  "shortcut_risky_path_fraction": 0.14,
  "episode_returns": [
    0.0,
    0.0,
    0.0,
    0.0,
    0.0,
    0.0,
    0.0,
    0.0,
    0.0,
    0.0,
    0.0,
    0.0,
    0.0,
    0.5526834771623851,
    0.0,
    0.5582661385478637,
    0.0,
    0.5582661385478637,
    0.0,
    0.0,
    0.5526834771623851,
    0.0,
    0.0,
    0.5582661385478637,
    0.0,
    0.5526834771623851,
    0.0,
    0.5582661385478637,
    0.0,
    0.0,
    0.0,
    0.5582661385478637,
    0.0,
    0.0,
    0.5582661385478637,
    0.0,
    0.0,
    0.5582661385478637,
    0.0,
    0.0,
    0.5582661385478637,
    0.5582661385478637,
    0.0,
    0.0,
    0.5526834771623851,
    0.5582661385478637,
    0.5526834771623851,
    0.0,
    0.0,
    0.5526834771623851,
    0.0,
    0.5582661385478637,
    0.0,
    0.0,
    0.5582661385478637,
    0.5526834771623851,
    0.0,
    0.0,
    0.5582661385478637,
    0.0,
    0.0,
    0.0,
    0.5582661385478637,
    0.0,
    0.0,
    0.5526834771623851,
    0.0,
    0.0,
    0.5582661385478637,
    0.0,
    0.5582661385478637,
    0.0,
    0.0,
    0.0,
    0.0,
    0.0,
    0.0,
    0.0,
    0.5526834771623851,
    0.0,
    0.5582661385478637,
    0.5526834771623851,
    0.5582661385478637,
    -5.639051904523875,
    0.0,
    0.0,
    0.0,
    0.0,
    0.5526834771623851,
    0.0,
    0.0,
    0.5582661385478637,
    0.0,
    0.0,
    0.0,
    0.5582661385478637,
    0.0,
    0.0,
    0.0,
    0.5582661385478637,
    0.0,
    0.0,
    0.0,
    0.0,
    0.0,
    0.0,
    0.0,
    0.0,
    0.0,
    0.0,
    0.0,
    0.0,
    0.5526834771623851,
    0.0,
    0.5526834771623851,
    0.0,
    0.0,
    0.5526834771623851,
    0.5582661385478637,
    0.0,
    0.0,
    -5.526834771623851,
    0.5526834771623851,
    0.0,
    0.0,
    0.0,
    0.0,
    0.0,
    0.0,
    0.0,
    0.0,
    0.0,
    0.0,
    0.0,
    0.5526834771623851,
    0.0,
    0.5582661385478637,
    0.0,
    0.5582661385478637,
    0.0,
    0.0,
    0.0,
    0.5526834771623851,
    0.0,
    0.0,
    0.5526834771623851,
    0.0,
    0.0,
    0.0,
    0.5526834771623851,
    0.5526834771623851,
    0.0,
    0.0,
    0.0,
    0.0,
    0.0,
    0.5582661385478637,
    0.0,
    0.5582661385478637,
    0.0,
    0.5582661385478637,
    0.0,
    0.0,
    0.5582661385478637,
    0.5582661385478637,
    0.5582661385478637,
    0.0,
    0.0,
    0.0,
    0.0,
    0.0,
    0.0,
    0.0,
    0.5582661385478637,
    0.0,
    0.0,
    0.0,
    0.5582661385478637,
    0.5582661385478637,
    0.5526834771623851,
    0.0,
    0.0,
    0.0,
    0.0,
    0.5582661385478637,
    0.5526834771623851,
    0.0,
    0.0,
    0.5582661385478637,
    0.0,
    0.5526834771623851,
    0.0,
    0.0,
    0.0,
    0.0,
    0.0,
    0.0,
    0.0,
    0.0,
    0.0,
    0.0,
    0.5526834771623851,
    0.0,
    0.0,
    0.0,
    0.0,
    0.0,
    0.0,
    0.0,
    0.0,
    0.0,
    0.0,
    0.5582661385478637,
    0.5526834771623851,
    0.5526834771623851,
    0.0,
    0.0,
    0.5582661385478637,
    0.5526834771623851,
    0.0,
    0.5582661385478637,
    0.0,
    0.0,
    0.0,
    0.5526834771623851,
    0.5526834771623851,
    0.0,
    0.0,
    0.0,
    0.5526834771623851,
    0.0,
    0.0,
    0.0,
    0.5582661385478637,
    0.0,
    0.0,
    0.0,
    0.5526834771623851,
    0.0,
    0.0,
    0.0,
    0.0,
    0.0,
    0.0,
    0.0,
    0.0,
    0.0,
    0.5582661385478637,
    0.5582661385478637,
    0.5526834771623851,
    0.0,
    0.5526834771623851,
    0.5582661385478637,
    0.0,
    0.5526834771623851,
    0.0,
    0.5526834771623851,
    0.5582661385478637,
    0.5582661385478637,
    0.0,
    0.5526834771623851,
    0.5582661385478637,
    0.0,
    0.0,
    0.5526834771623851,
    0.0,
    0.0,
    0.0,
    0.5526834771623851,
    0.0,
    0.0,
    0.0,
    0.0,
    0.0,
    0.0,
    0.0,
    0.5582661385478637,
    0.0,
    0.0,
    0.0,
    0.5582661385478637,
    0.0,
    0.5582661385478637,
    0.5582661385478637,
    0.0,
    0.0,
    0.0,
    0.0,
    0.0,
    0.0,
    0.0,
    0.5526834771623851,
    0.0,
    0.5526834771623851,
    0.0,
    0.0,
    0.5582661385478637,
    0.5582661385478637,
    0.5526834771623851,
    0.0,
    0.0,
    0.0,
    0.0,
    0.5582661385478637,
    0.0,
    0.0,
    0.0,
    0.0,
    0.5582661385478637,
    0.0,
    0.0,
    0.0,
    0.0,
    0.0,
    0.0,
    0.0,
    0.5582661385478637,
    0.5526834771623851,
    0.0,
    0.0,
    0.5582661385478637,
    0.5526834771623851,
    0.0,
    0.5582661385478637,
    0.0,
    0.0,
    0.5526834771623851,
    0.0,
    0.0,
    0.0,
    0.0,
    0.0,
    0.0,
    0.5526834771623851,
    0.0,
    0.5582661385478637,
    0.5526834771623851,
    0.5526834771623851,
    0.0,
    0.0,
    0.0,
    0.0,
    0.0,
    0.5582661385478637,
    0.0,
    0.0,
    0.5526834771623851,
    0.0,
    0.5526834771623851,
    0.5582661385478637,
    0.0,
    0.5526834771623851,
    0.5526834771623851,
    0.0,
    0.5582661385478637,
    0.0,
    0.5526834771623851,
    0.0,
    0.0,
    0.0,
    0.0,
    0.0,
    0.0,
    0.0,
    0.5582661385478637,
    0.0,
    0.5526834771623851,
    0.5582661385478637,
    0.5582661385478637,
    0.0,
    0.0,
    0.5526834771623851,
    0.0,
    0.0,
    0.0,
    0.0,
    0.5582661385478637,
    0.0,
    0.0,
    0.0,
    0.0,
    0.0,
    0.0,
    0.0,
    0.5582661385478637,
    0.0,
    0.5526834771623851,
    0.0,
    0.0,
    0.0,
    0.5526834771623851,
    0.5582661385478637,
    0.0,
    0.5582661385478637,
    0.0,
    0.0,
    0.0,
    0.5582661385478637,
    0.5582661385478637,
    0.0,
    0.5582661385478637,
    0.5526834771623851,
    0.0,
    0.5526834771623851,
    0.5582661385478637,
    0.0,
    0.0,
    0.0,
    0.0,
    0.0,
    0.5526834771623851,
    0.0,
    0.0,
    0.0,
    0.0,
    0.0,
    0.0,
    0.0,
    0.0,
    0.0,
    0.0,
    0.0,
    0.0,
    0.0,
    0.5582661385478637,
    0.5582661385478637,
    0.0,
    0.5526834771623851,
    -5.639051904523875,
    0.0,
    0.0,
    0.0,
    0.0,
    0.5582661385478637,
    0.0,
    0.0,
    0.5582661385478637,
    0.0,
    0.5526834771623851,
    0.5526834771623851,
    0.0,
    0.5582661385478637,
    0.0,
    0.0,
    0.0,
    0.5526834771623851,
    0.0,
    0.5526834771623851,
    0.5526834771623851,
    0.0,
    0.0,
    0.5582661385478637,
    0.0,
    0.0,
    0.0,
    0.0,
    0.0,
    0.0,
    0.0,
    0.0,
    0.5526834771623851,
    0.0,
    0.0,
    0.0,
    0.0,
    0.0,
    0.5582661385478637,
    0.0,
    0.5526834771623851,
    0.0,
    0.5582661385478637,
    0.0,
    0.0,
    0.0,
    0.0,
    0.0,
    0.5582661385478637,
    0.0,
    0.0,
    0.0,
    0.0,
    0.5582661385478637,
    0.0,
    0.0,
    0.0,
    0.0,
    0.0,
    0.0,
    0.0,
    0.0,
    0.0,
    0.0,
    0.0,
    0.0,
    0.5526834771623851,
    0.5582661385478637,
    0.5582661385478637,
    0.0,
    0.0,
    0.0
  ],