{
  "schema_version": "1.0.0",
  "created_at": "2026-04-19T05:45:48Z",
  "phase": "phase2",
  "task": "chain_regime_shift",
  "algorithm": "QLearning",
  "seed": 67,
  "train_steps": 180000,
  "n_transitions": 180000,
  "steps_to_threshold": null,
  "auc_disc_return": 15.577386528696394,
  "final_disc_return_mean": 20.157189514941244,
  "final_10pct_success_rate": 0.0,
  "adaptation_metrics": {
    "change_at_episode": 300,
    "pre_change_auc": 0.0,
    "post_change_auc": 16.59848075395818,
    "lag_to_50pct_recovery": 25,
    "lag_to_75pct_recovery": 852,
    "lag_to_90pct_recovery": null,
    "post_change_optimum": 22.528388142369145
  },
  "shortcut_risky_path_fraction": 0.0,
  "episode_returns": [
    19.311972376015056,
    19.574794399202688,
    21.183228091351488,
    20.43061143743087,
    19.467946798188983,
    20.479986891262772,
    19.600052291363728,
    19.66461437264134,
    20.05508605805693,
    20.133845851308166,
    19.57831124223516,
    20.30390465043666,
    18.788859984698355,
    19.33726844293273,
    21.27288036833179,
    20.61969327935662,
    19.011939893496947,
    20.421476454961017,
    19.271930914799146,
    19.452692261775763,
    19.85242612959859,
    21.09157985680479,
    21.049731807430902,
    20.444375801576488,
    21.765847618554695,
    20.172022906832865,
    20.95598817877074,
    21.001225554803966,
    20.005854970220142,
    20.132997894489606,
    18.121148637079322,
    20.309797035060168,
    20.53759974574497,
    20.143438263525788,
    20.201230434505014,
    19.492894752712843,
    20.992561317197563,
    20.192258308954806,
    19.786860377866095,
    20.417477913341592,
    20.499324785077466,
    19.63049591070704,
    20.43495166337341,
    19.55268947371833,
    19.07212832421213,
    21.02335880554558,
    20.456128426441946,
    19.700000948945437,
    20.14031482499432,
    20.34952430166098,
    19.84071283480364,
    18.884793884155965,
    20.811630507203525,
    20.61367160911147,
    19.713138899063658,
    21.17848610617378,
    21.19359514233195,
    19.671489377828877,
    20.91406925990955,
    18.64099348515706,
    21.726271675212995,
    21.117962001997977,
    19.956733662419637,
    19.769826361369695,
    20.989872467747475,
    20.236983035162893,
    20.453555929456343,
    20.388723674729242,
    20.234469106994332,
    20.180901365887276,
    21.213130930137705,
    19.40389945557068,
    20.29267081385845,
    21.22912180973259,
    20.645561382572698,
    20.342564344927908,
    21.827327086921194,
    19.483247434635974,
    18.081925622425114,
    20.565943983552362,
    21.07919449627522,
    20.45103157469317,
    20.509100174446594,
    17.992893963543647,
    19.130960948035398,
    19.48071534619944,
    19.645787480337653,
    20.25713272316257,
    18.709783590177405,
    19.573785081522473,
    21.180525354927134,
    20.442200015188686,
    21.062719232710958,
    21.032901814363207,
    19.86538835334589,
    20.30598692625202,
    19.292036786947413,
    18.451066644340795,
    20.99684137225241,
    20.938259169039316,
    21.16802117729607,
    19.705599253759942,
    20.660861119897607,
    21.154048206806806,
    18.36829606438549,
    20.970246244657464,
    21.156455135525146,
    20.476983850583647,
    21.21093947483814,
    18.956390241037198,
    21.164062963760365,
    20.411300486510207,
    21.096264591822326,
    18.816475173204708,
    20.494778457567282,
    19.642577259311462,
    18.87220322721746,
    20.989841295822174,
    20.946980920407682,
    21.72554267473721,
    19.393086805122373,
    19.307052692456235,
    19.026251802623698,
    19.63576967115887,
    20.472138747565786,
    20.829909786692337,
    19.59625746128148,
    20.358813565291904,
    20.2865490978648,
    19.46884951501347,
    21.11644035707757,
    20.55232772736612,
    21.15301469561516,
    21.851291377607186,
    20.949102895622005,
    19.42079208012089,
    18.954598023610462,
    21.152577026205726,
    20.20787727929024,
    21.06179234952365,
    20.340249173534726,
    20.351290477712357,
    19.489916611012955,
    18.847801399190356,
    20.2853361537146,
    19.559290034514785,
    21.95844169798309,
    19.567616017500363,
    18.62475240122166,
    19.511593376448477,
    21.177500212834662,
    20.668802769160116,
    19.443177578600547,
    20.29454767766703,
    19.61721299858599,
    20.345461725698556,
    20.305824587040764,
    18.94088701367939,
    20.994344931313734,
    21.739857253897902,
    21.14161827829629,
    19.492048901539498,
    21.092613664134507,
    17.24148889748623,
    21.292297273444714,
    20.959759475683136,
    18.82662179471393,
    18.935614355407182,
    19.528725709486434,
    21.035260267854273,
    20.257841106609405,
    21.295443620442175,
    20.441879650935313,
    17.746496022545454,
    20.07771258151819,
    19.53827854024554,
    20.19352933382973,
    20.27705014163994,
    18.95299728995423,
    19.782048302451795,
    18.731567964929397,
    20.37468469466919,
    20.37856456164355,
    19.291788156186957,
    20.4886588720928,
    21.8779716917549,
    20.33220539479979,
    21.0103208448935,
    20.08603198967246,
    21.07088251917316,
    21.112338216256642,
    21.04169904508299,
    19.61369724400059,
    20.481064793075962,
    19.300935026311212,
    20.21451015761766,
    18.870271252981908,
    19.614043957430308,
    19.188776369762582,
    19.440383065796958
  ],