{
  "schema_version": "1.0.0",
  "created_at": "2026-04-19T05:43:30Z",
  "phase": "phase2",
  "task": "chain_regime_shift",
  "algorithm": "QLearning",
  "seed": 11,
  "train_steps": 180000,
  "n_transitions": 180000,
  "steps_to_threshold": null,
  "auc_disc_return": 15.233120643954896,
  "final_disc_return_mean": 19.996486497816473,
  "final_10pct_success_rate": 0.0,
  "adaptation_metrics": {
    "change_at_episode": 300,
    "pre_change_auc": 0.0,
    "post_change_auc": 16.85146300953242,
    "lag_to_50pct_recovery": 15,
    "lag_to_75pct_recovery": 609,
    "lag_to_90pct_recovery": null,
    "post_change_optimum": 21.933743856713555
  },
  "shortcut_risky_path_fraction": 0.0,
  "episode_returns": [
    19.468512907623513,
    19.38910556218197,
    20.199632517044897,
    20.376931840742166,
    19.81958163728261,
    19.462943466684543,
    18.185812707744734,
    21.09175381652417,
    20.398767110127633,
    18.679242873835264,
    19.654930603477833,
    20.183148210459002,
    21.765311099845945,
    21.24134722101649,
    20.009696009134714,
    20.263341211654854,
    18.986653715380463,
    19.63244505802779,
    20.873696383707934,
    20.30266329387565,
    20.410230471786395,
    20.90047519469836,
    21.12677522910223,
    19.158190809103544,
    20.66958699152765,
    20.41739073609587,
    21.1271944828867,
    18.744394389941437,
    19.671845528743344,
    18.503184713367162,
    19.04315027780803,
    21.346540218411036,
    21.20999712399339,
    19.566639921468074,
    20.315903952745025,
    20.129816921674514,
    18.556895166113474,
    19.286174593139343,
    19.414587049412482,
    19.291960093245947,
    19.503731099490118,
    20.391172413840838,
    20.207040572483265,
    21.18385317167253,
    19.520683602955735,
    18.275244808536925,
    20.24968283922194,
    20.262560605784778,
    19.462330520395106,
    20.788693433772824,
    19.852823295107605,
    19.577364918190714,
    18.714544947533035,
    16.777720431741027,
    20.743869700579232,
    19.602620193884448,
    18.63151502673495,
    21.086756967262396,
    18.968288701313046,
    20.218264951520943,
    21.060375016047203,
    19.989054761614042,
    21.15257304056894,
    15.361791720248991,
    19.386396028403283,
    19.33415263544491,
    21.08496255601224,
    21.00765646528435,
    20.355269007516924,
    20.373825522110362,
    19.546459708513076,
    20.302875337040547,
    20.49296724755522,
    19.58967562251253,
    19.098308723122365,
    19.588968569943543,
    18.855194755308567,
    20.81728332101136,
    18.69007959142744,
    17.68011006489043,
    19.77574317058923,
    19.545068029120564,
    18.80260072507583,
    20.631544243565013,
    18.68661531519052,
    20.245283117841737,
    20.231882379348395,
    20.39955267432955,
    19.523480220172516,
    21.03270809175347,
    18.92911707821272,
    21.227502873392655,
    21.022429216721076,
    18.67339738661605,
    19.640699933115613,
    18.787210367035296,
    21.290671757608365,
    21.83754357062957,
    19.35036908899182,
    19.608982431860642,
    19.418944091638224,
    19.792578032646908,
    20.642436468502375,
    21.104132761038798,
    19.761199671812253,
    18.105659114969125,
    18.847920726146565,
    18.32330960572785,
    19.577944523525797,
    21.092093621290246,
    20.55376167690731,
    19.578131164235725,
    20.358424130229544,
    20.553917880159936,
    21.775550608554695,
    19.526793854221445,
    19.342342264111345,
    18.780126382638375,
    18.761899769074553,
    18.658775892487647,
    21.817763142043596,
    17.97256087969046,
    19.64714183882559,
    19.315380063706613,
    21.858402551312462,
    18.578344805540752,
    20.272751953119588,
    20.493724643662667,
    20.390729440278406,
    20.5491398919445,
    19.399658819283836,
    20.249687613665508,
    19.369903064982974,
    20.0055183132152,
    19.519832253394856,
    18.026916705879884,
    17.390508557765937,
    19.62043717211492,
    21.8035163350076,
    18.263209608146298,
    19.153642884621988,
    19.838674283913896,
    19.35419492557171,
    19.758742361458086,
    20.4863685353649,
    21.614870894885506,
    19.709383097109157,
    19.42413873279478,
    20.985244999616736,
    20.856536629498784,
    17.179711806260155,
    19.540055178191015,
    18.522025657436913,
    21.86543702826246,
    19.522116189866836,
    19.647121740531645,
    21.840953968113308,
    18.78193390678897,
    21.009421032523015,
    19.350415755400036,
    19.406118448889885,
    21.731886287796716,
    17.89178567109297,
    19.55246630537632,
    20.558901649468506,
    19.819406075504894,
    20.244522523656556,
    19.43773547793979,
    20.13640522493433,
    17.79468484398263,
    18.568259787614256,
    18.587043391607008,
    19.963628891563506,
    21.028214921787544,
    20.515013072969722,
    18.76283437281255,
    20.29316531297928,
    19.872372409287138,
    19.217525934078076,
    18.864785871094085,
    18.50116065597208,
    20.38900166937167,
    21.168724021221333,
    19.76357639186061,
    19.30532785926114,
    19.95338657813272,
    20.151995188963422,
    18.056572488380887,
    18.637747644337253,
    20.89823782618784,
    20.186979572681512,
    18.292241617656103,
    19.67309703910494,
    19.364855896673763,
    21.039433164814398,
    19.504989608131005,
    19.518490573316083,
    20.593959898942536,
    19.629363606015374,
    20.969662629732532
  ],