{
  "total_s": 9.393696541985264,
  "step_s": 0.0,
  "fit_s": 0.0,
  "eval_s": 0.49143099997309037,
  "plot_s": 0.0,
  "other_s": 0.0,
  "train_s": 8.752570082986495,
  "eval_final_s": 0.3207152910181321,
  "post_s": 0.3134760420070961,
  "steps_per_s": null,
  "updates_per_s": null
}
