{
  "schema_version": "1.0.0",
  "created_at": "2026-04-19T05:18:38Z",
  "phase": "phase2",
  "task": "grid_regime_shift",
  "algorithm": "ExpectedSARSA",
  "seed": 11,
  "train_steps": 250000,
  "n_transitions": 250000,
  "steps_to_threshold": 16000,
  "auc_disc_return": 0.4374549220570973,
  "final_disc_return_mean": 0.5965161859711485,
  "final_10pct_success_rate": 1.0,
  "adaptation_metrics": {
    "change_at_episode": 200,
    "pre_change_auc": 0.1366419296985783,
    "post_change_auc": 0.42501573464390446,
    "lag_to_50pct_recovery": 372,
    "lag_to_75pct_recovery": 10665,
    "lag_to_90pct_recovery": 11497,
    "post_change_optimum": 0.7737809374999998
  },
  "shortcut_risky_path_fraction": 0.0,
  "episode_returns": [
    0.6983372960937497,
    0.6983372960937497,
    0.46329123015975304,
    0.46329123015975304,
    0.44012666865176536,
    0.6983372960937497,
    0.6302494097246091,
    0.5987369392383787,
    0.6983372960937497,
    0.46329123015975304,
    0.46329123015975304,
    0.6983372960937497,
    0.6983372960937497,
    0.6983372960937497,
    0.6983372960937497,
    0.46329123015975304,
    0.5987369392383787,
    0.44012666865176536,
    0.6983372960937497,
    0.6983372960937497,
    0.46329123015975304,
    0.46329123015975304,
    0.6983372960937497,
    0.6983372960937497,
    0.6983372960937497,
    0.6983372960937497,
    0.6983372960937497,
    0.6983372960937497,
    0.6983372960937497,
    0.6983372960937497,
    0.46329123015975304,
    0.6983372960937497,
    0.6302494097246091,
    0.6983372960937497,
    0.6983372960937497,
    0.6302494097246091,
    0.6983372960937497,
    0.6983372960937497,
    0.6983372960937497,
    0.6302494097246091,
    0.6983372960937497,
    0.6983372960937497,
    0.6302494097246091,
    0.6983372960937497,
    0.46329123015975304,
    0.6983372960937497,
    0.6983372960937497,
    0.6983372960937497,
    0.6983372960937497,
    0.44012666865176536,
    0.6983372960937497,
    0.6983372960937497,
    0.6983372960937497,
    0.46329123015975304,
    0.6302494097246091,
    0.6983372960937497,
    0.6983372960937497,
    0.6983372960937497,
    0.6983372960937497,
    0.6983372960937497,
    0.6983372960937497,
    0.6983372960937497,
    0.6983372960937497,
    0.6983372960937497,
    0.6983372960937497,
    0.6983372960937497,
    0.6983372960937497,
    0.46329123015975304,
    0.6983372960937497,
    0.5987369392383787,
    0.6983372960937497,
    0.46329123015975304,
    0.46329123015975304,
    0.6983372960937497,
    0.6983372960937497,
    0.6983372960937497,
    0.46329123015975304,
    0.6983372960937497,
    0.6983372960937497,
    0.6983372960937497,
    0.6983372960937497,
    0.6983372960937497,
    0.6983372960937497,
    0.46329123015975304,
    0.6983372960937497,
    0.6983372960937497,
    0.6302494097246091,
    0.6983372960937497,
    0.6983372960937497,
    0.6983372960937497,
    0.6983372960937497,
    0.5403600876626367,
    0.46329123015975304,
    0.6983372960937497,
    0.6983372960937497,
    0.6983372960937497,
    0.6983372960937497,
    0.6983372960937497,
    0.6983372960937497,
    0.6983372960937497,
    0.6983372960937497,
    0.6983372960937497,
    0.46329123015975304,
    0.46329123015975304,
    0.6983372960937497,
    0.46329123015975304,
    0.6302494097246091,
    0.6983372960937497,
    0.6983372960937497,
    0.6983372960937497,
    0.6983372960937497,
    0.6983372960937497,
    0.6983372960937497,
    0.6983372960937497,
    0.6983372960937497,
    0.6983372960937497,
    0.44012666865176536,
    0.6983372960937497,
    0.6983372960937497,
    0.6983372960937497,
    0.6983372960937497,
    0.44012666865176536,
    0.6983372960937497,
    0.6302494097246091,
    0.6983372960937497,
    0.46329123015975304,
    0.6983372960937497,
    0.46329123015975304,
    0.44012666865176536,
    0.6983372960937497,
    0.6983372960937497,
    0.6983372960937497,
    0.6983372960937497,
    0.6302494097246091,
    0.6983372960937497,
    0.6983372960937497,
    0.6983372960937497,
    0.6983372960937497,
    0.46329123015975304,
    0.6983372960937497,
    0.46329123015975304,
    0.46329123015975304,
    0.46329123015975304,
    0.6983372960937497,
    0.6983372960937497,
    0.6983372960937497,
    0.6983372960937497,
    0.46329123015975304,
    0.6302494097246091,
    0.37735360253530725,
    0.46329123015975304,
    0.6302494097246091,
    0.44012666865176536,
    0.46329123015975304,
    0.6983372960937497,
    0.6983372960937497,
    0.6983372960937497,
    0.6983372960937497,
    0.6983372960937497,
    0.46329123015975304,
    0.6302494097246091,
    0.6983372960937497,
    0.6983372960937497,
    0.6983372960937497,
    0.6983372960937497,
    0.6983372960937497,
    0.46329123015975304,
    0.6983372960937497,
    0.6983372960937497,
    0.46329123015975304,
    0.46329123015975304,
    0.6983372960937497,
    0.6983372960937497,
    0.6983372960937497,
    0.46329123015975304,
    0.6983372960937497,
    0.46329123015975304,
    0.6983372960937497,
    0.46329123015975304,
    0.6983372960937497,
    0.6983372960937497,
    0.6983372960937497,
    0.6983372960937497,
    0.46329123015975304,
    0.6983372960937497,
    0.6302494097246091,
    0.6983372960937497,
    0.6983372960937497,
    0.6983372960937497,
    0.6983372960937497,
    0.6983372960937497,
    0.46329123015975304,
    0.6983372960937497,
    0.6983372960937497,
    0.6983372960937497,
    0.6983372960937497,
    0.46329123015975304,
    0.6983372960937497,
    0.6302494097246091,
    0.6983372960937497
  ],