{
  "total_s": 7.0471579160075635,
  "step_s": 0.0,
  "fit_s": 0.0,
  "eval_s": 0.6721175020211376,
  "plot_s": 0.0,
  "other_s": 0.0,
  "train_s": 6.40983808299643,
  "eval_final_s": 0.23498604202177376,
  "post_s": 0.3976039999979548,
  "steps_per_s": null,
  "updates_per_s": null
}
