{
  "total_s": 6.703099125006702,
  "step_s": 0.0,
  "fit_s": 0.0,
  "eval_s": 0.6385189150169026,
  "plot_s": 0.0,
  "other_s": 0.0,
  "train_s": 6.1250170830171555,
  "eval_final_s": 0.22011399999610148,
  "post_s": 0.35338341700844467,
  "steps_per_s": null,
  "updates_per_s": null
}
