{
  "schema_version": "1.0.0",
  "created_at": "2026-04-18T19:57:58Z",
  "phase": "phase3",
  "task": "chain_catastrophe",
  "algorithm": "SafeExpectedSARSA",
  "seed": 11,
  "train_steps": 120000,
  "n_transitions": 120000,
  "steps_to_threshold": null,
  "auc_disc_return": 2.0545497242900472,
  "final_disc_return_mean": 3.1716774291553533,
  "final_10pct_success_rate": 0.02666666666666667,
  "tail_risk_metrics": {
    "return_q05": 0.0,
    "return_q25": 0.0,
    "return_q50": 0.0,
    "return_q75": 4.25500196942893,
    "return_q95": 5.6036035153897314,
    "cvar_5pct": -1.7481018015879117,
    "cvar_10pct": -0.8740509007939559,
    "top5pct_mean": 6.134732294497708,
    "top10pct_mean": 5.8062676828288105,
    "event_rate": 0.012,
    "event_conditioned_return": -7.2837575066163
  },
  "shortcut_risky_path_fraction": 0.298,
  "episode_returns": [
    0.0,
    0.0,
    0.0,
    0.0,
    4.891831153178161,
    0.0,
    0.0,
    0.0,
    0.0,
    0.5582661385478637,
    0.0,
    0.0,
    0.0,
    0.0,
    0.0,
    0.0,
    4.975210359323151,
    0.0,
    4.271762664323582,
    4.162164100501983,
    4.248857739069795,
    0.0,
    0.0,
    0.0,
    0.0,
    5.616666197493809,
    0.0,
    4.824446141485967,
    5.610736533029794,
    0.0,
    0.0,
    0.0,
    0.0,
    4.922719003079129,
    0.0,
    0.0,
    0.0,
    0.0,
    4.838253813097075,
    0.0,
    0.0,
    0.0,
    4.162164100501983,
    0.0,
    2.8839862666667218,
    4.897942325573489,
    4.952305434069365,
    0.0,
    4.818334969090639,
    4.1948095741994385,
    0.0,
    0.0,
    -8.097278682212584,
    0.0,
    0.0,
    0.0,
    0.0,
    0.0,
    0.0,
    0.0,
    0.0,
    0.0,
    0.0,
    0.0,
    0.0,
    0.0,
    0.0,
    0.0,
    0.0,
    0.0,
    0.0,
    0.0,
    0.0,
    0.0,
    3.5265978687514403,
    0.0,
    2.9215918016139035,
    0.0,
    2.889915931130737,
    0.0,
    4.29558330321205,
    0.0,
    0.0,
    1.6977550817328821,
    0.0,
    0.0,
    0.0,
    0.0,
    5.09075743754016,
    0.0,
    0.0,
    0.0,
    0.0,
    4.32120615783414,
    0.0,
    0.0,
    0.0,
    0.0,
    0.0,
    3.598088023935305,
    5.480865415181793,
    4.326970598718088,
    2.982192231084027,
    0.0,
    2.290899424057862,
    0.5526834771623851,
    4.266123612419058,
    0.0,
    2.337232453968352,
    0.0,
    0.5582661385478637,
    0.0,
    4.271762664323582,
    5.6110271455892855,
    0.0,
    1.1165886676147725,
    0.0,
    0.0,
    0.0,
    0.0,
    5.486795079645807,
    0.5582661385478637,
    6.452663681111059,
    0.0,
    0.0,
    4.364093119790287,
    0.0,
    0.0,
    0.0,
    0.0,
    4.181834539401249,
    4.968175882373155,
    0.0,
    0.0,
    0.0,
    0.0,
    4.266123612419058,
    0.0,
    0.0,
    2.337232453968352,
    4.317064698486543,
    0.0,
    0.0,
    4.315868042272084,
    0.0,
    5.486795079645807,
    0.0,
    4.934111602483422,
    0.0,
    5.486795079645807,
    0.0,
    0.0,
    5.619740582057852,
    0.0,
    0.0,
    0.0,
    4.817823321076127,
    5.614125861219355,
    0.5526834771623851,
    0.0,
    0.0,
    0.0,
    0.0,
    7.289692367448698,
    4.878247757450822,
    0.0,
    4.340327459551714,
    0.0,
    4.266123612419058,
    0.0,
    0.0,
    4.37618741852081,
    4.8441834775610895,
    0.0,
    4.969280694859136,
    0.0,
    0.0,
    0.0,
    0.0,
    0.0,
    0.0,
    6.02402071982767,
    0.0,
    4.338539315086627,
    0.0,
    3.5510468609691186,
    5.556749511140365,
    0.0,
    3.62351201033434,
    -7.177305325982749,
    0.0,
    4.824446141485967,
    0.0,
    0.0,
    0.5582661385478637,
    1.691943417591701,
    0.0,
    0.0,
    0.0,
    4.213328901953102,
    0.0,
    -7.177305325982749,
    0.0,
    4.824446141485967,
    0.0,
    0.0,
    0.0,
    6.981818561408816,
    5.696121129573255,
    0.0,
    0.0,
    0.0,
    0.0,
    0.0,
    0.0,
    0.0,
    5.521467720464689,
    5.520859359535541,
    5.603228093408676,
    0.0,
    6.190242774645377,
    0.0,
    4.824446141485967,
    0.0,
    3.606744995091044,
    0.0,
    0.0,
    0.0,
    4.149808320017121,
    4.910846932488656,
    4.162164100501983,
    0.5582661385478637,
    0.0,
    0.0,
    0.5582661385478637,
    5.754115279928354,
    0.0,
    0.0,
    5.6110271455892855,
    0.0,
    0.0,
    0.0,
    0.0,
    5.637559297482992,
    0.0,
    0.0,
    0.0,
    5.520859359535541,
    0.5526834771623851,
    7.0633152496022875,
    0.0,
    0.0,
    6.169349674656194,
    5.508306874661686,
    4.824446141485967,
    0.0,
    0.0,
    0.0,
    0.0,
    0.0,
    5.527893836485537,
    0.0,
    0.0,
    0.0,
    0.0,
    0.0,
    4.928472550578898,
    5.486795079645807,
    4.273550808788669,
    3.635699981016206,
    0.0,
    0.0,
    4.981390578302757,
    0.0,
    4.885282234400818,
    0.0,
    4.916776596952672,
    3.655778961397239,
    0.0,
    4.266123612419058,
    0.0,
    0.0,
    0.0,
    5.625990581114452,
    4.306019102160786,
    0.0,
    5.480865415181793,
    5.520859359535541,
    0.0,
    0.0,
    4.292206285176137,
    0.0,
    0.0,
    0.0,
    0.0,
    0.0,
    0.0,
    0.0,
    0.0,
    0.0,
    0.0,
    0.0,
    0.0,
    0.0,
    0.0,
    0.0,
    0.0,
    4.916960224729405,
    0.0,
    0.0,
    0.0,
    0.0,
    6.350400187740272,
    5.625022009066816,
    0.0,
    5.019715707474025,
    0.0,
    0.0,
    0.0,
    0.0,
    4.3456660434359975,
    0.0,
    0.0,
    0.0,
    4.156052928106655,
    0.0,
    4.987029630207281,
    4.305893841389172,
    0.0,
    4.865611795501553,
    4.975210359323151,
    0.0,
    0.0,
    4.875677840112942,
    0.0,
    4.2556456671142895,
    4.824446141485967,
    0.0,
    4.945504609558612,
    0.0,
    0.0,
    0.0,
    0.0,
    0.0,
    0.0,
    0.0,
    0.0,
    4.864389134411636,
    0.0,
    6.91522311060323,
    3.558887689700417,
    0.0,
    5.520859359535541,
    0.0,
    0.0,
    4.910153776542832,
    0.0,
    2.974766365968215,
    0.0,
    4.2601939479550435,
    0.5582661385478637,
    4.898257269199008,
    0.0,
    0.0,
    0.0,
    2.32025719317858,
    0.0,
    0.0,
    2.307989761609293,
    0.5526834771623851,
    0.5526834771623851,
    0.0,
    5.559682902804181,
    0.0,
    0.0,
    5.486795079645807,
    4.308060508488816,
    0.0,
    0.0,
    0.0,
    5.527893836485537,
    0.0,
    4.302371648600754,
    5.710390880596327,
    0.0,
    2.331593402063828,
    0.0,
    3.5265978687514403,
    0.0,
    0.0,
    0.0,
    0.0,
    0.0,
    5.486795079645807,
    0.0,
    0.0,
    2.889915931130737,
    0.0,
    0.0,
    2.889915931130737,
    0.0,
    0.0,
    0.0,
    0.0,
    0.0,
    0.0,
    0.0,
    6.190242774645377,
    0.0,
    4.884053886795522,
    0.0,
    3.6251508362472817,
    3.8199252654130214,
    4.963641642954612,
    0.0,
    0.5526834771623851,
    2.8779362059953466,
    4.28110271065721,
    0.0,
    3.660645424790717,
    0.0,
    0.5582661385478637,
    1.1165886676147725,
    0.0,
    0.0,
    0.0,
    0.0,
    4.824446141485967,
    4.242665275488191,
    3.5862879916519153,
    5.486795079645807,
    0.0,
    0.0,
    0.0,
    0.0,
    0.5582661385478637,
    0.0,
    7.656257645660527,
    4.25478740353381,
    2.8779362059953466,
    0.0,
    4.295953057549396,
    -7.177305325982749,
    0.0,
    0.0,
    4.812090361001105,
    0.0,
    0.0,
    0.5526834771623851,
    0.0,
    0.0,
    0.0,
    0.0,
    0.0,
    0.0,
    4.922719003079129,
    6.183208297695381,
    0.0,
    4.8441834775610895,
    0.0,
    0.0,
    0.0,
    0.0,
    -8.261686238355866,
    0.0,
    0.0,
    4.891222792249012,
    3.6706182221981196,
    0.0,
    0.0,
    0.0,
    5.527893836485537,
    5.520859359535541,
    5.527893836485537,
    0.0,
    0.0,
    0.0,
    0.0,
    4.8376268853553475,
    -5.811664141181096,
    4.260370064919289,
    4.963817759918858,
    0.0,
    4.260370064919289,
    0.0,
    0.0,
    3.690700317637541,
    4.8441834775610895,
    0.0,
    4.824446141485967,
    4.865611795501553,
    4.271762664323582,
    0.0,
