{
  "total_s": 5.325463459012099,
  "step_s": 0.0,
  "fit_s": 0.0,
  "eval_s": 0.6195723340206314,
  "plot_s": 0.0,
  "other_s": 0.0,
  "train_s": 4.562785916990833,
  "eval_final_s": 0.5464320000028238,
  "post_s": 0.20445400002063252,
  "steps_per_s": null,
  "updates_per_s": null
}
