{
  "total_s": 8.813365083013196,
  "step_s": 0.0,
  "fit_s": 0.0,
  "eval_s": 0.460236291954061,
  "plot_s": 0.0,
  "other_s": 0.0,
  "train_s": 7.892868417024147,
  "eval_final_s": 0.3135794579866342,
  "post_s": 0.6015555000049062,
  "steps_per_s": null,
  "updates_per_s": null
}
