{
  "total_s": 0.7233544159971643,
  "step_s": 0.0,
  "fit_s": 0.0,
  "eval_s": 0.15214137700968422,
  "plot_s": 0.0,
  "other_s": 0.0,
  "train_s": 0.7165830409940099,
  "post_s": 0.006734290989697911,
  "steps_per_s": null,
  "updates_per_s": null
}
