{
  "total_s": 8.323511583999789,
  "step_s": 0.0,
  "fit_s": 0.0,
  "eval_s": 0.4906339170047431,
  "plot_s": 0.0,
  "other_s": 0.0,
  "train_s": 7.591944667001371,
  "eval_final_s": 0.3895745830013766,
  "post_s": 0.33373087500513066,
  "steps_per_s": null,
  "updates_per_s": null
}
