{
  "schema_version": "1.0.0",
  "created_at": "2026-04-19T05:05:55Z",
  "phase": "phase2",
  "task": "chain_catastrophe",
  "algorithm": "ExpectedSARSA",
  "seed": 47,
  "train_steps": 120000,
  "n_transitions": 120000,
  "steps_to_threshold": null,
  "auc_disc_return": 2.3801598881812303,
  "final_disc_return_mean": 0.15852791431437557,
  "final_10pct_success_rate": 0.0,
  "tail_risk_metrics": {
    "return_q05": 0.0,
    "return_q25": 0.0,
    "return_q50": 0.0,
    "return_q75": 0.5526834771623851,
    "return_q95": 0.5582661385478637,
    "cvar_5pct": -1.3947993938834629,
    "cvar_10pct": -0.6973996969417314,
    "top5pct_mean": 0.5582661385478638,
    "top10pct_mean": 0.5582661385478637,
    "event_rate": 0.012,
    "event_conditioned_return": -5.8116641411810965
  },
  "shortcut_risky_path_fraction": 0.364,
  "episode_returns": [
    0.0,
    0.5526834771623851,
    0.0,
    -5.811664141181096,
    0.5526834771623851,
    0.0,
    0.0,
    0.5582661385478637,
    0.0,
    0.0,
    0.5582661385478637,
    0.0,
    0.0,
    0.5582661385478637,
    0.5582661385478637,
    0.5526834771623851,
    0.0,
    0.5582661385478637,
    0.0,
    0.0,
    0.0,
    0.5526834771623851,
    0.0,
    0.0,
    0.5526834771623851,
    0.5526834771623851,
    0.0,
    0.5582661385478637,
    0.5582661385478637,
    0.0,
    0.0,
    0.5526834771623851,
    0.5526834771623851,
    -5.811664141181096,
    0.5582661385478637,
    0.0,
    0.0,
    0.0,
    0.5582661385478637,
    0.5582661385478637,
    0.0,
    0.5582661385478637,
    0.0,
    0.0,
    0.0,
    0.5582661385478637,
    0.0,
    0.0,
    0.5526834771623851,
    0.0,
    0.0,
    0.0,
    0.0,
    0.0,
    0.5582661385478637,
    0.0,
    0.0,
    0.0,
    0.5582661385478637,
    0.5526834771623851,
    0.5582661385478637,
    0.0,
    0.5526834771623851,
    0.0,
    0.0,
    0.0,
    0.5582661385478637,
    0.5526834771623851,
    0.0,
    0.0,
    0.0,
    0.0,
    0.0,
    0.5582661385478637,
    0.0,
    0.0,
    0.0,
    0.0,
    0.0,
    0.5582661385478637,
    0.5582661385478637,
    0.0,
    0.0,
    0.5526834771623851,
    0.0,
    0.5526834771623851,
    0.0,
    0.0,
    0.5526834771623851,
    0.0,
    0.0,
    0.0,
    0.5582661385478637,
    0.0,
    0.0,
    0.5526834771623851,
    0.0,
    0.0,
    0.0,
    0.5582661385478637,
    0.0,
    0.0,
    0.5526834771623851,
    0.0,
    0.0,
    0.5582661385478637,
    0.5526834771623851,
    0.0,
    0.5582661385478637,
    0.0,
    0.5526834771623851,
    0.0,
    0.0,
    0.5582661385478637,
    0.5526834771623851,
    0.5526834771623851,
    0.0,
    0.5526834771623851,
    0.0,
    0.0,
    0.0,
    0.0,
    0.0,
    0.5582661385478637,
    0.5582661385478637,
    0.0,
    0.5582661385478637,
    0.0,
    0.0,
    0.0,
    0.0,
    0.5582661385478637,
    0.0,
    0.5582661385478637,
    0.5582661385478637,
    0.0,
    0.5526834771623851,
    0.5526834771623851,
    0.0,
    0.5582661385478637,
    0.5582661385478637,
    0.5526834771623851,
    0.0,
    0.0,
    0.0,
    0.0,
    0.0,
    0.0,
    0.0,
    0.0,
    0.0,
    0.5582661385478637,
    0.0,
    0.0,
    0.0,
    0.5582661385478637,
    0.5582661385478637,
    0.0,
    0.0,
    0.0,
    0.0,
    0.0,
    0.0,
    0.5526834771623851,
    0.0,
    0.0,
    0.0,
    0.5526834771623851,
    0.0,
    0.5582661385478637,
    0.0,
    0.5582661385478637,
    0.0,
    0.0,
    0.0,
    0.0,
    0.0,
    0.0,
    0.0,
    0.0,
    0.0,
    0.5582661385478637,
    0.0,
    0.5582661385478637,
    0.0,
    0.5582661385478637,
    0.0,
    0.0,
    0.5526834771623851,
    0.5582661385478637,
    0.5582661385478637,
    0.0,
    0.0,
    0.0,
    0.5582661385478637,
    0.0,
    0.0,
    0.0,
    0.0,
    0.5526834771623851,
    0.5582661385478637,
    0.5582661385478637,
    0.5526834771623851,
    0.0,
    0.0,
    0.5526834771623851,
    0.5526834771623851,
    0.5582661385478637,
    0.0,
    0.5582661385478637,
    0.0,
    0.5582661385478637,
    0.0,
    0.0,
    0.5582661385478637,
    0.0,
    0.5582661385478637,
    0.5582661385478637,
    0.0,
    0.5526834771623851,
    0.0,
    0.5582661385478637,
    0.5582661385478637,
    0.0,
    0.5582661385478637,
    0.0,
    0.5582661385478637,
    0.0,
    0.0,
    0.0,
    0.5526834771623851,
    0.0,
    0.5582661385478637,
    0.0,
    0.5582661385478637,
    0.0,
    0.0,
    0.5526834771623851,
    0.0,
    0.5582661385478637,
    0.0,
    0.0,
    0.5582661385478637,
    0.5582661385478637,
    0.0,
    0.0,
    0.0,
    0.5526834771623851,
    0.5582661385478637,
    0.0,
    0.0,
    0.0,
    0.5526834771623851,
    0.5582661385478637,
    0.0,
    0.0,
    0.0,
    0.5582661385478637,
    0.0,
    0.0,
    0.0,
    0.0,
    0.0,
    0.0,
    0.0,
    0.5582661385478637,
    0.0,
    0.5582661385478637,
    0.0,
    0.0,
    0.0,
    0.5526834771623851,
    0.0,
    0.0,
    0.0,
    0.5526834771623851,
    0.0,
    0.0,
    0.0,
    0.0,
    0.0,
    0.0,
    -5.811664141181096,
    0.0,
    0.0,
    0.0,
    0.5582661385478637,
    0.5582661385478637,
    0.0,
    0.0,
    0.5582661385478637,
    0.0,
    0.0,
    0.0,
    0.0,
    0.0,
    0.5582661385478637,
    0.0,
    0.0,
    0.5526834771623851,
    0.5582661385478637,
    0.5582661385478637,
    0.5582661385478637,
    0.5582661385478637,
    0.0,
    0.0,
    0.0,
    0.5526834771623851,
    0.5526834771623851,
    0.0,
    0.5526834771623851,
    0.0,
    0.5582661385478637,
    0.5526834771623851,
    0.0,
    0.0,
    0.0,
    0.0,
    0.5582661385478637,
    0.5582661385478637,
    0.0,
    0.5582661385478637,
    0.5582661385478637,
    0.0,
    0.0,
    0.0,
    0.0,
    0.0,
    0.0,
    0.0,
    0.0,
    0.0,
    0.0,
    0.0,
    0.5582661385478637,
    0.5582661385478637,
    0.5582661385478637,
    0.0,
    0.0,
    0.0,
    0.5526834771623851,
    0.0,
    0.0,
    0.0,
    -5.811664141181096,
    0.5582661385478637,
    0.0,
    0.0,
    0.0,
    0.0,
    0.0,
    0.0,
    0.0,
    0.5582661385478637,
    0.5582661385478637,
    0.0,
    0.0,
    0.5582661385478637,
    0.5582661385478637,
    0.0,
    0.5526834771623851,
    0.0,
    0.5526834771623851,
    0.5582661385478637,
    0.5582661385478637,
    0.5582661385478637,
    0.5582661385478637,
    0.5582661385478637,
    0.0,
    0.0,
    0.0,
    0.5582661385478637,
    0.0,
    0.5582661385478637,
    0.0,
    0.0,
    0.0,
    0.0,
    0.0,
    0.0,
    0.0,
    0.5582661385478637,
    0.5582661385478637,
    0.0,
    0.5526834771623851,
    0.5582661385478637,
    0.0,
    0.5582661385478637,
    0.5582661385478637,
    0.5526834771623851,
    0.0,
    0.0,
    0.5582661385478637,
    0.0,
    0.0,
    0.0,
    0.0,
    0.5582661385478637,
    0.0,
    0.0,
    0.0,
    0.5582661385478637,
    0.5582661385478637,
    0.0,
    0.0,
    0.0,
    0.0,
    0.0,
    0.0,
    -5.811664141181096,
    0.0,
    0.5526834771623851,
    0.0,
    0.0,
    0.0,
    0.5582661385478637,
    0.5582661385478637,
    0.0,
    0.5526834771623851,
    0.5582661385478637,
    -5.811664141181096,
    0.5526834771623851,
    0.0,
    0.5582661385478637,
    0.0,
    0.5582661385478637,
    0.0,
    0.0,
    0.0,
    0.5526834771623851,
    0.0,
    0.0,
    0.0,
    0.0,
    0.5526834771623851,
    0.0,
    0.0,
    0.5526834771623851,
    0.5582661385478637,
    0.0,
    0.0,
    0.0,
    0.0,
    0.0,
    0.5526834771623851,
    0.0,
    0.0,
    0.5582661385478637,
    0.0,
    0.0,
    0.0,
    0.5526834771623851,
    0.5526834771623851,
    0.0,
    0.0,
    0.0,
    0.5582661385478637,
    0.5526834771623851,
    0.0,
    0.5582661385478637,
    0.0,
    0.5582661385478637,
    0.5582661385478637,
    0.5582661385478637,
    0.5526834771623851,
    0.0,
    0.0,
    0.5582661385478637,
    0.0,
    0.0,
    0.0,
    0.0,
    0.0,
    0.0,
    0.5526834771623851,
    0.5582661385478637,
    0.0,
    0.0,
    0.5582661385478637,
    0.0,
    0.5582661385478637,
    0.5582661385478637,
    0.0,
    0.0,
