{
  "total_s": 4.754831041005673,
  "step_s": 0.0,
  "fit_s": 0.0,
  "eval_s": 0.6273389599809889,
  "plot_s": 0.0,
  "other_s": 0.0,
  "train_s": 4.121609041001648,
  "eval_final_s": 0.507965791010065,
  "post_s": 0.11389854102162644,
  "steps_per_s": null,
  "updates_per_s": null
}
