{
  "phase": "phase4",
  "schedule_version": 3,
  "task_family": "dense_chain_cost",
  "scheduler_mode": "stagewise_u",
  "gamma_eval": 0.95,
  "gamma_base": 0.95,
  "sign_family": 1,
  "reward_bound": 0.02,
  "alpha_t": [
    0.4880627202424612,
    0.48685025552162414,
    0.4851468929680179,
    0.48284825930055836,
    0.47982253264997987,
    0.47590096522059605,
    0.4962948915889249,
    0.4,
    0.5,
    0.5,
    0.5,
    0.5,
    0.5,
    0.49057613498067365,
    0.474255881133286,
    0.44869420308840663,
    0.42900901395646246,
    0.4573776508112966,
    0.28561000000000003,
    0.28561000000000003
  ],
  "kappa_t": [
    0.974403136012123,
    0.9743425127760812,
    0.9742573446484009,
    0.9741424129650279,
    0.973991126632499,
    0.9737950482610298,
    0.9748147445794462,
    0.97,
    0.975,
    0.975,
    0.975,
    0.975,
    0.975,
    0.9745288067490336,
    0.9737127940566643,
    0.9724347101544203,
    0.9714504506978231,
    0.9728688825405648,
    0.960985,
    0.960985
  ],
  "Bhat_t": [
    0.6143667112422337,
    0.5904811776335204,
    0.5660034027071742,
    0.5409283343892718,
    0.515251494759926,
    0.48896902829754696,
    0.46207775352841074,
    0.434008365057029,
    0.4072251186154938,
    0.3776667883235834,
    0.34735055212675225,
    0.31625697654025875,
    0.2843661297848808,
    0.25165756901013414,
    0.21821578545178807,
    0.18405405222739507,
    0.14916585217773728,
    0.11340347013952357,
    0.076478415,
    0.039,
    0.0
  ],
  "A_t": [
    0.6104811776335204,
    0.5860034027071742,
    0.5609283343892718,
    0.5352514947599261,
    0.508969028297547,
    0.48207775352841076,
    0.454008365057029,
    0.42722511861549384,
    0.39766678832358343,
    0.36735055212675227,
    0.33625697654025877,
    0.3043661297848808,
    0.27165756901013416,
    0.23821578545178806,
    0.20405405222739506,
    0.16916585217773727,
    0.13340347013952356,
    0.096478415,
    0.059,
    0.02
  ],
  "xi_ref_t": [
    0.3598193548200462,
    0.3586009418188316,
    0.3568892226690464,
    0.3545793120404479,
    0.3515387413534584,
    0.34759793494566277,
    0.36809191271338637,
    0.39191331698757764,
    0.39077555721437907,
    0.3887356630614218,
    0.3854792066172272,
    0.3805428292524006,
    0.3732149815770134,
    0.36234510022265715,
    0.34594478017289054,
    0.32025769804382076,
    0.27739000862171015,
    0.1969352419398681,
    0.02,
    0.02
  ],
  "u_target_t": [
    0.018525971703498206,
    0.018470011793305728,
    0.018391395060062363,
    0.018285304275410384,
    0.018145655353075996,
    0.017964659933258277,
    0.01890591807333499,
    0.020000000000000004,
    0.01994774437348802,
    0.01985405504689034,
    0.019704490810476906,
    0.019477770286535905,
    0.01914121306217103,
    0.01864197546064647,
    0.017888732975382425,
    0.01670896321946492,
    0.011231089252892157,
    0.00849096907085926,
    0.002,
    0.002
  ],
  "u_tr_cap_t": [
    0.013098716735839844,
    0.013060569763183594,
    0.013003349304199219,
    0.01293182373046875,
    0.012831687927246094,
    0.01270294189453125,
    0.013370513916015625,
    0.014142990112304688,
    0.014104843139648438,
    0.0140380859375,
    0.013933181762695312,
    0.01377105712890625,
    0.013532638549804688,
    0.013179779052734375,
    0.012645721435546875,
    0.011816024780273438,
    0.0067615509033203125,
    0.005092620849609375,
    0.0,
    0.0
  ],
  "U_safe_ref_t": [
    0.01801578010981913,
    0.017910181474376098,
    0.01776234038795029,
    0.017563781653059583,
    0.017304076148107226,
    0.016970286386371984,
    0.018740767819124704,
    0.01608286614143855,
    0.020044165695656303,
    0.019939532804349222,
    0.01977249842529691,
    0.019519295367914823,
    0.019143425919874054,
    0.018235649118094267,
    0.016831206557256728,
    0.014741829890242301,
    0.012208526630910195,
    0.009240549030679,
    0.0004508519230449306,
    0.0004508519230449306
  ],
  "u_ref_used_t": [
    0.013098716735839844,
    0.013060569763183594,
    0.013003349304199219,
    0.01293182373046875,
    0.012831687927246094,
    0.01270294189453125,
    0.013370513916015625,
    0.014142990112304688,
    0.014104843139648438,
    0.0140380859375,
    0.013933181762695312,
    0.01377105712890625,
    0.013532638549804688,
    0.013179779052734375,
    0.012645721435546875,
    0.011816024780273438,
    0.0067615509033203125,
    0.005092620849609375,
    0.0,
    0.0
  ],
  "theta_used_t": [
    0.036403591303171584,
    0.03642090201141164,
    0.03643525351354641,
    0.036470891818396835,
    0.036501490213689806,
    0.036544929119089846,
    0.03632384590428786,
    0.03608703634011236,
    0.036094486666960426,
    0.036112163795174936,
    0.036145092973927054,
    0.03618792963714577,
    0.036259633770924095,
    0.03637355395349776,
    0.03655416170530744,
    0.036895365364977596,
    0.02437561084812308,
    0.025859367777171887,
    0.0,
    0.0
  ],
  "beta_used_t": [
    0.059630980670505,
    0.06215134902486421,
    0.06495527374850198,
    0.06813786075413944,
    0.07171652533707959,
    0.07580712623972205,
    0.08000699700703784,
    0.08446843307589082,
    0.09076565538480463,
    0.0983043678200724,
    0.1074924700323639,
    0.11889604688512019,
    0.13347551442445335,
    0.15269161900632872,
    0.17913960201374476,
    0.21810173205767786,
    0.1827209653739082,
    0.26803267629523025,
    0.0,
    0.0
  ],
  "trust_clip_active_t": [
    true,
    true,
    true,
    true,
    true,
    true,
    true,
    true,
    true,
    true,
    true,
    true,
    true,
    true,
    true,
    true,
    true,
    true,
    true,
    true
  ],
  "safe_clip_active_t": [
    false,
    false,
    false,
    false,
    false,
    false,
    false,
    false,
    false,
    false,
    false,
    false,
    false,
    false,
    false,
    false,
    false,
    false,
    false,
    false
  ],
  "source_phase": "phase4C_scheduler_state_bin_hazard_proximity",
  "notes": "Phase IV-C scheduler ablation: state_bin_hazard_proximity",
  "provenance": {
    "git_sha": "01a22b9945b1a74a643b82b1f38fefc5e36ee5f8",
    "calibration_code_version": "v3.0",
    "input_hashes": {
      "margins": "5977ae147dbd30a9",
      "p_align": "9d64868be6ade0c3",
      "n_by_stage": "35d6f04339c16583"
    }
  }
}