{
  "total_s": 4.574125291997916,
  "step_s": 0.0,
  "fit_s": 0.0,
  "eval_s": 0.6815117540027131,
  "plot_s": 0.0,
  "other_s": 0.0,
  "train_s": 3.7953413340001134,
  "eval_final_s": 0.6412837499956368,
  "post_s": 0.12537349999911385,
  "steps_per_s": null,
  "updates_per_s": null
}
