{
  "schema_version": "1.0.0",
  "created_at": "2026-04-19T05:39:08Z",
  "phase": "phase2",
  "task": "chain_regime_shift",
  "algorithm": "ExpectedSARSA",
  "seed": 11,
  "train_steps": 180000,
  "n_transitions": 180000,
  "steps_to_threshold": null,
  "auc_disc_return": 14.404691743947035,
  "final_disc_return_mean": 18.675079482432135,
  "final_10pct_success_rate": 0.0,
  "adaptation_metrics": {
    "change_at_episode": 300,
    "pre_change_auc": 0.0,
    "post_change_auc": 16.03439270913423,
    "lag_to_50pct_recovery": 14,
    "lag_to_75pct_recovery": 93,
    "lag_to_90pct_recovery": 2454,
    "post_change_optimum": 20.269661429799502
  },
  "shortcut_risky_path_fraction": 0.0,
  "episode_returns": [
    17.675877789335587,
    19.16227320194319,
    18.49687573415834,
    19.514293888951123,
    19.0737178636122,
    16.37055604939575,
    17.618663016782737,
    18.9597156908078,
    20.261249545441952,
    17.114040439673033,
    18.40154308834011,
    19.276970551037458,
    17.67256406293964,
    18.575121029679476,
    17.287468638796174,
    19.443691779045963,
    18.337924277366017,
    19.306659024039515,
    19.431794980291755,
    17.03733484403511,
    19.453685481098237,
    18.633594343572874,
    20.911215931294755,
    19.982957694904215,
    18.457190978773585,
    18.865114311599687,
    19.24711916097762,
    20.10260915033361,
    18.580264232199394,
    18.446344504722312,
    17.15194982307917,
    19.43598108430755,
    16.790156929068317,
    20.257482811030727,
    18.846817989787333,
    20.024529183760396,
    18.512735601972295,
    17.616296444669384,
    18.683282084453257,
    18.04381831156065,
    18.7046110513449,
    19.559772821652714,
    19.30124168405755,
    18.181531443659726,
    17.766441463607862,
    18.482721512552537,
    18.68739889964823,
    19.54092126933763,
    20.140541486607596,
    20.070535828982617,
    19.384547926950795,
    20.2742861466971,
    18.578809294611332,
    18.03260009961307,
    17.04541686018386,
    19.679950567820498,
    19.566419303368857,
    18.53396714869718,
    17.865024984608883,
    17.496261745079988,
    19.449984313965974,
    18.50583476285625,
    18.84035574566326,
    19.450274257789076,
    14.98750233157636,
    18.63906351175372,
    18.68849641122881,
    18.70416517377754,
    17.856110735477987,
    19.526872678953396,
    17.66832905876126,
    16.54301354141199,
    20.2443689643372,
    18.511335220987498,
    18.781793672191593,
    18.20016761345137,
    19.518781719357904,
    18.969864963411418,
    19.30474464949954,
    18.133788072349933,
    17.67399241333653,
    18.50255302015203,
    19.570537566465685,
    17.01865613763708,
    20.335219426237323,
    19.30355721850445,
    18.532129868928248,
    19.386460960968716,
    17.677400306628293,
    19.607567575448037,
    18.73977213247849,
    19.120954287948113,
    18.566454442398772,
    17.30814785788747,
    18.633111589531826,
    18.580067612395638,
    18.927451669012306,
    18.569735251026096,
    18.341613179057937,
    19.425621421938885,
    18.532910454308933,
    18.59616077248944,
    17.338360942994786,
    17.014836200323458,
    18.78228777614971,
    17.010310014780416,
    18.61785406407588,
    17.975554678233465,
    19.500014403131352,
    18.94994820919364,
    18.053032692450486,
    20.329046524827902,
    17.600017135828192,
    17.810552568063123,
    17.19206520429407,
    17.597959000389313,
    18.008812707498958,
    15.309069019149431,
    17.26906606799943,
    17.81507637067494,
    20.22002882342619,
    19.417247818285876,
    19.404734243645585,
    18.906770375172268,
    18.60328682792184,
    20.26585702015414,
    18.617398818358062,
    18.904829961110796,
    18.22067169090911,
    18.72808431693772,
    18.52247241373052,
    19.451034351278793,
    17.10160575223067,
    19.365179629273893,
    17.85544435802303,
    18.616710733162293,
    17.350718378042096,
    18.539563793819696,
    19.32429536898307,
    19.40657730229304,
    20.91632826384295,
    18.59749454159647,
    19.471293652556483,
    19.42722463875579,
    19.36971225573954,
    18.52539494446567,
    19.9540369333102,
    20.047766587638414,
    19.611601794740196,
    18.537254260718043,
    16.66309787833493,
    16.994035791155838,
    16.596726465015763,
    17.100773994442854,
    19.270707979468334,
    19.639937827188017,
    19.532212855577278,
    18.686698550006767,
    18.35610096081267,
    19.335584190836265,
    17.80834909475144,
    18.67114437557313,
    18.657801241092827,
    19.604300555640418,
    18.474957243307394,
    18.849382431882013,
    18.312258303574204,
    20.224928334470015,
    18.547602740977805,
    17.66119326050993,
    19.31523166389234,
    18.502716112293268,
    18.65598075047168,
    18.13314079225424,
    20.837480289592854,
    17.80718639287012,
    18.660944044609668,
    19.970286734670605,
    16.901119966994056,
    16.79423818669141,
    15.9548286222046,
    17.170206968320503,
    20.119835831303643,
    20.07385699111864,
    17.473742693999665,
    20.042293727936308,
    19.465765105191196,
    18.57619893767356,
    18.470965225203145,
    19.375145218113076,
    20.21362684543648,
    18.97069552373079,
    19.002660684904214,
    17.318291980216628,
    17.988209767917724,
    18.188252775810273,
    17.872673477767016,
    20.267059246742058,
    17.24543474505782,
    18.736170062852057
  ],