{
  "total_s": 9.467772000003606,
  "step_s": 0.0,
  "fit_s": 0.0,
  "eval_s": 0.3614082069834694,
  "plot_s": 0.0,
  "other_s": 0.0,
  "train_s": 8.973215042002266,
  "eval_final_s": 0.17850162499235012,
  "post_s": 0.31214212501072325,
  "steps_per_s": null,
  "updates_per_s": null
}
