{
  "suite": "paper_suite",
  "task": "chain_sparse_long",
  "algorithm": "VI",
  "n_seeds": 5,
  "seeds": [
    11,
    29,
    47,
    67,
    83
  ],
  "scalar_metrics": {
    "final_bellman_residual": {
      "mean": 31.778998462373416,
      "std": 3.972054645195637e-15,
      "median": 31.778998462373412,
      "q25": 31.778998462373412,
      "q75": 31.778998462373412,
      "iqr": 0.0,
      "ci_low": 31.778998462373416,
      "ci_high": 31.778998462373416
    },
    "n_sweeps": {
      "mean": 1.0,
      "std": 0.0,
      "median": 1.0,
      "q25": 1.0,
      "q75": 1.0,
      "iqr": 0.0,
      "ci_low": 1.0,
      "ci_high": 1.0
    },
    "wall_clock_s": {
      "mean": 0.0005949083977611735,
      "std": 5.370255377596438e-06,
      "median": 0.0005947499957983382,
      "q25": 0.0005902499979129061,
      "q75": 0.0005999159984639846,
      "iqr": 9.666000551078469e-06,
      "ci_low": 0.0005906335994950495,
      "ci_high": 0.0005991831960272976
    }
  },
  "tail_risk": null,
  "adaptation": null,
  "event_rates": null,
  "curves": {
    "steps": [
      0
    ],
    "bellman_residual": [
      31.778998462373416
    ],
    "supnorm_to_exact": [
      0.0
    ],
    "mean_return": [
      -31.778998462373416
    ],
    "episode_returns": [
      -31.778998462373416
    ]
  },
  "checkpoints": [
    0
  ],
  "episode_returns": {},
  "change_at_episode": null,
  "visitation_counts": null
}
