{
  "total_s": 10.377010916010477,
  "step_s": 0.0,
  "fit_s": 0.0,
  "eval_s": 1.372869625891326,
  "plot_s": 0.0,
  "other_s": 0.0,
  "train_s": 9.345503541000653,
  "eval_final_s": 0.520499958016444,
  "post_s": 0.503085333009949,
  "steps_per_s": null,
  "updates_per_s": null
}
