{
  "schema_version": "1.0.0",
  "created_at": "2026-04-19T04:07:46Z",
  "phase": "phase3",
  "task": "chain_regime_shift",
  "algorithm": "SafeQLearning",
  "seed": 47,
  "train_steps": 180000,
  "n_transitions": 180000,
  "steps_to_threshold": null,
  "auc_disc_return": 14.025284643687653,
  "final_disc_return_mean": 18.52922156513137,
  "final_10pct_success_rate": 0.0,
  "adaptation_metrics": {
    "change_at_episode": 300,
    "pre_change_auc": 0.00377873629508264,
    "post_change_auc": 15.551901959561896,
    "lag_to_50pct_recovery": 23,
    "lag_to_75pct_recovery": 472,
    "lag_to_90pct_recovery": null,
    "post_change_optimum": 21.6379712632038
  },
  "shortcut_risky_path_fraction": 0.0,
  "episode_returns": [
    19.490064549633722,
    18.440181672263197,
    16.522206860225953,
    17.341619734500902,
    20.37775139530253,
    17.710981429354575,
    17.442376465949142,
    19.548730320288875,
    17.626111647373072,
    19.415250163819262,
    18.56379990774075,
    19.419168786993268,
    17.151287795622405,
    16.871531511032305,
    18.115177771700786,
    15.693981393733493,
    19.678301058844937,
    17.421357062460253,
    19.019576162638923,
    19.32961471976796,
    19.362071083591722,
    18.061640641377316,
    17.263644345761538,
    17.468855145579678,
    18.75655840095486,
    19.317260320451826,
    17.52213468770888,
    18.8095833877459,
    18.013647300773382,
    16.905953065297602,
    17.969901931885246,
    18.545452105623433,
    19.5281733247923,
    18.73703681710606,
    18.99113907441015,
    17.9333876606634,
    20.147620659355134,
    17.766459956484244,
    17.006327248175065,
    17.9424886906944,
    16.796030110395332,
    17.04909561330974,
    16.281525768116115,
    18.841925809049474,
    19.704101561223187,
    18.81093608619154,
    18.912154796779895,
    18.681818897129958,
    17.715306657350233,
    16.4086511801254,
    18.56441462202104,
    17.09349839628376,
    18.025137149160066,
    20.074883415274112,
    19.26735787209281,
    19.310313597699466,
    18.91450924141316,
    18.60507587720777,
    18.713890949788603,
    18.709980409456115,
    19.387291427388952,
    17.842065708386222,
    15.993644649561729,
    17.607419302995776,
    18.705680588586095,
    16.794040475641502,
    15.719940347358133,
    17.923853484498554,
    16.564486389944946,
    20.444682765271303,
    16.51792042378037,
    18.860300686204923,
    19.334676142105483,
    18.49700233590346,
    19.68612603783283,
    16.8750555240413,
    19.190623582281294,
    19.592564359759272,
    18.75378201663148,
    17.806798494580807,
    20.37598786599183,
    19.613922946529755,
    20.007607923575264,
    19.683902956151385,
    18.003505578821468,
    20.142183659827992,
    16.707327890730106,
    17.784668148796893,
    18.14721983710789,
    18.55656803909061,
    19.978412456859818,
    18.81309995226252,
    20.393433060156532,
    19.459651075329543,
    18.118235488057767,
    15.664549119940785,
    17.915797193657767,
    16.216221786419773,
    17.20681802214437,
    18.898837931290945,
    18.531588103783893,
    20.242797410322876,
    18.744964257237026,
    16.909794641658955,
    18.54435312053308,
    20.126544669416745,
    17.024647656816114,
    16.94950737711616,
    16.87537174241013,
    20.021943726921915,
    18.178106958031293,
    17.986638147339157,
    20.945102963920526,
    19.490322009220215,
    18.565830620474838,
    17.277818267532684,
    19.316675931370646,
    19.347459721530853,
    18.075830153318336,
    18.065538830230103,
    16.138275639375877,
    17.296576413479052,
    19.707956040730323,
    19.045027294821168,
    18.016974373798757,
    18.420593881922056,
    19.59465499630157,
    19.47696962382554,
    20.364893320943775,
    16.68752207744204,
    19.44773932302241,
    18.705380564227806,
    18.292727389003677,
    20.07325166127312,
    17.005691665402107,
    20.468531494604022,
    16.72459197773253,
    20.13302800658238,
    17.97663351099328,
    17.28422725685618,
    19.629823483033366,
    17.207243295276903,
    19.484086755271306,
    18.091067606889496,
    19.59077278999765,
    19.762715162489112,
    20.10499077604141,
    19.209487980263077,
    17.859977837921292,
    17.042167127747117,
    16.15322606608775,
    19.34446497424769,
    19.2483510760737,
    16.159436950656858,
    19.77418065831305,
    18.615758674742253,
    18.31400620477652,
    17.78096290144505,
    19.042731600936577,
    18.47661151266448,
    19.715503981371675,
    19.37669165502695,
    17.130921309146107,
    19.688344284151157,
    19.35628890486734,
    16.978609193803635,
    17.250634191771002,
    20.39440867333605,
    18.66363644373856,
    18.704366375970594,
    16.245311053576355,
    15.759452129971212,
    18.046862207436146,
    17.102693344885765,
    17.204827956997267,
    20.392658028625547,
    20.11848220887884,
    17.32089939309245,
    16.21805714167107,
    19.202275780624355,
    18.201659309134595,
    19.473231671668785,
    17.796231228187022,
    18.972673793638776,
    18.97260858668593,
    18.763066453116114,
    18.591114229228538,
    18.0488357499154,
    20.342971252522926,
    16.69217978138375,
    21.07389518663712,
    19.444673570073014,
    19.29127658674431,
    18.33654665020468,
    19.165948659416745,
    20.020338414737346,
    16.540494597606543,
    17.24100884163876,
    17.675480594803123,
    19.70824703809783
  ],