{
  "total_s": 5.8373014999961015,
  "step_s": 0.0,
  "fit_s": 0.0,
  "eval_s": 0.6729127930302639,
  "plot_s": 0.0,
  "other_s": 0.0,
  "train_s": 5.18458400000236,
  "eval_final_s": 0.25614787501399405,
  "post_s": 0.39188616699539125,
  "steps_per_s": null,
  "updates_per_s": null
}
