{
  "total_s": 5.607587083010003,
  "step_s": 0.0,
  "fit_s": 0.0,
  "eval_s": 0.6417910868767649,
  "plot_s": 0.0,
  "other_s": 0.0,
  "train_s": 5.007336541020777,
  "eval_final_s": 0.24605029201484285,
  "post_s": 0.3495920420100447,
  "steps_per_s": null,
  "updates_per_s": null
}
