{
  "total_s": 4.165596500009997,
  "step_s": 0.0,
  "fit_s": 0.0,
  "eval_s": 0.6241246680438053,
  "plot_s": 0.0,
  "other_s": 0.0,
  "train_s": 3.4554205410240684,
  "eval_final_s": 0.5850852910079993,
  "post_s": 0.11383591699996032,
  "steps_per_s": null,
  "updates_per_s": null
}
