{
  "total_s": 7.037901667004917,
  "step_s": 0.0,
  "fit_s": 0.0,
  "eval_s": 0.665533207997214,
  "plot_s": 0.0,
  "other_s": 0.0,
  "train_s": 6.404188250016887,
  "eval_final_s": 0.23123766598291695,
  "post_s": 0.39770954198320396,
  "steps_per_s": null,
  "updates_per_s": null
}
