{
  "total_s": 8.06647270800022,
  "step_s": 0.0,
  "fit_s": 0.0,
  "eval_s": 1.0081504219997441,
  "plot_s": 0.0,
  "other_s": 0.0,
  "train_s": 7.49839391700516,
  "eval_final_s": 0.15752270800294355,
  "post_s": 0.4077819579979405,
  "steps_per_s": null,
  "updates_per_s": null
}
