{
  "total_s": 8.098156541993376,
  "step_s": 0.0,
  "fit_s": 0.0,
  "eval_s": 0.9942608310957439,
  "plot_s": 0.0,
  "other_s": 0.0,
  "train_s": 7.53514137500315,
  "eval_final_s": 0.15592616601497866,
  "post_s": 0.40439204199356027,
  "steps_per_s": null,
  "updates_per_s": null
}
