{
  "schema_version": "1.0.0",
  "created_at": "2026-04-19T04:28:33Z",
  "phase": "phase3",
  "task": "chain_catastrophe",
  "algorithm": "SafeExpectedSARSA",
  "seed": 29,
  "train_steps": 120000,
  "n_transitions": 120000,
  "steps_to_threshold": null,
  "auc_disc_return": 1.8892118279694405,
  "final_disc_return_mean": 0.49226032250678003,
  "final_10pct_success_rate": 0.0,
  "tail_risk_metrics": {
    "return_q05": 0.0,
    "return_q25": 0.0,
    "return_q50": 0.0,
    "return_q75": 1.133620888524792,
    "return_q95": 1.7090337551431323,
    "cvar_5pct": -0.48163347437374576,
    "cvar_10pct": -0.24081673718687288,
    "top5pct_mean": 1.7090337551431325,
    "top10pct_mean": 1.7090337551431325,
    "event_rate": 0.004,
    "event_conditioned_return": -6.020418429671822
  },
  "shortcut_risky_path_fraction": 0.096,
  "episode_returns": [
    1.133620888524792,
    1.1278673410250228,
    1.7090337551431323,
    0.0,
    1.7090337551431323,
    0.0,
    1.1222846796395443,
    1.133620888524792,
    1.7090337551431323,
    1.133620888524792,
    0.0,
    1.1338498912804946,
    0.0,
    0.5526834771623851,
    0.0,
    1.7090337551431323,
    0.0,
    0.0,
    0.0,
    0.0,
    1.7090337551431323,
    0.0,
    0.0,
    0.0,
    1.7090337551431323,
    0.0,
    0.0,
    1.133620888524792,
    1.703451093757654,
    0.0,
    0.0,
    0.0,
    0.0,
    1.133620888524792,
    0.0,
    0.0,
    1.133620888524792,
    1.133620888524792,
    0.0,
    0.0,
    1.133620888524792,
    0.0,
    0.0,
    0.0,
    1.133620888524792,
    0.0,
    0.0,
    0.0,
    1.7090337551431323,
    1.133620888524792,
    1.1278673410250228,
    1.7090337551431323,
    1.7090337551431323,
    0.0,
    1.133620888524792,
    0.0,
    0.0,
    0.0,
    0.0,
    1.1278673410250228,
    0.0,
    0.0,
    1.133620888524792,
    0.0,
    0.0,
    1.133620888524792,
    1.1222846796395443,
    0.0,
    0.0,
    0.0,
    0.0,
    0.0,
    0.0,
    0.0,
    1.133620888524792,
    0.0,
    1.7090337551431323,
    1.703451093757654,
    0.5526834771623851,
    0.0,
    0.0,
    1.7090337551431323,
    1.1280382271393137,
    1.7090337551431323,
    0.0,
    0.0,
    1.1278673410250228,
    0.5526834771623851,
    1.133620888524792,
    1.133620888524792,
    0.0,
    0.0,
    1.133620888524792,
    0.5582661385478637,
    1.7090337551431323,
    1.133620888524792,
    1.1222846796395443,
    1.7090337551431323,
    0.0,
    1.7090337551431323,
    0.0,
    0.0,
    0.0,
    1.703451093757654,
    0.0,
    0.0,
    1.133620888524792,
    0.0,
    1.7090337551431323,
    0.0,
    0.0,
    1.133620888524792,
    1.7090337551431323,
    0.0,
    0.0,
    1.7090337551431323,
    0.0,
    0.0,
    1.703451093757654,
    1.7090337551431323,
    0.0,
    0.0,
    0.0,
    0.0,
    0.0,
    1.7090337551431323,
    1.133620888524792,
    1.1278673410250228,
    0.0,
    1.1278673410250228,
    0.0,
    1.7090337551431323,
    0.0,
    0.0,
    0.0,
    1.703451093757654,
    0.0,
    0.0,
    0.0,
    1.1394325526659732,
    0.0,
    1.7090337551431323,
    0.0,
    1.133620888524792,
    1.133620888524792,
    0.0,
    0.0,
    0.0,
    0.0,
    1.133620888524792,
    1.7090337551431323,
    0.0,
    0.5582661385478637,
    0.0,
    1.1278673410250228,
    1.7090337551431323,
    0.0,
    0.0,
    1.1280382271393137,
    0.0,
    0.0,
    0.0,
    1.7090337551431323,
    0.0,
    0.0,
    1.1338498912804946,
    1.133620888524792,
    1.133620888524792,
    1.7090337551431323,
    0.0,
    0.0,
    1.1278673410250228,
    0.0,
    0.0,
    1.7090337551431323,
    0.0,
    1.1278673410250228,
    0.0,
    0.0,
    0.5526834771623851,
    0.0,
    0.0,
    0.0,
    1.7090337551431323,
    0.0,
    1.1278673410250228,
    0.0,
    0.0,
    1.133620888524792,
    0.0,
    1.133620888524792,
    0.0,
    0.0,
    0.0,
    0.0,
    -6.11117239532865,
    0.0,
    0.0,
    0.0,
    0.0,
    0.0,
    0.0,
    1.133620888524792,
    0.0,
    1.133620888524792,
    0.0,
    1.7090337551431323,
    0.0,
    1.133620888524792,
    0.0,
    1.133620888524792,
    1.7090337551431323,
    1.1278673410250228,
    1.133620888524792,
    0.0,
    0.0,
    0.0,
    1.7090337551431323,
    0.0,
    1.133620888524792,
    1.7090337551431323,
    0.0,
    0.5526834771623851,
    0.0,
    1.7090337551431323,
    1.133620888524792,
    0.0,
    1.1507676165952687,
    1.133620888524792,
    0.0,
    1.133620888524792,
    0.5753547499769285,
    1.7090337551431323,
    0.0,
    0.5526834771623851,
    0.0,
    0.5526834771623851,
    1.7090337551431323,
    1.1394325526659732,
    0.0,
    0.0,
    0.0,
    1.7090337551431323,
    0.5526834771623851,
    0.0,
    0.0,
    1.1278673410250228,
    0.0,
    1.7090337551431323,
    1.1280382271393137,
    0.0,
    1.1278673410250228,
    1.133620888524792,
    0.0,
    1.1278673410250228,
    0.0,
    1.1394325526659732,
    1.7090337551431323,
    1.133620888524792,
    0.0,
    1.1278673410250228,
    0.0,
    0.0,
    0.5753547499769285,
    0.0,
    0.0,
    0.0,
    0.0,
    0.0,
    0.0,
    1.1278673410250228,
    1.133620888524792,
    0.0,
    0.0,
    0.0,
    0.0,
    0.0,
    0.5526834771623851,
    0.0,
    1.7090337551431323,
    0.0,
    0.0,
    1.1280382271393137,
    1.1278673410250228,
    0.0,
    0.5526834771623851,
    0.0,
    0.0,
    0.0,
    1.133620888524792,
    0.0,
    0.0,
    0.0,
    1.1280382271393137,
    0.0,
    1.133620888524792,
    0.0,
    1.133620888524792,
    0.0,
    1.1278673410250228,
    0.0,
    1.1278673410250228,
    0.0,
    0.0,
    0.0,
    1.133620888524792,
    0.0,
    0.0,
    1.7090337551431323,
    1.7090337551431323,
    0.0,
    1.133620888524792,
    1.7090337551431323,
    1.7090337551431323,
    1.1222846796395443,
    1.133620888524792,
    0.0,
    0.0,
    0.0,
    0.0,
    1.7090337551431323,
    0.0,
    0.0,
    0.0,
    0.0,
    1.1280382271393137,
    0.0,
    1.133620888524792,
    0.0,
    0.0,
    0.0,
    1.133620888524792,
    0.0,
    1.7090337551431323,
    0.0,
    0.0,
    0.0,
    0.0,
    0.0,
    0.0,
    1.133620888524792,
    0.0,
    0.0,
    0.0,
    0.0,
    1.133620888524792,
    1.133620888524792,
    0.0,
    0.0,
    0.0,
    0.0,
    0.0,
    0.0,
    0.0,
    0.0,
    1.7090337551431323,
    1.1278673410250228,
    1.133620888524792,
    -5.929664464014994,
    0.0,
    0.0,
    0.0,
    1.7090337551431323,
    0.5582661385478637,
    0.0,
    0.5696012024771592,
    1.703451093757654,
    0.0,
    0.0,
    0.5526834771623851,
    0.0,
    1.133620888524792,
    0.0,
    0.0,
    1.1278673410250228,
    0.0,
    0.0,
    0.0,
    0.0,
    0.0,
    0.0,
    0.0,
    0.0,
    1.133620888524792,
    1.7090337551431323,
    0.0,
    1.7090337551431323,
    0.5753547499769285,
    0.0,
    0.0,
    1.1278673410250228,
    1.1278673410250228,
    1.7090337551431323,
    1.7090337551431323,
    0.0,
    1.133620888524792,
    1.133620888524792,
    1.7090337551431323,
    0.0,
    1.7090337551431323,
    1.7090337551431323,
    0.0,
    1.7090337551431323,
    0.0,
    0.0,
    1.1222846796395443,
    0.0,
    1.133620888524792,
    0.0,
    0.0,
    1.7090337551431323,
    0.0,
    1.703451093757654,
    0.5526834771623851,
    0.0,
    0.5526834771623851,
    0.0,
    1.133620888524792,
    1.1280382271393137,
    0.0,
    1.133620888524792,
    0.0,
    1.133620888524792,
    0.5582661385478637,
    0.0,
    1.1278673410250228,
    1.7090337551431323,
    0.5582661385478637,
    0.0,
    0.0,
    0.0,
    0.5582661385478637,
    0.0,
    0.0,
    1.1280382271393137,
    1.7090337551431323,
    0.5582661385478637,
    0.0,
    0.0,
    0.0,
    1.1278673410250228,
    0.0,
    1.703451093757654,
    0.0,
    1.133620888524792,
    1.7090337551431323,
    1.1278673410250228,
    0.0,
    0.5753547499769285,
    0.0,
    0.0,
    1.7090337551431323,
    1.7090337551431323,
    0.0,
    0.0,
    1.1280382271393137,
    0.0,
    0.0,
    0.0,
    1.7090337551431323,
