{
  "total_s": 5.510183749982389,
  "step_s": 0.0,
  "fit_s": 0.0,
  "eval_s": 0.6471644148696214,
  "plot_s": 0.0,
  "other_s": 0.0,
  "train_s": 4.706655249989126,
  "eval_final_s": 0.556386541982647,
  "post_s": 0.23548108400427736,
  "steps_per_s": null,
  "updates_per_s": null
}
