{
  "total_s": 5.645803833991522,
  "step_s": 0.0,
  "fit_s": 0.0,
  "eval_s": 0.9776790049800184,
  "plot_s": 0.0,
  "other_s": 0.0,
  "train_s": 5.31323749999865,
  "eval_final_s": 0.13222874997882172,
  "post_s": 0.19771720899734646,
  "steps_per_s": null,
  "updates_per_s": null
}
