{
  "total_s": 4.089325708016986,
  "step_s": 0.0,
  "fit_s": 0.0,
  "eval_s": 0.620610585086979,
  "plot_s": 0.0,
  "other_s": 0.0,
  "train_s": 3.4548637499974575,
  "eval_final_s": 0.5100782920198981,
  "post_s": 0.11322779202600941,
  "steps_per_s": null,
  "updates_per_s": null
}
