{
  "schema_version": "1.0.0",
  "created_at": "2026-04-19T05:39:14Z",
  "phase": "phase2",
  "task": "chain_regime_shift",
  "algorithm": "ExpectedSARSA",
  "seed": 11,
  "train_steps": 180000,
  "n_transitions": 180000,
  "steps_to_threshold": null,
  "auc_disc_return": 14.85099247950586,
  "final_disc_return_mean": 19.95771627623349,
  "final_10pct_success_rate": 0.0,
  "adaptation_metrics": {
    "change_at_episode": 300,
    "pre_change_auc": 0.0,
    "post_change_auc": 15.82372727259937,
    "lag_to_50pct_recovery": 22,
    "lag_to_75pct_recovery": 1108,
    "lag_to_90pct_recovery": null,
    "post_change_optimum": 21.917085709558744
  },
  "shortcut_risky_path_fraction": 0.0,
  "episode_returns": [
    17.858454092209982,
    20.254851064439737,
    20.090441577665313,
    18.47350715425349,
    20.183787992270876,
    19.742410466481427,
    21.174426235804514,
    19.69786189664043,
    19.526414658694954,
    20.40720967108026,
    21.10467330273504,
    19.44120813324046,
    19.74823203287565,
    20.5902811343776,
    19.60397180307838,
    20.7621409682736,
    18.841498117509612,
    20.412255235463174,
    19.512445272621072,
    19.560660517440965,
    19.56935132424785,
    19.82930137225864,
    20.51428993701775,
    21.84335523477075,
    20.466527241305194,
    20.514515708359944,
    20.47599689049735,
    18.97875130992466,
    21.145842585687532,
    18.908612724546334,
    21.214202542490206,
    18.88268925687521,
    19.52917662700015,
    21.63214536900138,
    20.775967106636546,
    20.8775056729862,
    19.727122068014367,
    20.46602876906705,
    20.211584010183962,
    20.42075223189108,
    17.989510841006705,
    18.96888431872657,
    19.498096533675565,
    18.15183557890837,
    18.929195405157703,
    21.786594736010333,
    21.25596857509936,
    19.922063558952956,
    20.464580002490862,
    19.691656425549567,
    20.565013705566987,
    19.294442408105184,
    18.58480213482439,
    20.944926513651236,
    18.67262386397962,
    19.40021782840268,
    20.982633437496183,
    18.792752372363765,
    21.17414009695358,
    20.39674905549128,
    18.52654296806209,
    19.533524609074277,
    21.041251997422254,
    21.23990019126806,
    21.2508823515067,
    20.33593062943487,
    20.31321890189038,
    18.90435493755567,
    19.68035412885889,
    20.624885161657524,
    21.05698797212029,
    19.634363866932738,
    19.375738508723295,
    20.166574748192183,
    20.241632750511414,
    19.522423390498734,
    20.151917698110406,
    21.200982072755856,
    19.457110573629897,
    20.269411434627457,
    20.478620419739006,
    20.949703676685537,
    21.054639650882628,
    18.477434539192977,
    19.45760166293122,
    19.412687992230744,
    21.161908978223572,
    18.930436538695062,
    19.00785529239044,
    20.818314051771434,
    19.593832762381876,
    20.20829278842419,
    19.698927196988194,
    21.145853229078522,
    19.89972925585417,
    19.149864958496533,
    19.633872842232627,
    20.40327700209974,
    20.378088759912444,
    20.448911855815922,
    17.40582901609351,
    19.685711449791945,
    20.39162928286701,
    21.062832119966703,
    20.975659460846042,
    21.13155533629073,
    21.1202926028437,
    19.836223424140325,
    20.35652018914499,
    19.387240982026245,
    18.291649904856328,
    21.840953968113308,
    19.36378103229658,
    19.80624797702918,
    18.556676662308874,
    21.831552820174196,
    19.37718842709831,
    21.156730135657224,
    20.33643624525636,
    19.230397570113617,
    18.25694489113295,
    20.963064297053744,
    20.500338645312215,
    21.94010571157419,
    20.30872204692858,
    18.722178557506066,
    20.260940927689226,
    18.9492102702144,
    20.4061430220191,
    21.177531976505136,
    20.882371051017437,
    20.40915863699941,
    20.813019585252455,
    20.15183322437293,
    18.724385068740233,
    20.189459338970742,
    18.76169509051597,
    18.878101537004554,
    19.72565710889443,
    20.314345269472238,
    21.13526556294172,
    19.78452052836709,
    19.510172130696205,
    19.294541738023817,
    20.333015699818098,
    18.607681838230345,
    18.544350569154616,
    18.782858313124702,
    19.64550765103699,
    21.178158892630737,
    20.14978333626944,
    19.273240149569844,
    20.315482732537657,
    21.89994375172074,
    18.535342835915724,
    21.21262762268356,
    21.05198938434215,
    21.013474534555808,
    21.63214536900138,
    20.31758312956082,
    20.215576795329053,
    20.470983062831174,
    19.7912840440853,
    20.386626634669106,
    20.186996024517722,
    19.70281916156406,
    18.585552474610125,
    20.81019733299216,
    20.47310165922667,
    19.4393271601474,
    18.779053360122386,
    20.935554263944194,
    19.78789758697704,
    21.326405332449365,
    20.185967754995925,
    19.732858047036146,
    21.083110095975698,
    19.56202817232645,
    21.079679526026876,
    17.784147350844663,
    19.696192899725176,
    18.554204021775604,
    18.726674672287643,
    17.937404282483683,
    19.92583943937161,
    19.618604735587798,
    21.827327086921194,
    21.241050057830684,
    20.477092867719694,
    19.771929109439085,
    20.31513052770584,
    19.672197482800613,
    21.087857734254868,
    20.256568323491024,
    19.285745495211103,
    20.258689835437373,
    21.773211411033973,
    18.840001935324754,
    19.986437071623477,
    19.499212038629814
  ],