{
  "schema_version": "1.0.0",
  "phase": "phase4C",
  "task": "dense_chain_cost_0",
  "algorithm": "safe_target_q",
  "seed": 42,
  "train_steps": 20000,
  "n_transitions": 20000,
  "mean_return": -0.25660563103658307,
  "final_disc_return_mean": -0.25660563103658296,
  "mean_q_target_gap": 4.568097695818442e-05,
  "std_q_target_gap": 0.00031605151477955365,
  "p5_q_target_gap": 0.0,
  "p95_q_target_gap": 0.0,
  "mean_beta_used": 0.08500354200582821,
  "std_beta_used": 0.05862147356959599,
  "p5_beta_used": 0.0,
  "p95_beta_used": 0.18159849408806886,
  "mean_rho": 0.5124451464184553,
  "std_rho": 0.00030368325644393023,
  "p5_rho": 0.5119283252323484,
  "p95_rho": 0.5128205128205129,
  "mean_effective_discount": 0.9507319644840125,
  "std_effective_discount": 0.0005921823500656733,
  "p5_effective_discount": 0.9499999999999998,
  "p95_effective_discount": 0.9517397657969205,
  "stage_mean_q_target_gap": [
    3.763292465543622e-05,
    4.454979697426337e-05,
    4.320650571562517e-05,
    6.063499765880123e-05,
    6.826049661162431e-05,
    6.437564659535452e-05,
    7.598380907957007e-05,
    6.580155661821635e-05,
    5.364982639698317e-05,
    3.573516758394775e-05,
    4.9288197770751456e-05,
    3.270638274478996e-05,
    2.0891012100751242e-05,
    5.489016530598046e-05,
    3.367852073957503e-05,
    4.857499445348215e-05,
    3.878392996952264e-05,
    3.284230293665768e-05,
    5.213330525235579e-05,
    0.0
  ],
  "stage_std_q_target_gap": [
    0.0004439453843439233,
    0.0003107656737800377,
    0.0002839896272621371,
    0.0003356621453194611,
    0.00035581848564558385,
    0.00037230810608905807,
    0.00043321373466876376,
    0.0003941333461457094,
    0.00030879353955007576,
    0.00024928280024750387,
    0.0003320375010311776,
    0.00025518223125303155,
    0.00018283067991492664,
    0.0003410027538670989,
    0.0002380609317472602,
    0.00031850746264633627,
    0.0002642401287342042,
    0.0002498252984791551,
    0.0003515843806351331,
    0.0
  ],
  "stage_mean_beta_used": [
    0.04553943801746763,
    0.04696926921457963,
    0.04852462525837098,
    0.05021960811097284,
    0.05206963635015882,
    0.06810141652907278,
    0.059577698183470786,
    0.06611369900944807,
    0.0703049241420851,
    0.07518505408996992,
    0.08092892116688964,
    0.08777145004345101,
    0.09603118038633644,
    0.10613813655093676,
    0.15292135883010216,
    0.17554921057238324,
    0.17854692600563307,
    0.23957828765523562,
    0.0,
    0.0
  ],
  "stage_std_beta_used": [
    0.0,
    6.938893903907228e-18,
    2.0816681711721685e-17,
    6.938893903907228e-18,
    0.0,
    1.3877787807814457e-17,
    1.3877787807814457e-17,
    0.0,
    1.3877787807814457e-17,
    1.3877787807814457e-17,
    1.3877787807814457e-17,
    2.7755575615628914e-17,
    1.3877787807814457e-17,
    2.7755575615628914e-17,
    5.551115123125783e-17,
    8.326672684688674e-17,
    5.551115123125783e-17,
    8.326672684688674e-17,
    0.0,
    0.0
  ],
  "stage_mean_rho": [
    0.5126074126489523,
    0.5126161354887326,
    0.5126161386688997,
    0.5126158583396586,
    0.5126088916820726,
    0.5125382320046361,
    0.5125672220488354,
    0.5125354629340299,
    0.5125127474785914,
    0.5124897075638787,
    0.5124616166224107,
    0.5124286357028479,
    0.5123955164190511,
    0.5123467845251843,
    0.5121370265487112,
    0.5120323069196747,
    0.5120116134289209,
    0.51174059370299,
    0.5128205128205128,
    0.5128205128205128
  ],
  "stage_std_rho": [
    5.4892563436303265e-05,
    9.036505452339142e-05,
    0.00010448557702281011,
    0.00011200349053084235,
    0.00011115932761393824,
    0.00013245241078625963,
    0.00010699870960256882,
    0.00011000164289799541,
    0.00011128143171458065,
    0.0001135850882444705,
    0.00012001748190207353,
    0.00012629013004528434,
    0.00013461074112875926,
    0.00014571565195868556,
    0.00020401458233381117,
    0.00023018459600252801,
    0.00022787467623416676,
    0.00030267496851341336,
    1.1102230246251565e-16,
    1.1102230246251565e-16
  ],
  "stage_mean_effective_discount": [
    0.9504155453345429,
    0.950398535796971,
    0.9503985295956455,
    0.9503990762376656,
    0.9504126612199582,
    0.9505504475909597,
    0.950493917004771,
    0.9505558472786415,
    0.9506001424167466,
    0.9506450702504369,
    0.950699847586299,
    0.9507641603794461,
    0.9508287429828506,
    0.9509237701758907,
    0.9513327982300129,
    0.9515370015066337,
    0.9515773538136048,
    0.9521058422791694,
    0.9499999999999996,
    0.9499999999999996
  ],
  "stage_std_effective_discount": [
    0.00010704049870079167,
    0.0001762118563206108,
    0.00020374687519447148,
    0.00021840680653514093,
    0.0002167606888471874,
    0.00025828220103320905,
    0.00020864748372502278,
    0.00021450320365107848,
    0.00021699879184342453,
    0.0002214909220767252,
    0.0002340340897090298,
    0.00024626575358829687,
    0.00026249094520108726,
    0.0002841455213194353,
    0.00039782843555094213,
    0.0004488599622049442,
    0.0004443556186566293,
    0.0005902161886011658,
    2.220446049250313e-16,
    2.220446049250313e-16
  ]
}