{
  "schema_version": "1.0.0",
  "created_at": "2026-04-19T05:44:09Z",
  "phase": "phase2",
  "task": "chain_regime_shift",
  "algorithm": "QLearning",
  "seed": 29,
  "train_steps": 180000,
  "n_transitions": 180000,
  "steps_to_threshold": null,
  "auc_disc_return": 15.048710884721917,
  "final_disc_return_mean": 18.877993298946908,
  "final_10pct_success_rate": 0.0,
  "adaptation_metrics": {
    "change_at_episode": 300,
    "pre_change_auc": 0.0,
    "post_change_auc": 17.39150512467298,
    "lag_to_50pct_recovery": 14,
    "lag_to_75pct_recovery": 49,
    "lag_to_90pct_recovery": null,
    "post_change_optimum": 22.528388142369145
  },
  "shortcut_risky_path_fraction": 0.0,
  "episode_returns": [
    18.81928943789018,
    16.49255617134125,
    17.33844881373168,
    17.833204854688024,
    17.286026348147132,
    19.545020691177616,
    18.970774910981074,
    20.444388361066636,
    16.10157414560628,
    17.7925600315068,
    18.745167325086545,
    18.130672343178933,
    20.560059913219344,
    17.26690446126339,
    16.910796308401594,
    20.223464858291486,
    18.71581797553967,
    19.7240558103864,
    18.9515989805405,
    21.01704332612722,
    18.805212601230945,
    18.576732294238763,
    18.61687137348921,
    20.3154496544607,
    19.183383212545216,
    17.20607028319689,
    19.225901411403424,
    20.408141423263412,
    16.156963481040403,
    19.634986893465584,
    17.992326704105718,
    18.104859790856395,
    19.54921891796661,
    18.177132020028324,
    16.12547682686195,
    18.817670458745322,
    18.92614399720057,
    18.32862604710513,
    19.414083555163916,
    17.844412317743537,
    18.745325342127323,
    18.68579879631635,
    21.202758922458454,
    17.107577052410615,
    18.08261564653576,
    19.34644418871826,
    18.69834293329842,
    18.664963585558606,
    19.458484118855594,
    18.19172463867506,
    18.886434192734065,
    20.248448978025184,
    19.54615009164454,
    17.88678740492834,
    16.728528643882736,
    19.603850165324474,
    20.26917095684729,
    21.074464695547423,
    17.258308328639295,
    19.723759874872158,
    19.500241122936547,
    17.83678840026981,
    21.051729604972707,
    20.8759054031003,
    18.653146743603592,
    19.427949329810296,
    17.168112147272357,
    17.223920197370564,
    20.382341066516865,
    18.830880313373225,
    18.034010572868766,
    19.61927218986782,
    20.472464891914527,
    16.94828168999974,
    18.495552394764356,
    17.96412818490795,
    21.090666723165292,
    19.3470515043309,
    19.640747576167563,
    19.59631765584688,
    19.44252495492475,
    19.31332818417163,
    18.515359303877172,
    19.576776094113555,
    18.72896569496092,
    17.00052074858994,
    20.598399304794537,
    18.424760123498146,
    17.875250747403534,
    18.572546329210642,
    19.872519648855125,
    17.024502031770314,
    21.66832978772786,
    19.647261428572488,
    20.453731323295315,
    20.12717408763388,
    18.083786476835545,
    19.71616944250872,
    18.04930519604328,
    17.985451767063932,
    21.252335080703965,
    17.27330655923523,
    19.06009586153821,
    18.763791632160263,
    20.29928769867586,
    17.10269334724497,
    18.854260059544032,
    18.096299560316382,
    16.07387635627466,
    19.851139325784565,
    19.60707840025667,
    20.767424843904923,
    16.731562900874113,
    18.979956387610155,
    18.896124639998472,
    18.59059379200588,
    20.20666762653614,
    17.05690184583854,
    17.78607157118825,
    18.62595479782356,
    19.30570220163955,
    19.562053856841384,
    19.100040885299105,
    18.068968295736237,
    18.809364795606776,
    19.370815726306674,
    21.710398587909534,
    19.98459690049602,
    18.62513991829134,
    20.414573118740897,
    19.310321086864008,
    17.937100362022445,
    17.48612533029687,
    19.739654027346567,
    16.428833779391177,
    18.03597502237583,
    19.645457456170867,
    18.918351858823808,
    18.945656800670555,
    19.33531972340991,
    20.416096763892398,
    19.49169068174297,
    18.27981695798509,
    18.189638803075894,
    17.37875269920467,
    19.335140872301714,
    19.888462517144312,
    19.379990439641105,
    19.86968512027113,
    19.955769526986305,
    18.90306448314937,
    20.151388661562255,
    19.72858423377012,
    17.46015721542522,
    18.03395978217172,
    18.97293613744699,
    20.08242806271201,
    21.72667658004328,
    21.106740592669077,
    20.04896977198851,
    20.249225265253855,
    18.939869446098783,
    20.90803258436414,
    18.79335669773607,
    19.786461171357395,
    19.431414890639296,
    20.28472351195628,
    20.343547513019395,
    17.56323801493104,
    20.328709326608507,
    17.800912535741062,
    20.058770771988513,
    18.22326669949119,
    18.73799867228779,
    19.448211060758364,
    18.082872172007384,
    18.743393053525068,
    17.20578245014247,
    17.038878907591883,
    16.519659871128248,
    18.036994552146023,
    14.648438501722154,
    19.205229457414404,
    18.003002683034712,
    20.437688414435097,
    19.272481121836467,
    16.635855101141686,
    20.134768879358827,
    19.34788039474894,
    19.97344485671355,
    17.987588096043442,
    17.825176654643524,
    18.47059204958669,
    15.577447545558318,
    18.274240666620422,
    17.742154320758093,
    19.441085673113424,
    20.113106935907215,
    15.017701066145591,
    17.126248165462133
  ],