{
  "total_s": 4.908847249986138,
  "step_s": 0.0,
  "fit_s": 0.0,
  "eval_s": 0.6518177120597102,
  "plot_s": 0.0,
  "other_s": 0.0,
  "train_s": 4.493547332996968,
  "eval_final_s": 0.20329741699970327,
  "post_s": 0.2073544999875594,
  "steps_per_s": null,
  "updates_per_s": null
}
