{
  "total_s": 0.7806507499917643,
  "step_s": 0.0,
  "fit_s": 0.0,
  "eval_s": 0.15138487197691575,
  "plot_s": 0.0,
  "other_s": 0.0,
  "train_s": 0.7645703329908429,
  "post_s": 0.016044416988734156,
  "steps_per_s": null,
  "updates_per_s": null
}
