{
  "total_s": 11.060407000011764,
  "step_s": 0.0,
  "fit_s": 0.0,
  "eval_s": 0.4434337920101825,
  "plot_s": 0.0,
  "other_s": 0.0,
  "train_s": 10.070949582994217,
  "eval_final_s": 0.3118756669864524,
  "post_s": 0.6724039590044413,
  "steps_per_s": null,
  "updates_per_s": null
}
