{
  "total_s": 4.741769292013487,
  "step_s": 0.0,
  "fit_s": 0.0,
  "eval_s": 0.6235206650162581,
  "plot_s": 0.0,
  "other_s": 0.0,
  "train_s": 4.106079082994256,
  "eval_final_s": 0.5096490829891991,
  "post_s": 0.11478525001439266,
  "steps_per_s": null,
  "updates_per_s": null
}
