{
  "total_s": 8.736319667019416,
  "step_s": 0.0,
  "fit_s": 0.0,
  "eval_s": 1.2994745010219049,
  "plot_s": 0.0,
  "other_s": 0.0,
  "train_s": 8.06492858301499,
  "eval_final_s": 0.43642070901114494,
  "post_s": 0.22722358402097598,
  "steps_per_s": null,
  "updates_per_s": null
}
