{
  "total_s": 7.373639083991293,
  "step_s": 0.0,
  "fit_s": 0.0,
  "eval_s": 0.3679393779311795,
  "plot_s": 0.0,
  "other_s": 0.0,
  "train_s": 6.776689334015828,
  "eval_final_s": 0.2804141670058016,
  "post_s": 0.3102221669978462,
  "steps_per_s": null,
  "updates_per_s": null
}
