{
  "total_s": 5.400223500007996,
  "step_s": 0.0,
  "fit_s": 0.0,
  "eval_s": 0.6252705398947,
  "plot_s": 0.0,
  "other_s": 0.0,
  "train_s": 4.544587540993234,
  "eval_final_s": 0.6385043750051409,
  "post_s": 0.20562412499566562,
  "steps_per_s": null,
  "updates_per_s": null
}
