{
  "total_s": 5.016777417011326,
  "step_s": 0.0,
  "fit_s": 0.0,
  "eval_s": 0.3514796248928178,
  "plot_s": 0.0,
  "other_s": 0.0,
  "train_s": 4.636063791986089,
  "eval_final_s": 0.18223704097908922,
  "post_s": 0.19443570901057683,
  "steps_per_s": null,
  "updates_per_s": null
}
