{
  "total_s": 0.6715612499974668,
  "step_s": 0.0,
  "fit_s": 0.0,
  "eval_s": 0.15054445902933367,
  "plot_s": 0.0,
  "other_s": 0.0,
  "train_s": 0.6561274999985471,
  "post_s": 0.015395957991131581,
  "steps_per_s": null,
  "updates_per_s": null
}
