{
  "total_s": 8.986626041994896,
  "step_s": 0.0,
  "fit_s": 0.0,
  "eval_s": 0.17313692005700432,
  "plot_s": 0.0,
  "other_s": 0.0,
  "train_s": 8.35634320799727,
  "eval_final_s": 0.07552012498490512,
  "post_s": 0.5537136670027394,
  "steps_per_s": null,
  "updates_per_s": null
}
