{
  "schema_version": "1.0.0",
  "created_at": "2026-04-19T04:59:55Z",
  "phase": "phase3",
  "task": "chain_regime_shift",
  "algorithm": "SafeQLearning",
  "seed": 67,
  "train_steps": 180000,
  "n_transitions": 180000,
  "steps_to_threshold": null,
  "auc_disc_return": 13.670600372125595,
  "final_disc_return_mean": 17.45522345120617,
  "final_10pct_success_rate": 0.0,
  "adaptation_metrics": {
    "change_at_episode": 300,
    "pre_change_auc": 0.0,
    "post_change_auc": 15.38545626794929,
    "lag_to_50pct_recovery": 19,
    "lag_to_75pct_recovery": 34,
    "lag_to_90pct_recovery": null,
    "post_change_optimum": 19.579661215880225
  },
  "shortcut_risky_path_fraction": 0.0,
  "episode_returns": [
    20.313852565920932,
    18.972117930415045,
    17.479463457468,
    16.5597547129401,
    17.172800129013684,
    19.339583230384946,
    17.014482912471607,
    16.596967459364937,
    17.34378606896737,
    16.766624014608674,
    18.54366121317306,
    18.820231349672383,
    17.571586008581775,
    17.353939353373388,
    18.561906494758695,
    17.296632816424264,
    19.664701929182797,
    17.33464171088031,
    16.128573253208753,
    15.908512413501319,
    18.054251160830862,
    16.719483525380287,
    19.081375742184644,
    18.306604548055628,
    14.628692620084587,
    17.053132829937528,
    16.775239028179033,
    18.685138751049745,
    18.462895633128554,
    19.674211829681795,
    18.325554144915277,
    17.301757960607564,
    16.97157344491038,
    17.618792336800983,
    18.112784994425372,
    16.304388871910824,
    18.75382111842137,
    17.763607333511054,
    14.785674060539517,
    18.828245373115823,
    18.120103829472875,
    16.630707854076615,
    15.318952012493376,
    16.48946615302552,
    18.38446397578321,
    16.927663512292003,
    17.238166589774554,
    17.791402269293535,
    17.48871635113508,
    17.61820286315152,
    16.17861584655848,
    17.036335723135423,
    17.939221414785763,
    16.481710158956357,
    17.64638598288204,
    18.57934570681695,
    18.719252861741467,
    18.094865544780582,
    16.27740633006735,
    18.14131993508043,
    18.78689975322256,
    16.039823772899698,
    18.861467958587582,
    17.80800749605981,
    16.16306760151125,
    17.47616023144626,
    17.078293070514643,
    15.546858108501569,
    18.514995143721602,
    15.784308685926844,
    18.702436565485172,
    17.371761429597935,
    16.358269706756015,
    18.298300588558458,
    18.787459677520353,
    17.442605759841257,
    18.40372839458462,
    18.759253566143656,
    16.41933267314608,
    15.97154968794004,
    19.748554006236013,
    16.579593234853103,
    17.497633528232324,
    18.111665162849565,
    18.96226565596848,
    15.360869711193562,
    20.32640505079479,
    18.475261111509326,
    16.413724292186906,
    18.045536246836804,
    18.570102806917994,
    15.717563576591031,
    18.360689978621252,
    16.236260341910224,
    18.209503854933075,
    18.91690343314536,
    17.765135481525657,
    15.709290748762726,
    18.049627658890966,
    15.589772949105305,
    18.43502125840039,
    16.700082439942317,
    18.88355634465657,
    16.27781020830777,
    18.335293678207186,
    18.03636517984297,
    16.451209508125075,
    17.232930411291523,
    16.144187587648666,
    17.20007177588701,
    16.18708023372462,
    17.55136285176024,
    16.431246649768944,
    17.5600526955855,
    20.299115047121866,
    17.605806320152087,
    18.799255754548426,
    18.03594511638997,
    18.91428876490763,
    17.21322678441324,
    16.964449030847746,
    15.991854809924565,
    18.251181772330515,
    19.708603261837986,
    18.312232259370923,
    17.66430789850607,
    16.9933753649553,
    18.847982729579748,
    18.08238230114301,
    18.023511926497363,
    17.454675060613592,
    17.6444016343031,
    17.45449833243468,
    17.941650212851034,
    17.561379836596476,
    19.02848349509367,
    18.790826322614592,
    20.3124591966884,
    16.949160713422604,
    19.070685535172988,
    17.344320458780846,
    17.59870473958015,
    18.62341146050389,
    19.064755870708975,
    18.942766408260482,
    17.223409371098775,
    18.828193039352144,
    17.584457969295524,
    15.954492952056434,
    18.171048114343552,
    18.126915356667364,
    18.840374908923646,
    19.33005985136561,
    18.84555087661689,
    17.90901057872307,
    16.92017339930695,
    15.920442660602284,
    17.679945796709223,
    18.285271012190996,
    15.61498892578482,
    17.479685848738317,
    17.942324175326114,
    17.759731915628763,
    17.350820779379756,
    16.82252938980049,
    18.38990030214747,
    18.736728680157476,
    17.859584767879436,
    18.034777007887627,
    17.877894879159165,
    17.66102785591252,
    18.415544161752642,
    17.96958571032935,
    17.777310644527574,
    17.65919482517078,
    17.494742085442027,
    17.921566221158624,
    16.648875645683514,
    16.4453996682045,
    19.004222935975115,
    17.260666510473147,
    19.705455509768342,
    18.296110952570675,
    17.97099684019432,
    17.261310883376055,
    17.48707635654826,
    17.623302903801385,
    17.31256338727415,
    18.309668579205123,
    18.219292175841908,
    13.700997352095943,
    19.109695913826556,
    17.06173993339545,
    19.518070668059075,
    16.595392295773003,
    18.609708166847767,
    16.198261262970828,
    17.37586684805429,
    17.66501716247999,
    16.10321335351223
  ],