{
  "schema_version": "1.0.0",
  "created_at": "2026-04-18T19:36:24Z",
  "phase": "phase3",
  "task": "chain_regime_shift",
  "algorithm": "SafeQLearning",
  "seed": 67,
  "train_steps": 180000,
  "n_transitions": 180000,
  "steps_to_threshold": null,
  "auc_disc_return": 14.276028004313032,
  "final_disc_return_mean": 15.421091179721017,
  "final_10pct_success_rate": 0.0,
  "adaptation_metrics": {
    "change_at_episode": 300,
    "pre_change_auc": 3.9349017308566316,
    "post_change_auc": 14.06314387195653,
    "lag_to_50pct_recovery": 0,
    "lag_to_75pct_recovery": 0,
    "lag_to_90pct_recovery": null,
    "post_change_optimum": 18.34914281931631
  },
  "shortcut_risky_path_fraction": 0.0,
  "episode_returns": [
    15.009441624913586,
    12.81929890467718,
    15.237039243862986,
    15.562333204252129,
    15.058909576409109,
    14.107665953630736,
    15.079821504247153,
    15.17393090613853,
    15.865755595185847,
    15.33412492306531,
    13.510452994453619,
    16.172642691978506,
    14.478356677882964,
    15.425655165309344,
    16.19450637666189,
    15.026460973484008,
    15.345262075141324,
    15.52554148227417,
    13.040076841998621,
    14.402589733943236,
    15.904655288326234,
    14.473355773321005,
    15.993205039115425,
    14.428537393476175,
    14.670517103670553,
    12.579768087373049,
    14.208375274553136,
    13.610821861148542,
    14.62163475135017,
    16.1934820262868,
    13.503769275621819,
    15.222158263965953,
    15.06546616861485,
    16.074610394938226,
    15.011032202423696,
    15.038996346075452,
    15.043960431040981,
    14.997884634260224,
    13.332428754408308,
    16.04784775550284,
    15.864730655134718,
    14.497780590066544,
    14.509739118973366,
    14.383495327744964,
    15.891964620767297,
    16.79303525379787,
    14.390122666353378,
    15.025558106466038,
    15.269910560243758,
    16.19016611912198,
    15.123924637418025,
    14.401200831671083,
    15.288470808377902,
    15.200431541854387,
    14.458804264714288,
    14.387387594157694,
    16.797545725414505,
    14.695952455571035,
    12.816828340786273,
    16.805904022719673,
    14.415348033282683,
    15.858417595554256,
    15.643780878271626,
    13.695076705354879,
    15.439203192200404,
    12.251148741532827,
    15.368107282051879,
    15.929340029363049,
    15.335786490213392,
    13.764177191174108,
    13.630044034144221,
    14.053910092203084,
    14.794225034475138,
    15.542758127601596,
    14.510295161771321,
    16.080721567333555,
    14.109325494247154,
    16.273668128023466,
    15.439792625668261,
    13.550646040744256,
    15.26751896230307,
    14.609148494680413,
    12.42662138063895,
    14.45333383829054,
    15.406966306595155,
    13.58139386648444,
    14.666716993139895,
    14.463935716668898,
    16.81310529539441,
    14.319114588387464,
    13.827348539796873,
    15.617065214136703,
    16.143379823484757,
    16.826351605185852,
    16.81645160518585,
    13.51185368888954,
    16.820240432790523,
    15.897549756053511,
    16.152771179208482,
    15.239932648558204,
    14.627116374891422,
    15.917239794746289,
    14.51185559640847,
    14.219051731007939,
    13.613620779601128,
    14.797846807604282,
    15.32299039598112,
    15.388142641410374,
    15.513445532596569,
    15.227257317866256,
    14.384700380712394,
    14.630511906833997,
    13.577721734847334,
    15.514932582160348,
    12.898477768245126,
    13.259422848418907,
    15.245849033558173,
    15.865755595185847,
    15.044822855089528,
    16.80882817804238,
    13.397064913800822,
    15.23519346070269,
    16.157990667189775,
    16.789299282175417,
    14.990425436753478,
    15.19542236991577,
    14.404920081213458,
    14.429780579009458,
    13.887129873309748,
    15.325363374374367,
    15.840677903995953,
    13.655612162453938,
    14.51090141042987,
    12.700441034960015,
    15.057287099238877,
    14.770082557441572,
    15.966206375963282,
    15.057367443408555,
    15.040783237736681,
    13.57241156789233,
    14.420631615716902,
    13.554406882249499,
    12.278454295163721,
    14.440801034950852,
    15.24840334533141,
    12.866126080861191,
    15.851400259553545,
    15.241867144915943,
    13.860363424240047,
    16.188470874662347,
    15.287379193778955,
    14.15868082962004,
    13.93686191616465,
    15.329236014103326,
    15.947087415394236,
    16.176503994643515,
    14.518038934200849,
    13.618413127350811,
    15.97834719060793,
    14.152548073343015,
    13.654127571155998,
    14.517238027084769,
    15.99096435749928,
    15.839465841086898,
    14.471018334417458,
    15.95168845796112,
    16.196896545830636,
    14.599324985458864,
    14.394142754967941,
    16.26773846355945,
    16.18884092829054,
    14.71869870239836,
    15.013818485561796,
    12.920797096771475,
    15.077468022796197,
    14.00592128208377,
    13.50328637784635,
    14.252014566649923,
    15.837780325978214,
    15.877976964926157,
    14.428487472957805,
    13.201635124037335,
    15.051724889714427,
    16.17661302751449,
    15.97374880942673,
    14.416320810245207,
    13.358096343060144,
    14.172583081985113,
    16.1822843360848,
    15.346071162297509,
    13.821596748206028,
    16.208408871680128,
    14.369252400641678,
    13.30248331953442,
    15.986364930435316,
    15.35505389411795,
    15.948642727557322,
    15.046759464015627,
    15.25939888061968,
    14.142979386982526
  ],