{
  "total_s": 6.177254666981753,
  "step_s": 0.0,
  "fit_s": 0.0,
  "eval_s": 0.31814629188738763,
  "plot_s": 0.0,
  "other_s": 0.0,
  "train_s": 5.814137749985093,
  "eval_final_s": 0.16014587500831112,
  "post_s": 0.19942008398356847,
  "steps_per_s": null,
  "updates_per_s": null
}
