{
  "total_s": 7.033540583011927,
  "step_s": 0.0,
  "fit_s": 0.0,
  "eval_s": 0.12837354102521203,
  "plot_s": 0.0,
  "other_s": 0.0,
  "train_s": 6.463186749984743,
  "eval_final_s": 0.023520917020505294,
  "post_s": 0.5461851660220418,
  "steps_per_s": null,
  "updates_per_s": null
}
