{
  "total_s": 0.671496124996338,
  "step_s": 0.0,
  "fit_s": 0.0,
  "eval_s": 0.15038212499348447,
  "plot_s": 0.0,
  "other_s": 0.0,
  "train_s": 0.6558469160081586,
  "post_s": 0.015610583999659866,
  "steps_per_s": null,
  "updates_per_s": null
}
