{
  "total_s": 5.384272416995373,
  "step_s": 0.0,
  "fit_s": 0.0,
  "eval_s": 0.6176296238554642,
  "plot_s": 0.0,
  "other_s": 0.0,
  "train_s": 4.497977209015517,
  "eval_final_s": 0.6677994579949882,
  "post_s": 0.20717170799616724,
  "steps_per_s": null,
  "updates_per_s": null
}
