{
  "total_s": 8.781587832985679,
  "step_s": 0.0,
  "fit_s": 0.0,
  "eval_s": 0.4104697899601888,
  "plot_s": 0.0,
  "other_s": 0.0,
  "train_s": 7.840698832995258,
  "eval_final_s": 0.34313858300447464,
  "post_s": 0.5917935409815982,
  "steps_per_s": null,
  "updates_per_s": null
}
