{
  "total_s": 5.795008084009169,
  "step_s": 0.0,
  "fit_s": 0.0,
  "eval_s": 1.0776372520194855,
  "plot_s": 0.0,
  "other_s": 0.0,
  "train_s": 5.417892291996395,
  "eval_final_s": 0.1752506250049919,
  "post_s": 0.19838566702674143,
  "steps_per_s": null,
  "updates_per_s": null
}
