{
  "schema_version": "1.0.0",
  "created_at": "2026-04-19T05:26:27Z",
  "phase": "phase2",
  "task": "chain_catastrophe",
  "algorithm": "ExpectedSARSA",
  "seed": 47,
  "train_steps": 120000,
  "n_transitions": 120000,
  "steps_to_threshold": null,
  "auc_disc_return": 2.3563465631642084,
  "final_disc_return_mean": 0.3519318303752817,
  "final_10pct_success_rate": 0.0,
  "tail_risk_metrics": {
    "return_q05": 0.0,
    "return_q25": 0.0,
    "return_q50": 0.5526834771623851,
    "return_q75": 1.1222846796395443,
    "return_q95": 1.691943417591701,
    "cvar_5pct": -1.6486134703483686,
    "cvar_10pct": -0.8243067351741843,
    "top5pct_mean": 1.691943417591701,
    "top10pct_mean": 1.6919434175917012,
    "event_rate": 0.014,
    "event_conditioned_return": -5.887905251244175
  },
  "shortcut_risky_path_fraction": 0.614,
  "episode_returns": [
    1.691943417591701,
    0.0,
    0.0,
    0.0,
    0.0,
    0.0,
    0.0,
    0.0,
    0.0,
    0.5582661385478637,
    0.5582661385478637,
    1.139259940429316,
    1.691943417591701,
    1.1222846796395443,
    0.0,
    0.5582661385478637,
    0.0,
    0.5582661385478637,
    1.691943417591701,
    1.139259940429316,
    1.691943417591701,
    0.5582661385478637,
    0.0,
    0.0,
    0.5526834771623851,
    0.0,
    0.0,
    1.691943417591701,
    1.1222846796395443,
    1.1165886676147725,
    0.0,
    1.691943417591701,
    1.691943417591701,
    1.1280382271393137,
    0.0,
    0.0,
    0.0,
    1.133620888524792,
    0.5582661385478637,
    0.5582661385478637,
    0.5582661385478637,
    0.5582661385478637,
    0.0,
    0.0,
    1.691943417591701,
    1.691943417591701,
    1.691943417591701,
    0.0,
    0.0,
    0.0,
    1.691943417591701,
    0.0,
    1.1222846796395443,
    0.5582661385478637,
    0.0,
    0.0,
    0.0,
    0.0,
    0.5582661385478637,
    0.0,
    1.691943417591701,
    0.0,
    0.0,
    1.139259940429316,
    0.0,
    1.1165886676147725,
    1.1222846796395443,
    0.5526834771623851,
    0.0,
    1.691943417591701,
    0.0,
    1.139259940429316,
    0.0,
    0.5526834771623851,
    0.5582661385478637,
    1.1222846796395443,
    1.1280382271393137,
    0.5582661385478637,
    1.691943417591701,
    0.5526834771623851,
    0.5526834771623851,
    0.0,
    1.691943417591701,
    0.0,
    0.5582661385478637,
    0.0,
    0.0,
    1.1222846796395443,
    1.691943417591701,
    0.0,
    1.139259940429316,
    0.5582661385478637,
    1.139259940429316,
    0.5582661385478637,
    0.5582661385478637,
    0.0,
    1.1280382271393137,
    0.0,
    0.5753547499769285,
    0.0,
    0.5582661385478637,
    0.5526834771623851,
    0.5582661385478637,
    0.0,
    1.133620888524792,
    0.0,
    0.0,
    0.0,
    1.139259940429316,
    0.0,
    0.0,
    1.1280382271393137,
    0.5582661385478637,
    1.1222846796395443,
    1.1222846796395443,
    1.1280382271393137,
    0.0,
    0.0,
    0.0,
    0.0,
    1.691943417591701,
    0.0,
    0.5582661385478637,
    0.5526834771623851,
    0.0,
    0.0,
    0.5582661385478637,
    0.0,
    0.0,
    0.0,
    0.0,
    1.1222846796395443,
    0.0,
    0.0,
    -5.811664141181096,
    0.0,
    0.0,
    0.5582661385478637,
    0.5582661385478637,
    0.0,
    0.0,
    0.5526834771623851,
    0.0,
    0.0,
    0.5582661385478637,
    1.1222846796395443,
    0.0,
    0.5582661385478637,
    0.0,
    1.691943417591701,
    0.0,
    1.1222846796395443,
    0.0,
    1.691943417591701,
    -5.98956006466161,
    0.0,
    0.5526834771623851,
    0.0,
    0.0,
    0.0,
    0.0,
    1.1222846796395443,
    0.5582661385478637,
    0.0,
    1.691943417591701,
    0.0,
    1.1222846796395443,
    0.0,
    0.0,
    1.691943417591701,
    0.5582661385478637,
    0.0,
    0.5526834771623851,
    0.0,
    0.0,
    1.691943417591701,
    0.5582661385478637,
    0.0,
    0.0,
    1.691943417591701,
    1.691943417591701,
    0.0,
    0.0,
    0.5696012024771592,
    1.1280382271393137,
    0.5582661385478637,
    1.1222846796395443,
    0.0,
    1.691943417591701,
    0.5526834771623851,
    1.139259940429316,
    1.1222846796395443,
    0.5526834771623851,
    1.691943417591701,
    1.133620888524792,
    0.5582661385478637,
    0.0,
    1.1222846796395443,
    0.5582661385478637,
    1.139259940429316,
    0.0,
    0.0,
    1.1165886676147725,
    1.1222846796395443,
    0.5582661385478637,
    0.0,
    0.0,
    0.5582661385478637,
    0.0,
    1.1222846796395443,
    0.5582661385478637,
    0.0,
    0.5526834771623851,
    0.0,
    0.5582661385478637,
    0.0,
    0.0,
    0.0,
    0.0,
    0.0,
    0.0,
    0.5582661385478637,
    1.691943417591701,
    0.5696012024771592,
    -5.98956006466161,
    1.691943417591701,
    0.0,
    1.1222846796395443,
    0.0,
    1.1222846796395443,
    0.0,
    0.0,
    1.1280382271393137,
    0.5582661385478637,
    0.5582661385478637,
    0.5582661385478637,
    0.0,
    0.5582661385478637,
    0.5582661385478637,
    0.0,
    1.691943417591701,
    0.0,
    0.0,
    0.5582661385478637,
    1.1280382271393137,
    0.5582661385478637,
    0.0,
    0.5639051904523875,
    1.691943417591701,
    0.5582661385478637,
    0.0,
    1.133620888524792,
    0.0,
    0.5582661385478637,
    0.0,
    0.0,
    0.5582661385478637,
    0.5582661385478637,
    0.0,
    0.0,
    1.691943417591701,
    0.0,
    0.0,
    0.5526834771623851,
    0.0,
    0.5696012024771592,
    0.5526834771623851,
    0.0,
    0.5582661385478637,
    0.0,
    0.5526834771623851,
    0.0,
    0.0,
    0.5582661385478637,
    0.5582661385478637,
    0.0,
    1.691943417591701,
    -5.98956006466161,
    1.1165886676147725,
    1.691943417591701,
    0.0,
    0.0,
    0.5582661385478637,
    0.0,
    0.5582661385478637,
    0.5582661385478637,
    0.0,
    1.691943417591701,
    0.5582661385478637,
    0.5582661385478637,
    0.0,
    0.5582661385478637,
    1.139259940429316,
    -5.811664141181096,
    1.691943417591701,
    0.0,
    0.0,
    0.0,
    1.691943417591701,
    0.5526834771623851,
    0.0,
    1.1222846796395443,
    1.691943417591701,
    1.1222846796395443,
    0.0,
    1.1222846796395443,
    1.691943417591701,
    0.5753547499769285,
    0.0,
    0.0,
    0.5526834771623851,
    0.0,
    0.5582661385478637,
    0.5526834771623851,
    1.1222846796395443,
    0.5582661385478637,
    0.5526834771623851,
    0.0,
    0.5582661385478637,
    0.5526834771623851,
    0.5582661385478637,
    0.0,
    0.5582661385478637,
    0.0,
    1.139259940429316,
    1.691943417591701,
    0.5582661385478637,
    0.5582661385478637,
    0.0,
    0.0,
    1.1222846796395443,
    0.0,
    0.0,
    0.0,
    1.1222846796395443,
    0.5582661385478637,
    0.0,
    0.0,
    0.5582661385478637,
    0.0,
    0.0,
    0.5582661385478637,
    0.0,
    0.0,
    1.1222846796395443,
    0.5582661385478637,
    0.5582661385478637,
    0.0,
    1.691943417591701,
    1.1280382271393137,
    1.133620888524792,
    0.5696012024771592,
    0.0,
    1.691943417591701,
    0.0,
    0.0,
    -5.811664141181096,
    0.0,
    0.0,
    0.0,
    0.5582661385478637,
    0.0,
    0.0,
    0.0,
    1.691943417591701,
    0.5526834771623851,
    1.1280382271393137,
    0.0,
    0.5526834771623851,
    0.5582661385478637,
    0.5582661385478637,
    0.5582661385478637,
    0.0,
    0.0,
    0.0,
    0.0,
    0.0,
    0.0,
    0.0,
    0.0,
    0.5582661385478637,
    0.5582661385478637,
    1.133620888524792,
    0.0,
    0.0,
    0.0,
    0.0,
    0.5526834771623851,
    0.0,
    0.0,
    0.0,
    1.691943417591701,
    0.0,
    0.5582661385478637,
    0.0,
    0.5582661385478637,
    0.0,
    1.691943417591701,
    0.5526834771623851,
    0.5582661385478637,
    0.5582661385478637,
    1.1222846796395443,
    1.691943417591701,
    0.5582661385478637,
    1.1222846796395443,
    0.5526834771623851,
    1.133620888524792,
    0.0,
    0.5582661385478637,
    0.0,
    0.5526834771623851,
    0.0,
    0.5582661385478637,
    1.691943417591701,
    0.0,
    0.0,
    0.5696012024771592,
