{
  "total_s": 8.779674165998586,
  "step_s": 0.0,
  "fit_s": 0.0,
  "eval_s": 0.12531120999483392,
  "plot_s": 0.0,
  "other_s": 0.0,
  "train_s": 8.204930207983125,
  "eval_final_s": 0.027054584003053606,
  "post_s": 0.5469992500147782,
  "steps_per_s": null,
  "updates_per_s": null
}
