{
  "total_s": 8.405962249991717,
  "step_s": 0.0,
  "fit_s": 0.0,
  "eval_s": 0.12949362603831105,
  "plot_s": 0.0,
  "other_s": 0.0,
  "train_s": 7.873743290983839,
  "eval_final_s": 0.01900658299564384,
  "post_s": 0.5126009589876048,
  "steps_per_s": null,
  "updates_per_s": null
}
