{
  "total_s": 4.04834883401054,
  "step_s": 0.0,
  "fit_s": 0.0,
  "eval_s": 0.62329208094161,
  "plot_s": 0.0,
  "other_s": 0.0,
  "train_s": 3.417992583999876,
  "eval_final_s": 0.5040418750140816,
  "post_s": 0.11490945899276994,
  "steps_per_s": null,
  "updates_per_s": null
}
