{
  "phase": "III",
  "task": "grid_sparse_goal",
  "algorithm": "SafePE",
  "n_seeds": 3,
  "seeds": [
    "seed_11",
    "seed_29",
    "seed_47"
  ],
  "metrics": {
    "beta_used_max": {
      "mean": 0.002010091518999209,
      "std": 0.0,
      "median": 0.002010091518999209,
      "q25": 0.002010091518999209,
      "q75": 0.002010091518999209,
      "iqr": 0.0,
      "ci_low": 0.002010091518999209,
      "ci_high": 0.002010091518999209
    },
    "beta_used_min": {
      "mean": 2.8479584804721076e-06,
      "std": 5.186996290247033e-22,
      "median": 2.847958480472107e-06,
      "q25": 2.847958480472107e-06,
      "q75": 2.847958480472107e-06,
      "iqr": 0.0,
      "ci_low": 2.8479584804721076e-06,
      "ci_high": 2.8479584804721076e-06
    },
    "clip_fraction": {
      "mean": 1.0,
      "std": 0.0,
      "median": 1.0,
      "q25": 1.0,
      "q75": 1.0,
      "iqr": 0.0,
      "ci_low": 1.0,
      "ci_high": 1.0
    },
    "final_bellman_residual": {
      "mean": 0.9988906963905082,
      "std": 0.0,
      "median": 0.9988906963905082,
      "q25": 0.9988906963905082,
      "q75": 0.9988906963905082,
      "iqr": 0.0,
      "ci_low": 0.9988906963905082,
      "ci_high": 0.9988906963905082
    },
    "n_stages_clipped": {
      "mean": 120.0,
      "std": 0.0,
      "median": 120.0,
      "q25": 120.0,
      "q75": 120.0,
      "iqr": 0.0,
      "ci_low": 120.0,
      "ci_high": 120.0
    },
    "n_states": {
      "mean": 49.0,
      "std": 0.0,
      "median": 49.0,
      "q25": 49.0,
      "q75": 49.0,
      "iqr": 0.0,
      "ci_low": 49.0,
      "ci_high": 49.0
    },
    "n_sweeps": {
      "mean": 1.0,
      "std": 0.0,
      "median": 1.0,
      "q25": 1.0,
      "q75": 1.0,
      "iqr": 0.0,
      "ci_low": 1.0,
      "ci_high": 1.0
    },
    "schedule_sign": {
      "mean": 1.0,
      "std": 0.0,
      "median": 1.0,
      "q25": 1.0,
      "q75": 1.0,
      "iqr": 0.0,
      "ci_low": 1.0,
      "ci_high": 1.0
    },
    "seed": {
      "mean": 29.0,
      "std": 18.0,
      "median": 29.0,
      "q25": 20.0,
      "q75": 38.0,
      "iqr": 18.0,
      "ci_low": 11.0,
      "ci_high": 47.0
    },
    "wall_clock_s": {
      "mean": 0.01522537499840837,
      "std": 0.000248844746385886,
      "median": 0.015264374997059349,
      "q25": 0.015111853997950675,
      "q75": 0.015358395998191554,
      "iqr": 0.00024654200024087913,
      "ci_low": 0.014959332998842001,
      "ci_high": 0.01545241699932376
    }
  },
  "provenance": {
    "schedule_path": "/Users/liq/Documents/Claude/Projects/LSE_RL/results/weighted_lse_dp/phase3/calibration/grid_sparse_goal/schedule.json",
    "calibration_hash": "8bf465e816fd3eabce9027dfc4aa51517cf801590d056ad8775d313ef8decbb3",
    "source_phase": "phase2"
  }
}
