{
  "total_s": 5.951313541998388,
  "step_s": 0.0,
  "fit_s": 0.0,
  "eval_s": 0.6393621259485371,
  "plot_s": 0.0,
  "other_s": 0.0,
  "train_s": 5.53366354200989,
  "eval_final_s": 0.20789625000907108,
  "post_s": 0.20503870898392051,
  "steps_per_s": null,
  "updates_per_s": null
}
