{
  "total_s": 4.210176207998302,
  "step_s": 0.0,
  "fit_s": 0.0,
  "eval_s": 0.6251172539487015,
  "plot_s": 0.0,
  "other_s": 0.0,
  "train_s": 3.4892359160003252,
  "eval_final_s": 0.5935195830243174,
  "post_s": 0.1158913749968633,
  "steps_per_s": null,
  "updates_per_s": null
}
