{
  "total_s": 8.552072000020416,
  "step_s": 0.0,
  "fit_s": 0.0,
  "eval_s": 0.3149345819838345,
  "plot_s": 0.0,
  "other_s": 0.0,
  "train_s": 7.927040542010218,
  "eval_final_s": 0.10429312498308718,
  "post_s": 0.5189348330022767,
  "steps_per_s": null,
  "updates_per_s": null
}
