{
  "phase": "III",
  "task": "grid_regime_shift_post_shift",
  "algorithm": "SafePE",
  "n_seeds": 3,
  "seeds": [
    "seed_11",
    "seed_29",
    "seed_47"
  ],
  "metrics": {
    "beta_used_max": {
      "mean": 0.0020100915229534166,
      "std": 0.0,
      "median": 0.0020100915229534166,
      "q25": 0.0020100915229534166,
      "q75": 0.0020100915229534166,
      "iqr": 0.0,
      "ci_low": 0.0020100915229534166,
      "ci_high": 0.0020100915229534166
    },
    "beta_used_min": {
      "mean": 3.6285928587979e-06,
      "std": 0.0,
      "median": 3.6285928587979e-06,
      "q25": 3.6285928587979e-06,
      "q75": 3.6285928587979e-06,
      "iqr": 0.0,
      "ci_low": 3.6285928587979e-06,
      "ci_high": 3.6285928587979e-06
    },
    "clip_fraction": {
      "mean": 1.0,
      "std": 0.0,
      "median": 1.0,
      "q25": 1.0,
      "q75": 1.0,
      "iqr": 0.0,
      "ci_low": 1.0,
      "ci_high": 1.0
    },
    "final_bellman_residual": {
      "mean": 0.9988908539918914,
      "std": 1.3597399555105182e-16,
      "median": 0.9988908539918915,
      "q25": 0.9988908539918915,
      "q75": 0.9988908539918915,
      "iqr": 0.0,
      "ci_low": 0.9988908539918914,
      "ci_high": 0.9988908539918914
    },
    "n_stages_clipped": {
      "mean": 80.0,
      "std": 0.0,
      "median": 80.0,
      "q25": 80.0,
      "q75": 80.0,
      "iqr": 0.0,
      "ci_low": 80.0,
      "ci_high": 80.0
    },
    "n_states": {
      "mean": 25.0,
      "std": 0.0,
      "median": 25.0,
      "q25": 25.0,
      "q75": 25.0,
      "iqr": 0.0,
      "ci_low": 25.0,
      "ci_high": 25.0
    },
    "n_sweeps": {
      "mean": 1.0,
      "std": 0.0,
      "median": 1.0,
      "q25": 1.0,
      "q75": 1.0,
      "iqr": 0.0,
      "ci_low": 1.0,
      "ci_high": 1.0
    },
    "schedule_sign": {
      "mean": 1.0,
      "std": 0.0,
      "median": 1.0,
      "q25": 1.0,
      "q75": 1.0,
      "iqr": 0.0,
      "ci_low": 1.0,
      "ci_high": 1.0
    },
    "seed": {
      "mean": 29.0,
      "std": 18.0,
      "median": 29.0,
      "q25": 20.0,
      "q75": 38.0,
      "iqr": 18.0,
      "ci_low": 11.0,
      "ci_high": 47.0
    },
    "wall_clock_s": {
      "mean": 0.003953208666644059,
      "std": 0.0003803284046648527,
      "median": 0.004156916998908855,
      "q25": 0.0038356669974746183,
      "q75": 0.004172604501945898,
      "iqr": 0.0003369375044712797,
      "ci_low": 0.0035144169960403815,
      "ci_high": 0.004188292004982941
    }
  },
  "provenance": {
    "schedule_path": "/Users/liq/Documents/Claude/Projects/LSE_RL/results/weighted_lse_dp/phase3/calibration/grid_regime_shift/schedule.json",
    "calibration_hash": "2c69e9f6ad0c7e3f6a5bef6dc50b2442eac121bf6a11a0201399aab62251e46a",
    "source_phase": "phase2"
  }
}
