{
  "total_s": 8.686958749982296,
  "step_s": 0.0,
  "fit_s": 0.0,
  "eval_s": 1.35197241595597,
  "plot_s": 0.0,
  "other_s": 0.0,
  "train_s": 7.658923709008377,
  "eval_final_s": 0.5149812090094201,
  "post_s": 0.5049627079861239,
  "steps_per_s": null,
  "updates_per_s": null
}
