{
  "total_s": 8.433219750004355,
  "step_s": 0.0,
  "fit_s": 0.0,
  "eval_s": 1.3450209159054793,
  "plot_s": 0.0,
  "other_s": 0.0,
  "train_s": 7.4752963749924675,
  "eval_final_s": 0.4980359160108492,
  "post_s": 0.4521825830161106,
  "steps_per_s": null,
  "updates_per_s": null
}
