{
  "total_s": 4.085467583005084,
  "step_s": 0.0,
  "fit_s": 0.0,
  "eval_s": 0.6237837889930233,
  "plot_s": 0.0,
  "other_s": 0.0,
  "train_s": 3.4407439999922644,
  "eval_final_s": 0.5171269589918666,
  "post_s": 0.11612316701211967,
  "steps_per_s": null,
  "updates_per_s": null
}
