{
  "total_s": 5.994144666008651,
  "step_s": 0.0,
  "fit_s": 0.0,
  "eval_s": 0.6442372059973422,
  "plot_s": 0.0,
  "other_s": 0.0,
  "train_s": 5.569861833006144,
  "eval_final_s": 0.2092783749976661,
  "post_s": 0.21033116601756774,
  "steps_per_s": null,
  "updates_per_s": null
}
