{
  "total_s": 8.793017499992857,
  "step_s": 0.0,
  "fit_s": 0.0,
  "eval_s": 0.459873501007678,
  "plot_s": 0.0,
  "other_s": 0.0,
  "train_s": 7.772060874995077,
  "eval_final_s": 0.4126988330099266,
  "post_s": 0.6004701669735368,
  "steps_per_s": null,
  "updates_per_s": null
}
