{
  "total_s": 4.766788709006505,
  "step_s": 0.0,
  "fit_s": 0.0,
  "eval_s": 0.6478995390061755,
  "plot_s": 0.0,
  "other_s": 0.0,
  "train_s": 3.888528125011362,
  "eval_final_s": 0.6358168750011828,
  "post_s": 0.23068370900000446,
  "steps_per_s": null,
  "updates_per_s": null
}
