{
  "total_s": 5.103761582984589,
  "step_s": 0.0,
  "fit_s": 0.0,
  "eval_s": 0.4069538339681458,
  "plot_s": 0.0,
  "other_s": 0.0,
  "train_s": 4.68706066699815,
  "eval_final_s": 0.21653962502023205,
  "post_s": 0.19548304099589586,
  "steps_per_s": null,
  "updates_per_s": null
}
