{
  "total_s": 7.143096708983649,
  "step_s": 0.0,
  "fit_s": 0.0,
  "eval_s": 0.3325730827928055,
  "plot_s": 0.0,
  "other_s": 0.0,
  "train_s": 6.5611156669911,
  "eval_final_s": 0.21189624999533407,
  "post_s": 0.3662612089829054,
  "steps_per_s": null,
  "updates_per_s": null
}
