{
  "total_s": 4.534062792023178,
  "step_s": 0.0,
  "fit_s": 0.0,
  "eval_s": 0.6142059990088455,
  "plot_s": 0.0,
  "other_s": 0.0,
  "train_s": 3.7119319170014933,
  "eval_final_s": 0.60901250000461,
  "post_s": 0.20198258402524516,
  "steps_per_s": null,
  "updates_per_s": null
}
