{
  "task_family": "grid_sparse_goal",
  "gamma": 0.99,
  "sign": 1,
  "source_phase": "phase2",
  "reward_bound": 5.0,
  "ablation_type": "alpha_constant_0.10",
  "alpha_t": [
    0.1,
    0.1,
    0.1,
    0.1,
    0.1,
    0.1,
    0.1,
    0.1,
    0.1,
    0.1,
    0.1,
    0.1,
    0.1,
    0.1,
    0.1,
    0.1,
    0.1,
    0.1,
    0.1,
    0.1,
    0.1,
    0.1,
    0.1,
    0.1,
    0.1,
    0.1,
    0.1,
    0.1,
    0.1,
    0.1,
    0.1,
    0.1,
    0.1,
    0.1,
    0.1,
    0.1,
    0.1,
    0.1,
    0.1,
    0.1,
    0.1,
    0.1,
    0.1,
    0.1,
    0.1,
    0.1,
    0.1,
    0.1,
    0.1,
    0.1
  ],
  "kappa_t": [
    0.991,
    0.991,
    0.991,
    0.991,
    0.991,
    0.991,
    0.991,
    0.991,
    0.991,
    0.991,
    0.991,
    0.991,
    0.991,
    0.991,
    0.991,
    0.991,
    0.991,
    0.991,
    0.991,
    0.991,
    0.991,
    0.991,
    0.991,
    0.991,
    0.991,
    0.991,
    0.991,
    0.991,
    0.991,
    0.991,
    0.991,
    0.991,
    0.991,
    0.991,
    0.991,
    0.991,
    0.991,
    0.991,
    0.991,
    0.991,
    0.991,
    0.991,
    0.991,
    0.991,
    0.991,
    0.991,
    0.991,
    0.991,
    0.991,
    0.991
  ],
  "Bhat_t": [
    402.05686149338663,
    395.667872344487,
    389.22086008525434,
    382.71529776514063,
    376.1506536479724,
    369.5263911684888,
    362.84196888848516,
    356.0968404525582,
    349.29045454344924,
    342.4222548369821,
    335.49167995659144,
    328.4981634274384,
    321.4411336301094,
    314.32001375389444,
    307.13422174964126,
    299.8831702821809,
    292.56626668232184,
    285.1829128984075,
    277.7325054474344,
    270.21443536572593,
    262.6280881591584,
    254.9728437529348,
    247.24807644090293,
    239.45315483441266,
    231.58744181070907,
    223.6502944608568,
    215.64106403719154,
    207.5590959002942,
    199.40372946548356,
    191.17429814882297,
    182.87012931263672,
    174.4905442105315,
    166.0348579319188,
    157.5023793460331,
    148.8924110454421,
    140.2042492890435,
    131.43718394454442,
    122.5904984304182,
    113.6634696573342,
    104.6553679690557,
    95.5654570828009,
    86.39299402906246,
    77.13722909088038,
    67.79740574256346,
    58.372760587854145,
    48.862523297531936,
    39.26591654644999,
    29.582155949999994,
    19.810449999999996,
    9.95,
    0.0
  ],
  "margin_quantile": 0.75,
  "informativeness_t": [
    0.0,
    0.28709743333303755,
    0.36262671187664486,
    0.4369438336226838,
    0.5098288903432246,
    0.5806937119268057,
    0.6487575342269681,
    0.7131455118145291,
    0.77295393410172,
    0.8272986873895244,
    0.8753538501764222,
    0.9163834287407288,
    0.9497675387564631,
    0.9750235565158455,
    0.9918224057068652,
    0.999999999725542,
    0.9995638258200686,
    0.9906946859362571,
    0.9737436727626391,
    0.9492245421306,
    0.9178017343408152,
    0.8802743900364249,
    0.8375567956390073,
    0.7906557749941926,
    0.7406456144640595,
    0.6886411656402489,
    0.6357698110967314,
    0.5831430026445028,
    0.531828087381274,
    0.4828211239072236,
    0.43702135929644986,
    0.39520798704383187,
    0.35801973781289675,
    0.3259377691215364,
    0.2992722178187853,
    0.27815266069346384,
    0.26252259335876177,
    0.2521378835840564,
    0.2465689773503114,
    0.24520642330747464,
    0.24726901268170187,
    0.2518134653209239,
    0.25774404576075893,
    0.2638195961530575,
    0.2686538590825214,
    0.27070178677144235,
    0.2682176677217427,
    0.25915438483265335,
    0.24092762836302645,
    0.02570579320494311
  ],
  "d_target_t": [
    0.891,
    0.7773094164001172,
    0.7473998220968486,
    0.7179702418854172,
    0.6891077594240831,
    0.661045290076985,
    0.6340920164461206,
    0.6085943773214465,
    0.584910242095719,
    0.5633897197937484,
    0.5443598753301367,
    0.5281121622186714,
    0.5148920546524406,
    0.5048906716197252,
    0.49823832734008133,
    0.49500000010868533,
    0.49517272497525283,
    0.4986849043692421,
    0.5053975055859949,
    0.5151070813162824,
    0.5275505132010371,
    0.5424113415455757,
    0.5593275089269532,
    0.5779003131022996,
    0.5977043366722323,
    0.6182980984064613,
    0.6392351548056944,
    0.6600753709527769,
    0.6803960773970156,
    0.6998028349327394,
    0.7179395417186059,
    0.7344976371306426,
    0.7492241838260929,
    0.7619286434278716,
    0.772488201743761,
    0.7808515463653883,
    0.7870410530299303,
    0.7911533981007136,
    0.7933586849692766,
    0.79389825637024,
    0.793081470978046,
    0.7912818677329141,
    0.7889333578787394,
    0.7865274399233892,
    0.7846130718033216,
    0.7838020924385087,
    0.78478580358219,
    0.7883748636062692,
    0.7955926591682415,
    0.8808205058908425
  ],
  "beta_raw_t": [
    0.0,
    0.817167408682595,
    0.8844492310081425,
    0.94623581940984,
    1.004301193518366,
    1.0596551314818212,
    1.1128642594567255,
    1.164203507596336,
    1.2137364710216607,
    1.26136501639758,
    1.306867338675477,
    1.3499344421230184,
    1.3902098723723113,
    1.4273337433142248,
    1.4609888990928388,
    1.4909445735629987,
    1.517091706814341,
    1.5394646116788213,
    1.5582459016829082,
    1.5737547874530577,
    1.5864219073903187,
    1.5967557679604418,
    1.6053061501285533,
    1.612628648251349,
    1.6192524165315445,
    1.6256508536910756,
    1.6322128579878092,
    1.6392107655570385,
    1.6467604767505737,
    1.6547701570141877,
    1.6628772887179484,
    1.6703810678977031,
    1.6761888763924107,
    1.6788097018137642,
    1.6764361344511032,
    1.6671461546588533,
    1.6492145378418335,
    1.6214588979935447,
    1.5834953662126694,
    1.5357918361956333,
    1.4794915977388914,
    1.4160838397478892,
    1.3470488340379505,
    1.273581092269752,
    1.196427752065118,
    1.115819177822612,
    1.0314345385385337,
    0.9423248534269278,
    0.8466703746859892,
    0.0
  ],
  "beta_cap_t": [
    5.016852295079162e-06,
    5.09889693432565e-06,
    5.184452474592689e-06,
    5.27374547491247e-06,
    5.36702241106326e-06,
    5.464551913447655e-06,
    5.566627313649994e-06,
    5.6735695505152595e-06,
    5.785730496392933e-06,
    5.903496776168471e-06,
    6.0272941664138265e-06,
    6.157592680135586e-06,
    6.2949124651019754e-06,
    6.439830671781296e-06,
    6.592989482087544e-06,
    6.755105534465283e-06,
    6.9269810370938475e-06,
    7.109516932815638e-06,
    7.303728571739929e-06,
    7.510764467070898e-06,
    7.73192886579421e-06,
    7.968709071233895e-06,
    8.222808727085225e-06,
    8.49618863770536e-06,
    8.791117193509833e-06,
    9.110233145889384e-06,
    9.45662441036541e-06,
    9.833927884742224e-06,
    1.0246457124628101e-05,
    1.069936738900578e-05,
    1.119887147134731e-05,
    1.1752525533339237e-05,
    1.2369612943670374e-05,
    1.3061667702004974e-05,
    1.3843200490191146e-05,
    1.473272517668597e-05,
    1.5754241574909536e-05,
    1.6939429975716095e-05,
    1.8330990740947255e-05,
    1.9987892396102856e-05,
    2.1993934614908517e-05,
    2.447235628939792e-05,
    2.761213142737938e-05,
    3.171854147255143e-05,
    3.7318926256617275e-05,
    4.5409463798781964e-05,
    5.8125107579821804e-05,
    8.10179394140745e-05,
    0.000134454283273306,
    0.0004020183069871849
  ],