{
  "total_s": 6.423389417002909,
  "step_s": 0.0,
  "fit_s": 0.0,
  "eval_s": 0.9468164169229567,
  "plot_s": 0.0,
  "other_s": 0.0,
  "train_s": 5.876838041993324,
  "eval_final_s": 0.17196437501115724,
  "post_s": 0.3719302089884877,
  "steps_per_s": null,
  "updates_per_s": null
}
