{
  "total_s": 7.018867874983698,
  "step_s": 0.0,
  "fit_s": 0.0,
  "eval_s": 0.323222041974077,
  "plot_s": 0.0,
  "other_s": 0.0,
  "train_s": 6.471213540993631,
  "eval_final_s": 0.1763271249947138,
  "post_s": 0.3678554169891868,
  "steps_per_s": null,
  "updates_per_s": null
}
