{
  "total_s": 7.226197291020071,
  "step_s": 0.0,
  "fit_s": 0.0,
  "eval_s": 0.3293563359475229,
  "plot_s": 0.0,
  "other_s": 0.0,
  "train_s": 6.653119499998866,
  "eval_final_s": 0.17985741602024063,
  "post_s": 0.38973104101023637,
  "steps_per_s": null,
  "updates_per_s": null
}
