{
  "total_s": 5.467905041994527,
  "step_s": 0.0,
  "fit_s": 0.0,
  "eval_s": 0.6279029970173724,
  "plot_s": 0.0,
  "other_s": 0.0,
  "train_s": 4.895364249998238,
  "eval_final_s": 0.22371804199065082,
  "post_s": 0.34414033399662003,
  "steps_per_s": null,
  "updates_per_s": null
}
