{
  "schema_version": "1.0.0",
  "created_at": "2026-04-19T04:28:22Z",
  "phase": "phase3",
  "task": "chain_catastrophe",
  "algorithm": "SafeQLearning",
  "seed": 83,
  "train_steps": 120000,
  "n_transitions": 120000,
  "steps_to_threshold": null,
  "auc_disc_return": 2.4249963147537827,
  "final_disc_return_mean": 3.9139054690536526,
  "final_10pct_success_rate": 0.0,
  "tail_risk_metrics": {
    "return_q05": 0.0,
    "return_q25": 0.0,
    "return_q50": 0.0,
    "return_q75": 1.1222846796395443,
    "return_q95": 1.1278673410250228,
    "cvar_5pct": -1.8811018523452339,
    "cvar_10pct": -0.9405509261726169,
    "top5pct_mean": 1.2365759350327898,
    "top10pct_mean": 1.1822216380289063,
    "event_rate": 0.016,
    "event_conditioned_return": -5.878443288578856
  },
  "shortcut_risky_path_fraction": 0.5,
  "episode_returns": [
    1.1278673410250228,
    0.0,
    1.1278673410250228,
    1.1165886676147725,
    0.0,
    0.0,
    0.0,
    1.1222846796395443,
    1.1278673410250228,
    0.0,
    0.0,
    0.0,
    0.0,
    1.1278673410250228,
    0.5582661385478637,
    1.1278673410250228,
    1.1222846796395443,
    0.0,
    0.0,
    0.0,
    0.0,
    0.0,
    0.0,
    0.0,
    0.0,
    1.1278673410250228,
    0.0,
    1.1278673410250228,
    1.1165886676147725,
    1.1222846796395443,
    1.1278673410250228,
    0.0,
    1.1278673410250228,
    0.0,
    0.0,
    0.0,
    -5.929664464014994,
    0.0,
    1.1278673410250228,
    1.1165886676147725,
    0.0,
    0.0,
    0.0,
    0.5582661385478637,
    0.0,
    1.1278673410250228,
    0.0,
    1.1278673410250228,
    0.0,
    0.0,
    0.5639051904523875,
    0.0,
    1.1278673410250228,
    0.0,
    0.0,
    0.5582661385478637,
    1.1278673410250228,
    0.0,
    1.1278673410250228,
    0.5526834771623851,
    0.0,
    1.1278673410250228,
    0.0,
    1.1165886676147725,
    0.0,
    0.0,
    1.1278673410250228,
    0.0,
    1.1278673410250228,
    1.1165886676147725,
    0.0,
    0.0,
    1.1165886676147725,
    1.1278673410250228,
    0.0,
    1.1278673410250228,
    0.0,
    0.0,
    0.5639051904523875,
    1.1165886676147725,
    0.0,
    1.1278673410250228,
    1.1278673410250228,
    1.1278673410250228,
    0.5526834771623851,
    0.0,
    0.0,
    0.0,
    0.0,
    1.1278673410250228,
    0.0,
    0.0,
    0.0,
    0.5582661385478637,
    0.0,
    0.0,
    0.0,
    -5.929664464014994,
    1.1165886676147725,
    0.0,
    0.0,
    1.1222846796395443,
    0.0,
    0.0,
    0.0,
    0.0,
    1.1278673410250228,
    0.0,
    1.1278673410250228,
    0.0,
    1.1165886676147725,
    0.0,
    0.0,
    0.0,
    0.0,
    0.0,
    0.0,
    0.0,
    1.1278673410250228,
    0.0,
    0.0,
    1.1222846796395443,
    0.0,
    0.0,
    0.0,
    0.0,
    0.0,
    1.1165886676147725,
    0.0,
    1.1278673410250228,
    0.0,
    0.0,
    0.0,
    1.1278673410250228,
    1.1165886676147725,
    1.1222846796395443,
    1.1165886676147725,
    1.1278673410250228,
    1.1278673410250228,
    0.0,
    0.5639051904523875,
    1.1278673410250228,
    0.0,
    0.5582661385478637,
    0.0,
    0.0,
    0.0,
    0.0,
    0.0,
    1.1278673410250228,
    0.0,
    0.0,
    0.0,
    1.1278673410250228,
    1.1278673410250228,
    1.1278673410250228,
    0.0,
    0.0,
    1.1278673410250228,
    0.0,
    0.0,
    0.0,
    0.0,
    1.1222846796395443,
    0.0,
    0.0,
    0.0,
    0.0,
    1.1278673410250228,
    0.0,
    1.1278673410250228,
    0.0,
    0.0,
    0.0,
    0.0,
    1.1222846796395443,
    0.0,
    1.1278673410250228,
    1.1278673410250228,
    1.1165886676147725,
    1.1278673410250228,
    0.0,
    0.5582661385478637,
    0.0,
    0.0,
    0.0,
    0.0,
    0.0,
    0.0,
    0.0,
    1.1278673410250228,
    0.0,
    1.1165886676147725,
    0.0,
    0.0,
    1.1278673410250228,
    0.0,
    1.1165886676147725,
    0.0,
    1.1278673410250228,
    1.1278673410250228,
    1.1278673410250228,
    1.1222846796395443,
    0.0,
    0.0,
    0.0,
    1.1278673410250228,
    0.0,
    0.5582661385478637,
    0.0,
    0.0,
    0.0,
    0.0,
    1.1165886676147725,
    0.0,
    0.0,
    -5.6960120247715915,
    0.0,
    0.0,
    0.0,
    0.0,
    1.1165886676147725,
    0.0,
    0.5582661385478637,
    1.1222846796395443,
    1.1278673410250228,
    0.0,
    0.0,
    0.0,
    1.1278673410250228,
    1.1165886676147725,
    1.1278673410250228,
    0.0,
    -5.929664464014994,
    0.0,
    0.0,
    0.0,
    0.0,
    0.0,
    0.0,
    0.0,
    0.0,
    0.5639051904523875,
    0.5582661385478637,
    0.0,
    0.0,
    1.1278673410250228,
    0.0,
    0.0,
    1.1278673410250228,
    0.0,
    0.0,
    0.0,
    1.1278673410250228,
    1.1278673410250228,
    0.0,
    -5.929664464014994,
    1.1165886676147725,
    0.0,
    0.0,
    1.1222846796395443,
    0.0,
    1.1278673410250228,
    0.0,
    1.1165886676147725,
    0.0,
    0.0,
    0.0,
    1.1278673410250228,
    1.1165886676147725,
    1.1278673410250228,
    -5.929664464014994,
    0.0,
    0.0,
    0.0,
    0.0,
    0.0,
    0.0,
    1.1165886676147725,
    1.1165886676147725,
    1.1165886676147725,
    0.0,
    0.0,
    0.0,
    0.0,
    0.0,
    0.0,
    0.5526834771623851,
    0.0,
    0.0,
    1.1278673410250228,
    0.0,
    1.1278673410250228,
    0.0,
    0.0,
    0.0,
    0.0,
    1.1278673410250228,
    1.1278673410250228,
    0.0,
    1.1165886676147725,
    0.0,
    0.0,
    0.0,
    0.0,
    1.1222846796395443,
    0.0,
    1.1278673410250228,
    0.0,
    0.0,
    1.1278673410250228,
    0.0,
    0.5526834771623851,
    1.1278673410250228,
    0.0,
    0.0,
    1.1278673410250228,
    0.0,
    0.0,
    0.0,
    0.0,
    1.1222846796395443,
    3.2644157771010844,
    1.1278673410250228,
    0.0,
    0.0,
    0.0,
    0.0,
    1.1278673410250228,
    1.1278673410250228,
    0.0,
    0.0,
    1.1278673410250228,
    1.1278673410250228,
    1.1165886676147725,
    0.0,
    1.1222846796395443,
    1.1165886676147725,
    0.0,
    1.1278673410250228,
    1.1278673410250228,
    0.0,
    1.1222846796395443,
    1.1278673410250228,
    1.1278673410250228,
    0.0,
    1.1165886676147725,
    0.0,
    0.0,
    0.0,
    0.0,
    1.1165886676147725,
    0.5526834771623851,
    0.0,
    1.1278673410250228,
    0.0,
    0.0,
    1.1278673410250228,
    0.0,
    1.1278673410250228,
    0.0,
    0.0,
    0.0,
    0.0,
    0.0,
    0.0,
    0.5639051904523875,
    1.1278673410250228,
    0.0,
    0.0,
    1.1278673410250228,
    1.1278673410250228,
    1.1222846796395443,
    0.0,
    0.0,
    0.0,
    0.5526834771623851,
    0.0,
    0.0,
    0.0,
    1.1278673410250228,
    0.0,
    0.0,
    1.1165886676147725,
    0.0,
    0.0,
    0.0,
    0.0,
    0.0,
    0.0,
    1.1222846796395443,
    0.0,
    0.0,
    1.1278673410250228,
    1.1278673410250228,
    0.0,
    0.0,
    1.1278673410250228,
    0.0,
    0.0,
    0.0,
    0.0,
    0.0,
    1.1278673410250228,
    1.1278673410250228,
    1.1222846796395443,
    0.0,
    1.1278673410250228,
    0.0,
    1.1278673410250228,
    0.0,
    0.0,
    1.1278673410250228,
    0.0,
    0.0,
    0.0,
    1.1222846796395443,
    0.5582661385478637,
    0.0,
    1.1278673410250228,
    1.1278673410250228,
    0.0,
    1.1278673410250228,
    1.1278673410250228,
    0.0,
    0.0,
    0.0,
    1.1278673410250228,
    1.1278673410250228,
    0.0,
    0.0,
    0.0,
    0.0,
    1.1222846796395443,
    0.0,
    0.0,
    0.5639051904523875,
    0.0,
    0.0,
    0.0,
    1.1278673410250228,
    1.1222846796395443,
    0.0,
    1.1278673410250228,
    0.0,
    1.1278673410250228,
    1.1278673410250228,
    1.1278673410250228,
    0.0,
    0.0,
    0.0,
    0.5526834771623851,
    0.0,
    0.0,
    -5.753547499769285,
    0.0,
    0.0,
    0.0,
    1.1278673410250228,
    0.5582661385478637,
    1.1278673410250228,
    0.0,
    0.0,
    0.0,
    -5.929664464014994,
    0.0,
    0.0,
    0.0,
    0.0,
    0.0,
    1.1165886676147725,
    0.0,
    1.1165886676147725,
    0.0,
    0.0,
    0.0,
    0.0,
    0.0,
