{
  "total_s": 4.741584083996713,
  "step_s": 0.0,
  "fit_s": 0.0,
  "eval_s": 0.6467017129180022,
  "plot_s": 0.0,
  "other_s": 0.0,
  "train_s": 3.948406834009802,
  "eval_final_s": 0.5616774589871056,
  "post_s": 0.21981270899414085,
  "steps_per_s": null,
  "updates_per_s": null
}
