{
  "total_s": 4.646487834019354,
  "step_s": 0.0,
  "fit_s": 0.0,
  "eval_s": 0.617073332919972,
  "plot_s": 0.0,
  "other_s": 0.0,
  "train_s": 3.8384486670256592,
  "eval_final_s": 0.5431643329793587,
  "post_s": 0.25350399999297224,
  "steps_per_s": null,
  "updates_per_s": null
}
