{
  "Bhat_t": [
    14.626181140108017,
    11.206488432711943,
    7.633665424384716,
    3.9,
    0.0
  ],
  "alpha_t": [
    0.14280500000000002,
    0.14280500000000002,
    0.1470021763318791,
    0.2
  ],
  "beta_cap_t": [
    0.0011095918118046804,
    0.001521104458385974,
    0.002556683703453211,
    0.010260817860398385
  ],
  "beta_raw_t": [
    0.0,
    0.0,
    0.0019667523198981735,
    0.0036096572875976562
  ],
  "beta_used_t": [
    0.0,
    0.0,
    0.0019667523198981735,
    0.0036096572875976562
  ],
  "calibration_hash": "",
  "calibration_source_path": "",
  "clip_active_t": [
    false,
    false,
    false,
    false
  ],
  "d_target_t": [
    0.95,
    0.95,
    0.95,
    0.95
  ],
  "gamma": 0.95,
  "informativeness_t": [
    0.0,
    0.0,
    0.0,
    0.0
  ],
  "kappa_t": [
    0.9571402499999999,
    0.9571402499999999,
    0.9573501088165939,
    0.96
  ],
  "notes": "Phase V WP5 pilot schedule (nonlinear deployed)",
  "reward_bound": 2.0,
  "sign": 1,
  "source_phase": "phaseV_rl_pilot",
  "task_family": "phaseV_family_A_A_000"
}