{
  "total_s": 8.874582083022688,
  "step_s": 0.0,
  "fit_s": 0.0,
  "eval_s": 1.3213189170346595,
  "plot_s": 0.0,
  "other_s": 0.0,
  "train_s": 8.197184667020338,
  "eval_final_s": 0.43928808299824595,
  "post_s": 0.2302784580097068,
  "steps_per_s": null,
  "updates_per_s": null
}
