{
  "total_s": 6.634256374993129,
  "step_s": 0.0,
  "fit_s": 0.0,
  "eval_s": 0.8489607500087004,
  "plot_s": 0.0,
  "other_s": 0.0,
  "train_s": 6.076913249999052,
  "eval_final_s": 0.14662208297522739,
  "post_s": 0.4082131670147646,
  "steps_per_s": null,
  "updates_per_s": null
}
