{
  "total_s": 6.661594083001546,
  "step_s": 0.0,
  "fit_s": 0.0,
  "eval_s": 0.8669585440147785,
  "plot_s": 0.0,
  "other_s": 0.0,
  "train_s": 6.100937458002591,
  "eval_final_s": 0.1467981250025332,
  "post_s": 0.4112980830032029,
  "steps_per_s": null,
  "updates_per_s": null
}
