{
  "total_s": 6.692071541998303,
  "step_s": 0.0,
  "fit_s": 0.0,
  "eval_s": 0.8794609990436584,
  "plot_s": 0.0,
  "other_s": 0.0,
  "train_s": 6.36965649999911,
  "eval_final_s": 0.12342945899581537,
  "post_s": 0.19652783399214968,
  "steps_per_s": null,
  "updates_per_s": null
}
