{
  "total_s": 6.9777362089953385,
  "step_s": 0.0,
  "fit_s": 0.0,
  "eval_s": 0.669390461029252,
  "plot_s": 0.0,
  "other_s": 0.0,
  "train_s": 6.345565083989641,
  "eval_final_s": 0.23171399999409914,
  "post_s": 0.39570941700367257,
  "steps_per_s": null,
  "updates_per_s": null
}
