{
  "total_s": 7.002139082993381,
  "step_s": 0.0,
  "fit_s": 0.0,
  "eval_s": 0.6688533769338392,
  "plot_s": 0.0,
  "other_s": 0.0,
  "train_s": 6.366317582986085,
  "eval_final_s": 0.23437562500475906,
  "post_s": 0.3966192080115434,
  "steps_per_s": null,
  "updates_per_s": null
}
