{
  "total_s": 5.523586708004586,
  "step_s": 0.0,
  "fit_s": 0.0,
  "eval_s": 0.6509157488762867,
  "plot_s": 0.0,
  "other_s": 0.0,
  "train_s": 4.6890250830037985,
  "eval_final_s": 0.5887628750060685,
  "post_s": 0.23418116601533256,
  "steps_per_s": null,
  "updates_per_s": null
}
