{
  "total_s": 5.1733800420188345,
  "step_s": 0.0,
  "fit_s": 0.0,
  "eval_s": 0.6369583739724476,
  "plot_s": 0.0,
  "other_s": 0.0,
  "train_s": 4.427235832990846,
  "eval_final_s": 0.5276659170049243,
  "post_s": 0.2072340420272667,
  "steps_per_s": null,
  "updates_per_s": null
}
