{
  "schema_version": "1.0.0",
  "created_at": "2026-04-19T05:25:20Z",
  "phase": "phase2",
  "task": "chain_catastrophe",
  "algorithm": "ExpectedSARSA",
  "seed": 11,
  "train_steps": 120000,
  "n_transitions": 120000,
  "steps_to_threshold": null,
  "auc_disc_return": 1.7315078964015505,
  "final_disc_return_mean": 0.34730134868006296,
  "final_10pct_success_rate": 0.0,
  "tail_risk_metrics": {
    "return_q05": 0.0,
    "return_q25": 0.0,
    "return_q50": 0.0,
    "return_q75": 3.639693702765282,
    "return_q95": 6.8782168284538185,
    "cvar_5pct": -1.986513665123099,
    "cvar_10pct": -0.9932568325615495,
    "top5pct_mean": 7.229245437461076,
    "top10pct_mean": 6.88540138038942,
    "event_rate": 0.014,
    "event_conditioned_return": -7.094691661153924
  },
  "shortcut_risky_path_fraction": 0.322,
  "episode_returns": [
    0.0,
    0.0,
    1.7562386520868993,
    6.2510163743219405,
    0.0,
    0.0,
    0.0,
    0.0,
    0.0,
    5.712149998358732,
    6.221136029822803,
    0.0,
    1.1165886676147725,
    6.9110706738645336,
    0.0,
    4.971611335831142,
    0.0,
    -7.323033696543975,
    0.0,
    0.0,
    0.0,
    0.0,
    0.0,
    6.850772597109332,
    0.0,
    0.0,
    0.0,
    0.0,
    0.0,
    0.0,
    0.0,
    0.0,
    0.0,
    0.0,
    0.0,
    0.0,
    0.0,
    0.0,
    0.0,
    0.0,
    0.0,
    0.0,
    5.056110058546408,
    5.796943525250411,
    0.0,
    5.565671546593762,
    6.994572682766019,
    -7.323033696543975,
    0.0,
    0.0,
    0.0,
    0.0,
    0.0,
    0.0,
    0.0,
    0.0,
    0.0,
    0.0,
    5.485320047585171,
    0.0,
    4.8979706800444,
    0.0,
    0.0,
    0.0,
    5.007292057406605,
    0.0,
    0.0,
    6.954464069321508,
    0.0,
    -5.870367819374844,
    0.0,
    6.291124987766451,
    0.0,
    0.0,
    0.0,
    0.0,
    0.0,
    0.0,
    0.0,
    0.0,
    6.221808651912159,
    0.0,
    5.589111578597545,
    0.0,
    6.262155109412835,
    0.0,
    6.837697292533507,
    0.0,
    0.0,
    0.0,
    4.223556198408596,
    0.0,
    0.0,
    0.0,
    0.0,
    0.0,
    0.0,
    0.0,
    0.0,
    0.0,
    0.0,
    5.566083203133918,
    0.0,
    0.0,
    0.0,
    5.661488420479922,
    0.0,
    6.960393733785523,
    5.559131175298212,
    7.541560147903632,
    0.0,
    0.0,
    0.0,
    1.1165886676147725,
    0.0,
    4.9718449882703855,
    0.0,
    0.0,
    0.0,
    0.0,
    0.0,
    6.850772597109332,
    0.0,
    0.0,
    0.0,
    0.0,
    0.0,
    7.547256159928404,
    0.0,
    6.2021140307568965,
    0.0,
    5.062160119217784,
    7.541144987533075,
    0.0,
    0.0,
    0.0,
    7.547256159928404,
    0.0,
    0.0,
    0.0,
    0.0,
    0.5639051904523875,
    0.0,
    0.0,
    0.0,
    -7.323033696543975,
    0.0,
    0.0,
    -7.323033696543975,
    0.0,
    0.0,
    5.572706023543757,
    0.0,
    6.201669968740929,
    0.0,
    0.0,
    0.0,
    0.0,
    5.599686004512148,
    0.0,
    0.0,
    0.0,
    0.0,
    6.905561725756466,
    0.0,
    0.0,
    0.0,
    0.0,
    0.0,
    4.939754204234208,
    0.0,
    0.0,
    0.0,
    0.0,
    0.0,
    0.0,
    1.1165886676147725,
    -7.323033696543975,
    5.70947163225045,
    5.552750489871889,
    0.0,
    0.0,
    1.1507676165952687,
    0.0,
    5.559048726183922,
    0.0,
    0.0,
    0.0,
    0.0,
    0.0,
    6.286754056017651,
    4.283563454336247,
    0.0,
    0.0,
    0.0,
    5.545734843487578,
    0.0,
    6.9119235806171035,
    6.871527110868122,
    -7.177305325982749,
    6.8782168284538185,
    0.0,
    0.0,
    5.594870839491864,
    7.541560147903632,
    0.0,
    3.757086311813909,
    6.401606236364519,
    0.0,
    5.647004092654689,
    5.075700392147703,
    5.57178271898909,
    0.0,
    6.214774174962164,
    5.661488420479922,
    0.0,
    0.0,
    0.0,
    0.0,
    0.0,
    0.0,
    0.0,
    0.0,
    5.745428215639155,
    0.0,
    5.043117819020856,
    0.0,
    0.0,
    0.0,
    0.0,
    6.32482750203498,
    7.547256159928404,
    6.966089745810295,
    0.0,
    1.1165886676147725,
    0.0,
    6.305123596896942,
    0.0,
    6.84507658508456,
    0.0,
    0.0,
    0.0,
    0.0,
    5.572706023543757,
    5.558707414413266,
    0.0,
    0.5582661385478637,
    0.0,
    0.0,
    0.0,
    0.0,
    0.0,
    6.227919824307488,
    0.0,
    0.0,
    6.857807074059327,
    0.0,
    5.105657063317547,
    0.0,
    0.0,
    0.0,
    0.0,
    0.0,
    6.273089148985615,
    0.0,
    0.0,
    0.0,
    0.0,
    0.5582661385478637,
    0.0,
    0.0,
    0.0,
    0.0,
    1.7562386520868993,
    0.0,
    0.0,
    0.0,
    0.0,
    0.0,
    1.755773683732805,
    0.0,
    6.298089119946947,
    0.0,
    1.1165886676147725,
    0.0,
    5.622119522749928,
    3.6005628330824058,
    6.982765498345918,
    0.0,
    0.0,
    0.0,
    5.572706023543757,
    0.0,
    0.0,
    0.0,
    7.541144987533075,
    0.0,
    0.0,
    0.0,
    0.0,
    6.983237618836723,
    0.0,
    5.583070807208474,
    0.0,
    0.0,
    6.917619592641875,
    0.0,
    0.0,
    7.547256159928404,
    5.55528176026293,
    0.0,
    5.558707414413266,
    1.1165886676147725,
    0.0,
    0.0,
    0.0,
    4.965906894294693,
    0.0,
    6.175043548049048,
    0.0,
    0.0,
    0.0,
    6.84507658508456,
    0.0,
    0.0,
    7.547256159928404,
    0.0,
    0.0,
    6.8782168284538185,
    0.0,
    0.0,
    0.0,
    0.0,
    7.547256159928404,
    0.0,
    0.0,
    5.1103473337932055,
    0.0,
    6.262155109412835,
    0.0,
    0.0,
    5.479624035560399,
    0.0,
    0.0,
    0.0,
    0.0,
    5.552499754373983,
    0.0,
    0.0,
    0.0,
    4.420021623029878,
    0.0,
    5.635204060371299,
    0.0,
    0.0,
    5.699657977435527,
    0.0,
    1.1394325526659732,
    0.0,
    5.66313860233996,
    0.0,
    0.0,
    0.0,
    6.148663367034986,
    0.0,
    0.0,
    0.0,
    0.0,
    6.948593701502133,
    0.0,
    5.15016481243175,
    0.0,
    0.0,
    0.0,
    5.623353776447588,
    0.0,
    4.932636570422786,
    0.0,
    0.0,
    0.0,
    0.0,
    5.532080993721385,
    5.580730048327781,
    0.0,
    5.634273603679922,
    0.0,
    6.195047148331089,
    0.0,
    5.705587641899542,
    0.0,
    0.0,
    0.0,
    0.0,
    0.0,
    0.0,
    7.547256159928404,
    5.626643628663559,
    0.0,
    0.0,
    5.109429793491988,
    2.3024071002238147,
    6.843808464928836,
    0.0,
    1.1165886676147725,
    0.0,
    0.0,
    2.3487401301343045,
    0.0,
    0.0,
    0.0,
    0.0,
    0.0,
    0.0,
    5.656321044585018,
    0.0,
    0.0,
    0.0,
    2.2964175401591533,
    0.0,
    0.0,
    0.0,
    0.0,
    6.324395311638357,
    0.0,
    0.0,
    0.0,
    0.0,
    0.5582661385478637,
    0.0,
    0.0,
    0.0,
    0.0,
    0.0,
    6.872520816429047,
    5.11104048973903,
    0.0,
    0.0,
    0.0,
    0.0,
    0.0,
    0.0,
    0.0,
    0.0,
    6.884974118944421,
    0.0,
    6.256946038785955,
    0.0,
    0.0,
    0.0,
    0.0,
    0.0,
    5.669188663011336,
    6.182078024999044,
    0.0,
    0.0,
    0.0,
    0.0,
    6.286281935526846,
    7.535448975508303,
    0.0,
    0.0,
    0.0,
    0.0,
    0.5639051904523875,
    0.0,
    5.622119522749928,
    0.0,
    0.0,
    1.1222846796395443,
    0.0,
    0.0,
    0.0,
    0.0,
    0.0,
    0.0,
    1.1507676165952687,
    0.0,
    0.0,
    0.0,
    0.0,
    0.0,
    0.0,
    6.832001280508735,
    0.0,
    0.0,
    0.0,
    0.0,
    0.0,
    0.0,
    0.0,
    0.0,
    0.0,
    5.037653122910936,
    6.242218406306652,
    0.0,
    0.0,
    6.256530878415398,
    4.88966808293868,
    5.627911748819283,
    6.324576819569669
  ],