{
  "total_s": 7.419419083016692,
  "step_s": 0.0,
  "fit_s": 0.0,
  "eval_s": 1.2956581210601144,
  "plot_s": 0.0,
  "other_s": 0.0,
  "train_s": 6.741023292008322,
  "eval_final_s": 0.43937866698252037,
  "post_s": 0.23132375002023764,
  "steps_per_s": null,
  "updates_per_s": null
}
