{
  "total_s": 6.847006416006479,
  "step_s": 0.0,
  "fit_s": 0.0,
  "eval_s": 0.6533767900255043,
  "plot_s": 0.0,
  "other_s": 0.0,
  "train_s": 6.233836208004504,
  "eval_final_s": 0.25010170799214393,
  "post_s": 0.35832670802483335,
  "steps_per_s": null,
  "updates_per_s": null
}
