{
  "total_s": 8.349289749981835,
  "step_s": 0.0,
  "fit_s": 0.0,
  "eval_s": 1.2762368720723316,
  "plot_s": 0.0,
  "other_s": 0.0,
  "train_s": 7.408526790997712,
  "eval_final_s": 0.4892204159987159,
  "post_s": 0.4438106669986155,
  "steps_per_s": null,
  "updates_per_s": null
}
