{
  "total_s": 4.807132749992888,
  "step_s": 0.0,
  "fit_s": 0.0,
  "eval_s": 0.6253152920398861,
  "plot_s": 0.0,
  "other_s": 0.0,
  "train_s": 4.156331792008132,
  "eval_final_s": 0.5252513330196962,
  "post_s": 0.11408045800635591,
  "steps_per_s": null,
  "updates_per_s": null
}
