{
  "total_s": 7.424443666997831,
  "step_s": 0.0,
  "fit_s": 0.0,
  "eval_s": 1.3000161669915542,
  "plot_s": 0.0,
  "other_s": 0.0,
  "train_s": 6.746395791997202,
  "eval_final_s": 0.4385484170052223,
  "post_s": 0.23188504201243632,
  "steps_per_s": null,
  "updates_per_s": null
}
