{
  "total_s": 5.603246707993094,
  "step_s": 0.0,
  "fit_s": 0.0,
  "eval_s": 0.6473900009586941,
  "plot_s": 0.0,
  "other_s": 0.0,
  "train_s": 4.730199749988969,
  "eval_final_s": 0.6253133330028504,
  "post_s": 0.23596129199722782,
  "steps_per_s": null,
  "updates_per_s": null
}
