{
  "total_s": 8.671352584002307,
  "step_s": 0.0,
  "fit_s": 0.0,
  "eval_s": 0.17408708209404722,
  "plot_s": 0.0,
  "other_s": 0.0,
  "train_s": 8.03248574997997,
  "eval_final_s": 0.07718875000136904,
  "post_s": 0.5606110420194454,
  "steps_per_s": null,
  "updates_per_s": null
}
