{
  "total_s": 6.569920167006785,
  "step_s": 0.0,
  "fit_s": 0.0,
  "eval_s": 0.9275552048638929,
  "plot_s": 0.0,
  "other_s": 0.0,
  "train_s": 6.022221666993573,
  "eval_final_s": 0.1545173339836765,
  "post_s": 0.38703970800270326,
  "steps_per_s": null,
  "updates_per_s": null
}
