{
  "suite": "paper_suite",
  "task": "grid_regime_shift_pre_shift",
  "algorithm": "MPI",
  "n_seeds": 3,
  "seeds": [
    11,
    29,
    47
  ],
  "scalar_metrics": {
    "final_bellman_residual": {
      "mean": 0.0,
      "std": 0.0,
      "median": 0.0,
      "q25": 0.0,
      "q75": 0.0,
      "iqr": 0.0,
      "ci_low": 0.0,
      "ci_high": 0.0
    },
    "n_sweeps": {
      "mean": 2.0,
      "std": 0.0,
      "median": 2.0,
      "q25": 2.0,
      "q75": 2.0,
      "iqr": 0.0,
      "ci_low": 2.0,
      "ci_high": 2.0
    },
    "wall_clock_s": {
      "mean": 0.005551875333670371,
      "std": 0.00043864175430651344,
      "median": 0.00542920899897581,
      "q25": 0.0053084169994690455,
      "q75": 0.0057340005005244166,
      "iqr": 0.000425583501055371,
      "ci_low": 0.0051876249999622814,
      "ci_high": 0.0060387920020730235
    }
  },
  "tail_risk": null,
  "adaptation": null,
  "event_rates": null,
  "curves": {
    "steps": [
      0,
      1
    ],
    "bellman_residual": [
      0.9988901220865705,
      0.0
    ],
    "supnorm_to_exact": [
      0.0,
      0.0
    ],
    "mean_return": [
      -0.9988901220865705,
      -0.0
    ],
    "episode_returns": [
      -0.9988901220865705,
      -0.0
    ]
  },
  "checkpoints": [
    0,
    1
  ],
  "episode_returns": {},
  "change_at_episode": null,
  "visitation_counts": null
}
