{
  "total_s": 5.964958666998427,
  "step_s": 0.0,
  "fit_s": 0.0,
  "eval_s": 0.6445734579174314,
  "plot_s": 0.0,
  "other_s": 0.0,
  "train_s": 5.549964875011938,
  "eval_final_s": 0.20486337499460205,
  "post_s": 0.20548874998348765,
  "steps_per_s": null,
  "updates_per_s": null
}
