{
  "schema_version": "1.0.0",
  "created_at": "2026-04-19T05:45:43Z",
  "phase": "phase2",
  "task": "chain_regime_shift",
  "algorithm": "QLearning",
  "seed": 67,
  "train_steps": 180000,
  "n_transitions": 180000,
  "steps_to_threshold": null,
  "auc_disc_return": 15.25266156272142,
  "final_disc_return_mean": 19.670914830073755,
  "final_10pct_success_rate": 0.0,
  "adaptation_metrics": {
    "change_at_episode": 300,
    "pre_change_auc": 0.0,
    "post_change_auc": 16.791098312982783,
    "lag_to_50pct_recovery": 20,
    "lag_to_75pct_recovery": 41,
    "lag_to_90pct_recovery": null,
    "post_change_optimum": 21.313412735507583
  },
  "shortcut_risky_path_fraction": 0.0,
  "episode_returns": [
    20.399600487942337,
    18.25935457718373,
    20.93688670955875,
    19.18496391972764,
    20.164949230245675,
    21.012155478063285,
    20.979054761614037,
    19.508978954474202,
    19.558406328017576,
    21.061442471355573,
    20.425732589160294,
    18.347660896496485,
    19.27810966751978,
    19.383336454193635,
    21.871735264574493,
    19.545303551650843,
    20.28430276744303,
    20.482308616917045,
    19.459451804217426,
    20.371364576498124,
    18.204762678587525,
    19.5792510783322,
    19.396452362994978,
    19.862860089077593,
    19.017867852731847,
    16.529461521630463,
    19.704682218916,
    19.334070967907603,
    19.45437226661946,
    19.560708304268996,
    19.417057442829808,
    19.20956700110994,
    18.72859165745036,
    21.2771545974675,
    20.245780080064556,
    19.250750094483582,
    17.982757342410423,
    18.57938319989143,
    20.45551116538304,
    17.967303762894552,
    17.188333979344833,
    19.866253845405783,
    20.147334521417726,
    19.034445158693828,
    19.853723637142828,
    18.737361695555784,
    20.401752752203087,
    19.525947182337486,
    19.460588544544265,
    19.694359225653002,
    20.451127767498935,
    21.11074116517852,
    20.360587670911272,
    18.490954902117107,
    20.415947046594805,
    21.051647327307847,
    19.45918239034916,
    19.22495058294055,
    20.141929228230232,
    19.523217455460273,
    21.096907072258354,
    20.97783698826394,
    21.1134483487498,
    20.264619901531233,
    18.810327892218996,
    20.272780647503534,
    18.67740348452449,
    20.088982128167018,
    18.47147683108633,
    20.64444081294802,
    20.1897857836331,
    21.08600597039494,
    19.55841774035869,
    18.59666666299035,
    19.2137895079103,
    20.440229497110117,
    17.899355665766908,
    18.609686108413317,
    18.61196443490245,
    18.98685802833101,
    17.69463119273241,
    20.338163646534838,
    19.525492213781956,
    19.64790018923863,
    18.20284402103216,
    21.10212705255544,
    19.21347364986575,
    20.033074364297168,
    19.496520864991208,
    20.25858786687737,
    18.89415526050091,
    19.765308118812296,
    17.216526325806164,
    20.2084295456347,
    19.224000824439262,
    17.74791065617651,
    19.885007377474246,
    20.180242638953708,
    20.412688269193055,
    19.856191295389294,
    20.110313534042398,
    20.152160942495502,
    18.03728441498699,
    17.761417568200095,
    20.4535833133489,
    19.847750940704056,
    19.67279980635429,
    18.906650530320075,
    18.665521786580126,
    20.977171145428077,
    19.79399009923908,
    19.41458335328385,
    21.055891370985776,
    18.671068728387624,
    17.8186627312258,
    20.285514644467327,
    20.269988267344925,
    21.079178479485776,
    18.65888355914217,
    18.83420071775668,
    20.067115702496253,
    17.61765052020255,
    20.49394296410162,
    20.494758414566967,
    20.223574471869124,
    20.19659431248885,
    20.42807882355353,
    19.506231944561392,
    19.751511179161565,
    19.001473226981535,
    18.497100508678848,
    21.1711701216445,
    17.523121645993776,
    21.1711701216445,
    19.74775629091232,
    20.120213534042392,
    18.45939966064904,
    20.235329416087996,
    20.461218424410774,
    20.34380430137172,
    21.208690290418737,
    20.400590725448417,
    18.87066652355599,
    18.765823479010958,
    20.646539698217747,
    18.994465431332163,
    18.637619943997976,
    18.559895917613407,
    19.516089423616307,
    21.0858634721059,
    17.18155808155492,
    19.645340929839005,
    19.428722568570343,
    20.474821845757603,
    18.62966634889691,
    20.513861002971296,
    18.78757819238187,
    20.191733483027694,
    20.384352863612243,
    19.338987786457217,
    20.2154176738811,
    21.89276644639476,
    19.654013703476195,
    20.21141093237399,
    21.155686785936027,
    21.00932393742608,
    21.285223717431318,
    18.123356913220373,
    19.14605363938253,
    19.283616692079562,
    19.518042937417732,
    16.825859236218733,
    20.43904844529048,
    19.404978160430183,
    21.080797269084336,
    19.32512349910087,
    20.35731687569021,
    19.269629885976883,
    17.334339101618145,
    19.485821558002186,
    20.524705269433856,
    20.24784127311136,
    20.92677922867074,
    21.01302163183204,
    19.539289654523664,
    18.804337855296268,
    16.724699798458033,
    20.156472533671845,
    19.53066293860925,
    19.43309198240877,
    18.394745795480834,
    20.055366579579733,
    18.836601687492355,
    19.81787600352906,
    20.273058549771584,
    21.133761167193967,
    21.28560341343104,
    21.07416057347839,
    21.08856193464385,
    19.469216295551174
  ],