{
  "total_s": 0.6761854999931529,
  "step_s": 0.0,
  "fit_s": 0.0,
  "eval_s": 0.15108995999617036,
  "plot_s": 0.0,
  "other_s": 0.0,
  "train_s": 0.6602847909962293,
  "post_s": 0.015857874997891486,
  "steps_per_s": null,
  "updates_per_s": null
}
