{
  "task_family": "chain_sparse_long",
  "gamma": 0.99,
  "sign": 1,
  "source_phase": "phase2",
  "reward_bound": 5.0,
  "ablation_type": "alpha_constant_0.00",
  "alpha_t": [
    0.0,
    0.0,
    0.0,
    0.0,
    0.0,
    0.0,
    0.0,
    0.0,
    0.0,
    0.0,
    0.0,
    0.0,
    0.0,
    0.0,
    0.0,
    0.0,
    0.0,
    0.0,
    0.0,
    0.0,
    0.0,
    0.0,
    0.0,
    0.0,
    0.0,
    0.0,
    0.0,
    0.0,
    0.0,
    0.0,
    0.0,
    0.0,
    0.0,
    0.0,
    0.0,
    0.0,
    0.0,
    0.0,
    0.0,
    0.0,
    0.0,
    0.0,
    0.0,
    0.0,
    0.0,
    0.0,
    0.0,
    0.0,
    0.0,
    0.0,
    0.0,
    0.0,
    0.0,
    0.0,
    0.0,
    0.0,
    0.0,
    0.0,
    0.0,
    0.0,
    0.0,
    0.0,
    0.0,
    0.0,
    0.0,
    0.0,
    0.0,
    0.0,
    0.0,
    0.0,
    0.0,
    0.0,
    0.0,
    0.0,
    0.0,
    0.0,
    0.0,
    0.0,
    0.0,
    0.0
  ],
  "kappa_t": [
    0.99,
    0.99,
    0.99,
    0.99,
    0.99,
    0.99,
    0.99,
    0.99,
    0.99,
    0.99,
    0.99,
    0.99,
    0.99,
    0.99,
    0.99,
    0.99,
    0.99,
    0.99,
    0.99,
    0.99,
    0.99,
    0.99,
    0.99,
    0.99,
    0.99,
    0.99,
    0.99,
    0.99,
    0.99,
    0.99,
    0.99,
    0.99,
    0.99,
    0.99,
    0.99,
    0.99,
    0.99,
    0.99,
    0.99,
    0.99,
    0.99,
    0.99,
    0.99,
    0.99,
    0.99,
    0.99,
    0.99,
    0.99,
    0.99,
    0.99,
    0.99,
    0.99,
    0.99,
    0.99,
    0.99,
    0.99,
    0.99,
    0.99,
    0.99,
    0.99,
    0.99,
    0.99,
    0.99,
    0.99,
    0.99,
    0.99,
    0.99,
    0.99,
    0.99,
    0.99,
    0.99,
    0.99,
    0.99,
    0.99,
    0.99,
    0.99,
    0.99,
    0.99,
    0.99,
    0.99
  ],
  "Bhat_t": [
    549.7144023050079,
    545.2165679848564,
    540.6733009948044,
    536.0841424189944,
    531.4486287060548,
    526.7662916222775,
    522.0366582043207,
    517.259250711435,
    512.433586577207,
    507.5591783608152,
    502.63553369779316,
    497.66215525029617,
    492.63854065686485,
    487.56418248168166,
    482.4385681633148,
    477.26117996294425,
    472.03149491206494,
    466.7489847596616,
    461.4131159188501,
    456.02334941297994,
    450.57914082119186,
    445.07994022342615,
    439.5251921448749,
    433.91433549987363,
    428.2468035352259,
    422.5220237729555,
    416.7394179524803,
    410.89840197220235,
    404.99838583050746,
    399.03877356616914,
    393.0189631981507,
    386.9383466647987,
    380.79630976242294,
    374.5922320832555,
    368.32548695278336,
    361.99544136644784,
    355.6014559257049,
    349.1428847734393,
    342.61907552872657,
    336.02936922093596,
    329.3731002231676,
    322.6495961850178,
    315.85817796466443,
    308.99815956026714,
    302.0688480406739,
    295.0695434754282,
    287.9995388640689,
    280.85812006471605,
    273.6445657219354,
    266.3581471938742,
    258.9981284786608,
    251.5637661400614,
    244.05430923238526,
    236.4689992246316,
    228.80706992387033,
    221.06774739784882,
    213.250249896817,
    205.35378777456265,
    197.37756340864917,
    189.32077111984765,
    181.18259709075522,
    172.96221928359114,
    164.65880735716277,
    156.2715225829927,
    147.7995177605987,
    139.2419371319179,
    130.59791629486656,
    121.86658211602685,
    113.04705264245136,
    104.13843701257713,
    95.13983536623952,
    86.0503387537773,
    76.86902904421949,
    67.59497883254494,
    58.22725134600499,
    48.764900349499996,
    39.206970049999995,
    29.552495,
    19.8005,
    9.95,
    0.0
  ],
  "margin_quantile": 0.75,
  "informativeness_t": [
    0.0,
    0.2578077959373019,
    0.30512481168726574,
    0.35188565539503175,
    0.3981896259734114,
    0.44402073858604063,
    0.48928984338212805,
    0.5338592521716644,
    0.5775584806550574,
    0.6201951239791512,
    0.6615628937532161,
    0.7014479038869813,
    0.7396338157950509,
    0.7759061977680201,
    0.8100563096048753,
    0.84188443971832,
    0.871202871457038,
    0.897838524340552,
    0.9216352965457085,
    0.9424561228951263,
    0.9601847551604383,
    0.9747272671118276,
    0.9860132844199316,
    0.9939969386018767,
    0.9986575442727192,
    0.9999999997257746,
    0.9980549121157409,
    0.9928784501093632,
    0.9845519286891263,
    0.9731811327609667,
    0.9588953882596636,
    0.9418463915100812,
    0.9222068096426393,
    0.9001686668378083,
    0.8759415330530955,
    0.8497505336371521,
    0.8218341998334284,
    0.7924421815976102,
    0.7618328453793156,
    0.7302707805325974,
    0.6980242388077041,
    0.6653625319271097,
    0.6325534125533124,
    0.5998604640082061,
    0.5675405239001802,
    0.5358411663540569,
    0.504998266821209,
    0.4752336724753077,
    0.44675299997742773,
    0.4197435809282362,
    0.3943725736212013,
    0.37078525777594745,
    0.3491035267713474,
    0.32942458951863984,
    0.31181989151790157,
    0.29633426182433475,
    0.2829852896048137,
    0.27176293067051754,
    0.26262934079382716,
    0.2555189287007281,
    0.2503386172857254,
    0.24696829669018033,
    0.24526144721342105,
    0.24504590328191955,
    0.24612472142043346,
    0.24827710464090977,
    0.2512593217940145,
    0.25480554149331835,
    0.2586284734680896,
    0.2624196711141559,
    0.2658492900034164,
    0.26856500502469827,
    0.27018964005176976,
    0.2703168144769985,
    0.2685034743822941,
    0.26425737454440557,
    0.2570160191174719,
    0.24611032187890136,
    0.23069887163127833,
    0.025684002801464104
  ],
  "d_target_t": [
    0.891,
    0.7889081128088284,
    0.7701705745718427,
    0.7516532804635674,
    0.733316908114529,
    0.7151677875199279,
    0.6972412220206772,
    0.6795917361400209,
    0.6622868416605973,
    0.6454027309042561,
    0.6290210940737264,
    0.6132266300607554,
    0.5981050089451598,
    0.583741145683864,
    0.5702177013964693,
    0.5576137618715453,
    0.5460036629030129,
    0.5354559443611414,
    0.5260324225678994,
    0.5177873753335299,
    0.5107668369564664,
    0.5050080022237163,
    0.500538739369707,
    0.4973772123136568,
    0.49553161246800315,
    0.49500000010859324,
    0.4957702548021665,
    0.4978201337566922,
    0.501117436239106,
    0.5056202714266571,
    0.5112774262491732,
    0.5180288289620077,
    0.5258061033815148,
    0.5345332079322279,
    0.5441271529109741,
    0.5544987886796877,
    0.5655536568659623,
    0.5771928960873464,
    0.589314193229791,
    0.6018127709090914,
    0.6145824014321492,
    0.6275164373568646,
    0.6405088486288882,
    0.6534552562527504,
    0.6662539525355287,
    0.6788068981237935,
    0.6910206863388012,
    0.7028074656997781,
    0.7140858120089386,
    0.7247815419524185,
    0.7348284608460043,
    0.7441690379207248,
    0.7527550033985464,
    0.7605478625506187,
    0.767519322958911,
    0.7736516323175634,
    0.7789378253164938,
    0.783381879454475,
    0.7869987810456445,
    0.7898145042345117,
    0.7918659075548528,
    0.7932005545106886,
    0.7938764669034853,
    0.7939618223003598,
    0.7935346103175084,
    0.7926822665621996,
    0.7915013085695702,
    0.7900970055686459,
    0.7885831245066365,
    0.7870818102387942,
    0.7857236811586471,
    0.7846482580102195,
    0.7840049025394992,
    0.7839545414671086,
    0.7846726241446115,
    0.7863540796804154,
    0.7892216564294812,
    0.793540312535955,
    0.7996432468340138,
    0.8808291348906202
  ],