{
  "total_s": 5.6276725830102805,
  "step_s": 0.0,
  "fit_s": 0.0,
  "eval_s": 0.6413414569979068,
  "plot_s": 0.0,
  "other_s": 0.0,
  "train_s": 5.023823374998756,
  "eval_final_s": 0.24367749999510124,
  "post_s": 0.35540374999982305,
  "steps_per_s": null,
  "updates_per_s": null
}
