{
  "total_s": 11.109657959023025,
  "step_s": 0.0,
  "fit_s": 0.0,
  "eval_s": 0.41534545802278444,
  "plot_s": 0.0,
  "other_s": 0.0,
  "train_s": 10.149243499996373,
  "eval_final_s": 0.3155902080179658,
  "post_s": 0.6395164590212516,
  "steps_per_s": null,
  "updates_per_s": null
}
