{
  "total_s": 4.633409208006924,
  "step_s": 0.0,
  "fit_s": 0.0,
  "eval_s": 0.6221745850343723,
  "plot_s": 0.0,
  "other_s": 0.0,
  "train_s": 3.812643749988638,
  "eval_final_s": 0.6086219999997411,
  "post_s": 0.20058208299451508,
  "steps_per_s": null,
  "updates_per_s": null
}
