{
  "schema_version": "1.0.0",
  "created_at": "2026-04-19T05:41:44Z",
  "phase": "phase2",
  "task": "chain_regime_shift",
  "algorithm": "ExpectedSARSA",
  "seed": 67,
  "train_steps": 180000,
  "n_transitions": 180000,
  "steps_to_threshold": null,
  "auc_disc_return": 13.586252248934752,
  "final_disc_return_mean": 17.9518770451445,
  "final_10pct_success_rate": 0.0,
  "adaptation_metrics": {
    "change_at_episode": 300,
    "pre_change_auc": 0.0,
    "post_change_auc": 15.794366858311879,
    "lag_to_50pct_recovery": 23,
    "lag_to_75pct_recovery": 464,
    "lag_to_90pct_recovery": null,
    "post_change_optimum": 21.000121218570047
  },
  "shortcut_risky_path_fraction": 0.0,
  "episode_returns": [
    19.710138976198976,
    17.1332816840249,
    17.108867793978632,
    17.288418214052932,
    17.268380714145763,
    17.331655466580898,
    17.003740911400097,
    20.0269570409486,
    19.117796547970375,
    19.591381279035403,
    17.57629715839494,
    18.80003321317457,
    17.221363657756502,
    18.677124546994307,
    20.11633865567449,
    17.607035316656297,
    17.934016556337042,
    19.591843688874327,
    16.13196127148809,
    16.07413636673179,
    19.016189861875862,
    17.010457831771472,
    17.06396980821095,
    18.877349254074876,
    18.898965336979003,
    17.987553984875007,
    17.232351583872802,
    20.42735768387568,
    16.034771638626115,
    18.775583194205044,
    16.252711748176118,
    17.997128298218012,
    17.466934425704174,
    17.013201871773028,
    19.04328351367257,
    19.266237672481637,
    18.002670268725094,
    17.094613497978564,
    17.806868742723573,
    19.682208804861904,
    18.36103367026197,
    18.79968544240726,
    17.941445978057246,
    17.975082519130957,
    18.593398033340012,
    17.32845726580775,
    16.274733843784453,
    16.498461212528632,
    19.457089090327194,
    16.93126068337962,
    16.713334623448272,
    17.81167816369673,
    17.67490453965452,
    19.445356412583422,
    18.246031596108846,
    19.573052876734163,
    18.485536944270212,
    19.399566025299343,
    18.295372755281473,
    20.39873136817129,
    19.553314001432895,
    17.175751356940484,
    16.228517671039626,
    17.011854779871296,
    17.897499223584038,
    17.050229159350945,
    16.354910370031167,
    15.338888496286442,
    16.970361575979155,
    19.99085310908621,
    18.384582616726888,
    19.51306637387486,
    20.417147888261066,
    17.01768836390033,
    16.925975391093875,
    17.662204827501238,
    18.108074968578357,
    18.716500555157335,
    17.215858363906868,
    19.457058683875683,
    19.054395630246454,
    17.96911625019819,
    19.784780567797338,
    18.22237505364332,
    18.13131299132742,
    17.330283387226327,
    17.890808398453373,
    19.340088819156033,
    17.064594263390543,
    19.18735957942708,
    18.078726666157568,
    18.638490553211028,
    17.130740981567307,
    20.44743774140766,
    20.260346127972337,
    17.908637074661186,
    20.983951569145216,
    19.748760233073444,
    17.332900521294274,
    17.37618070639321,
    17.27956630829172,
    17.72678603817665,
    20.218881250480646,
    17.91021898430515,
    19.68898777691607,
    20.22356672194697,
    19.548402075492092,
    20.010121218570053,
    18.638713717090656,
    16.22804811471822,
    17.621294245843266,
    17.956901304335123,
    17.866192741307028,
    20.26781784891565,
    18.196577465065133,
    16.448538259711647,
    17.91691312229285,
    15.959829586400142,
    15.524240038685955,
    18.881524471791135,
    17.175399748111495,
    19.72970720880939,
    19.664467952893983,
    18.852275206499822,
    19.68173092011765,
    16.210653227908665,
    16.445139522250116,
    17.168457058579918,
    19.43675091698471,
    19.58400449696443,
    18.159945430833762,
    18.827815532843278,
    19.482450059414326,
    19.45886791991107,
    16.294019118486595,
    16.61234259641785,
    17.290420031104688,
    15.765087452373546,
    20.418222511400845,
    18.92018089903852,
    15.232334705394114,
    19.670632736330692,
    15.715175292967857,
    18.55206344046701,
    18.910825264863043,
    19.59409147133851,
    16.514167490855577,
    18.66274708071124,
    17.303055693364314,
    19.469099864196902,
    15.858093278276034,
    17.22878321615269,
    18.844653415395026,
    18.04256353314845,
    17.8606395467318,
    20.019367929680325,
    17.29787257027106,
    18.750445172783905,
    20.42198389545962,
    16.515460803433296,
    16.351368212706426,
    20.424592112798514,
    17.244851390960577,
    16.032832789803802,
    16.52107074010032,
    16.450193961735852,
    19.609876518167788,
    20.35750961648533,
    17.948815341087393,
    17.264460590390556,
    17.318097165111457,
    19.631536971776985,
    16.732442281263605,
    20.972536506700056,
    17.584655327127034,
    20.985260859032937,
    18.61996119467219,
    18.910178503267687,
    18.324581705381473,
    17.154084996168162,
    16.743193526873977,
    16.139595937036376,
    15.429174436189555,
    17.979334852641376,
    20.430043126708238,
    20.157178025186123,
    18.804956614887292,
    19.703741772348973,
    17.052697104561506,
    17.7411939817378,
    17.7058172064903,
    17.062890824919737,
    18.974008830235917,
    17.228914129792283,
    18.66353705166181,
    18.980140871931322,
    18.197033795748457,
    16.774558481337717,
    17.669034171835147,
    18.88280697193125
  ],