{
  "schema_version": "1.0.0",
  "created_at": "2026-04-19T04:43:22Z",
  "phase": "phase3",
  "task": "chain_catastrophe",
  "algorithm": "SafeQLearning",
  "seed": 47,
  "train_steps": 120000,
  "n_transitions": 120000,
  "steps_to_threshold": null,
  "auc_disc_return": 2.8388015273905367,
  "final_disc_return_mean": 3.8717543110107866,
  "final_10pct_success_rate": 0.0,
  "tail_risk_metrics": {
    "return_q05": 0.0,
    "return_q25": 0.0,
    "return_q50": 0.0,
    "return_q75": 1.691943417591701,
    "return_q95": 1.703451093757654,
    "cvar_5pct": -3.8225022100668604,
    "cvar_10pct": -1.9112511050334302,
    "top5pct_mean": 2.055238923776751,
    "top10pct_mean": 1.8793450087672021,
    "event_rate": 0.032,
    "event_conditioned_return": -5.972659703229469
  },
  "shortcut_risky_path_fraction": 0.674,
  "episode_returns": [
    0.0,
    1.1222846796395443,
    0.0,
    0.0,
    1.703451093757654,
    1.1165886676147725,
    0.0,
    1.1507676165952687,
    1.1507676165952687,
    1.1222846796395443,
    0.0,
    1.703451093757654,
    0.0,
    1.703451093757654,
    0.0,
    1.139259940429316,
    1.703451093757654,
    0.0,
    1.703451093757654,
    1.703451093757654,
    0.5696012024771592,
    -6.0500606713753635,
    0.0,
    1.1507676165952687,
    -6.0500606713753635,
    1.691943417591701,
    0.0,
    1.691943417591701,
    -5.811664141181096,
    0.0,
    0.0,
    0.0,
    1.145071604570497,
    0.0,
    0.0,
    0.0,
    0.0,
    1.703451093757654,
    0.0,
    0.0,
    1.703451093757654,
    1.703451093757654,
    1.1222846796395443,
    1.691943417591701,
    0.0,
    0.5696012024771592,
    0.0,
    1.1165886676147725,
    0.0,
    0.0,
    -5.526834771623851,
    0.0,
    -6.0500606713753635,
    1.6977550817328821,
    1.703451093757654,
    0.0,
    0.0,
    0.0,
    1.703451093757654,
    0.0,
    0.0,
    1.703451093757654,
    0.0,
    1.1280382271393137,
    1.703451093757654,
    0.0,
    0.0,
    1.1222846796395443,
    0.0,
    1.1222846796395443,
    1.703451093757654,
    0.5753547499769285,
    0.0,
    1.703451093757654,
    0.0,
    1.1507676165952687,
    0.0,
    1.691943417591701,
    0.0,
    1.703451093757654,
    1.703451093757654,
    0.0,
    0.0,
    0.0,
    1.703451093757654,
    0.0,
    1.703451093757654,
    1.703451093757654,
    1.1165886676147725,
    1.691943417591701,
    1.703451093757654,
    0.0,
    0.0,
    1.691943417591701,
    0.0,
    1.1338498912804946,
    0.0,
    0.0,
    1.691943417591701,
    1.703451093757654,
    0.0,
    0.0,
    0.0,
    0.0,
    1.1222846796395443,
    1.691943417591701,
    1.691943417591701,
    1.1222846796395443,
    3.561333741139695,
    0.0,
    0.0,
    1.703451093757654,
    1.1165886676147725,
    1.691943417591701,
    1.691943417591701,
    1.691943417591701,
    0.0,
    0.0,
    1.6977550817328821,
    1.1507676165952687,
    1.145071604570497,
    0.0,
    -6.0500606713753635,
    1.1222846796395443,
    0.0,
    0.0,
    1.703451093757654,
    1.691943417591701,
    0.0,
    0.0,
    0.0,
    0.0,
    0.0,
    1.1507676165952687,
    1.1507676165952687,
    1.691943417591701,
    0.0,
    -6.0500606713753635,
    0.0,
    0.0,
    0.0,
    0.0,
    0.0,
    1.1222846796395443,
    0.0,
    1.1507676165952687,
    0.0,
    0.0,
    0.0,
    1.6977550817328821,
    0.0,
    0.0,
    0.0,
    0.0,
    -5.811664141181096,
    -6.0500606713753635,
    0.0,
    1.703451093757654,
    0.0,
    1.1222846796395443,
    1.703451093757654,
    0.0,
    -5.811664141181096,
    0.0,
    0.0,
    0.0,
    0.0,
    0.0,
    1.1507676165952687,
    -6.0500606713753635,
    0.0,
    1.1222846796395443,
    0.0,
    1.1222846796395443,
    -6.0500606713753635,
    0.0,
    0.0,
    1.1222846796395443,
    1.1507676165952687,
    0.0,
    1.691943417591701,
    0.0,
    0.0,
    0.0,
    0.0,
    0.0,
    0.0,
    0.0,
    0.0,
    1.1165886676147725,
    0.0,
    0.0,
    1.1507676165952687,
    1.139259940429316,
    0.5696012024771592,
    1.691943417591701,
    1.1222846796395443,
    1.703451093757654,
    0.0,
    0.0,
    0.0,
    0.0,
    0.0,
    0.0,
    0.0,
    0.0,
    0.0,
    1.1222846796395443,
    0.0,
    0.0,
    1.703451093757654,
    1.6977550817328821,
    0.0,
    1.703451093757654,
    0.0,
    1.703451093757654,
    1.133620888524792,
    1.1280382271393137,
    0.0,
    0.0,
    -6.0500606713753635,
    0.0,
    1.703451093757654,
    0.0,
    1.703451093757654,
    0.0,
    1.703451093757654,
    0.0,
    0.0,
    1.703451093757654,
    1.1165886676147725,
    0.0,
    0.0,
    0.0,
    1.691943417591701,
    1.703451093757654,
    0.0,
    0.0,
    0.0,
    1.691943417591701,
    1.691943417591701,
    1.703451093757654,
    1.1507676165952687,
    1.6977550817328821,
    1.6977550817328821,
    1.6977550817328821,
    0.0,
    1.6977550817328821,
    0.0,
    1.6977550817328821,
    0.0,
    1.703451093757654,
    1.703451093757654,
    1.703451093757654,
    1.703451093757654,
    1.1222846796395443,
    0.0,
    0.0,
    1.6977550817328821,
    0.0,
    1.1507676165952687,
    1.703451093757654,
    2.3313027895043366,
    0.0,
    1.703451093757654,
    0.0,
    0.0,
    1.703451093757654,
    1.703451093757654,
    1.703451093757654,
    0.0,
    1.703451093757654,
    0.0,
    1.6977550817328821,
    1.1280382271393137,
    0.0,
    1.6977550817328821,
    0.0,
    1.703451093757654,
    0.0,
    0.5696012024771592,
    0.0,
    1.703451093757654,
    1.1222846796395443,
    1.691943417591701,
    1.6977550817328821,
    1.703451093757654,
    0.0,
    0.0,
    1.1280382271393137,
    1.6977550817328821,
    1.6977550817328821,
    0.0,
    1.703451093757654,
    0.0,
    0.0,
    0.0,
    0.0,
    0.0,
    1.691943417591701,
    1.703451093757654,
    0.0,
    1.133620888524792,
    0.0,
    0.0,
    0.0,
    0.0,
    1.1222846796395443,
    0.0,
    1.703451093757654,
    0.0,
    1.703451093757654,
    1.691943417591701,
    1.703451093757654,
    1.691943417591701,
    0.0,
    0.0,
    0.0,
    1.1280382271393137,
    0.0,
    1.1507676165952687,
    0.0,
    0.0,
    0.0,
    0.0,
    0.0,
    0.0,
    1.703451093757654,
    0.0,
    1.703451093757654,
    1.703451093757654,
    1.691943417591701,
    0.0,
    0.5696012024771592,
    0.0,
    0.5526834771623851,
    1.703451093757654,
    0.0,
    1.691943417591701,
    1.6977550817328821,
    0.0,
    1.1165886676147725,
    0.0,
    0.5753547499769285,
    1.133620888524792,
    1.1507676165952687,
    1.703451093757654,
    4.1981825351254285,
    0.0,
    0.0,
    0.0,
    1.703451093757654,
    0.0,
    0.0,
    1.703451093757654,
    0.0,
    0.0,
    0.0,
    0.0,
    1.703451093757654,
    1.6977550817328821,
    0.0,
    1.703451093757654,
    0.0,
    1.1222846796395443,
    0.0,
    1.703451093757654,
    1.1507676165952687,
    0.0,
    0.0,
    -6.0500606713753635,
    0.5526834771623851,
    1.6977550817328821,
    0.0,
    0.0,
    0.0,
    1.691943417591701,
    0.0,
    1.691943417591701,
    1.703451093757654,
    1.1507676165952687,
    0.0,
    0.0,
    0.0,
    1.6977550817328821,
    0.0,
    1.6977550817328821,
    1.1222846796395443,
    1.703451093757654,
    1.6977550817328821,
    1.703451093757654,
    1.703451093757654,
    1.1222846796395443,
    0.0,
    0.0,
    0.0,
    0.0,
    1.691943417591701,
    1.1222846796395443,
    1.703451093757654,
    1.1165886676147725,
    0.0,
    0.0,
    0.5526834771623851,
    1.703451093757654,
    0.0,
    1.1507676165952687,
    0.0,
    0.0,
    0.0,
    1.1394325526659732,
    0.0,
    0.0,
    1.703451093757654,
    1.703451093757654,
    1.6977550817328821,
    0.0,
    0.0,
    1.1507676165952687,
    1.6977550817328821,
    1.6977550817328821,
    0.0,
    0.0,
    1.1222846796395443,
    0.0,
    1.703451093757654,
    0.0,
    1.703451093757654,
    1.703451093757654,
    1.691943417591701,
    1.703451093757654,
    1.703451093757654,
    0.0,
    0.0,
    0.0,
    1.1280382271393137,
