{
  "schema_version": "1.0.0",
  "phase": "phase4C",
  "task": "dense_chain_cost_1",
  "algorithm": "safe_target_q",
  "seed": 42,
  "train_steps": 20000,
  "n_transitions": 20000,
  "mean_return": -0.6415140775914574,
  "final_disc_return_mean": -0.6415140775914574,
  "mean_q_target_gap": 0.00011420244239546125,
  "std_q_target_gap": 0.0007901287869488847,
  "p5_q_target_gap": 0.0,
  "p95_q_target_gap": 0.0,
  "mean_beta_used": 0.03400141680233128,
  "std_beta_used": 0.023448589427838392,
  "p5_beta_used": 0.0,
  "p95_beta_used": 0.07263939763522755,
  "mean_rho": 0.5124451464184553,
  "std_rho": 0.0003036832564439303,
  "p5_rho": 0.5119283252323484,
  "p95_rho": 0.5128205128205129,
  "mean_effective_discount": 0.9507319644840125,
  "std_effective_discount": 0.0005921823500656734,
  "p5_effective_discount": 0.9499999999999998,
  "p95_effective_discount": 0.9517397657969205,
  "stage_mean_q_target_gap": [
    9.408231163859054e-05,
    0.00011137449243565846,
    0.000108016264289063,
    0.0001515874941470031,
    0.00017065124152906082,
    0.00016093911648838637,
    0.0001899595226989253,
    0.0001645038915455409,
    0.0001341245659924652,
    8.933791895986944e-05,
    0.00012322049442687873,
    8.176595686197491e-05,
    5.222753025187812e-05,
    0.00013722541326495117,
    8.419630184893364e-05,
    0.00012143748613370542,
    9.695982492380658e-05,
    8.21057573416442e-05,
    0.00013033326313088945,
    0.0
  ],
  "stage_std_q_target_gap": [
    0.0011098634608598086,
    0.0007769141844500944,
    0.0007099740681553431,
    0.0008391553632986527,
    0.0008895462141139601,
    0.0009307702652226459,
    0.0010830343366719103,
    0.0009853333653642737,
    0.0007719838488752126,
    0.00062320700061876,
    0.0008300937525779444,
    0.0006379555781325789,
    0.0004570766997873165,
    0.0008525068846677473,
    0.0005951523293681306,
    0.0007962686566158411,
    0.0006606003218355103,
    0.0006245632461978876,
    0.000878960951587833,
    0.0
  ],
  "stage_mean_beta_used": [
    0.018215775206987046,
    0.018787707685831843,
    0.0194098501033484,
    0.020087843244389135,
    0.020827854540063518,
    0.0272405666116291,
    0.02383107927338829,
    0.0264454796037792,
    0.028121969656834014,
    0.030074021635987946,
    0.03237156846675583,
    0.03510858001738039,
    0.03841247215453457,
    0.04245525462037469,
    0.06116854353204081,
    0.07021968422895321,
    0.07141877040225328,
    0.09583131506209426,
    0.0,
    0.0
  ],
  "stage_std_beta_used": [
    3.469446951953614e-18,
    0.0,
    3.469446951953614e-18,
    3.469446951953614e-18,
    0.0,
    1.0408340855860843e-17,
    0.0,
    1.0408340855860843e-17,
    1.0408340855860843e-17,
    1.3877787807814457e-17,
    6.938893903907228e-18,
    1.3877787807814457e-17,
    6.938893903907228e-18,
    0.0,
    0.0,
    2.7755575615628914e-17,
    2.7755575615628914e-17,
    2.7755575615628914e-17,
    0.0,
    0.0
  ],
  "stage_mean_rho": [
    0.5126074126489523,
    0.5126161354887326,
    0.5126161386688997,
    0.5126158583396586,
    0.5126088916820726,
    0.5125382320046361,
    0.5125672220488354,
    0.5125354629340299,
    0.5125127474785914,
    0.5124897075638787,
    0.5124616166224107,
    0.5124286357028479,
    0.5123955164190511,
    0.5123467845251843,
    0.5121370265487112,
    0.5120323069196747,
    0.5120116134289209,
    0.51174059370299,
    0.5128205128205128,
    0.5128205128205128
  ],
  "stage_std_rho": [
    5.4892563436303265e-05,
    9.036505452339142e-05,
    0.00010448557702281011,
    0.00011200349053084235,
    0.00011115932761393824,
    0.0001324524107862608,
    0.00010699870960256882,
    0.00011000164289799541,
    0.00011128143171458298,
    0.0001135850882444705,
    0.00012001748190207353,
    0.00012629013004528434,
    0.00013461074112875926,
    0.00014571565195868556,
    0.00020401458233379816,
    0.00023018459600252801,
    0.00022787467623416676,
    0.00030267496851341336,
    1.1102230246251565e-16,
    1.1102230246251565e-16
  ],
  "stage_mean_effective_discount": [
    0.9504155453345429,
    0.950398535796971,
    0.9503985295956455,
    0.9503990762376656,
    0.9504126612199582,
    0.9505504475909597,
    0.950493917004771,
    0.9505558472786415,
    0.9506001424167466,
    0.9506450702504369,
    0.950699847586299,
    0.9507641603794461,
    0.9508287429828506,
    0.9509237701758907,
    0.9513327982300129,
    0.9515370015066337,
    0.9515773538136048,
    0.9521058422791694,
    0.9499999999999996,
    0.9499999999999996
  ],
  "stage_std_effective_discount": [
    0.00010704049870079167,
    0.0001762118563206108,
    0.00020374687519447148,
    0.00021840680653514093,
    0.0002167606888471874,
    0.00025828220103321143,
    0.00020864748372502278,
    0.00021450320365107848,
    0.00021699879184342916,
    0.0002214909220767252,
    0.0002340340897090298,
    0.00024626575358829687,
    0.00026249094520108726,
    0.0002841455213194353,
    0.00039782843555091665,
    0.0004488599622049442,
    0.0004443556186566293,
    0.0005902161886011658,
    2.220446049250313e-16,
    2.220446049250313e-16
  ]
}