{
  "schema_version": "1.0.0",
  "created_at": "2026-04-18T19:26:44Z",
  "phase": "phase3",
  "task": "chain_catastrophe",
  "algorithm": "SafeQLearning",
  "seed": 47,
  "train_steps": 120000,
  "n_transitions": 120000,
  "steps_to_threshold": null,
  "auc_disc_return": 2.946812674506417,
  "final_disc_return_mean": 4.508979363570287,
  "final_10pct_success_rate": 0.03333333333333333,
  "tail_risk_metrics": {
    "return_q05": 0.0,
    "return_q25": 0.0,
    "return_q50": 0.0,
    "return_q75": 0.5526834771623851,
    "return_q95": 1.703451093757654,
    "cvar_5pct": -3.688162984920562,
    "cvar_10pct": -1.844081492460281,
    "top5pct_mean": 2.1220859245547157,
    "top10pct_mean": 1.9117386009070694,
    "event_rate": 0.032,
    "event_conditioned_return": -5.762754663938378
  },
  "shortcut_risky_path_fraction": 0.748,
  "episode_returns": [
    0.5526834771623851,
    1.703451093757654,
    0.5526834771623851,
    0.5526834771623851,
    0.0,
    0.0,
    0.5526834771623851,
    0.0,
    0.5526834771623851,
    0.0,
    0.0,
    0.5526834771623851,
    0.0,
    0.0,
    0.5526834771623851,
    0.5526834771623851,
    0.0,
    0.0,
    0.0,
    0.0,
    0.0,
    1.691943417591701,
    0.0,
    0.5526834771623851,
    0.0,
    0.5526834771623851,
    0.0,
    0.0,
    0.0,
    0.5526834771623851,
    1.1507676165952687,
    -5.582661385478636,
    0.0,
    0.0,
    0.0,
    0.5526834771623851,
    0.0,
    0.0,
    1.6977550817328821,
    0.5526834771623851,
    0.0,
    0.0,
    -5.582661385478636,
    1.703451093757654,
    0.0,
    -6.0500606713753635,
    0.0,
    0.0,
    0.0,
    0.0,
    0.5526834771623851,
    0.0,
    0.0,
    0.0,
    1.691943417591701,
    0.5526834771623851,
    0.0,
    0.0,
    0.0,
    0.0,
    0.0,
    1.6977550817328821,
    0.0,
    0.5526834771623851,
    1.1165886676147725,
    0.0,
    1.703451093757654,
    0.5526834771623851,
    0.5526834771623851,
    1.1280382271393137,
    1.703451093757654,
    0.0,
    0.0,
    0.0,
    0.5526834771623851,
    0.0,
    0.5526834771623851,
    -6.0500606713753635,
    0.0,
    1.703451093757654,
    0.5526834771623851,
    0.0,
    1.691943417591701,
    0.5526834771623851,
    0.0,
    0.0,
    0.0,
    0.0,
    1.703451093757654,
    1.1338498912804946,
    0.5526834771623851,
    1.703451093757654,
    1.6977550817328821,
    1.1222846796395443,
    0.0,
    0.0,
    1.1507676165952687,
    0.0,
    0.0,
    0.0,
    0.0,
    0.0,
    1.703451093757654,
    0.0,
    0.0,
    0.0,
    0.0,
    0.5526834771623851,
    0.5526834771623851,
    0.5526834771623851,
    0.5526834771623851,
    0.0,
    0.5526834771623851,
    0.0,
    1.691943417591701,
    0.0,
    0.0,
    0.0,
    0.0,
    0.0,
    0.0,
    0.5526834771623851,
    4.191829940864005,
    0.5526834771623851,
    0.5526834771623851,
    3.5497098258205506,
    0.5526834771623851,
    0.5526834771623851,
    0.0,
    0.5526834771623851,
    1.691943417591701,
    0.5526834771623851,
    0.5526834771623851,
    1.703451093757654,
    1.691943417591701,
    0.0,
    0.5526834771623851,
    1.703451093757654,
    0.0,
    0.0,
    0.0,
    0.0,
    1.703451093757654,
    0.5526834771623851,
    0.0,
    0.0,
    0.5526834771623851,
    0.0,
    0.0,
    0.0,
    1.703451093757654,
    0.5526834771623851,
    1.703451093757654,
    0.0,
    0.5526834771623851,
    0.5526834771623851,
    3.5661935995690586,
    0.0,
    0.5526834771623851,
    0.0,
    0.5526834771623851,
    1.703451093757654,
    0.0,
    0.0,
    0.0,
    0.0,
    0.0,
    0.5526834771623851,
    0.0,
    0.0,
    0.0,
    0.0,
    0.0,
    0.0,
    0.0,
    0.0,
    0.0,
    0.0,
    0.0,
    0.5526834771623851,
    0.5526834771623851,
    0.0,
    0.0,
    0.0,
    0.0,
    0.5526834771623851,
    0.5526834771623851,
    1.1222846796395443,
    4.7679797050998465,
    0.0,
    0.5526834771623851,
    1.133620888524792,
    0.0,
    0.0,
    0.0,
    0.0,
    0.5526834771623851,
    0.0,
    0.5526834771623851,
    -5.753547499769285,
    0.0,
    0.5526834771623851,
    1.703451093757654,
    -5.753547499769285,
    0.5526834771623851,
    0.0,
    0.0,
    0.0,
    0.5526834771623851,
    0.0,
    1.703451093757654,
    0.0,
    0.0,
    0.0,
    0.0,
    0.5526834771623851,
    1.6977550817328821,
    0.0,
    0.0,
    0.0,
    0.5526834771623851,
    0.0,
    0.0,
    0.0,
    0.0,
    -5.6960120247715915,
    0.0,
    0.0,
    0.5526834771623851,
    0.0,
    1.1507676165952687,
    0.0,
    0.0,
    0.5526834771623851,
    -5.582661385478636,
    0.0,
    0.0,
    0.0,
    0.0,
    0.0,
    1.691943417591701,
    0.0,
    0.0,
    0.0,
    0.5526834771623851,
    0.0,
    0.0,
    0.5526834771623851,
    0.0,
    0.5526834771623851,
    0.5526834771623851,
    0.5526834771623851,
    -5.639051904523875,
    0.0,
    0.0,
    -5.753547499769285,
    0.5526834771623851,
    0.0,
    0.5526834771623851,
    -5.753547499769285,
    0.0,
    1.691943417591701,
    0.0,
    0.0,
    0.0,
    0.5526834771623851,
    0.0,
    1.6977550817328821,
    0.5526834771623851,
    0.0,
    1.703451093757654,
    0.0,
    0.5526834771623851,
    1.1507676165952687,
    0.5526834771623851,
    0.0,
    0.5526834771623851,
    0.0,
    1.703451093757654,
    0.0,
    0.5526834771623851,
    0.0,
    0.0,
    1.703451093757654,
    0.0,
    0.0,
    0.0,
    0.5526834771623851,
    0.0,
    1.703451093757654,
    0.0,
    0.0,
    0.5526834771623851,
    0.0,
    0.5526834771623851,
    0.0,
    1.691943417591701,
    1.703451093757654,
    0.5526834771623851,
    0.5526834771623851,
    0.0,
    0.0,
    0.5526834771623851,
    0.0,
    0.0,
    0.0,
    0.5526834771623851,
    -5.753547499769285,
    0.0,
    0.5526834771623851,
    0.0,
    1.691943417591701,
    0.5526834771623851,
    0.0,
    0.0,
    1.703451093757654,
    0.0,
    0.5526834771623851,
    0.0,
    0.0,
    1.703451093757654,
    0.0,
    0.5526834771623851,
    0.0,
    0.0,
    0.5526834771623851,
    0.0,
    1.703451093757654,
    0.5526834771623851,
    0.0,
    0.0,
    0.0,
    1.691943417591701,
    0.0,
    0.0,
    0.0,
    0.5526834771623851,
    0.5526834771623851,
    0.5526834771623851,
    -5.753547499769285,
    0.0,
    0.0,
    0.0,
    0.5526834771623851,
    0.0,
    0.0,
    0.0,
    0.0,
    0.0,
    0.5526834771623851,
    0.0,
    1.703451093757654,
    0.0,
    0.5526834771623851,
    0.0,
    1.139259940429316,
    0.5526834771623851,
    0.0,
    0.5526834771623851,
    0.0,
    1.145071604570497,
    1.1165886676147725,
    0.0,
    0.5526834771623851,
    0.5526834771623851,
    0.0,
    0.5526834771623851,
    0.5526834771623851,
    0.0,
    0.0,
    1.703451093757654,
    0.5526834771623851,
    0.0,
    0.5526834771623851,
    1.703451093757654,
    0.5526834771623851,
    1.691943417591701,
    0.5526834771623851,
    0.0,
    0.0,
    0.5526834771623851,
    0.0,
    2.3024071002238147,
    0.0,
    0.0,
    1.1222846796395443,
    0.5526834771623851,
    0.0,
    0.5526834771623851,
    0.5526834771623851,
    0.5526834771623851,
    0.0,
    1.1507676165952687,
    0.5526834771623851,
    0.0,
    0.5753547499769285,
    0.0,
    0.0,
    0.0,
    0.0,
    0.5526834771623851,
    1.703451093757654,
    -5.753547499769285,
    1.703451093757654,
    0.0,
    0.0,
    0.0,
    1.703451093757654,
    0.5526834771623851,
    0.0,
    0.5526834771623851,
    0.5526834771623851,
    1.703451093757654,
    2.3084571608951903,
    0.0,
    0.5526834771623851,
    0.5526834771623851,
    0.5526834771623851,
    0.0,
    0.0,
    0.0,
    1.703451093757654,
    0.5526834771623851,
    0.0,
    0.0,
    0.5526834771623851,
    1.703451093757654,
    0.0,
    0.0,
    0.5526834771623851,
    0.5526834771623851,
    0.0,
    0.0,
    0.0,
    0.0,
    0.5526834771623851,
    0.0,
    0.0,
    0.0,
    0.0,
    0.0,
    0.5526834771623851,
    0.0,
    0.0,
    0.0,
    0.0,
    0.5526834771623851,
    0.5526834771623851,
    1.1280382271393137,
