{
  "total_s": 7.3543846659886185,
  "step_s": 0.0,
  "fit_s": 0.0,
  "eval_s": 0.39088762598112226,
  "plot_s": 0.0,
  "other_s": 0.0,
  "train_s": 6.833012957999017,
  "eval_final_s": 0.20879429200431332,
  "post_s": 0.30816099999356084,
  "steps_per_s": null,
  "updates_per_s": null
}
