{
  "total_s": 8.176786458003335,
  "step_s": 0.0,
  "fit_s": 0.0,
  "eval_s": 0.9997907949145883,
  "plot_s": 0.0,
  "other_s": 0.0,
  "train_s": 7.501028416998452,
  "eval_final_s": 0.2628173749835696,
  "post_s": 0.40823666600044817,
  "steps_per_s": null,
  "updates_per_s": null
}
