{
  "total_s": 10.311398792022374,
  "step_s": 0.0,
  "fit_s": 0.0,
  "eval_s": 1.3644708780338988,
  "plot_s": 0.0,
  "other_s": 0.0,
  "train_s": 9.274490000010701,
  "eval_final_s": 0.5255944579839706,
  "post_s": 0.5031654170015827,
  "steps_per_s": null,
  "updates_per_s": null
}
