{
  "total_s": 5.549233750003623,
  "step_s": 0.0,
  "fit_s": 0.0,
  "eval_s": 0.9251142510038335,
  "plot_s": 0.0,
  "other_s": 0.0,
  "train_s": 5.236640957999043,
  "eval_final_s": 0.11376741700223647,
  "post_s": 0.19650008299504407,
  "steps_per_s": null,
  "updates_per_s": null
}
