{
  "schema_version": "1.0.0",
  "created_at": "2026-04-19T05:31:02Z",
  "phase": "phase2",
  "task": "chain_catastrophe",
  "algorithm": "QLearning",
  "seed": 83,
  "train_steps": 120000,
  "n_transitions": 120000,
  "steps_to_threshold": null,
  "auc_disc_return": 2.2906548237285294,
  "final_disc_return_mean": 2.024689521233547,
  "final_10pct_success_rate": 0.0,
  "tail_risk_metrics": {
    "return_q05": 0.0,
    "return_q25": 0.0,
    "return_q50": 0.0,
    "return_q75": 0.5526834771623851,
    "return_q95": 0.5582661385478637,
    "cvar_5pct": -0.9069192670274517,
    "cvar_10pct": -0.45345963351372587,
    "top5pct_mean": 0.5582661385478638,
    "top10pct_mean": 0.5582661385478637,
    "event_rate": 0.008,
    "event_conditioned_return": -5.668245418921574
  },
  "shortcut_risky_path_fraction": 0.234,
  "episode_returns": [
    0.5582661385478637,
    0.0,
    0.0,
    0.0,
    0.0,
    0.0,
    0.0,
    0.0,
    0.0,
    0.0,
    0.0,
    0.0,
    0.5582661385478637,
    0.0,
    0.0,
    0.0,
    0.0,
    0.0,
    0.0,
    0.0,
    0.5526834771623851,
    0.0,
    0.0,
    0.5582661385478637,
    0.0,
    0.0,
    0.5582661385478637,
    0.0,
    0.0,
    0.0,
    0.0,
    0.0,
    0.5526834771623851,
    0.0,
    0.0,
    0.0,
    0.0,
    0.0,
    0.0,
    0.0,
    0.0,
    0.5582661385478637,
    0.5582661385478637,
    0.0,
    0.0,
    0.0,
    0.0,
    0.5526834771623851,
    0.5526834771623851,
    0.0,
    0.0,
    0.0,
    0.0,
    0.0,
    0.0,
    0.0,
    0.0,
    0.0,
    0.0,
    0.0,
    0.5582661385478637,
    0.0,
    0.0,
    0.0,
    0.0,
    0.0,
    0.0,
    0.5526834771623851,
    0.0,
    0.0,
    0.0,
    0.0,
    0.0,
    0.0,
    0.5526834771623851,
    0.0,
    0.0,
    0.5582661385478637,
    0.5582661385478637,
    0.0,
    0.0,
    0.0,
    0.0,
    0.0,
    0.5582661385478637,
    0.5582661385478637,
    0.0,
    0.0,
    0.0,
    0.5526834771623851,
    0.5582661385478637,
    0.0,
    0.0,
    0.0,
    0.0,
    0.0,
    0.0,
    0.0,
    0.0,
    0.5526834771623851,
    0.5582661385478637,
    0.5582661385478637,
    0.0,
    0.5526834771623851,
    0.0,
    0.0,
    0.0,
    0.0,
    0.5526834771623851,
    0.5582661385478637,
    0.0,
    -5.639051904523875,
    0.0,
    0.0,
    0.0,
    0.0,
    0.0,
    0.5526834771623851,
    0.5526834771623851,
    0.5582661385478637,
    0.5526834771623851,
    0.0,
    0.0,
    0.5526834771623851,
    0.0,
    0.0,
    0.5582661385478637,
    0.0,
    0.0,
    0.0,
    0.0,
    0.5526834771623851,
    0.0,
    0.0,
    0.0,
    0.0,
    0.5582661385478637,
    0.0,
    0.0,
    0.0,
    0.0,
    0.0,
    0.0,
    0.5526834771623851,
    0.0,
    0.0,
    0.0,
    0.0,
    0.0,
    0.0,
    0.0,
    0.0,
    0.0,
    0.0,
    0.0,
    0.0,
    0.0,
    0.0,
    0.5582661385478637,
    0.5582661385478637,
    0.0,
    0.0,
    0.5582661385478637,
    0.0,
    0.0,
    0.0,
    0.0,
    0.5582661385478637,
    0.5582661385478637,
    0.0,
    0.0,
    0.0,
    0.0,
    0.5582661385478637,
    0.5582661385478637,
    0.0,
    0.0,
    0.0,
    0.0,
    0.0,
    0.5526834771623851,
    0.0,
    0.0,
    0.0,
    0.5582661385478637,
    0.0,
    0.0,
    0.0,
    0.0,
    0.0,
    0.0,
    0.5582661385478637,
    0.0,
    0.0,
    0.5582661385478637,
    0.0,
    0.0,
    0.5526834771623851,
    0.0,
    0.0,
    0.0,
    0.5582661385478637,
    0.0,
    0.0,
    0.0,
    0.5582661385478637,
    0.0,
    0.5582661385478637,
    0.0,
    0.0,
    0.0,
    0.0,
    0.0,
    0.0,
    0.5526834771623851,
    0.0,
    0.0,
    0.0,
    0.0,
    0.0,
    0.0,
    0.5526834771623851,
    0.5526834771623851,
    0.0,
    0.0,
    0.0,
    0.0,
    0.0,
    0.0,
    0.0,
    0.5582661385478637,
    0.5526834771623851,
    0.0,
    0.0,
    0.0,
    -5.526834771623851,
    0.0,
    0.0,
    0.0,
    0.5582661385478637,
    0.0,
    0.5526834771623851,
    0.0,
    0.0,
    0.0,
    0.0,
    0.5526834771623851,
    0.0,
    0.5526834771623851,
    0.0,
    0.0,
    0.0,
    0.0,
    0.0,
    0.0,
    0.0,
    0.0,
    0.0,
    0.5526834771623851,
    0.0,
    0.0,
    0.0,
    0.0,
    0.0,
    0.0,
    0.5526834771623851,
    0.0,
    0.5582661385478637,
    0.5526834771623851,
    0.5582661385478637,
    0.5582661385478637,
    0.0,
    0.0,
    0.0,
    0.5582661385478637,
    0.5526834771623851,
    0.5582661385478637,
    0.0,
    0.5582661385478637,
    0.0,
    0.0,
    0.0,
    0.0,
    0.5526834771623851,
    0.0,
    0.0,
    0.0,
    0.0,
    0.0,
    0.5526834771623851,
    0.0,
    0.0,
    0.5582661385478637,
    0.0,
    0.5526834771623851,
    0.5582661385478637,
    0.0,
    0.0,
    0.5582661385478637,
    0.0,
    0.5526834771623851,
    0.0,
    0.5526834771623851,
    0.0,
    0.5582661385478637,
    0.5582661385478637,
    0.5526834771623851,
    0.5526834771623851,
    -5.753547499769285,
    0.0,
    0.5582661385478637,
    0.0,
    0.0,
    0.0,
    0.5582661385478637,
    0.0,
    0.5582661385478637,
    0.0,
    0.5582661385478637,
    0.0,
    0.0,
    0.0,
    0.0,
    0.0,
    0.5582661385478637,
    0.0,
    0.5582661385478637,
    0.5582661385478637,
    0.0,
    0.0,
    0.0,
    0.5526834771623851,
    0.0,
    0.0,
    0.0,
    0.0,
    0.0,
    0.5526834771623851,
    0.5526834771623851,
    0.5582661385478637,
    0.0,
    0.0,
    0.0,
    0.0,
    0.0,
    0.0,
    0.0,
    0.0,
    0.0,
    0.0,
    0.0,
    0.0,
    0.5582661385478637,
    0.5582661385478637,
    0.0,
    0.0,
    0.0,
    0.0,
    0.0,
    0.0,
    0.5526834771623851,
    0.0,
    0.5582661385478637,
    0.5582661385478637,
    0.5582661385478637,
    0.5526834771623851,
    0.0,
    0.0,
    0.0,
    0.5582661385478637,
    0.5526834771623851,
    0.0,
    0.0,
    0.0,
    0.5526834771623851,
    0.0,
    0.5582661385478637,
    0.0,
    0.5582661385478637,
    0.0,
    0.0,
    0.0,
    0.0,
    0.5582661385478637,
    0.0,
    0.0,
    0.5582661385478637,
    0.5582661385478637,
    0.0,
    0.0,
    0.5582661385478637,
    0.0,
    0.5526834771623851,
    0.0,
    0.0,
    0.5582661385478637,
    0.0,
    0.5526834771623851,
    0.0,
    0.5582661385478637,
    0.5526834771623851,
    0.5582661385478637,
    0.0,
    0.0,
    0.0,
    0.0,
    0.0,
    0.0,
    -5.753547499769285,
    0.0,
    0.5582661385478637,
    0.0,
    0.0,
    0.0,
    0.5582661385478637,
    0.0,
    0.5582661385478637,
    0.5526834771623851,
    0.0,
    0.0,
    0.0,
    0.0,
    0.0,
    0.5526834771623851,
    0.0,
    0.0,
    0.0,
    0.0,
    0.0,
    0.5582661385478637,
    0.5582661385478637,
    0.5582661385478637,
    0.5582661385478637,
    0.0,
    0.0,
    0.5582661385478637,
    0.0,
    0.0,
    0.0,
    0.0,
    0.0,
    0.0,
    0.0,
    0.0,
    0.0,
    0.0,
    0.0,
    0.0,
    0.0,
    0.5526834771623851,
    0.0,
    0.5526834771623851,
    0.5582661385478637,
    0.0,
    0.5582661385478637,
    0.5582661385478637,
    0.0,
    0.0,
    0.0,
    0.0,
    0.0,
    0.0,
    0.0,
    0.5582661385478637,
    0.0,
    0.0,
    0.0,
    0.5582661385478637,
    0.0,
    0.0,
    0.0,
    0.5582661385478637,
    0.5582661385478637,
    0.0,
    0.0,
    0.0,
    0.0,
    0.0,
    0.0,
    0.5582661385478637,
    0.5582661385478637,
    0.0,
    0.0,
    0.0,
    0.0,
    0.0,
    0.0,
    0.0,
    0.0,
    0.5526834771623851,
    0.0,
    0.0,
    0.0,
    0.0,
    0.0,
    0.0,
    0.0,
    0.5526834771623851,
    0.0,
    0.5582661385478637
  ],