{
  "total_s": 9.373984708014177,
  "step_s": 0.0,
  "fit_s": 0.0,
  "eval_s": 0.4855390400334727,
  "plot_s": 0.0,
  "other_s": 0.0,
  "train_s": 8.725836458004778,
  "eval_final_s": 0.32487416701042093,
  "post_s": 0.3163745000201743,
  "steps_per_s": null,
  "updates_per_s": null
}
