{
  "total_s": 7.354194665997056,
  "step_s": 0.0,
  "fit_s": 0.0,
  "eval_s": 0.45860604412155226,
  "plot_s": 0.0,
  "other_s": 0.0,
  "train_s": 6.698644457996124,
  "eval_final_s": 0.2867371659958735,
  "post_s": 0.3633411659975536,
  "steps_per_s": null,
  "updates_per_s": null
}
