{
  "total_s": 0.6742612089874456,
  "step_s": 0.0,
  "fit_s": 0.0,
  "eval_s": 0.15478166998946108,
  "plot_s": 0.0,
  "other_s": 0.0,
  "train_s": 0.6576342089974787,
  "post_s": 0.01643754199903924,
  "steps_per_s": null,
  "updates_per_s": null
}
