{
  "total_s": 8.865121832990553,
  "step_s": 0.0,
  "fit_s": 0.0,
  "eval_s": 1.3067429559887387,
  "plot_s": 0.0,
  "other_s": 0.0,
  "train_s": 8.176796207990265,
  "eval_final_s": 0.45056291698710993,
  "post_s": 0.2300452080089599,
  "steps_per_s": null,
  "updates_per_s": null
}
