{
  "total_s": 6.108887999987928,
  "step_s": 0.0,
  "fit_s": 0.0,
  "eval_s": 0.3460754559491761,
  "plot_s": 0.0,
  "other_s": 0.0,
  "train_s": 5.482970582990674,
  "eval_final_s": 0.2041805420012679,
  "post_s": 0.41770487499888986,
  "steps_per_s": null,
  "updates_per_s": null
}
