{
  "total_s": 6.001272749999771,
  "step_s": 0.0,
  "fit_s": 0.0,
  "eval_s": 0.20418246011831798,
  "plot_s": 0.0,
  "other_s": 0.0,
  "train_s": 5.70085600001039,
  "eval_final_s": 0.08998204200179316,
  "post_s": 0.20842174999415874,
  "steps_per_s": null,
  "updates_per_s": null
}
