{
  "total_s": 4.532079333002912,
  "step_s": 0.0,
  "fit_s": 0.0,
  "eval_s": 0.614594122976996,
  "plot_s": 0.0,
  "other_s": 0.0,
  "train_s": 3.7832157909870148,
  "eval_final_s": 0.5238642079930287,
  "post_s": 0.2136345420149155,
  "steps_per_s": null,
  "updates_per_s": null
}
