{
  "phase": "phase4",
  "schedule_version": 3,
  "task_family": "dense_chain_cost",
  "scheduler_mode": "stagewise_u",
  "gamma_eval": 0.95,
  "gamma_base": 0.95,
  "sign_family": 1,
  "reward_bound": 0.05,
  "alpha_t": [
    0.3645803665969116,
    0.36351866328703036,
    0.3620476817093181,
    0.36008062504625843,
    0.3575078585768874,
    0.354189015028562,
    0.34994158724253843,
    0.36834683520462325,
    0.39,
    0.38827857856554915,
    0.38555530313203334,
    0.38144837183889335,
    0.37537100862528516,
    0.36637341990927547,
    0.35281189720324163,
    0.3315753378020703,
    0.3967651008747567,
    0.4,
    0.14280500000000002,
    0.14280500000000002
  ],
  "kappa_t": [
    0.9682290183298455,
    0.9681759331643515,
    0.9681023840854659,
    0.9680040312523129,
    0.9678753929288444,
    0.9677094507514281,
    0.9674970793621269,
    0.9684173417602311,
    0.9695,
    0.9694139289282774,
    0.9692777651566017,
    0.9690724185919446,
    0.9687685504312642,
    0.9683186709954638,
    0.9676405948601621,
    0.9665787668901035,
    0.9698382550437378,
    0.9656014276472807,
    0.9554925,
    0.9554925
  ],
  "Bhat_t": [
    1.4597373526867172,
    1.4069371263386834,
    1.3524784922704762,
    1.2963282736422685,
    1.238453802812512,
    1.1788230294396915,
    1.117404638964766,
    1.0541681837811765,
    0.9878676708146317,
    0.9183782061007031,
    0.8467778124543909,
    0.7730269272537512,
    0.6970861148182166,
    0.6189157508790932,
    0.538475366113782,
    0.4557222676023728,
    0.370608459313592,
    0.2816020691009712,
    0.19066051875,
    0.0975,
    0.0
  ],
  "A_t": [
    1.4569371263386834,
    1.4024784922704763,
    1.3463282736422686,
    1.288453802812512,
    1.2288230294396916,
    1.167404638964766,
    1.1041681837811765,
    1.0378676708146317,
    0.9683782061007031,
    0.8967778124543909,
    0.8230269272537513,
    0.7470861148182166,
    0.6689157508790933,
    0.588475366113782,
    0.5057222676023728,
    0.420608459313592,
    0.3316020691009712,
    0.24066051875,
    0.14750000000000002,
    0.05
  ],
  "xi_ref_t": [
    0.3615185786050418,
    0.3602373682378585,
    0.3584622613602964,
    0.3560885159211578,
    0.3529838302314537,
    0.34897881609840975,
    0.34385323302574844,
    0.3660637642354891,
    0.3921937187717222,
    0.3901163936211049,
    0.38683008125338103,
    0.38187404231000716,
    0.3745401848359411,
    0.3636823455174477,
    0.34731697929502764,
    0.3216897632782216,
    0.27879635723819524,
    0.19737346302882097,
    0.02,
    0.02
  ],
  "u_target_t": [
    0.018592143380752026,
    0.01853334135128168,
    0.01845187160236223,
    0.01834292692563893,
    0.01820043524425838,
    0.01801662237081266,
    0.017781380216509816,
    0.018800747795948362,
    0.020000000000000004,
    0.019904659735938107,
    0.019753832173466462,
    0.019526371363384865,
    0.019189778939246567,
    0.01869145094882141,
    0.017940351229718002,
    0.016764172555191588,
    0.011402770715968359,
    0.008625787807047956,
    0.002,
    0.002
  ],
  "u_tr_cap_t": [
    0.01662731170654297,
    0.016574859619140625,
    0.016503334045410156,
    0.01640796661376953,
    0.016279220581054688,
    0.016112327575683594,
    0.01590251922607422,
    0.016813278198242188,
    0.01788616180419922,
    0.017805099487304688,
    0.01766681671142578,
    0.01746654510498047,
    0.01716136932373047,
    0.016717910766601562,
    0.016045570373535156,
    0.01499176025390625,
    0.008745193481445312,
    0.00659942626953125,
    0.0,
    0.0
  ],
  "U_safe_ref_t": [
    0.013522196784130388,
    0.013435045440525291,
    0.013314759019539981,
    0.013154744083261527,
    0.012946901762093073,
    0.012681207168170816,
    0.012345150860340605,
    0.013833623054327695,
    0.015692111291758477,
    0.015540115545059328,
    0.015301157472093558,
    0.014944260004819108,
    0.014423789596285059,
    0.013670015480196772,
    0.01257176046086339,
    0.01094341623478344,
    0.011348405911998484,
    0.006318630049851279,
    0.00022545137999577944,
    0.00022545137999577944
  ],
  "u_ref_used_t": [
    0.013522196784130388,
    0.013435045440525291,
    0.013314759019539981,
    0.013154744083261527,
    0.012946901762093073,
    0.012681207168170816,
    0.012345150860340605,
    0.013833623054327695,
    0.015692111291758477,
    0.015540115545059328,
    0.015301157472093558,
    0.014944260004819108,
    0.014423789596285059,
    0.013670015480196772,
    0.01257176046086339,
    0.01094341623478344,
    0.008745193481445312,
    0.006318630049851279,
    0.0,
    0.0
  ],
  "theta_used_t": [
    0.03740387793154984,
    0.03729497999123279,
    0.03714410261491124,
    0.03694234297119018,
    0.036678455649381186,
    0.03633804283580009,
    0.03590238414136468,
    0.03779020052208313,
    0.04001112343385624,
    0.03983456168251275,
    0.03955524198768557,
    0.03913400322896859,
    0.038510659684228746,
    0.037587789588045734,
    0.03619679200936599,
    0.034018540482181114,
    0.03136767484366262,
    0.03201357443340099,
    0.0,
    0.0
  ],
  "beta_used_t": [
    0.025672952700125533,
    0.026592193888731828,
    0.027589187081709283,
    0.028671841311306838,
    0.02984844421910413,
    0.031127204418190446,
    0.03251532209379418,
    0.03641138613790837,
    0.04131766202687075,
    0.04441965571548827,
    0.04806068996997726,
    0.052382185202961236,
    0.05757176390841118,
    0.06387317422693631,
    0.07157444773190398,
    0.08087935401417592,
    0.09459432786021403,
    0.1330237905231848,
    0.0,
    0.0
  ],
  "trust_clip_active_t": [
    true,
    true,
    true,
    true,
    true,
    true,
    true,
    true,
    true,
    true,
    true,
    true,
    true,
    true,
    true,
    true,
    true,
    true,
    true,
    true
  ],
  "safe_clip_active_t": [
    false,
    false,
    false,
    false,
    false,
    false,
    false,
    false,
    false,
    false,
    false,
    false,
    false,
    false,
    false,
    false,
    false,
    false,
    false,
    false
  ],
  "source_phase": "phase4C_scheduler_state_bin_reward_region",
  "notes": "Phase IV-C scheduler ablation: state_bin_reward_region",
  "provenance": {
    "git_sha": "fbfc9b1e68f00da6c711fb85148cb8edfd458e85",
    "calibration_code_version": "v3.0",
    "input_hashes": {
      "margins": "df3a4a9af3d3c4c8",
      "p_align": "ed6399bbaa8804c5",
      "n_by_stage": "35d6f04339c16583"
    }
  }
}