{
  "total_s": 7.4351151249720715,
  "step_s": 0.0,
  "fit_s": 0.0,
  "eval_s": 1.300469498964958,
  "plot_s": 0.0,
  "other_s": 0.0,
  "train_s": 6.754521625000052,
  "eval_final_s": 0.4417613749974407,
  "post_s": 0.23104429198428988,
  "steps_per_s": null,
  "updates_per_s": null
}
