{
  "total_s": 9.54503254199517,
  "step_s": 0.0,
  "fit_s": 0.0,
  "eval_s": 1.2757455411192495,
  "plot_s": 0.0,
  "other_s": 0.0,
  "train_s": 8.609111750003649,
  "eval_final_s": 0.4917512919928413,
  "post_s": 0.4363695829815697,
  "steps_per_s": null,
  "updates_per_s": null
}
