{
  "total_s": 6.7472652909928,
  "step_s": 0.0,
  "fit_s": 0.0,
  "eval_s": 0.6351232079905458,
  "plot_s": 0.0,
  "other_s": 0.0,
  "train_s": 6.177087249991018,
  "eval_final_s": 0.22192329101380892,
  "post_s": 0.34374829099397175,
  "steps_per_s": null,
  "updates_per_s": null
}
