{
  "phase": "phase4",
  "schedule_version": 3,
  "task_family": "dense_chain_cost",
  "scheduler_mode": "stagewise_u",
  "gamma_eval": 0.95,
  "gamma_base": 0.95,
  "sign_family": 1,
  "reward_bound": 0.02,
  "alpha_t": [
    0.48760090113881394,
    0.4863954657901404,
    0.4847003525473871,
    0.48241139848236503,
    0.49993487649853174,
    0.4982757210698733,
    0.4,
    0.5,
    0.5,
    0.5,
    0.5,
    0.5,
    0.5,
    0.490319159152454,
    0.4740651078878796,
    0.4485906359638413,
    0.44838073723972716,
    0.4737138873727519,
    0.28561000000000003,
    0.28561000000000003
  ],
  "kappa_t": [
    0.9743800450569406,
    0.974319773289507,
    0.9742350176273693,
    0.9741205699241182,
    0.9749967438249265,
    0.9749137860534937,
    0.97,
    0.975,
    0.975,
    0.975,
    0.975,
    0.975,
    0.975,
    0.9745159579576227,
    0.973703255394394,
    0.972429531798192,
    0.9724190368619864,
    0.9736856943686376,
    0.960985,
    0.960985
  ],
  "Bhat_t": [
    0.615226222317743,
    0.5913772816273856,
    0.5669363352469431,
    0.5418983363302499,
    0.5162588203731541,
    0.48949786078347374,
    0.4620899480836297,
    0.43617520420992756,
    0.4073591838050539,
    0.3778042910821066,
    0.34749158059703245,
    0.3164016211251615,
    0.2845144832052939,
    0.25180972636440396,
    0.2183747989211051,
    0.18421916320742932,
    0.1493364387431691,
    0.11346593861348783,
    0.076478415,
    0.039,
    0.0
  ],
  "A_t": [
    0.6113772816273856,
    0.5869363352469431,
    0.5618983363302499,
    0.5362588203731541,
    0.5094978607834737,
    0.4820899480836297,
    0.4561752042099276,
    0.42735918380505394,
    0.39780429108210663,
    0.36749158059703246,
    0.33640162112516153,
    0.3045144832052939,
    0.271809726364404,
    0.23837479892110508,
    0.2042191632074293,
    0.1693364387431691,
    0.13346593861348782,
    0.096478415,
    0.059,
    0.02
  ],
  "xi_ref_t": [
    0.3598962280619954,
    0.3586830554056106,
    0.3569770617678371,
    0.35467341563164123,
    0.372309371303066,
    0.37063956628120737,
    0.3925032864771594,
    0.3920598936410038,
    0.3909370058131615,
    0.3889144176120008,
    0.385678285050369,
    0.3807660086907662,
    0.3734670151623556,
    0.3626319337128841,
    0.3462735528413105,
    0.3206355683503999,
    0.27806998271637484,
    0.1969352419398681,
    0.02,
    0.02
  ],
  "u_target_t": [
    0.018504656975637565,
    0.01844902149800648,
    0.018370785502187098,
    0.018265141468416846,
    0.019073917376855307,
    0.018997340972455687,
    0.020000000000000004,
    0.019979666231275582,
    0.01992817116971172,
    0.019835416309115124,
    0.01968700892472814,
    0.01946173444291053,
    0.01912700633224785,
    0.018630115037805567,
    0.017879928056363667,
    0.016704183198331134,
    0.01191884274223883,
    0.008937111170853487,
    0.002,
    0.002
  ],
  "u_tr_cap_t": [
    0.01308441162109375,
    0.0130462646484375,
    0.012989044189453125,
    0.012912750244140625,
    0.013484954833984375,
    0.013432502746582031,
    0.014142990112304688,
    0.014128684997558594,
    0.014090538024902344,
    0.014023780822753906,
    0.013918876647949219,
    0.013761520385742188,
    0.013523101806640625,
    0.013170242309570312,
    0.012640953063964844,
    0.011811256408691406,
    0.0074291229248046875,
    0.00553131103515625,
    0.0,
    0.0
  ],
  "U_safe_ref_t": [
    0.018002582199270915,
    0.0178975517897223,
    0.01775036292250869,
    0.017552551399618678,
    0.019094487407041838,
    0.018945777103246263,
    0.016107076597978807,
    0.02011004354207982,
    0.020052446926162107,
    0.019948701714135184,
    0.019782709813974265,
    0.019530742976548155,
    0.019156353552762562,
    0.018240526804628353,
    0.016840426922520284,
    0.014755817793770807,
    0.012790940762678142,
    0.009570517331341368,
    0.0004508519230449306,
    0.0004508519230449306
  ],
  "u_ref_used_t": [
    0.01308441162109375,
    0.0130462646484375,
    0.012989044189453125,
    0.012912750244140625,
    0.013484954833984375,
    0.013432502746582031,
    0.014142990112304688,
    0.014128684997558594,
    0.014090538024902344,
    0.014023780822753906,
    0.013918876647949219,
    0.013761520385742188,
    0.013523101806640625,
    0.013170242309570312,
    0.012640953063964844,
    0.011811256408691406,
    0.0074291229248046875,
    0.00553131103515625,
    0.0,
    0.0
  ],
  "theta_used_t": [
    0.0363560676685943,
    0.0363726818198433,
    0.03638621519581181,
    0.03640743758915279,
    0.03621975666846,
    0.03624141610502177,
    0.03603279411808874,
    0.03603705767082557,
    0.0360429885515534,
    0.03605878359784719,
    0.03608934489565944,
    0.036141672501335105,
    0.03620962831419473,
    0.0363184846263372,
    0.036505684480494856,
    0.03683701240463666,
    0.0267167381830718,
    0.028086953765467593,
    0.0,
    0.0
  ],
  "beta_used_t": [
    0.05946584664026186,
    0.06197040400393705,
    0.06475586924398045,
    0.06789154081198848,
    0.07108912412853617,
    0.0751756311225449,
    0.07898893623667187,
    0.08432498712199056,
    0.09060482593968334,
    0.09812138699685456,
    0.1072805320466397,
    0.11868621853683572,
    0.13321682339523785,
    0.15235874257982085,
    0.1787573894004028,
    0.21753742241211885,
    0.200176452963347,
    0.2911216334292763,
    0.0,
    0.0
  ],
  "trust_clip_active_t": [
    true,
    true,
    true,
    true,
    true,
    true,
    true,
    true,
    true,
    true,
    true,
    true,
    true,
    true,
    true,
    true,
    true,
    true,
    true,
    true
  ],
  "safe_clip_active_t": [
    false,
    false,
    false,
    false,
    false,
    false,
    false,
    false,
    false,
    false,
    false,
    false,
    false,
    false,
    false,
    false,
    false,
    false,
    false,
    false
  ],
  "source_phase": "phase4C_scheduler_state_bin_hazard_proximity",
  "notes": "Phase IV-C scheduler ablation: state_bin_hazard_proximity",
  "provenance": {
    "git_sha": "fbfc9b1e68f00da6c711fb85148cb8edfd458e85",
    "calibration_code_version": "v3.0",
    "input_hashes": {
      "margins": "e60ba183774a6893",
      "p_align": "8bb2e1a18e96a781",
      "n_by_stage": "35d6f04339c16583"
    }
  }
}