{
  "total_s": 6.150591625017114,
  "step_s": 0.0,
  "fit_s": 0.0,
  "eval_s": 0.3191866238776129,
  "plot_s": 0.0,
  "other_s": 0.0,
  "train_s": 5.78832170800888,
  "eval_final_s": 0.16448350000428036,
  "post_s": 0.19417383399559185,
  "steps_per_s": null,
  "updates_per_s": null
}
