{
  "schema_version": "1.0.0",
  "created_at": "2026-04-19T05:40:20Z",
  "phase": "phase2",
  "task": "chain_regime_shift",
  "algorithm": "ExpectedSARSA",
  "seed": 47,
  "train_steps": 180000,
  "n_transitions": 180000,
  "steps_to_threshold": null,
  "auc_disc_return": 13.521229610873563,
  "final_disc_return_mean": 16.545693194908534,
  "final_10pct_success_rate": 0.0,
  "adaptation_metrics": {
    "change_at_episode": 300,
    "pre_change_auc": 0.00377873629508264,
    "post_change_auc": 15.144680251669401,
    "lag_to_50pct_recovery": 21,
    "lag_to_75pct_recovery": 75,
    "lag_to_90pct_recovery": null,
    "post_change_optimum": 20.02584005547481
  },
  "shortcut_risky_path_fraction": 0.0,
  "episode_returns": [
    16.521966351765958,
    17.956824772630426,
    16.96153327136195,
    16.867835087813884,
    17.714040019496874,
    14.302323582744283,
    16.05793587906344,
    17.856260679304206,
    16.856202366875845,
    15.132805207049431,
    17.12907070255005,
    16.935042631043956,
    18.65859195247825,
    17.17839489049152,
    15.197563534633048,
    16.32963627622641,
    16.11021941151919,
    16.830127495330675,
    17.185554800589255,
    15.711840196495203,
    17.06491113250717,
    16.363463620719312,
    14.144168766975309,
    15.99418420388598,
    16.85954029608718,
    17.434925308290126,
    15.906697045030494,
    16.120820001497933,
    16.819675946702688,
    17.247730217601678,
    17.408288373528844,
    14.983623279929954,
    16.286491689810063,
    16.56065532544923,
    18.08346533317639,
    16.552248312437516,
    16.987837160424213,
    14.72001675533451,
    16.34378613070384,
    18.776955801596507,
    15.593082688865708,
    18.406954214078187,
    16.726991026902414,
    16.87576321958078,
    16.870563899524548,
    18.721940050375817,
    15.023178087710495,
    15.280738395172175,
    16.168413133442865,
    16.46352272160761,
    15.503949435923328,
    14.288014598966916,
    18.64754140974307,
    16.574972404937686,
    17.05221067821884,
    17.699697200326654,
    15.683343844700325,
    16.486281124942384,
    17.014528199550472,
    16.87892409556798,
    14.286799793660789,
    17.84718326373936,
    17.7311569095584,
    15.370968297475246,
    18.581010794669545,
    16.193036337788715,
    15.997764584441788,
    16.888213716174477,
    13.634395046374902,
    15.520472859403961,
    16.57942578733792,
    15.835265339860154,
    16.119840624595156,
    19.23238868236924,
    17.667906052922792,
    16.80079409577091,
    15.316272286057258,
    16.11317081086075,
    15.091314586878974,
    17.09101002492485,
    16.773212514636555,
    18.337743696822347,
    17.16241825665672,
    18.45830018437209,
    15.502897403354005,
    18.613732806015147,
    14.881612533463048,
    17.862785314626752,
    15.711653498027395,
    13.039425821883171,
    17.128496046367555,
    16.660259414318176,
    15.077866236274136,
    17.228054896312425,
    17.017089725832943,
    14.955768827780993,
    16.96169505808562,
    17.303576055470486,
    15.939441376030835,
    16.678875056166632,
    16.71226740726214,
    15.891827366880207,
    16.26120109269508,
    15.227619676386405,
    16.77648824480669,
    16.936624357690317,
    17.65342424003613,
    15.6699259100523,
    15.385670675035565,
    17.656780508242832,
    17.27620823314328,
    16.151166506211844,
    16.96884715680079,
    16.284712640596346,
    16.98596502151596,
    15.712553649114705,
    16.9716366977934,
    14.645232535266171,
    16.125670313909225,
    19.339326837425237,
    14.944393022347873,
    16.699279815077368,
    17.618630760952396,
    15.94451347639268,
    17.093654871695623,
    16.348886096759202,
    17.882970971146577,
    17.8329922898801,
    18.594124641363067,
    18.027132580033847,
    15.206526838436599,
    16.628898157836986,
    16.4340934760438,
    17.974323869169464,
    16.151293272101338,
    15.694888926513032,
    17.22962460423044,
    14.565064447841207,
    19.339326837425237,
    13.803361457787961,
    17.0511970608726,
    17.9780844526674,
    13.408944410041798,
    17.857771103266213,
    16.270719981757065,
    16.848359714412148,
    17.978214585212726,
    17.29170068819747,
    17.68653228393996,
    17.118528138674254,
    16.06184286465859,
    16.039171017830213,
    17.0840678105472,
    18.3809734752995,
    16.985346186628373,
    18.031403976819195,
    15.726858714977203,
    18.600814358948764,
    15.394411606975947,
    17.0930507955077,
    17.467176598796684,
    15.113925959408478,
    17.395921987276083,
    16.331577623612507,
    16.894544698133004,
    17.10657525920701,
    17.088400202622157,
    16.038985641023203,
    16.056431773417426,
    19.249982553239224,
    17.126237728183018,
    15.377942756235432,
    17.819048924514714,
    17.70786711808745,
    14.710749386095706,
    17.313709030001156,
    18.003145039972267,
    16.88042868544875,
    16.323630636797517,
    18.06635094407518,
    16.383370235644023,
    15.242660084079628,
    15.891248419602512,
    15.689380747063671,
    15.981246590379081,
    14.386829574920146,
    14.623796630193358,
    17.069812699527994,
    16.918268871223784,
    17.85666788926665,
    14.00524450229117,
    19.158551908159108,
    13.862317948681087,
    16.50909515223011,
    17.66973290129489,
    14.55671717102185,
    17.476591400290694,
    16.889737179733785,
    14.333805487756665,
    16.330884680206744
  ],