{
  "total_s": 4.838737207988743,
  "step_s": 0.0,
  "fit_s": 0.0,
  "eval_s": 0.6258058300882112,
  "plot_s": 0.0,
  "other_s": 0.0,
  "train_s": 4.1251322500174865,
  "eval_final_s": 0.5873647080152296,
  "post_s": 0.11502779097645544,
  "steps_per_s": null,
  "updates_per_s": null
}
