{
  "total_s": 8.467449916992337,
  "step_s": 0.0,
  "fit_s": 0.0,
  "eval_s": 0.2128552519425284,
  "plot_s": 0.0,
  "other_s": 0.0,
  "train_s": 7.888408625003649,
  "eval_final_s": 0.08006395798292942,
  "post_s": 0.49770899998839013,
  "steps_per_s": null,
  "updates_per_s": null
}
