{
  "schema_version": "1.0.0",
  "created_at": "2026-04-19T05:40:44Z",
  "phase": "phase2",
  "task": "chain_regime_shift",
  "algorithm": "ExpectedSARSA",
  "seed": 47,
  "train_steps": 180000,
  "n_transitions": 180000,
  "steps_to_threshold": null,
  "auc_disc_return": 13.906819727254266,
  "final_disc_return_mean": 18.002512451660944,
  "final_10pct_success_rate": 0.0,
  "adaptation_metrics": {
    "change_at_episode": 300,
    "pre_change_auc": 0.00377873629508264,
    "post_change_auc": 15.124254355732784,
    "lag_to_50pct_recovery": 24,
    "lag_to_75pct_recovery": 214,
    "lag_to_90pct_recovery": null,
    "post_change_optimum": 21.068771603069322
  },
  "shortcut_risky_path_fraction": 0.0,
  "episode_returns": [
    19.471798386802295,
    16.3819341078938,
    18.759817555922865,
    19.6065440284338,
    18.59489961774575,
    16.388663914619887,
    20.215835420359127,
    17.24155118289325,
    19.010282056837237,
    18.815231056317092,
    17.183215078072855,
    17.637381583628013,
    17.473631613453215,
    18.165369664510706,
    19.108046848032437,
    17.744372434867564,
    19.057293990121206,
    19.204422196746265,
    19.511629684638926,
    19.55706580643011,
    17.969046701069647,
    19.03566662146103,
    17.011554429923326,
    18.363318365084293,
    17.711055583340993,
    17.94344769678037,
    18.63338606093743,
    17.139270551655336,
    19.30616104368522,
    20.412242519215688,
    20.49163482113184,
    17.910120630999558,
    18.660030350093738,
    18.706743581181744,
    17.579212965218982,
    19.496243547262047,
    19.48986085838334,
    19.50386919615458,
    18.19994245328238,
    19.592350299190446,
    17.378321876342007,
    18.010035905545585,
    20.500567782963355,
    19.087331582764705,
    20.312933947970272,
    18.557873692791837,
    19.370161035716034,
    17.448759026423865,
    18.535799030774132,
    18.068976907232543,
    14.660888403218562,
    17.8987017130291,
    18.020312303119763,
    16.42342565473053,
    17.727013911351953,
    19.502434543133205,
    20.882108192391765,
    20.252519209317384,
    21.0623288682324,
    18.194970239848722,
    19.71170825850261,
    19.979446972617453,
    19.434020997612123,
    18.5169355462335,
    18.17339625680354,
    19.968066143336095,
    19.206846151266646,
    17.018358316263093,
    18.39912644024782,
    18.684518448113785,
    18.802972397245252,
    19.519150102353983,
    18.6900650985272,
    17.26515455193235,
    17.09554257957401,
    17.186572676839727,
    18.45184148475934,
    19.435511255266782,
    19.494497938249303,
    17.99310561813594,
    18.801551886594893,
    19.510626280943896,
    18.832411309511638,
    21.05296064756625,
    21.683738781930813,
    17.69306542116203,
    17.760802076142152,
    18.93789122916691,
    18.585063323135113,
    17.12060356305118,
    18.011112503803613,
    20.20349546848305,
    18.112427999601405,
    20.041359912716736,
    19.484442717290115,
    16.68510512831689,
    20.085991155566145,
    19.697090331898686,
    18.919838672943502,
    16.601137125226415,
    18.70789562630976,
    17.944798324831076,
    16.229721886793588,
    18.637223109905257,
    17.302868220886797,
    19.418497321699007,
    20.193665803809004,
    19.411303395973373,
    21.060213387039614,
    17.357577355897885,
    18.537533386912187,
    15.781747531942683,
    19.454964779404044,
    16.7187282659978,
    19.494298809601887,
    19.53122339883016,
    19.53399182431431,
    18.74836752298686,
    20.16841710445532,
    16.04863153307315,
    19.48927190187477,
    18.573720111083976,
    16.54861197410778,
    18.65368169238075,
    18.86051184769507,
    16.19546508374272,
    19.389277744405867,
    19.403919115750938,
    17.051002686111385,
    18.566623488159063,
    20.166322628079094,
    19.55074555230476,
    16.82269016088729,
    17.772829505731433,
    19.45731944546225,
    18.748108017560646,
    16.09853263724519,
    17.23762610802668,
    18.749537929883697,
    17.754045669388475,
    18.800124735001724,
    20.379155774991965,
    17.612874928947026,
    18.71392272564212,
    18.723157110295595,
    17.87246955617366,
    18.120531239428512,
    18.020484882544448,
    18.04075613199244,
    19.115790278449037,
    15.75732800345946,
    18.612079488195523,
    19.456173136210978,
    19.69993035194846,
    17.121063163441082,
    16.78240818887442,
    21.066074494259777,
    20.195283747462447,
    15.374143352246774,
    14.690277523651304,
    18.020256269330655,
    19.427659142751484,
    18.72365301543998,
    18.835172414053087,
    18.618847269205386,
    19.683169786498514,
    20.300305729606627,
    19.0325051539073,
    18.79437746010967,
    17.537672259729742,
    19.424316320537482,
    18.688782343122696,
    18.503881711010838,
    18.388668380336558,
    20.454034655638996,
    20.14969165469249,
    19.32455293391405,
    20.21180673091082,
    19.39439867549816,
    19.292666998725462,
    18.62368865630741,
    16.708872924195177,
    21.119662705364135,
    20.823593552708246,
    19.583595125067596,
    17.940361924177356,
    17.00915924199308,
    19.43033879584854,
    18.582388720114597,
    17.640128399344835,
    19.366765807342553,
    20.259517476141568,
    18.51096560387689,
    17.613221637018317,
    19.387084710628756,
    19.780343111129238,
    16.254219967175942,
    17.57583234817688,
    16.020684034840418,
    16.06020281143256
  ],