{
  "total_s": 5.967523750005057,
  "step_s": 0.0,
  "fit_s": 0.0,
  "eval_s": 0.6434734201175161,
  "plot_s": 0.0,
  "other_s": 0.0,
  "train_s": 5.555281457985984,
  "eval_final_s": 0.20321208299719729,
  "post_s": 0.20439808300579898,
  "steps_per_s": null,
  "updates_per_s": null
}
