{
  "total_s": 6.733269666990964,
  "step_s": 0.0,
  "fit_s": 0.0,
  "eval_s": 0.6370466639928054,
  "plot_s": 0.0,
  "other_s": 0.0,
  "train_s": 6.1481252500088885,
  "eval_final_s": 0.24025350000010803,
  "post_s": 0.3403358339855913,
  "steps_per_s": null,
  "updates_per_s": null
}
