{
  "total_s": 7.058606707985746,
  "step_s": 0.0,
  "fit_s": 0.0,
  "eval_s": 0.6642871229269076,
  "plot_s": 0.0,
  "other_s": 0.0,
  "train_s": 6.404044374998193,
  "eval_final_s": 0.2531438340083696,
  "post_s": 0.39656208298401907,
  "steps_per_s": null,
  "updates_per_s": null
}
