{
  "total_s": 8.686983583000256,
  "step_s": 0.0,
  "fit_s": 0.0,
  "eval_s": 1.356029665999813,
  "plot_s": 0.0,
  "other_s": 0.0,
  "train_s": 7.655838833015878,
  "eval_final_s": 0.5204107500030659,
  "post_s": 0.502675708004972,
  "steps_per_s": null,
  "updates_per_s": null
}
