{
  "total_s": 5.799542750006367,
  "step_s": 0.0,
  "fit_s": 0.0,
  "eval_s": 0.6625316260106047,
  "plot_s": 0.0,
  "other_s": 0.0,
  "train_s": 4.9000916670047445,
  "eval_final_s": 0.6611990419987706,
  "post_s": 0.22646041700500064,
  "steps_per_s": null,
  "updates_per_s": null
}
