{
  "total_s": 5.787677791988244,
  "step_s": 0.0,
  "fit_s": 0.0,
  "eval_s": 0.6752694980823435,
  "plot_s": 0.0,
  "other_s": 0.0,
  "train_s": 5.171798041992588,
  "eval_final_s": 0.23699887498514727,
  "post_s": 0.3738996249740012,
  "steps_per_s": null,
  "updates_per_s": null
}
