{
  "total_s": 5.834774583985563,
  "step_s": 0.0,
  "fit_s": 0.0,
  "eval_s": 0.6825107490585651,
  "plot_s": 0.0,
  "other_s": 0.0,
  "train_s": 5.1975462090049405,
  "eval_final_s": 0.23848720800015144,
  "post_s": 0.39403320898418315,
  "steps_per_s": null,
  "updates_per_s": null
}
