{
  "total_s": 8.673841040988918,
  "step_s": 0.0,
  "fit_s": 0.0,
  "eval_s": 0.24824845508555882,
  "plot_s": 0.0,
  "other_s": 0.0,
  "train_s": 8.068238790991018,
  "eval_final_s": 0.08929574998910539,
  "post_s": 0.5149432079924736,
  "steps_per_s": null,
  "updates_per_s": null
}
