{
  "total_s": 9.412559582997346,
  "step_s": 0.0,
  "fit_s": 0.0,
  "eval_s": 0.48430641600862145,
  "plot_s": 0.0,
  "other_s": 0.0,
  "train_s": 8.765536041988526,
  "eval_final_s": 0.3281483750033658,
  "post_s": 0.3119901250174735,
  "steps_per_s": null,
  "updates_per_s": null
}
