{
  "total_s": 6.01509679100127,
  "step_s": 0.0,
  "fit_s": 0.0,
  "eval_s": 0.6862029209805769,
  "plot_s": 0.0,
  "other_s": 0.0,
  "train_s": 5.37963741600106,
  "eval_final_s": 0.24316062499565305,
  "post_s": 0.3874397499967017,
  "steps_per_s": null,
  "updates_per_s": null
}
