{
  "total_s": 5.663378124998417,
  "step_s": 0.0,
  "fit_s": 0.0,
  "eval_s": 0.6434716671356,
  "plot_s": 0.0,
  "other_s": 0.0,
  "train_s": 4.615585874998942,
  "eval_final_s": 0.6718002499837894,
  "post_s": 0.3534679589793086,
  "steps_per_s": null,
  "updates_per_s": null
}
