{
  "total_s": 4.140802457986865,
  "step_s": 0.0,
  "fit_s": 0.0,
  "eval_s": 0.6166740419866983,
  "plot_s": 0.0,
  "other_s": 0.0,
  "train_s": 3.432767624995904,
  "eval_final_s": 0.5840339579735883,
  "post_s": 0.11267399997450411,
  "steps_per_s": null,
  "updates_per_s": null
}
