{
  "total_s": 6.119994792010402,
  "step_s": 0.0,
  "fit_s": 0.0,
  "eval_s": 0.34741337594459765,
  "plot_s": 0.0,
  "other_s": 0.0,
  "train_s": 5.487481583986664,
  "eval_final_s": 0.2048011670121923,
  "post_s": 0.4235100830264855,
  "steps_per_s": null,
  "updates_per_s": null
}
