{
  "total_s": 6.350024833984207,
  "step_s": 0.0,
  "fit_s": 0.0,
  "eval_s": 0.8116216698545031,
  "plot_s": 0.0,
  "other_s": 0.0,
  "train_s": 5.794071584008634,
  "eval_final_s": 0.13781924999784678,
  "post_s": 0.41566170897567645,
  "steps_per_s": null,
  "updates_per_s": null
}
