{
  "total_s": 6.565942708984949,
  "step_s": 0.0,
  "fit_s": 0.0,
  "eval_s": 0.8483472539519425,
  "plot_s": 0.0,
  "other_s": 0.0,
  "train_s": 6.0092434589751065,
  "eval_final_s": 0.14534737501526251,
  "post_s": 0.40888187498785555,
  "steps_per_s": null,
  "updates_per_s": null
}
