{
  "total_s": 4.845953457988799,
  "step_s": 0.0,
  "fit_s": 0.0,
  "eval_s": 0.6189984160009772,
  "plot_s": 0.0,
  "other_s": 0.0,
  "train_s": 4.129439166979864,
  "eval_final_s": 0.590752916992642,
  "post_s": 0.11444966599810869,
  "steps_per_s": null,
  "updates_per_s": null
}
