{
  "total_s": 6.721357709000586,
  "step_s": 0.0,
  "fit_s": 0.0,
  "eval_s": 0.6261582070146687,
  "plot_s": 0.0,
  "other_s": 0.0,
  "train_s": 6.128757833997952,
  "eval_final_s": 0.24434499998460524,
  "post_s": 0.3436701250029728,
  "steps_per_s": null,
  "updates_per_s": null
}
