{
  "total_s": 7.1103052079852205,
  "step_s": 0.0,
  "fit_s": 0.0,
  "eval_s": 0.6709745011175983,
  "plot_s": 0.0,
  "other_s": 0.0,
  "train_s": 6.451219457987463,
  "eval_final_s": 0.255806291999761,
  "post_s": 0.39848570799222216,
  "steps_per_s": null,
  "updates_per_s": null
}
