{
  "total_s": 4.135838791989954,
  "step_s": 0.0,
  "fit_s": 0.0,
  "eval_s": 0.6243275839369744,
  "plot_s": 0.0,
  "other_s": 0.0,
  "train_s": 3.4198044169752393,
  "eval_final_s": 0.5893432080047205,
  "post_s": 0.11532508401433006,
  "steps_per_s": null,
  "updates_per_s": null
}
