{
  "schema_version": "1.0.0",
  "created_at": "2026-04-19T06:07:09Z",
  "phase": "phase2",
  "task": "grid_regime_shift",
  "algorithm": "ExpectedSARSA",
  "seed": 47,
  "train_steps": 250000,
  "n_transitions": 250000,
  "steps_to_threshold": 16000,
  "auc_disc_return": 0.902027227902416,
  "final_disc_return_mean": 0.9462074639747489,
  "final_10pct_success_rate": 1.0,
  "adaptation_metrics": {
    "change_at_episode": 200,
    "pre_change_auc": 0.485383823392764,
    "post_change_auc": 0.9258142542589689,
    "lag_to_50pct_recovery": 64,
    "lag_to_75pct_recovery": 88,
    "lag_to_90pct_recovery": 109,
    "post_change_optimum": 0.96059601
  },
  "shortcut_risky_path_fraction": 0.0,
  "episode_returns": [
    0.9509900498999999,
    0.9509900498999999,
    0.9509900498999999,
    0.941480149401,
    0.941480149401,
    0.9509900498999999,
    0.9320653479069899,
    0.9320653479069899,
    0.941480149401,
    0.9509900498999999,
    0.9509900498999999,
    0.9509900498999999,
    0.9509900498999999,
    0.9509900498999999,
    0.941480149401,
    0.941480149401,
    0.9509900498999999,
    0.941480149401,
    0.941480149401,
    0.941480149401,
    0.9509900498999999,
    0.941480149401,
    0.9509900498999999,
    0.9509900498999999,
    0.9509900498999999,
    0.9509900498999999,
    0.941480149401,
    0.9320653479069899,
    0.9509900498999999,
    0.9509900498999999,
    0.941480149401,
    0.941480149401,
    0.9509900498999999,
    0.9509900498999999,
    0.941480149401,
    0.9509900498999999,
    0.941480149401,
    0.941480149401,
    0.9509900498999999,
    0.9509900498999999,
    0.941480149401,
    0.9509900498999999,
    0.941480149401,
    0.9509900498999999,
    0.941480149401,
    0.941480149401,
    0.9509900498999999,
    0.9509900498999999,
    0.9509900498999999,
    0.9509900498999999,
    0.941480149401,
    0.9320653479069899,
    0.9509900498999999,
    0.9509900498999999,
    0.941480149401,
    0.9509900498999999,
    0.9509900498999999,
    0.9509900498999999,
    0.9320653479069899,
    0.941480149401,
    0.9320653479069899,
    0.9509900498999999,
    0.941480149401,
    0.9509900498999999,
    0.9509900498999999,
    0.9509900498999999,
    0.9509900498999999,
    0.9509900498999999,
    0.941480149401,
    0.9320653479069899,
    0.9509900498999999,
    0.9227446944279201,
    0.9509900498999999,
    0.941480149401,
    0.9509900498999999,
    0.9509900498999999,
    0.9509900498999999,
    0.9509900498999999,
    0.941480149401,
    0.9509900498999999,
    0.9509900498999999,
    0.9509900498999999,
    0.9509900498999999,
    0.9509900498999999,
    0.9509900498999999,
    0.9509900498999999,
    0.9509900498999999,
    0.941480149401,
    0.941480149401,
    0.941480149401,
    0.9509900498999999,
    0.9509900498999999,
    0.9509900498999999,
    0.9509900498999999,
    0.9509900498999999,
    0.9227446944279201,
    0.9509900498999999,
    0.9509900498999999,
    0.9509900498999999,
    0.9509900498999999,
    0.9509900498999999,
    0.941480149401,
    0.9509900498999999,
    0.9509900498999999,
    0.9509900498999999,
    0.9509900498999999,
    0.9509900498999999,
    0.9509900498999999,
    0.9509900498999999,
    0.9509900498999999,
    0.941480149401,
    0.941480149401,
    0.9509900498999999,
    0.9509900498999999,
    0.9509900498999999,
    0.9509900498999999,
    0.9320653479069899,
    0.9509900498999999,
    0.9509900498999999,
    0.9509900498999999,
    0.9509900498999999,
    0.9509900498999999,
    0.941480149401,
    0.941480149401,
    0.941480149401,
    0.941480149401,
    0.941480149401,
    0.9227446944279201,
    0.9509900498999999,
    0.9509900498999999,
    0.941480149401,
    0.9509900498999999,
    0.9509900498999999,
    0.9509900498999999,
    0.9320653479069899,
    0.9509900498999999,
    0.9509900498999999,
    0.9509900498999999,
    0.9509900498999999,
    0.9509900498999999,
    0.941480149401,
    0.9509900498999999,
    0.9509900498999999,
    0.9320653479069899,
    0.9509900498999999,
    0.941480149401,
    0.9509900498999999,
    0.9509900498999999,
    0.9509900498999999,
    0.941480149401,
    0.9509900498999999,
    0.9509900498999999,
    0.941480149401,
    0.941480149401,
    0.941480149401,
    0.941480149401,
    0.9509900498999999,
    0.941480149401,
    0.9509900498999999,
    0.9509900498999999,
    0.9509900498999999,
    0.941480149401,
    0.9509900498999999,
    0.941480149401,
    0.9509900498999999,
    0.9509900498999999,
    0.9509900498999999,
    0.9509900498999999,
    0.9509900498999999,
    0.9509900498999999,
    0.941480149401,
    0.9509900498999999,
    0.9509900498999999,
    0.941480149401,
    0.9509900498999999,
    0.9509900498999999,
    0.9509900498999999,
    0.941480149401,
    0.9320653479069899,
    0.9509900498999999,
    0.9509900498999999,
    0.9509900498999999,
    0.9320653479069899,
    0.941480149401,
    0.9509900498999999,
    0.9509900498999999,
    0.9509900498999999,
    0.9509900498999999,
    0.9509900498999999,
    0.9509900498999999,
    0.9509900498999999,
    0.9509900498999999,
    0.941480149401,
    0.9509900498999999,
    0.9509900498999999,
    0.9509900498999999,
    0.9509900498999999,
    0.9509900498999999,
    0.941480149401,
    0.941480149401
  ],