{
  "total_s": 4.912809333007317,
  "step_s": 0.0,
  "fit_s": 0.0,
  "eval_s": 0.6444078729837202,
  "plot_s": 0.0,
  "other_s": 0.0,
  "train_s": 4.499322833027691,
  "eval_final_s": 0.20362079198821448,
  "post_s": 0.2051724579941947,
  "steps_per_s": null,
  "updates_per_s": null
}
