{
  "total_s": 7.46910366701195,
  "step_s": 0.0,
  "fit_s": 0.0,
  "eval_s": 0.28498608103836887,
  "plot_s": 0.0,
  "other_s": 0.0,
  "train_s": 7.090034959022887,
  "eval_final_s": 0.07412366700009443,
  "post_s": 0.3033264580008108,
  "steps_per_s": null,
  "updates_per_s": null
}
