{
  "schema_version": "1.0.0",
  "created_at": "2026-04-19T04:18:34Z",
  "phase": "phase3",
  "task": "grid_regime_shift",
  "algorithm": "SafeExpectedSARSA",
  "seed": 11,
  "train_steps": 250000,
  "n_transitions": 250000,
  "steps_to_threshold": 16000,
  "auc_disc_return": 0.7510725714990881,
  "final_disc_return_mean": 0.8140443312299762,
  "final_10pct_success_rate": 1.0,
  "adaptation_metrics": {
    "change_at_episode": 200,
    "pre_change_auc": 0.46725808100553584,
    "post_change_auc": 0.7350894050945299,
    "lag_to_50pct_recovery": 261,
    "lag_to_75pct_recovery": 352,
    "lag_to_90pct_recovery": null,
    "post_change_optimum": 0.9509900498999999
  },
  "shortcut_risky_path_fraction": 0.0,
  "episode_returns": [
    0.8179069375972308,
    0.7936142836436554,
    0.8179069375972308,
    0.8179069375972308,
    0.8097278682212584,
    0.8179069375972308,
    0.8016305895390459,
    0.8179069375972308,
    0.8097278682212584,
    0.8097278682212584,
    0.8179069375972308,
    0.8179069375972308,
    0.8179069375972308,
    0.8179069375972308,
    0.8179069375972308,
    0.8179069375972308,
    0.8179069375972308,
    0.8016305895390459,
    0.7856781408072188,
    0.8179069375972308,
    0.8179069375972308,
    0.8179069375972308,
    0.8016305895390459,
    0.8179069375972308,
    0.8179069375972308,
    0.8179069375972308,
    0.8179069375972308,
    0.8179069375972308,
    0.8179069375972308,
    0.8097278682212584,
    0.8179069375972308,
    0.8179069375972308,
    0.8179069375972308,
    0.8179069375972308,
    0.8179069375972308,
    0.8097278682212584,
    0.7936142836436554,
    0.8179069375972308,
    0.8179069375972308,
    0.8097278682212584,
    0.8179069375972308,
    0.8016305895390459,
    0.8179069375972308,
    0.8179069375972308,
    0.8016305895390459,
    0.8179069375972308,
    0.8179069375972308,
    0.8179069375972308,
    0.8179069375972308,
    0.8179069375972308,
    0.8016305895390459,
    0.8179069375972308,
    0.8179069375972308,
    0.8179069375972308,
    0.8179069375972308,
    0.8179069375972308,
    0.8179069375972308,
    0.8179069375972308,
    0.8016305895390459,
    0.8179069375972308,
    0.8179069375972308,
    0.8016305895390459,
    0.8179069375972308,
    0.8179069375972308,
    0.7936142836436554,
    0.8179069375972308,
    0.8179069375972308,
    0.8179069375972308,
    0.8179069375972308,
    0.8179069375972308,
    0.8179069375972308,
    0.8179069375972308,
    0.8179069375972308,
    0.8097278682212584,
    0.8179069375972308,
    0.8179069375972308,
    0.8179069375972308,
    0.8179069375972308,
    0.8179069375972308,
    0.8179069375972308,
    0.8016305895390459,
    0.7936142836436554,
    0.8179069375972308,
    0.8179069375972308,
    0.8179069375972308,
    0.8179069375972308,
    0.8179069375972308,
    0.8179069375972308,
    0.8179069375972308,
    0.8179069375972308,
    0.8097278682212584,
    0.8179069375972308,
    0.8179069375972308,
    0.8179069375972308,
    0.8016305895390459,
    0.8097278682212584,
    0.8179069375972308,
    0.8179069375972308,
    0.8179069375972308,
    0.8179069375972308,
    0.8016305895390459,
    0.8179069375972308,
    0.8179069375972308,
    0.8179069375972308,
    0.8179069375972308,
    0.8179069375972308,
    0.8179069375972308,
    0.8179069375972308,
    0.8179069375972308,
    0.8097278682212584,
    0.8179069375972308,
    0.8016305895390459,
    0.8179069375972308,
    0.8179069375972308,
    0.8179069375972308,
    0.7936142836436554,
    0.8179069375972308,
    0.8016305895390459,
    0.8179069375972308,
    0.8016305895390459,
    0.8179069375972308,
    0.8179069375972308,
    0.8179069375972308,
    0.8097278682212584,
    0.8179069375972308,
    0.8179069375972308,
    0.8179069375972308,
    0.8179069375972308,
    0.8016305895390459,
    0.8179069375972308,
    0.8179069375972308,
    0.8179069375972308,
    0.8179069375972308,
    0.8179069375972308,
    0.8179069375972308,
    0.8016305895390459,
    0.8179069375972308,
    0.8179069375972308,
    0.8179069375972308,
    0.8179069375972308,
    0.8179069375972308,
    0.8179069375972308,
    0.8016305895390459,
    0.8016305895390459,
    0.8179069375972308,
    0.8179069375972308,
    0.8016305895390459,
    0.8179069375972308,
    0.8179069375972308,
    0.8179069375972308,
    0.8179069375972308,
    0.8179069375972308,
    0.8179069375972308,
    0.8179069375972308,
    0.8179069375972308,
    0.8179069375972308,
    0.8179069375972308,
    0.8179069375972308,
    0.8179069375972308,
    0.8179069375972308,
    0.8179069375972308,
    0.8179069375972308,
    0.8016305895390459,
    0.8179069375972308,
    0.8179069375972308,
    0.8016305895390459,
    0.8097278682212584,
    0.8097278682212584,
    0.8179069375972308,
    0.8097278682212584,
    0.8179069375972308,
    0.8179069375972308,
    0.8179069375972308,
    0.8179069375972308,
    0.8179069375972308,
    0.8179069375972308,
    0.8016305895390459,
    0.8016305895390459,
    0.8179069375972308,
    0.8179069375972308,
    0.8016305895390459,
    0.8179069375972308,
    0.8016305895390459,
    0.8179069375972308,
    0.8179069375972308,
    0.8016305895390459,
    0.8179069375972308,
    0.8179069375972308,
    0.8097278682212584,
    0.8179069375972308,
    0.8179069375972308,
    0.8179069375972308,
    0.8179069375972308,
    0.8179069375972308,
    0.8179069375972308,
    0.8016305895390459,
    0.8179069375972308,
    0.8179069375972308,
    0.8179069375972308,
    0.8016305895390459
  ],