{
  "total_s": 6.37571433300036,
  "step_s": 0.0,
  "fit_s": 0.0,
  "eval_s": 0.717717124032788,
  "plot_s": 0.0,
  "other_s": 0.0,
  "train_s": 5.1828111249778885,
  "eval_final_s": 0.9120479169941973,
  "post_s": 0.26601775002200156,
  "steps_per_s": null,
  "updates_per_s": null
}
