{
  "total_s": 4.759100250026677,
  "step_s": 0.0,
  "fit_s": 0.0,
  "eval_s": 0.6274008729378693,
  "plot_s": 0.0,
  "other_s": 0.0,
  "train_s": 4.121154916007072,
  "eval_final_s": 0.5142558340157848,
  "post_s": 0.11254041700158268,
  "steps_per_s": null,
  "updates_per_s": null
}
