{
  "total_s": 7.032451708015287,
  "step_s": 0.0,
  "fit_s": 0.0,
  "eval_s": 0.6656501680845395,
  "plot_s": 0.0,
  "other_s": 0.0,
  "train_s": 6.376705000002403,
  "eval_final_s": 0.25576854101382196,
  "post_s": 0.3952713749895338,
  "steps_per_s": null,
  "updates_per_s": null
}
