{
  "total_s": 7.588037084002281,
  "step_s": 0.0,
  "fit_s": 0.0,
  "eval_s": 0.40286866610404104,
  "plot_s": 0.0,
  "other_s": 0.0,
  "train_s": 6.913455667003291,
  "eval_final_s": 0.35200541600352153,
  "post_s": 0.3152661670173984,
  "steps_per_s": null,
  "updates_per_s": null
}
