{
  "phase": "phase4",
  "schedule_version": 3,
  "task_family": "dense_chain_cost",
  "scheduler_mode": "stagewise_u",
  "gamma_eval": 0.95,
  "gamma_base": 0.95,
  "sign_family": 1,
  "reward_bound": 0.05,
  "alpha_t": [
    0.24882256911035683,
    0.2476844710799356,
    0.24629424398391456,
    0.24460112781604476,
    0.24254112216294557,
    0.24003241617738094,
    0.3,
    0.2475457219153376,
    0.26,
    0.25838688023493134,
    0.256174696335377,
    0.25314141812173,
    0.24894619763323142,
    0.24303786075277864,
    0.3,
    0.28784723308842874,
    0.2776396354736116,
    0.2959928410210358,
    0.14280500000000002,
    0.14280500000000002
  ],
  "kappa_t": [
    0.9624411284555178,
    0.9623842235539968,
    0.9623147121991957,
    0.9622300563908022,
    0.9621270561081472,
    0.962001620808869,
    0.965,
    0.9623772860957669,
    0.963,
    0.9629193440117465,
    0.9628087348167688,
    0.9626570709060864,
    0.9624473098816615,
    0.9621518930376389,
    0.965,
    0.9643923616544214,
    0.9638819817736806,
    0.9613843400392705,
    0.9554925,
    0.9554925
  ],
  "Bhat_t": [
    1.3913217975787326,
    1.344312664250955,
    1.2955456186164298,
    1.2449623843726902,
    1.1925031615377617,
    1.13810660929452,
    1.0817098295734249,
    1.0199065591434455,
    0.9584666767079707,
    0.8940463932585365,
    0.8272202632672624,
    0.757907813752993,
    0.6860260353475554,
    0.6114890958757192,
    0.534207851790416,
    0.4525469966740062,
    0.36815616837209364,
    0.2807980369900137,
    0.19066051875,
    0.0975,
    0.0
  ],
  "A_t": [
    1.3943126642509551,
    1.3455456186164299,
    1.2949623843726903,
    1.2425031615377617,
    1.18810660929452,
    1.131709829573425,
    1.0699065591434456,
    1.0084666767079706,
    0.9440463932585366,
    0.8772202632672624,
    0.807907813752993,
    0.7360260353475554,
    0.6614890958757192,
    0.584207851790416,
    0.5025469966740063,
    0.41815616837209363,
    0.3307980369900137,
    0.24066051875,
    0.14750000000000002,
    0.05
  ],
  "xi_ref_t": [
    0.38060128056487624,
    0.3782448693261309,
    0.3753664294502093,
    0.3718608632688909,
    0.3675956590921951,
    0.36240142905130485,
    0.356058239208986,
    0.3779575917084864,
    0.40374394759761506,
    0.40040401251096597,
    0.3958237260472841,
    0.38954337876451656,
    0.38085725116929187,
    0.36862414729313503,
    0.35087095385867256,
    0.3238667243399391,
    0.2797389623902875,
    0.19737346302882097,
    0.02,
    0.02
  ],
  "u_target_t": [
    0.01896823714864832,
    0.018863181945840204,
    0.018734853290822882,
    0.018578565644557975,
    0.018388411276579586,
    0.018156838416373625,
    0.01787404181263226,
    0.01885037433064654,
    0.020000000000000004,
    0.019851096637070582,
    0.01964689504634249,
    0.01936690013431354,
    0.01897964901229828,
    0.018434264069487255,
    0.01764277856556385,
    0.01643885678734405,
    0.011164659197466266,
    0.008436238549954234,
    0.002,
    0.002
  ],
  "u_tr_cap_t": [
    0.0057220458984375,
    0.00568389892578125,
    0.005645751953125,
    0.00560760498046875,
    0.005550384521484375,
    0.005474090576171875,
    0.0053882598876953125,
    0.00568389892578125,
    0.0060272216796875,
    0.00598907470703125,
    0.0059223175048828125,
    0.00583648681640625,
    0.0057220458984375,
    0.005550384521484375,
    0.005321502685546875,
    0.0049591064453125,
    0.002899169921875,
    0.00217437744140625,
    0.0,
    0.0
  ],
  "U_safe_ref_t": [
    0.009716781782474728,
    0.009612463282760714,
    0.009485780995047892,
    0.009332607065623343,
    0.009147883053450706,
    0.008925357437271882,
    0.010959385209941394,
    0.009599783104611848,
    0.010770542743277024,
    0.010615188188393871,
    0.010403936706981773,
    0.01011765412046003,
    0.009728146746148492,
    0.009192261488369853,
    0.010799721840054864,
    0.009564813508297451,
    0.007968676134053344,
    0.004611022998078241,
    0.00022545137999577944,
    0.00022545137999577944
  ],
  "u_ref_used_t": [
    0.0057220458984375,
    0.00568389892578125,
    0.005645751953125,
    0.00560760498046875,
    0.005550384521484375,
    0.005474090576171875,
    0.0053882598876953125,
    0.00568389892578125,
    0.0060272216796875,
    0.00598907470703125,
    0.0059223175048828125,
    0.00583648681640625,
    0.0057220458984375,
    0.005550384521484375,
    0.005321502685546875,
    0.0049591064453125,
    0.002899169921875,
    0.00217437744140625,
    0.0,
    0.0
  ],
  "theta_used_t": [
    0.015034226605714575,
    0.015027035094772085,
    0.01504064165086421,
    0.015079847153514287,
    0.015099156870327205,
    0.015105046882684652,
    0.01513308581109033,
    0.01503845682815432,
    0.01492832701406693,
    0.01495757914480746,
    0.014962007366317772,
    0.01498289313738913,
    0.015024122242309727,
    0.015057029123679823,
    0.015166552337901202,
    0.015312182674584654,
    0.01036384026416071,
    0.011016564273834227,
    0.0,
    0.0
  ],
  "beta_used_t": [
    0.010782536077581407,
    0.01116798634462039,
    0.011614732468194623,
    0.012136667028557887,
    0.012708587556206644,
    0.013347102311886955,
    0.014144306044077062,
    0.014912200051315251,
    0.015813128592694764,
    0.017051109933435657,
    0.018519448768312328,
    0.020356471670617098,
    0.022712577328912558,
    0.025773411085685847,
    0.030179371159866842,
    0.03661833504500454,
    0.031329811864855714,
    0.04577636718749999,
    0.0,
    0.0
  ],
  "trust_clip_active_t": [
    true,
    true,
    true,
    true,
    true,
    true,
    true,
    true,
    true,
    true,
    true,
    true,
    true,
    true,
    true,
    true,
    true,
    true,
    true,
    true
  ],
  "safe_clip_active_t": [
    false,
    false,
    false,
    false,
    false,
    false,
    false,
    false,
    false,
    false,
    false,
    false,
    false,
    false,
    false,
    false,
    false,
    false,
    false,
    false
  ],
  "source_phase": "phase4C_ablation_trust_region_tighter",
  "notes": "Phase IV-C ablation: trust_region_tighter",
  "provenance": {
    "git_sha": "fbfc9b1e68f00da6c711fb85148cb8edfd458e85",
    "calibration_code_version": "v3.0",
    "input_hashes": {
      "margins": "df3a4a9af3d3c4c8",
      "p_align": "ed6399bbaa8804c5",
      "n_by_stage": "35d6f04339c16583"
    }
  }
}