{
  "total_s": 4.88106566699571,
  "step_s": 0.0,
  "fit_s": 0.0,
  "eval_s": 0.6739261689945124,
  "plot_s": 0.0,
  "other_s": 0.0,
  "train_s": 4.048508292005863,
  "eval_final_s": 0.5904212080058642,
  "post_s": 0.23039787498419173,
  "steps_per_s": null,
  "updates_per_s": null
}
