{
  "total_s": 5.6460167079931125,
  "step_s": 0.0,
  "fit_s": 0.0,
  "eval_s": 0.6287058730085846,
  "plot_s": 0.0,
  "other_s": 0.0,
  "train_s": 5.0509803330060095,
  "eval_final_s": 0.24334254098357633,
  "post_s": 0.3470199579896871,
  "steps_per_s": null,
  "updates_per_s": null
}
