{
  "total_s": 5.6499885829980485,
  "step_s": 0.0,
  "fit_s": 0.0,
  "eval_s": 0.6531280440103728,
  "plot_s": 0.0,
  "other_s": 0.0,
  "train_s": 4.748364250001032,
  "eval_final_s": 0.6493011669954285,
  "post_s": 0.2404278749891091,
  "steps_per_s": null,
  "updates_per_s": null
}
