{
  "total_s": 6.957156374992337,
  "step_s": 0.0,
  "fit_s": 0.0,
  "eval_s": 0.8492547500354704,
  "plot_s": 0.0,
  "other_s": 0.0,
  "train_s": 6.072748083010083,
  "eval_final_s": 0.6566831250092946,
  "post_s": 0.21599716698983684,
  "steps_per_s": null,
  "updates_per_s": null
}
