{
  "total_s": 8.009153124992736,
  "step_s": 0.0,
  "fit_s": 0.0,
  "eval_s": 1.029856583016226,
  "plot_s": 0.0,
  "other_s": 0.0,
  "train_s": 7.421409000002313,
  "eval_final_s": 0.17862329201307148,
  "post_s": 0.40651533400523476,
  "steps_per_s": null,
  "updates_per_s": null
}
