{
  "suite": "paper_suite",
  "task": "chain_regime_shift_post_shift",
  "algorithm": "PI",
  "n_seeds": 5,
  "seeds": [
    11,
    29,
    47,
    67,
    83
  ],
  "scalar_metrics": {
    "final_bellman_residual": {
      "mean": 10.384258162437924,
      "std": 0.0,
      "median": 10.384258162437924,
      "q25": 10.384258162437924,
      "q75": 10.384258162437924,
      "iqr": 0.0,
      "ci_low": 10.384258162437924,
      "ci_high": 10.384258162437924
    },
    "n_sweeps": {
      "mean": 25.0,
      "std": 0.0,
      "median": 25.0,
      "q25": 25.0,
      "q75": 25.0,
      "iqr": 0.0,
      "ci_low": 25.0,
      "ci_high": 25.0
    },
    "wall_clock_s": {
      "mean": 0.017155708197969945,
      "std": 0.0006037983194194375,
      "median": 0.01738029098487459,
      "q25": 0.016934582992689684,
      "q75": 0.017625417007366195,
      "iqr": 0.0006908340146765113,
      "ci_low": 0.016635666601359844,
      "ci_high": 0.017580425000051036
    }
  },
  "tail_risk": null,
  "adaptation": null,
  "event_rates": null,
  "curves": {
    "steps": [
      0,
      1,
      2,
      3,
      4,
      5,
      6,
      7,
      8,
      9,
      10,
      11,
      12,
      13,
      14,
      15,
      16,
      17,
      18,
      19,
      20,
      21,
      22,
      23,
      24
    ],
    "bellman_residual": [
      0.0,
      20.62906695327968,
      20.12683523155178,
      19.63017683119311,
      19.13903157030968,
      18.653336584615186,
      18.17303305787801,
      17.698059476317056,
      17.228358359216926,
      16.763869513490167,
      16.304536764456927,
      15.8503012105699,
      15.401107954354876,
      14.956899357294727,
      14.517621770927368,
      14.083218791885283,
      13.653637993147338,
      13.228824179230449,
      12.808726117591892,
      12.393289793969732,
      11.982465143932286,
      11.576199308364062,
      11.174443365159089,
      10.77714558484917,
      10.384258162437924
    ],
    "supnorm_to_exact": [
      20.62906695327968,
      20.12683523155178,
      19.63017683119311,
      19.13903157030968,
      18.653336584615186,
      18.17303305787801,
      17.698059476317056,
      17.228358359216926,
      16.763869513490167,
      16.304536764456927,
      15.8503012105699,
      15.401107954354876,
      14.956899357294727,
      14.517621770927368,
      14.083218791885283,
      13.653637993147338,
      13.228824179230449,
      12.808726117591892,
      12.393289793969732,
      11.982465143932286,
      11.576199308364062,
      11.174443365159089,
      10.77714558484917,
      10.384258162437924,
      0.0
    ],
    "mean_return": [
      -0.0,
      -20.62906695327968,
      -20.12683523155178,
      -19.63017683119311,
      -19.13903157030968,
      -18.653336584615186,
      -18.17303305787801,
      -17.698059476317056,
      -17.228358359216926,
      -16.763869513490167,
      -16.304536764456927,
      -15.8503012105699,
      -15.401107954354876,
      -14.956899357294727,
      -14.517621770927368,
      -14.083218791885283,
      -13.653637993147338,
      -13.228824179230449,
      -12.808726117591892,
      -12.393289793969732,
      -11.982465143932286,
      -11.576199308364062,
      -11.174443365159089,
      -10.77714558484917,
      -10.384258162437924
    ],
    "episode_returns": [
      -0.0,
      -20.62906695327968,
      -20.12683523155178,
      -19.63017683119311,
      -19.13903157030968,
      -18.653336584615186,
      -18.17303305787801,
      -17.698059476317056,
      -17.228358359216926,
      -16.763869513490167,
      -16.304536764456927,
      -15.8503012105699,
      -15.401107954354876,
      -14.956899357294727,
      -14.517621770927368,
      -14.083218791885283,
      -13.653637993147338,
      -13.228824179230449,
      -12.808726117591892,
      -12.393289793969732,
      -11.982465143932286,
      -11.576199308364062,
      -11.174443365159089,
      -10.77714558484917,
      -10.384258162437924
    ]
  },
  "checkpoints": [
    0,
    1,
    2,
    3,
    4,
    5,
    6,
    7,
    8,
    9,
    10,
    11,
    12,
    13,
    14,
    15,
    16,
    17,
    18,
    19,
    20,
    21,
    22,
    23,
    24
  ],
  "episode_returns": {},
  "change_at_episode": null,
  "visitation_counts": null
}
