{
  "total_s": 8.349871124999481,
  "step_s": 0.0,
  "fit_s": 0.0,
  "eval_s": 0.5366749160020845,
  "plot_s": 0.0,
  "other_s": 0.0,
  "train_s": 7.579593165995902,
  "eval_final_s": 0.4230767080007354,
  "post_s": 0.33852533400204265,
  "steps_per_s": null,
  "updates_per_s": null
}
