{
  "total_s": 4.80368912499398,
  "step_s": 0.0,
  "fit_s": 0.0,
  "eval_s": 0.6470486680045724,
  "plot_s": 0.0,
  "other_s": 0.0,
  "train_s": 3.922823208005866,
  "eval_final_s": 0.6373293749929871,
  "post_s": 0.23183458298444748,
  "steps_per_s": null,
  "updates_per_s": null
}
