{
  "schema_version": "1.0.0",
  "phase": "phase4C",
  "task": "dense_chain_cost_1",
  "algorithm": "safe_target_expected_sarsa",
  "seed": 456,
  "train_steps": 20000,
  "n_transitions": 20000,
  "mean_return": -0.6415140775914574,
  "final_disc_return_mean": -0.6415140775914574,
  "mean_q_target_gap": 9.389495993801079e-05,
  "std_q_target_gap": 0.0006817775715552454,
  "p5_q_target_gap": 0.0,
  "p95_q_target_gap": 0.0,
  "mean_beta_used": 0.03444265799632936,
  "std_beta_used": 0.024842483282645034,
  "p5_beta_used": 0.0,
  "p95_beta_used": 0.0807396672797118,
  "mean_rho": 0.5124277652699343,
  "std_rho": 0.0003158714147156406,
  "p5_rho": 0.5118251185847414,
  "p95_rho": 0.5128205128205129,
  "mean_effective_discount": 0.9507658577236281,
  "std_effective_discount": 0.0006159492586954983,
  "p5_effective_discount": 0.9499999999999998,
  "p95_effective_discount": 0.9519410187597541,
  "stage_mean_q_target_gap": [
    9.467496363188511e-05,
    0.00012443221041895576,
    0.00013113472069855358,
    0.00012680207169457437,
    0.00013692442256645494,
    0.0001264218365068186,
    9.20820748240041e-05,
    8.748317924797688e-05,
    6.877484052257071e-05,
    6.7623521396811e-05,
    7.563007919264183e-05,
    8.315732229638418e-05,
    9.146791271952895e-05,
    0.00010256136163778166,
    9.223840596149072e-05,
    9.432298784696911e-05,
    0.00011592959952842116,
    9.615242644888289e-05,
    7.00852616195102e-05,
    0.0
  ],
  "stage_std_q_target_gap": [
    0.001109336121514078,
    0.0008806918082642897,
    0.0007769178627238715,
    0.0007052650899502254,
    0.0008333877583663058,
    0.0007579917138610311,
    0.0006279771910953111,
    0.0006201618093408579,
    0.000502664115461617,
    0.0005212324810366189,
    0.0005738197481636156,
    0.000599195030946569,
    0.000664112373338023,
    0.0006785089659341121,
    0.0006329336761497455,
    0.0006355471969399384,
    0.0007313062198074631,
    0.0006342967817030379,
    0.0005170073733521106,
    0.0
  ],
  "stage_mean_beta_used": [
    0.0181450427264552,
    0.018715290156700617,
    0.019335728949678135,
    0.02001202846320898,
    0.020975474920895514,
    0.02360097016522822,
    0.02486420155334345,
    0.026308663410898422,
    0.027974418363615815,
    0.029913815627782725,
    0.03219624771086909,
    0.034914932373743254,
    0.03819621957200927,
    0.04221059273755364,
    0.061141066228150104,
    0.06979446294761908,
    0.07967996342087269,
    0.1008740405979629,
    0.0,
    0.0
  ],
  "stage_std_beta_used": [
    0.0,
    3.469446951953614e-18,
    3.469446951953614e-18,
    6.938893903907228e-18,
    3.469446951953614e-18,
    0.0,
    6.938893903907228e-18,
    6.938893903907228e-18,
    6.938893903907228e-18,
    0.0,
    0.0,
    6.938893903907228e-18,
    6.938893903907228e-18,
    1.3877787807814457e-17,
    2.0816681711721685e-17,
    1.3877787807814457e-17,
    1.3877787807814457e-17,
    0.0,
    0.0,
    0.0
  ],
  "stage_mean_rho": [
    0.5126049945581784,
    0.5126156480081665,
    0.5126195329123571,
    0.5126138015463804,
    0.5125993839626353,
    0.5125628102906514,
    0.512543649675423,
    0.5125230287339009,
    0.5125018844232353,
    0.5124782156379039,
    0.5124495170318877,
    0.5124182384498328,
    0.5123815960098067,
    0.5123313796487476,
    0.512113886458195,
    0.5120101819845818,
    0.5118956694402153,
    0.5116508609855601,
    0.5128205128205128,
    0.5128205128205128
  ],
  "stage_std_rho": [
    4.9259485785814804e-05,
    9.062461809502417e-05,
    0.00010528309404373683,
    0.00010049319998704739,
    9.189671120148586e-05,
    9.048301826111546e-05,
    8.792993559993839e-05,
    8.777961696286743e-05,
    9.011907319169971e-05,
    9.12243036639183e-05,
    9.540886618552233e-05,
    0.00010159013018520697,
    0.00010684953721809742,
    0.00011559003448889616,
    0.00016668597436991922,
    0.00018685615165051978,
    0.00021005115303035672,
    0.00026023241302105675,
    1.1102230246251565e-16,
    1.1102230246251565e-16
  ],
  "stage_mean_effective_discount": [
    0.9504202606115517,
    0.9503994863840755,
    0.9503919108209038,
    0.9504030869845588,
    0.9504312012728613,
    0.9505025199332294,
    0.950539883132925,
    0.9505800939688934,
    0.9506213253746912,
    0.9506674795060873,
    0.950723441787819,
    0.950784435022826,
    0.9508558877808769,
    0.9509538096849416,
    0.9513779214065198,
    0.951580145130065,
    0.9518034445915803,
    0.9522808210781575,
    0.9499999999999996,
    0.9499999999999996
  ],
  "stage_std_effective_discount": [
    9.605599728233418e-05,
    0.00017671800528529878,
    0.00020530203338527177,
    0.0001959617399747515,
    0.0001791985868429102,
    0.00017644188560918234,
    0.0001714633744198851,
    0.00017117025307758306,
    0.00017573219272382074,
    0.00017788739214465106,
    0.00018604728906177292,
    0.00019810075386114621,
    0.0002083565975752866,
    0.00022540056725335844,
    0.00032503765002135166,
    0.0003643694957185113,
    0.0004095997484091837,
    0.0005074532053910629,
    2.220446049250313e-16,
    2.220446049250313e-16
  ]
}