{
  "total_s": 4.834390083007747,
  "step_s": 0.0,
  "fit_s": 0.0,
  "eval_s": 0.6234007530729286,
  "plot_s": 0.0,
  "other_s": 0.0,
  "train_s": 4.132864540995797,
  "eval_final_s": 0.5744234999874607,
  "post_s": 0.11556787500740029,
  "steps_per_s": null,
  "updates_per_s": null
}
