{
  "total_s": 6.021674958989024,
  "step_s": 0.0,
  "fit_s": 0.0,
  "eval_s": 0.7838000438641757,
  "plot_s": 0.0,
  "other_s": 0.0,
  "train_s": 5.503124583978206,
  "eval_final_s": 0.1358354169933591,
  "post_s": 0.3803447920072358,
  "steps_per_s": null,
  "updates_per_s": null
}
