{
  "phase": "phase4",
  "schedule_version": 3,
  "task_family": "dense_chain_cost",
  "scheduler_mode": "stagewise_u",
  "gamma_eval": 0.95,
  "gamma_base": 0.95,
  "sign_family": 1,
  "reward_bound": 0.05,
  "alpha_t": [
    0.3,
    0.3,
    0.3,
    0.3,
    0.3,
    0.3,
    0.3,
    0.3,
    0.3,
    0.3,
    0.3,
    0.3,
    0.3,
    0.3,
    0.3,
    0.3,
    0.3,
    0.2899013689677747,
    0.14280500000000002,
    0.14280500000000002
  ],
  "kappa_t": [
    0.965,
    0.965,
    0.965,
    0.965,
    0.965,
    0.965,
    0.965,
    0.965,
    0.965,
    0.965,
    0.965,
    0.965,
    0.965,
    0.965,
    0.965,
    0.965,
    0.9636138117235094,
    0.9611500526526067,
    0.9554925,
    0.9554925
  ],
  "Bhat_t": [
    1.418504380912402,
    1.3689164569040437,
    1.3175300071544496,
    1.2642798001600515,
    1.2090982385078255,
    1.1519152730651043,
    1.0926583140571031,
    1.031252138919278,
    0.967618796807542,
    0.9016775096451213,
    0.8333445695804366,
    0.762533232725841,
    0.6891536090423223,
    0.6131125482303857,
    0.534313521482265,
    0.4526564989453523,
    0.3680378227412977,
    0.2807533676353358,
    0.19066051875,
    0.0975,
    0.0
  ],
  "A_t": [
    1.4189164569040438,
    1.3675300071544496,
    1.3142798001600515,
    1.2590982385078255,
    1.2019152730651044,
    1.1426583140571032,
    1.081252138919278,
    1.017618796807542,
    0.9516775096451213,
    0.8833445695804366,
    0.812533232725841,
    0.7391536090423223,
    0.6631125482303858,
    0.584313521482265,
    0.5026564989453524,
    0.4180378227412977,
    0.3307533676353358,
    0.24066051875,
    0.14750000000000002,
    0.05
  ],
  "xi_ref_t": [
    0.38981016301072524,
    0.3869522381165479,
    0.3835609361227292,
    0.37953122048420623,
    0.3747307232550801,
    0.36899030678464445,
    0.3891047369529186,
    0.41252957703045207,
    0.4095734247790614,
    0.40568179898712015,
    0.40054431469162627,
    0.39370385644584244,
    0.3844585034940837,
    0.371672653621006,
    0.35338137144364484,
    0.3258649181741718,
    0.28061462388080816,
    0.19737346302882097,
    0.02,
    0.02
  ],
  "u_target_t": [
    0.019008678467859544,
    0.018883977959194213,
    0.018736004482169485,
    0.018560174952525696,
    0.018350713728566254,
    0.01810024078742193,
    0.018977898446868265,
    0.020000000000000004,
    0.019871013513968958,
    0.01970120929105921,
    0.019477044231223845,
    0.019178572908729992,
    0.018775168250257775,
    0.01821728025742081,
    0.01741917244279448,
    0.01621854056952166,
    0.010871710576432617,
    0.008180303307353719,
    0.002,
    0.002
  ],
  "u_tr_cap_t": [
    0.013442039489746094,
    0.0133514404296875,
    0.013246536254882812,
    0.01312255859375,
    0.012974739074707031,
    0.012798309326171875,
    0.013418197631835938,
    0.014142990112304688,
    0.014047622680664062,
    0.013928413391113281,
    0.01377105712890625,
    0.013561248779296875,
    0.013275146484375,
    0.012879371643066406,
    0.012316703796386719,
    0.011467933654785156,
    0.006542205810546875,
    0.004901885986328125,
    0.0,
    0.0
  ],
  "U_safe_ref_t": [
    0.011998261140299346,
    0.011910294913521522,
    0.011805911470531774,
    0.011681877812253818,
    0.01153411968580201,
    0.011357431075801692,
    0.011976548299383747,
    0.012697559127447416,
    0.012606569486724032,
    0.012486786200030324,
    0.012328655694387692,
    0.012118108068542518,
    0.011833538373918148,
    0.011439993053054799,
    0.01087699187714948,
    0.010030042199306172,
    0.007839235789885466,
    0.00451614855983825,
    0.00022545137999577944,
    0.00022545137999577944
  ],
  "u_ref_used_t": [
    0.011998261140299346,
    0.011910294913521522,
    0.011805911470531774,
    0.011681877812253818,
    0.01153411968580201,
    0.011357431075801692,
    0.011976548299383747,
    0.012697559127447416,
    0.012606569486724032,
    0.012486786200030324,
    0.012328655694387692,
    0.012118108068542518,
    0.011833538373918148,
    0.011439993053054799,
    0.01087699187714948,
    0.010030042199306172,
    0.006542205810546875,
    0.00451614855983825,
    0.0,
    0.0
  ],
  "theta_used_t": [
    0.030779754554447637,
    0.03077975455444764,
    0.03077975455444764,
    0.03077975455444764,
    0.03077975455444764,
    0.03077975455444764,
    0.03077975455444764,
    0.03077975455444764,
    0.03077975455444764,
    0.03077975455444764,
    0.03077975455444764,
    0.030779754554447637,
    0.03077975455444764,
    0.03077975455444764,
    0.03077975455444764,
    0.03077975455444764,
    0.023313844874049385,
    0.02288123484553134,
    0.0,
    0.0
  ],
  "beta_used_t": [
    0.02169243608718618,
    0.022507553321256927,
    0.023419483850165936,
    0.02444587214332469,
    0.025608922063161423,
    0.026936971600164155,
    0.02846676870874198,
    0.03024684159825802,
    0.032342631030468874,
    0.03484456192340339,
    0.03788122542531515,
    0.0416418917230576,
    0.04641708958243662,
    0.05267677954185741,
    0.0612341720817857,
    0.07362911411366636,
    0.07048709750327775,
    0.09507681178606842,
    0.0,
    0.0
  ],
  "trust_clip_active_t": [
    false,
    false,
    false,
    false,
    false,
    false,
    false,
    false,
    false,
    false,
    false,
    false,
    false,
    false,
    false,
    false,
    true,
    false,
    true,
    true
  ],
  "safe_clip_active_t": [
    true,
    true,
    true,
    true,
    true,
    true,
    true,
    true,
    true,
    true,
    true,
    true,
    true,
    true,
    true,
    true,
    false,
    true,
    false,
    false
  ],
  "source_phase": "phase4C_advanced_rl",
  "notes": "Phase IV-C advanced estimator schedule",
  "provenance": {
    "git_sha": "6202151f2786771ab9339e76dffb5bd4f02d731b",
    "calibration_code_version": "v3.0",
    "input_hashes": {
      "margins": "f2c5575dfadf0222",
      "p_align": "9d64868be6ade0c3",
      "n_by_stage": "35d6f04339c16583"
    }
  }
}