{
  "schema_version": "1.0.0",
  "created_at": "2026-04-19T05:41:38Z",
  "phase": "phase2",
  "task": "chain_regime_shift",
  "algorithm": "ExpectedSARSA",
  "seed": 67,
  "train_steps": 180000,
  "n_transitions": 180000,
  "steps_to_threshold": null,
  "auc_disc_return": 14.235240272822924,
  "final_disc_return_mean": 18.037437079373106,
  "final_10pct_success_rate": 0.0,
  "adaptation_metrics": {
    "change_at_episode": 300,
    "pre_change_auc": 0.0,
    "post_change_auc": 15.411631517976295,
    "lag_to_50pct_recovery": 21,
    "lag_to_75pct_recovery": 34,
    "lag_to_90pct_recovery": null,
    "post_change_optimum": 19.58141379753279
  },
  "shortcut_risky_path_fraction": 0.0,
  "episode_returns": [
    18.616305996217534,
    19.610567889863653,
    18.726218291293723,
    18.51639653330676,
    16.482532703199325,
    17.04996378183424,
    18.20458147605257,
    18.88171328999269,
    16.24945763634807,
    18.248949112244354,
    20.40433813593302,
    18.566075187292828,
    19.096844929063273,
    17.513938950105313,
    17.082683381439868,
    19.417210717973276,
    18.9085117191212,
    16.182830898198787,
    18.796955231255875,
    17.536863076758248,
    18.18565469256501,
    18.922683079757782,
    20.439786876932814,
    21.02792564453287,
    17.26584589489404,
    18.57464807410178,
    19.810347842004152,
    16.172417298025845,
    19.459164150816004,
    18.37259546181307,
    17.95278273340818,
    17.754920701913235,
    18.945928664910035,
    18.647564199576358,
    18.217403015344694,
    17.751393227541573,
    21.053933503836923,
    19.333574352774455,
    19.575342329867603,
    20.418336349176275,
    18.15650541961503,
    18.301047027643886,
    17.009287688748707,
    18.05317272942344,
    16.91040842030373,
    16.80009525001201,
    17.89158624873994,
    18.6987707672359,
    17.454864950053466,
    19.48241615241173,
    17.31429641594039,
    17.62904212157649,
    18.786294288801344,
    20.167309674238847,
    18.122683657198433,
    16.276224424143457,
    17.757633682189798,
    18.781377905065188,
    15.44758856180129,
    17.965825453247547,
    21.036843166285493,
    19.716098224943906,
    20.113941193795394,
    16.200390698999147,
    18.712908781314827,
    19.52978528636547,
    18.746325067044985,
    18.74827832319207,
    16.712111568899925,
    16.966994362071556,
    18.02102752958142,
    15.790839941984235,
    17.332856652429427,
    18.581411429409158,
    16.948787975450205,
    18.077473273157377,
    17.170100320468627,
    18.08079390667419,
    19.49239493999667,
    17.09433955237309,
    20.151910626987235,
    16.98979164207407,
    20.393954801196458,
    20.99985998576261,
    17.19558505214353,
    18.997530216715354,
    18.49039097082214,
    17.22163180759673,
    16.86180160134652,
    19.465286237127284,
    20.0257671874078,
    16.036290983451075,
    18.789053970220852,
    19.467332871199154,
    20.39769888160319,
    21.053933503836923,
    16.888256835884878,
    19.2870207983391,
    16.120788278355565,
    19.57051814582214,
    18.532033917006608,
    16.63992640228824,
    17.30330332817804,
    17.93702221157417,
    17.94809044756462,
    18.65322313648094,
    19.67781405013177,
    20.41500055028899,
    17.324167394291496,
    20.406828673010324,
    17.700596733247657,
    18.102604357252794,
    16.87279320401475,
    18.394787408957086,
    18.145591989144847,
    16.540770287006513,
    17.585193802626062,
    18.66390339687661,
    19.448643437695765,
    17.272726859151774,
    18.817813326019962,
    18.088119338058068,
    18.660514859975002,
    17.788361357677815,
    18.985580891010276,
    17.753614158863762,
    18.778119822678875,
    16.7108680557038,
    19.453115562064312,
    19.46588526880539,
    20.08538368252885,
    16.89838582954699,
    17.65417631053382,
    16.92067019233159,
    20.127605336616526,
    20.150648029962632,
    19.61983097134761,
    17.99444120252941,
    17.98071136720312,
    20.289671071953897,
    18.68807394339442,
    18.661232372141587,
    18.956814952077735,
    19.539613348190123,
    18.5398664465628,
    19.712382322443784,
    19.255827566239695,
    18.559781466675567,
    16.684690499478247,
    19.49143546412602,
    16.051210229410938,
    18.7866594916885,
    18.1860883957379,
    18.58061387473216,
    16.047588917147895,
    18.854661992185623,
    18.689488488392815,
    19.536180703890047,
    18.338896927052012,
    19.396162097023605,
    17.752253964845846,
    19.549966766356356,
    18.964394587882726,
    14.06629419707346,
    19.436547675985913,
    19.334302570498835,
    18.767591531572215,
    19.336682107913227,
    19.33290893891137,
    20.391584565677086,
    18.631843097317944,
    20.291281200953783,
    19.615793484970034,
    17.700304249600865,
    17.950217914290533,
    17.969220611613167,
    17.386106530785373,
    18.540481007642775,
    17.984910378114332,
    19.542428232646692,
    18.92734534587119,
    19.73540232445923,
    20.22816978483162,
    19.216929562964715,
    18.301425713906834,
    17.891347386186894,
    19.783365327662594,
    17.436749147222677,
    18.714889309329553,
    17.946696372766713,
    20.24281953937416,
    17.935168335811465,
    18.979681681986143,
    17.15090186146322,
    19.693318004762837,
    18.52152329067553,
    19.558709670055514,
    17.752183956815223,
    17.210315985370602,
    18.27776501967665
  ],