{
  "total_s": 5.941132375010056,
  "step_s": 0.0,
  "fit_s": 0.0,
  "eval_s": 0.6432275431288872,
  "plot_s": 0.0,
  "other_s": 0.0,
  "train_s": 5.522853208996821,
  "eval_final_s": 0.20407170802354813,
  "post_s": 0.20949466599267907,
  "steps_per_s": null,
  "updates_per_s": null
}
