{
  "total_s": 6.715630999999121,
  "step_s": 0.0,
  "fit_s": 0.0,
  "eval_s": 0.6312436239677481,
  "plot_s": 0.0,
  "other_s": 0.0,
  "train_s": 6.148602332978044,
  "eval_final_s": 0.22208220799802803,
  "post_s": 0.3403664579964243,
  "steps_per_s": null,
  "updates_per_s": null
}
