{
  "total_s": 7.102420165989315,
  "step_s": 0.0,
  "fit_s": 0.0,
  "eval_s": 0.6682402100414038,
  "plot_s": 0.0,
  "other_s": 0.0,
  "train_s": 6.466614665987436,
  "eval_final_s": 0.2320066670072265,
  "post_s": 0.39897904099780135,
  "steps_per_s": null,
  "updates_per_s": null
}
