{
  "phase": "phase4",
  "schedule_version": 3,
  "task_family": "dense_chain_cost",
  "scheduler_mode": "stagewise_u",
  "gamma_eval": 0.95,
  "gamma_base": 0.95,
  "sign_family": 1,
  "reward_bound": 0.05,
  "alpha_t": [
    0.12528581031993827,
    0.12442240272798653,
    0.12342295130472716,
    0.12226138311430162,
    0.12090486805556958,
    0.15,
    0.12424791082437284,
    0.13,
    0.12908965265821462,
    0.12794264714365383,
    0.1264818908730244,
    0.1245939397828692,
    0.12210474108355132,
    0.15,
    0.14819001503969065,
    0.13905257945270622,
    0.13364237134092144,
    0.1384153276030807,
    0.05712200000000001,
    0.05712200000000001
  ],
  "kappa_t": [
    0.9562642905159969,
    0.9562211201363993,
    0.9561711475652364,
    0.956113069155715,
    0.9560452434027784,
    0.9575,
    0.9562123955412186,
    0.9564999999999999,
    0.9564544826329107,
    0.9563971323571826,
    0.9563240945436512,
    0.9562296969891434,
    0.9561052370541775,
    0.9575,
    0.9574095007519845,
    0.9569526289726352,
    0.956682118567046,
    0.9553236664462723,
    0.952197,
    0.952197
  ],
  "Bhat_t": [
    1.3192107642744477,
    1.277586935318077,
    1.2341151125690937,
    1.1887151327075014,
    1.1413034377524898,
    1.0917929302564808,
    1.03842603682139,
    0.9840136367285048,
    0.9268307754610611,
    0.8670885970214643,
    0.8046747224395153,
    0.739471823908162,
    0.6713573380219445,
    0.600203111312345,
    0.525016304242658,
    0.44653442848318403,
    0.3647353253607759,
    0.27933554957737783,
    0.1903392075,
    0.0975,
    0.0
  ],
  "A_t": [
    1.3275869353180771,
    1.2841151125690937,
    1.2387151327075014,
    1.1913034377524898,
    1.1417929302564809,
    1.08842603682139,
    1.0340136367285049,
    0.9768307754610611,
    0.9170885970214644,
    0.8546747224395154,
    0.7894718239081621,
    0.7213573380219446,
    0.6502031113123451,
    0.575016304242658,
    0.496534428483184,
    0.4147353253607759,
    0.3293355495773778,
    0.24033920749999999,
    0.14750000000000002,
    0.05
  ],
  "xi_ref_t": [
    0.4003766608513004,
    0.39689491207465893,
    0.3928645574626736,
    0.38818045616023134,
    0.38271021859194726,
    0.3762848067239686,
    0.39619126182001213,
    0.4193869455701405,
    0.4157159091174552,
    0.41109053277799595,
    0.40519993556105643,
    0.3975866467044603,
    0.3875487867099979,
    0.37395185246208124,
    0.3548349039291293,
    0.3264908122045043,
    0.28105077761205166,
    0.19763733305977554,
    0.02,
    0.02
  ],
  "u_target_t": [
    0.019184082555373932,
    0.019034646625997673,
    0.01886166464889509,
    0.018660624000552205,
    0.01842584254807935,
    0.01815006521441346,
    0.019004446104218378,
    0.020000000000000004,
    0.019842439883152534,
    0.019643919697940083,
    0.01939109649725422,
    0.019064335731650436,
    0.018633512879845424,
    0.018049935305369948,
    0.017229439872148162,
    0.016012917382756744,
    0.011186633387213162,
    0.008404187077025718,
    0.002,
    0.002
  ],
  "u_tr_cap_t": [
    0.013566017150878906,
    0.013456344604492188,
    0.013337135314941406,
    0.013194084167480469,
    0.013027191162109375,
    0.012831687927246094,
    0.013437271118164062,
    0.014142990112304688,
    0.014028549194335938,
    0.013890266418457031,
    0.013709068298339844,
    0.013480186462402344,
    0.013175010681152344,
    0.012760162353515625,
    0.012183189392089844,
    0.011320114135742188,
    0.00690460205078125,
    0.005168914794921875,
    0.0,
    0.0
  ],
  "U_safe_ref_t": [
    0.005147377789478807,
    0.005067455356341961,
    0.004975710111583848,
    0.004870121746320386,
    0.004748225571831778,
    0.00579177682917421,
    0.005051378213979064,
    0.005594630776776661,
    0.005506830097204306,
    0.0053971805988252105,
    0.005259113617162982,
    0.005083284804602479,
    0.004855968166908639,
    0.005755867990453985,
    0.005395727157676237,
    0.004658637729822878,
    0.0038542547752754824,
    0.0021594060285874185,
    9.018757014845772e-05,
    9.018757014845772e-05
  ],
  "u_ref_used_t": [
    0.005147377789478807,
    0.005067455356341961,
    0.004975710111583848,
    0.004870121746320386,
    0.004748225571831778,
    0.00579177682917421,
    0.005051378213979064,
    0.005594630776776661,
    0.005506830097204306,
    0.0053971805988252105,
    0.005259113617162982,
    0.005083284804602479,
    0.004855968166908639,
    0.005755867990453985,
    0.005395727157676237,
    0.004658637729822878,
    0.0038542547752754824,
    0.0021594060285874185,
    0.0,
    0.0
  ],
  "theta_used_t": [
    0.012856338275398473,
    0.012767750863454592,
    0.012665204883127168,
    0.012546025100012043,
    0.012406842935370964,
    0.015392002881006266,
    0.012749847613433438,
    0.013340021275986486,
    0.013246618607632892,
    0.013128934306399819,
    0.01297905837492545,
    0.012785350933531371,
    0.012529953217328358,
    0.015392002881006266,
    0.015206303263655028,
    0.01426881723980901,
    0.01371373104896974,
    0.010926103864872052,
    0.0,
    0.0
  ],
  "beta_used_t": [
    0.00968398975116324,
    0.0099428398112304,
    0.010224469330123062,
    0.010531342983179284,
    0.010866105934448216,
    0.014141523962396797,
    0.012330444358328219,
    0.013656430173066607,
    0.014444208172095347,
    0.015361322807027258,
    0.01644017934759795,
    0.01772401867927269,
    0.019270829375206126,
    0.026767941652156717,
    0.030624871894799566,
    0.03440463439519324,
    0.04164060353207536,
    0.04546117954920881,
    0.0,
    0.0
  ],
  "trust_clip_active_t": [
    true,
    true,
    true,
    true,
    true,
    true,
    true,
    true,
    true,
    true,
    true,
    true,
    true,
    true,
    true,
    true,
    true,
    true,
    true,
    true
  ],
  "safe_clip_active_t": [
    false,
    false,
    false,
    false,
    false,
    false,
    false,
    false,
    false,
    false,
    false,
    false,
    false,
    false,
    false,
    false,
    false,
    false,
    false,
    false
  ],
  "source_phase": "phase4C_scheduler_state_bin_uniform",
  "notes": "Phase IV-C scheduler ablation: state_bin_uniform",
  "provenance": {
    "git_sha": "01a22b9945b1a74a643b82b1f38fefc5e36ee5f8",
    "calibration_code_version": "v3.0",
    "input_hashes": {
      "margins": "ceada405a7c1d7a9",
      "p_align": "d96e305f37d4ed27",
      "n_by_stage": "35d6f04339c16583"
    }
  }
}