{
  "schema_version": "1.0.0",
  "created_at": "2026-04-19T05:44:53Z",
  "phase": "phase2",
  "task": "chain_regime_shift",
  "algorithm": "QLearning",
  "seed": 47,
  "train_steps": 180000,
  "n_transitions": 180000,
  "steps_to_threshold": null,
  "auc_disc_return": 14.675578153258254,
  "final_disc_return_mean": 19.253090384444906,
  "final_10pct_success_rate": 0.0,
  "adaptation_metrics": {
    "change_at_episode": 300,
    "pre_change_auc": 0.00377873629508264,
    "post_change_auc": 16.904484463376768,
    "lag_to_50pct_recovery": 17,
    "lag_to_75pct_recovery": 787,
    "lag_to_90pct_recovery": null,
    "post_change_optimum": 21.765847618554695
  },
  "shortcut_risky_path_fraction": 0.0,
  "episode_returns": [
    19.002155661864975,
    18.389720280555743,
    17.84786208873704,
    19.751751983370333,
    17.22500490244903,
    17.03314990092589,
    20.384295384528116,
    20.19084424171815,
    19.410794470523136,
    19.342048166471642,
    17.810996665356477,
    19.899706915231437,
    19.658981162061743,
    17.889300936442517,
    19.60297088496508,
    16.799321186598625,
    20.241853142091692,
    16.99331160058263,
    20.167045251204488,
    18.57936026880275,
    18.351986751531136,
    20.1702405596129,
    20.02692414602753,
    17.836881491324984,
    18.947493552200612,
    18.58861786018926,
    20.17665877600336,
    20.128598589015674,
    18.358637290005497,
    18.539750705334164,
    19.330074056333736,
    18.931327248536995,
    18.055926050060215,
    19.028563557347194,
    16.608122558278307,
    19.567229787400024,
    20.22969426264847,
    19.320148711742192,
    20.101732858232403,
    19.28410039476486,
    18.343861300057032,
    19.84553392539618,
    18.974876955575446,
    17.19181342463654,
    21.045394391282407,
    20.22807084565781,
    18.790496768877517,
    19.472891956523014,
    18.770169819426886,
    17.94273779833137,
    16.74762222018461,
    19.443194587748053,
    17.75726410818476,
    20.14631009141842,
    17.286345825003167,
    16.93862841191415,
    18.47614578195574,
    18.776999256374843,
    19.252041057993967,
    18.151816989567376,
    20.43339557338575,
    18.754496200527964,
    18.81463517157803,
    21.047682061138943,
    20.2408773866669,
    19.50801088067262,
    20.21930582074383,
    20.033856361370198,
    18.186742456111116,
    17.522182675201197,
    19.272839331323183,
    17.71818601164449,
    19.449133935304772,
    19.364541638097812,
    18.58816845510823,
    18.795590059964027,
    18.70503639170381,
    20.929278244314226,
    18.984567810061176,
    18.657982374200166,
    17.599304089186163,
    19.326023180011315,
    19.56710057836115,
    19.677414254291847,
    17.713337889069052,
    21.09758149934296,
    20.2390169946499,
    20.957360787688188,
    20.985502962433838,
    18.907833050855285,
    19.875404008390262,
    20.794529798004312,
    20.236444500428853,
    18.50762149330104,
    20.37224905207889,
    18.793428094753374,
    19.885164604958067,
    20.017687505047125,
    20.98847311576396,
    16.14562899119786,
    18.4660616721588,
    21.136655184329268,
    19.15249535964629,
    17.472850390909166,
    19.3920469100106,
    19.389824672664727,
    19.56822728256043,
    19.60245607964587,
    17.153168527050898,
    19.526714436286895,
    19.548209994375895,
    20.04051923201184,
    17.694409314696596,
    20.145641244954888,
    20.367636546839545,
    18.52090082559721,
    19.574779991811457,
    18.098971263135823,
    18.491129292240796,
    19.46636340180589,
    18.034921591893188,
    19.4487969488703,
    17.655171062975594,
    19.442114205744673,
    20.34873724633733,
    20.215509492978484,
    18.653880633571408,
    20.3120627830183,
    17.30579147557302,
    20.84172232564855,
    19.504921212925154,
    18.353826674040576,
    18.89003852787131,
    20.319642089026758,
    20.79966894716922,
    19.21355076884394,
    17.674575164132236,
    19.129066211984725,
    20.158826827167328,
    17.658208475942224,
    18.80804492286244,
    16.898039074594465,
    18.746335235622166,
    18.591011742528327,
    19.326859333360442,
    19.490816645680752,
    20.378957546872094,
    18.367454494906468,
    19.359759495497613,
    18.976022628068012,
    19.554402740496776,
    19.0464227383923,
    17.040590568238,
    18.94247802797645,
    19.434178679771883,
    19.63484586816582,
    20.347581125464078,
    16.9385253714204,
    20.07679345801059,
    20.315048834725197,
    18.954342387249888,
    19.933424489479364,
    18.92059707888073,
    19.46788575427759,
    19.305350745939162,
    18.906075741830357,
    19.165997526111962,
    20.86556234235804,
    18.115614156274795,
    17.58154862183381,
    20.911419063269125,
    16.041466931117235,
    20.18164262022203,
    17.691759755792763,
    17.693571136100033,
    20.172293559821423,
    20.17556835546722,
    17.96457776426861,
    18.759133707860585,
    20.300492744076873,
    18.662451492076478,
    20.274410535174088,
    21.057974735304484,
    21.694733992334136,
    18.657148784421413,
    19.235942481961487,
    18.751378104763756,
    19.245040035368348,
    18.326935485705725,
    19.51445796516727,
    19.36572466911938,
    18.382686518356884,
    19.091491484573247,
    19.109802135000336,
    20.824773181282506,
    20.200004513936104,
    15.689322311826368,
    17.655253030455235,
    20.262007169482203,
    18.40616687865954
  ],