{
  "total_s": 4.916893042012816,
  "step_s": 0.0,
  "fit_s": 0.0,
  "eval_s": 0.639632831007475,
  "plot_s": 0.0,
  "other_s": 0.0,
  "train_s": 4.5007596670184284,
  "eval_final_s": 0.20405258401297033,
  "post_s": 0.20760116699966602,
  "steps_per_s": null,
  "updates_per_s": null
}
