{
  "total_s": 6.183665832999395,
  "step_s": 0.0,
  "fit_s": 0.0,
  "eval_s": 0.31009216920938343,
  "plot_s": 0.0,
  "other_s": 0.0,
  "train_s": 5.815742333012167,
  "eval_final_s": 0.1689785830094479,
  "post_s": 0.19530995798413642,
  "steps_per_s": null,
  "updates_per_s": null
}
