{
  "schema_version": "1.0.0",
  "phase": "phase4C",
  "task": "dense_chain_cost_0",
  "algorithm": "safe_target_expected_sarsa",
  "seed": 123,
  "train_steps": 20000,
  "n_transitions": 20000,
  "mean_return": -0.25660563103658307,
  "final_disc_return_mean": -0.25660563103658296,
  "mean_q_target_gap": 3.362958618541664e-05,
  "std_q_target_gap": 0.00025647185370576497,
  "p5_q_target_gap": 0.0,
  "p95_q_target_gap": 0.0,
  "mean_beta_used": 0.08591129592144447,
  "std_beta_used": 0.06046325027041252,
  "p5_beta_used": 0.0,
  "p95_beta_used": 0.1934375525563744,
  "mean_rho": 0.5124229941407024,
  "std_rho": 0.0003057962226513586,
  "p5_rho": 0.5118677313219533,
  "p95_rho": 0.5128205128205129,
  "mean_effective_discount": 0.9507751614256303,
  "std_effective_discount": 0.0005963026341701426,
  "p5_effective_discount": 0.9499999999999998,
  "p95_effective_discount": 0.951857923922191,
  "stage_mean_q_target_gap": [
    3.2778920458175083e-05,
    4.576051996989313e-05,
    4.036799652950254e-05,
    4.813237286904913e-05,
    4.123743658663849e-05,
    4.7319308115066676e-05,
    3.466329442818834e-05,
    3.368991230627548e-05,
    2.6606670509243586e-05,
    3.3784598849052073e-05,
    2.9167157614879326e-05,
    3.3261182092837945e-05,
    3.274700987666351e-05,
    3.458011897454376e-05,
    3.6984069608154503e-05,
    3.10282130290632e-05,
    3.872318693034904e-05,
    2.3956937666494924e-05,
    2.7802817294262147e-05,
    0.0
  ],
  "stage_std_q_target_gap": [
    0.0003780093867898714,
    0.0003367756618086767,
    0.000271541830602366,
    0.0002971367988157341,
    0.0002842006803069088,
    0.0002942262478191261,
    0.00023340261065606864,
    0.00023269877334779345,
    0.00020484911398557473,
    0.00023614474452370647,
    0.0002322874483922155,
    0.00024754485502604393,
    0.0002486450710250855,
    0.00024320376037319921,
    0.0002685960592465491,
    0.00023537207386600153,
    0.000271267234724888,
    0.00019446844404364988,
    0.00021529133493086423,
    0.0
  ],
  "stage_mean_beta_used": [
    0.04553829744089954,
    0.04696760877785969,
    0.04852234622655591,
    0.0502165887932936,
    0.05206572557345645,
    0.06809377207316024,
    0.05957101570932511,
    0.06610473970838024,
    0.07029344010697204,
    0.07517026585181949,
    0.08090972099072925,
    0.08774621725412905,
    0.09599746164853752,
    0.10609206680740596,
    0.152866174198049,
    0.17542576310538918,
    0.19067257427585368,
    0.24597213988707353,
    0.0,
    0.0
  ],
  "stage_std_beta_used": [
    1.3877787807814457e-17,
    6.938893903907228e-18,
    6.938893903907228e-18,
    2.0816681711721685e-17,
    0.0,
    0.0,
    6.938893903907228e-18,
    1.3877787807814457e-17,
    2.7755575615628914e-17,
    0.0,
    2.7755575615628914e-17,
    1.3877787807814457e-17,
    0.0,
    2.7755575615628914e-17,
    2.7755575615628914e-17,
    2.7755575615628914e-17,
    2.7755575615628914e-17,
    2.7755575615628914e-17,
    0.0,
    0.0
  ],
  "stage_mean_rho": [
    0.512603067469553,
    0.5126114752858116,
    0.5126106589404175,
    0.5126055773381542,
    0.5125941197011437,
    0.5125168437635194,
    0.5125499665163793,
    0.5125164347347353,
    0.5124952298160314,
    0.512471279993804,
    0.5124441395819713,
    0.5124110391770276,
    0.5123724807637227,
    0.5123237789910654,
    0.5121033946099325,
    0.5120022888910192,
    0.5119255195297809,
    0.511661562068954,
    0.5128205128205128,
    0.5128205128205128
  ],
  "stage_std_rho": [
    4.6858815201077274e-05,
    8.382196984624732e-05,
    9.076176334636974e-05,
    8.765156894440514e-05,
    7.858567707940527e-05,
    8.997397809716423e-05,
    7.300270454865174e-05,
    7.651027047369666e-05,
    7.860835577731187e-05,
    8.032458306395085e-05,
    8.424525256907613e-05,
    8.91691797279626e-05,
    9.577577334884733e-05,
    0.00010487456205627579,
    0.0001456399544962499,
    0.00016504614529559106,
    0.00017594624619719188,
    0.00022348519699038043,
    1.1102230246251565e-16,
    1.1102230246251565e-16
  ],
  "stage_mean_effective_discount": [
    0.9504240184343723,
    0.9504076231926674,
    0.9504092150661858,
    0.950419124190599,
    0.9504414665827696,
    0.9505921546611374,
    0.9505275652930606,
    0.950592952267266,
    0.9506343018587388,
    0.9506810040120819,
    0.950733927815156,
    0.9507984736047963,
    0.9508736625107402,
    0.9509686309674223,
    0.9513983805106315,
    0.9515955366625126,
    0.9517452369169268,
    0.95225995396554,
    0.9499999999999996,
    0.9499999999999996
  ],
  "stage_std_effective_discount": [
    9.13746896421059e-05,
    0.00016345284120017838,
    0.00017698543852542339,
    0.00017092055944157507,
    0.00015324207030484096,
    0.00017544925728948157,
    0.00014235527386987832,
    0.00014919502742371724,
    0.00015328629376574375,
    0.00015663293697469445,
    0.00016427824250970317,
    0.00017387990046952768,
    0.00018676275803025452,
    0.00020450539600973735,
    0.000283997911267676,
    0.00032183998332640016,
    0.00034309518008451915,
    0.0004357961341312357,
    2.220446049250313e-16,
    2.220446049250313e-16
  ]
}