{
  "total_s": 7.428602333005983,
  "step_s": 0.0,
  "fit_s": 0.0,
  "eval_s": 0.829379711067304,
  "plot_s": 0.0,
  "other_s": 0.0,
  "train_s": 6.918086666992167,
  "eval_final_s": 0.13807229200028814,
  "post_s": 0.369975041016005,
  "steps_per_s": null,
  "updates_per_s": null
}
