{
  "total_s": 6.817708582995692,
  "step_s": 0.0,
  "fit_s": 0.0,
  "eval_s": 0.9984216650773305,
  "plot_s": 0.0,
  "other_s": 0.0,
  "train_s": 6.469956541986903,
  "eval_final_s": 0.14942358300322667,
  "post_s": 0.19528725001146086,
  "steps_per_s": null,
  "updates_per_s": null
}
