{
  "total_s": 7.14227429201128,
  "step_s": 0.0,
  "fit_s": 0.0,
  "eval_s": 0.2081662079144735,
  "plot_s": 0.0,
  "other_s": 0.0,
  "train_s": 6.595422499987762,
  "eval_final_s": 0.14368595901760273,
  "post_s": 0.40114104200620204,
  "steps_per_s": null,
  "updates_per_s": null
}
