{
  "phase": "III",
  "task": "grid_hazard",
  "algorithm": "SafeExpectedSARSA",
  "n_seeds": 3,
  "seeds": [
    "seed_11",
    "seed_29",
    "seed_47"
  ],
  "metrics": {
    "auc_disc_return": {
      "mean": 0.8222517855844959,
      "std": 0.025970184812417,
      "median": 0.8177749982947334,
      "q25": 0.8082930085424496,
      "q75": 0.8339721689816609,
      "iqr": 0.025679160439211368,
      "ci_low": 0.7988110187901656,
      "ci_high": 0.8501693396685884
    },
    "final_10pct_success_rate": {
      "mean": 1.0,
      "std": 0.0,
      "median": 1.0,
      "q25": 1.0,
      "q75": 1.0,
      "iqr": 0.0,
      "ci_low": 1.0,
      "ci_high": 1.0
    },
    "final_disc_return_mean": {
      "mean": 0.8486701985329966,
      "std": 0.018383921292695986,
      "median": 0.8450334011616794,
      "q25": 0.8387049398822229,
      "q75": 0.8568170584981117,
      "iqr": 0.018112118615888795,
      "ci_low": 0.8323764786027666,
      "ci_high": 0.868600715834544
    },
    "n_transitions": {
      "mean": 200000.0,
      "std": 0.0,
      "median": 200000.0,
      "q25": 200000.0,
      "q75": 200000.0,
      "iqr": 0.0,
      "ci_low": 200000.0,
      "ci_high": 200000.0
    },
    "seed": {
      "mean": 29.0,
      "std": 18.0,
      "median": 29.0,
      "q25": 20.0,
      "q75": 38.0,
      "iqr": 18.0,
      "ci_low": 11.0,
      "ci_high": 47.0
    },
    "shortcut_risky_path_fraction": {
      "mean": 0.0,
      "std": 0.0,
      "median": 0.0,
      "q25": 0.0,
      "q75": 0.0,
      "iqr": 0.0,
      "ci_low": 0.0,
      "ci_high": 0.0
    },
    "steps_to_threshold": {
      "mean": 13333.333333333334,
      "std": 2886.751345948129,
      "median": 15000.0,
      "q25": 12500.0,
      "q75": 15000.0,
      "iqr": 2500.0,
      "ci_low": 10000.0,
      "ci_high": 15000.0
    },
    "tail_risk_metrics_cvar_10pct": {
      "mean": 0.8079671568725799,
      "std": 0.021551046618715174,
      "median": 0.8099690776933796,
      "q25": 0.797727038338272,
      "q75": 0.8192082358172876,
      "iqr": 0.021481197479015668,
      "ci_low": 0.7854849989831644,
      "ci_high": 0.8284473939411958
    },
    "tail_risk_metrics_cvar_5pct": {
      "mean": 0.7888074589240616,
      "std": 0.023634898726098783,
      "median": 0.7854243939366712,
      "q25": 0.7762353911368596,
      "q75": 0.7996879942175683,
      "iqr": 0.023452603080708734,
      "ci_low": 0.767046388337048,
      "ci_high": 0.8139515944984653
    },
    "tail_risk_metrics_event_conditioned_return": {
      "mean": NaN,
      "std": NaN,
      "median": NaN,
      "q25": NaN,
      "q75": NaN,
      "iqr": NaN,
      "ci_low": NaN,
      "ci_high": NaN
    },
    "tail_risk_metrics_event_rate": {
      "mean": 0.0,
      "std": 0.0,
      "median": 0.0,
      "q25": 0.0,
      "q75": 0.0,
      "iqr": 0.0,
      "ci_low": 0.0,
      "ci_high": 0.0
    },
    "tail_risk_metrics_return_q05": {
      "mean": 0.8184261047443869,
      "std": 0.03541642047265179,
      "median": 0.8345137614500875,
      "q25": 0.806167560424617,
      "q75": 0.8387284774170072,
      "iqr": 0.032560916992390165,
      "ci_low": 0.7778213593991467,
      "ci_high": 0.8429431933839268
    },
    "tail_risk_metrics_return_q25": {
      "mean": 0.8345977747883614,
      "std": 0.014454689017949258,
      "median": 0.8429431933839268,
      "q25": 0.8304250654905787,
      "q75": 0.8429431933839268,
      "iqr": 0.012518127893348052,
      "ci_low": 0.8179069375972308,
      "ci_high": 0.8429431933839268
    },
    "tail_risk_metrics_return_q50": {
      "mean": 0.8573073291592568,
      "std": 0.01801581450790189,
      "median": 0.8514577710948755,
      "q25": 0.8472004822394011,
      "q75": 0.8644893970469216,
      "iqr": 0.017288914807520483,
      "ci_low": 0.8429431933839268,
      "ci_high": 0.8775210229989678
    },
    "tail_risk_metrics_return_q75": {
      "mean": 0.8659669991507645,
      "std": 0.018197792432224177,
      "median": 0.8600583546412884,
      "q25": 0.855758062868082,
      "q75": 0.8732216131787088,
      "iqr": 0.017463550310626852,
      "ci_low": 0.8514577710948755,
      "ci_high": 0.8863848717161292
    },
    "tail_risk_metrics_return_q95": {
      "mean": 0.8659669991507645,
      "std": 0.018197792432224177,
      "median": 0.8600583546412884,
      "q25": 0.855758062868082,
      "q75": 0.8732216131787088,
      "iqr": 0.017463550310626852,
      "ci_low": 0.8514577710948755,
      "ci_high": 0.8863848717161292
    },
    "tail_risk_metrics_top10pct_mean": {
      "mean": 0.8659669991507645,
      "std": 0.018197792432224177,
      "median": 0.8600583546412885,
      "q25": 0.8557580628680821,
      "q75": 0.8732216131787089,
      "iqr": 0.017463550310626852,
      "ci_low": 0.8514577710948755,
      "ci_high": 0.8863848717161295
    },
    "tail_risk_metrics_top5pct_mean": {
      "mean": 0.8659669991507645,
      "std": 0.01819779243222416,
      "median": 0.8600583546412885,
      "q25": 0.8557580628680821,
      "q75": 0.8732216131787089,
      "iqr": 0.017463550310626852,
      "ci_low": 0.8514577710948755,
      "ci_high": 0.8863848717161292
    },
    "train_steps": {
      "mean": 200000.0,
      "std": 0.0,
      "median": 200000.0,
      "q25": 200000.0,
      "q75": 200000.0,
      "iqr": 0.0,
      "ci_low": 200000.0,
      "ci_high": 200000.0
    }
  },
  "provenance": {
    "schedule_path": "results/weighted_lse_dp/phase3/calibration/grid_hazard/schedule.json",
    "calibration_hash": "56d3eab07a433e796410cb830a03a3548ef4543c6b850372edbeed96a5c015c7",
    "source_phase": "phase2"
  }
}
