{
  "suite": "paper_suite",
  "task": "grid_sparse_goal",
  "algorithm": "PI",
  "n_seeds": 3,
  "seeds": [
    11,
    29,
    47
  ],
  "scalar_metrics": {
    "final_bellman_residual": {
      "mean": 0.8834861834275043,
      "std": 0.0,
      "median": 0.8834861834275043,
      "q25": 0.8834861834275043,
      "q75": 0.8834861834275043,
      "iqr": 0.0,
      "ci_low": 0.8834861834275043,
      "ci_high": 0.8834861834275043
    },
    "n_sweeps": {
      "mean": 13.0,
      "std": 0.0,
      "median": 13.0,
      "q25": 13.0,
      "q75": 13.0,
      "iqr": 0.0,
      "ci_low": 13.0,
      "ci_high": 13.0
    },
    "wall_clock_s": {
      "mean": 0.026614152680849656,
      "std": 0.0005708343154769044,
      "median": 0.026895583025179803,
      "q25": 0.0264264165161876,
      "q75": 0.026942604017676786,
      "iqr": 0.0005161875014891848,
      "ci_low": 0.025957250007195398,
      "ci_high": 0.026989625010173768
    }
  },
  "tail_risk": null,
  "adaptation": null,
  "event_rates": null,
  "curves": {
    "steps": [
      0,
      1,
      2,
      3,
      4,
      5,
      6,
      7,
      8,
      9,
      10,
      11,
      12
    ],
    "bellman_residual": [
      0.0,
      0.9988901220865705,
      0.9878036612421025,
      0.9768402465779283,
      0.9659985124316693,
      0.9552771082981325,
      0.9446746986610833,
      0.934189962826887,
      0.9238215947599958,
      0.9135683029202624,
      0.9034288101020574,
      0.8934018532751754,
      0.8834861834275043
    ],
    "supnorm_to_exact": [
      0.9988901220865705,
      0.9878036612421025,
      0.9768402465779283,
      0.9659985124316693,
      0.9552771082981325,
      0.9446746986610833,
      0.934189962826887,
      0.9238215947599958,
      0.9135683029202624,
      0.9034288101020574,
      0.8934018532751754,
      0.8834861834275043,
      0.0
    ],
    "mean_return": [
      -0.0,
      -0.9988901220865705,
      -0.9878036612421025,
      -0.9768402465779283,
      -0.9659985124316693,
      -0.9552771082981325,
      -0.9446746986610833,
      -0.934189962826887,
      -0.9238215947599958,
      -0.9135683029202624,
      -0.9034288101020574,
      -0.8934018532751754,
      -0.8834861834275043
    ],
    "episode_returns": [
      -0.0,
      -0.9988901220865705,
      -0.9878036612421025,
      -0.9768402465779283,
      -0.9659985124316693,
      -0.9552771082981325,
      -0.9446746986610833,
      -0.934189962826887,
      -0.9238215947599958,
      -0.9135683029202624,
      -0.9034288101020574,
      -0.8934018532751754,
      -0.8834861834275043
    ]
  },
  "checkpoints": [
    0,
    1,
    2,
    3,
    4,
    5,
    6,
    7,
    8,
    9,
    10,
    11,
    12
  ],
  "episode_returns": {},
  "change_at_episode": null,
  "visitation_counts": null
}
