{
  "total_s": 5.423895999992965,
  "step_s": 0.0,
  "fit_s": 0.0,
  "eval_s": 0.6532397079863586,
  "plot_s": 0.0,
  "other_s": 0.0,
  "train_s": 4.632868582993979,
  "eval_final_s": 0.558878707990516,
  "post_s": 0.22047687499434687,
  "steps_per_s": null,
  "updates_per_s": null
}
