{
  "schema_version": "1.0.0",
  "created_at": "2026-04-19T05:43:45Z",
  "phase": "phase2",
  "task": "chain_regime_shift",
  "algorithm": "QLearning",
  "seed": 29,
  "train_steps": 180000,
  "n_transitions": 180000,
  "steps_to_threshold": null,
  "auc_disc_return": 13.768182146383227,
  "final_disc_return_mean": 17.278733569473108,
  "final_10pct_success_rate": 0.0,
  "adaptation_metrics": {
    "change_at_episode": 300,
    "pre_change_auc": 0.0,
    "post_change_auc": 15.577066274700757,
    "lag_to_50pct_recovery": 14,
    "lag_to_75pct_recovery": 34,
    "lag_to_90pct_recovery": null,
    "post_change_optimum": 19.494383377216916
  },
  "shortcut_risky_path_fraction": 0.0,
  "episode_returns": [
    16.61490317580079,
    16.208293735437525,
    19.363406330429175,
    18.709970332920427,
    17.58226422830636,
    16.569481348063718,
    17.318271773591,
    17.114221912677795,
    17.164912794661255,
    17.628879937059615,
    16.88749831277565,
    16.452775823796774,
    17.811493726858735,
    18.749505243259815,
    18.746330203798983,
    18.381657440351233,
    16.994562855176227,
    18.902690662435607,
    18.06475152056705,
    17.77829430275646,
    16.979060305478335,
    17.05768247525717,
    16.610327237726118,
    18.56998724587704,
    18.536264202130376,
    17.058007281024643,
    18.283288731415688,
    18.573979641893352,
    17.321220973827415,
    16.93771730696995,
    17.282193201852802,
    16.99555363169227,
    18.47696700833808,
    17.11505779385578,
    18.257046472618708,
    18.167708980696208,
    16.55144134374277,
    16.64971163877884,
    16.60279430266755,
    16.474733794019357,
    15.702268973652693,
    16.235502760407673,
    17.16396120209402,
    17.250439184003554,
    16.850499296617542,
    16.95789574112298,
    17.315685312712006,
    16.12726869110154,
    16.52163440326863,
    19.47446517637755,
    17.973547001605834,
    18.031093487026077,
    17.779727116071765,
    16.596686536200796,
    17.225260487932513,
    16.68947493882357,
    16.6352835272992,
    15.502484176016447,
    15.93613726528142,
    17.781421043637703,
    18.20934030877576,
    18.152704399789755,
    16.534581200198733,
    14.815802696566125,
    16.164402638133478,
    17.33081992166672,
    16.410297851347522,
    17.242947398524084,
    16.049456605911214,
    16.896302316139653,
    17.09220063911156,
    18.60702762898049,
    15.176407552561859,
    16.60402632578675,
    16.664605395208557,
    18.375245483700674,
    19.182192452599928,
    18.332704116767818,
    19.11698126814973,
    15.875252941441758,
    17.289861476734266,
    18.156059935608706,
    15.44118364965995,
    17.11505013405412,
    18.804507690176706,
    18.14052627048251,
    17.213305760994988,
    17.804990946542524,
    18.030335475180692,
    16.495652951370776,
    17.25817621822781,
    17.20254928868782,
    16.882287460128193,
    19.269373330552497,
    19.308558756662226,
    16.87920866584806,
    17.19517939649524,
    15.655695480989621,
    19.351956440351234,
    20.088675223133578,
    18.624370644066087,
    16.907403561663514,
    17.30341876755146,
    14.08283667668424,
    18.109979145611412,
    17.203662598718203,
    15.08331498646616,
    16.56628423927688,
    17.28615634481505,
    19.27658673591863,
    17.11111354814805,
    18.893492556125867,
    18.548559761002462,
    17.821865695337333,
    16.324652153750726,
    15.629209091994337,
    17.160973231383156,
    17.980440913198375,
    18.832804871434945,
    16.398717138350673,
    16.591667182722176,
    19.200371445824853,
    16.647451973290675,
    18.442417362002214,
    19.413155105073184,
    18.891590311419368,
    18.141886631640705,
    18.542824712983993,
    16.720188959148928,
    18.49131625977497,
    17.40597610629491,
    18.146665640084613,
    16.610298629499518,
    15.00414170869337,
    15.80515554711614,
    17.027372301680952,
    19.37557479925902,
    16.888274248447487,
    18.560706403695992,
    17.197005121430745,
    17.744712480477652,
    17.301826673385957,
    17.18309191693047,
    15.56519432946281,
    17.03911473514076,
    17.256713673011017,
    18.9281435540758,
    16.949348764224197,
    17.122764633849883,
    20.087280268149733,
    18.028246716477714,
    17.491188199331027,
    19.488393116310128,
    17.043130204382376,
    18.520997656408372,
    16.829443600557457,
    17.444192708584694,
    15.570246585035308,
    17.251421361898913,
    17.710945524980815,
    16.587154716184678,
    14.980377578021987,
    17.993428916087584,
    16.50269336958605,
    16.891399682521534,
    16.794061385158816,
    17.622212246707875,
    17.242622679745768,
    17.958587104698832,
    16.85041322385535,
    17.976485505428247,
    18.8090672227979,
    16.974822463278386,
    17.424326481323398,
    17.559598926987075,
    15.361851892728707,
    18.58586350500363,
    17.419600104207117,
    20.095709700083574,
    17.839976852203446,
    16.979995733466065,
    17.241330826823848,
    14.682107088900143,
    16.593670850226705,
    18.304671429600962,
    14.932394176934267,
    15.674705131432699,
    16.425254207102572,
    16.547565958609596,
    17.83015985865196,
    17.835561811741677,
    16.84128205218793,
    15.655766752081801,
    17.00887717612848,
    18.000650279748303,
    17.05886376176227,
    15.562725084718522,
    18.839368667122436,
    16.900656763800864,
    17.192889244625437
  ],