{
  "total_s": 4.913127959007397,
  "step_s": 0.0,
  "fit_s": 0.0,
  "eval_s": 0.6296174600429367,
  "plot_s": 0.0,
  "other_s": 0.0,
  "train_s": 4.19315791700501,
  "eval_final_s": 0.593262832990149,
  "post_s": 0.11539870899287052,
  "steps_per_s": null,
  "updates_per_s": null
}
