{
  "total_s": 7.388646584004164,
  "step_s": 0.0,
  "fit_s": 0.0,
  "eval_s": 1.2907169190293644,
  "plot_s": 0.0,
  "other_s": 0.0,
  "train_s": 6.706412667001132,
  "eval_final_s": 0.4449030419928022,
  "post_s": 0.22958399998606183,
  "steps_per_s": null,
  "updates_per_s": null
}
