{
  "total_s": 6.450259540986735,
  "step_s": 0.0,
  "fit_s": 0.0,
  "eval_s": 0.9083350438741036,
  "plot_s": 0.0,
  "other_s": 0.0,
  "train_s": 5.90005320799537,
  "eval_final_s": 0.15818387499894015,
  "post_s": 0.38967862498247996,
  "steps_per_s": null,
  "updates_per_s": null
}
