{
  "total_s": 0.6003136669896776,
  "step_s": 0.0,
  "fit_s": 0.0,
  "eval_s": 0.1527132899791468,
  "plot_s": 0.0,
  "other_s": 0.0,
  "train_s": 0.5935418749868404,
  "post_s": 0.006727916988893412,
  "steps_per_s": null,
  "updates_per_s": null
}
