{
  "total_s": 4.711288749997038,
  "step_s": 0.0,
  "fit_s": 0.0,
  "eval_s": 0.6265389169275295,
  "plot_s": 0.0,
  "other_s": 0.0,
  "train_s": 4.066061124991393,
  "eval_final_s": 0.5197026669920888,
  "post_s": 0.1143255410133861,
  "steps_per_s": null,
  "updates_per_s": null
}
