{
  "total_s": 9.129800333001185,
  "step_s": 0.0,
  "fit_s": 0.0,
  "eval_s": 0.3361260039382614,
  "plot_s": 0.0,
  "other_s": 0.0,
  "train_s": 8.606917333003366,
  "eval_final_s": 0.21149675000924617,
  "post_s": 0.3070690000022296,
  "steps_per_s": null,
  "updates_per_s": null
}
