{
  "total_s": 6.664726707997033,
  "step_s": 0.0,
  "fit_s": 0.0,
  "eval_s": 0.8539708788739517,
  "plot_s": 0.0,
  "other_s": 0.0,
  "train_s": 6.337391917011701,
  "eval_final_s": 0.12110191700048745,
  "post_s": 0.2038522909861058,
  "steps_per_s": null,
  "updates_per_s": null
}
