{
  "total_s": 10.492416666995268,
  "step_s": 0.0,
  "fit_s": 0.0,
  "eval_s": 1.3576434178976342,
  "plot_s": 0.0,
  "other_s": 0.0,
  "train_s": 9.450104582996573,
  "eval_final_s": 0.5276776669779792,
  "post_s": 0.5065510839922354,
  "steps_per_s": null,
  "updates_per_s": null
}
