{
  "total_s": 10.479244917019969,
  "step_s": 0.0,
  "fit_s": 0.0,
  "eval_s": 0.39855629194062203,
  "plot_s": 0.0,
  "other_s": 0.0,
  "train_s": 9.648795417015208,
  "eval_final_s": 0.2394834579899907,
  "post_s": 0.5862922920205165,
  "steps_per_s": null,
  "updates_per_s": null
}
