{
  "phase": "phase4",
  "schedule_version": 3,
  "task_family": "dense_chain_cost",
  "scheduler_mode": "stagewise_u",
  "gamma_eval": 0.95,
  "gamma_base": 0.95,
  "sign_family": 1,
  "reward_bound": 0.02,
  "alpha_t": [
    0.24772702100274563,
    0.24659608519076384,
    0.24521456205511608,
    0.24353199906201684,
    0.24148478279899646,
    0.3,
    0.2487006079089331,
    0.26,
    0.25884313390387914,
    0.25724081916592806,
    0.25504322698674964,
    0.2520297069892254,
    0.24786151696497347,
    0.24199086258652794,
    0.3,
    0.28666225206331214,
    0.2743180536587179,
    0.2922024232435068,
    0.14280500000000002,
    0.14280500000000002
  ],
  "kappa_t": [
    0.9623863510501373,
    0.9623298042595382,
    0.9622607281027558,
    0.9621765999531008,
    0.9620742391399498,
    0.965,
    0.9624350303954466,
    0.963,
    0.9629421566951939,
    0.9628620409582964,
    0.9627521613493375,
    0.9626014853494612,
    0.9623930758482486,
    0.9620995431293263,
    0.965,
    0.9643331126031656,
    0.9637159026829358,
    0.9612385547401349,
    0.9554925,
    0.9554925
  ],
  "Bhat_t": [
    0.5567372934744086,
    0.537972398413032,
    0.5185045669420629,
    0.498310440131418,
    0.477366047099676,
    0.45564679862081653,
    0.4317583405397063,
    0.40808815986085756,
    0.38326911719715223,
    0.3575179618043516,
    0.33080332202871343,
    0.3030928765921843,
    0.2743532818218211,
    0.24455005727714932,
    0.21364739100548463,
    0.18098175233728978,
    0.14723309868932907,
    0.11230809659570176,
    0.0762642075,
    0.039,
    0.0
  ],
  "A_t": [
    0.557972398413032,
    0.538504566942063,
    0.518310440131418,
    0.497366047099676,
    0.47564679862081655,
    0.4517583405397063,
    0.4280881598608576,
    0.40326911719715225,
    0.3775179618043516,
    0.35080332202871345,
    0.32309287659218433,
    0.29435328182182113,
    0.2645500572771493,
    0.23364739100548462,
    0.20098175233728977,
    0.16723309868932906,
    0.13230809659570175,
    0.0962642075,
    0.059,
    0.02
  ],
  "xi_ref_t": [
    0.38061166950377795,
    0.37825598414789663,
    0.37537833734869064,
    0.3718736388846406,
    0.3676093850516415,
    0.3624161961790904,
    0.3826396045937145,
    0.4061756993899743,
    0.40376600248898725,
    0.4004284573129352,
    0.39585097761882393,
    0.38957395919513116,
    0.380891818178255,
    0.3686635251113734,
    0.35091613550827216,
    0.3239187144854756,
    0.2797657350582197,
    0.19737346302882094,
    0.02,
    0.02
  ],
  "u_target_t": [
    0.01886710963102267,
    0.01876271555607051,
    0.018635190343549178,
    0.01847987683649386,
    0.018290903027599677,
    0.018060762721701734,
    0.018956979191593823,
    0.020000000000000004,
    0.01989321236035807,
    0.019745306384547197,
    0.019542451721853815,
    0.019264280645159268,
    0.018879524642920628,
    0.018337618084910273,
    0.017551128363010114,
    0.01635471612283873,
    0.010983234610398794,
    0.008276982874976652,
    0.002,
    0.002
  ],
  "u_tr_cap_t": [
    0.013341903686523438,
    0.013265609741210938,
    0.013175010681152344,
    0.013065338134765625,
    0.01293182373046875,
    0.012769699096679688,
    0.013403892517089844,
    0.014142990112304688,
    0.014066696166992188,
    0.0139617919921875,
    0.013818740844726562,
    0.01361846923828125,
    0.0133514404296875,
    0.012965202331542969,
    0.012407302856445312,
    0.011563301086425781,
    0.0066089630126953125,
    0.0049591064453125,
    0.0,
    0.0
  ],
  "U_safe_ref_t": [
    0.009674272870162431,
    0.009570514187264016,
    0.009444506724814491,
    0.009292143152235605,
    0.00910838994196415,
    0.011155081564948946,
    0.009764033188731834,
    0.010835413775465843,
    0.01072321578062911,
    0.010568760734875528,
    0.010358708008847245,
    0.010074021369990787,
    0.009686648679982151,
    0.009153647815068722,
    0.010801112520139905,
    0.00952697630419807,
    0.007874116994518433,
    0.004551987465449478,
    0.00022545137999577944,
    0.00022545137999577944
  ],
  "u_ref_used_t": [
    0.009674272870162431,
    0.009570514187264016,
    0.009444506724814491,
    0.009292143152235605,
    0.00910838994196415,
    0.011155081564948946,
    0.009764033188731834,
    0.010835413775465843,
    0.01072321578062911,
    0.010568760734875528,
    0.010358708008847245,
    0.010074021369990787,
    0.009686648679982151,
    0.009153647815068722,
    0.010801112520139905,
    0.00952697630419807,
    0.0066089630126953125,
    0.004551987465449478,
    0.0,
    0.0
  ],
  "theta_used_t": [
    0.025417699049467543,
    0.025301686128835918,
    0.025159967385228858,
    0.02498736716080629,
    0.024777359644081478,
    0.03077975455444764,
    0.02551757076766597,
    0.026676666752194423,
    0.0265579957562712,
    0.02639363047720665,
    0.02616820115276294,
    0.02585907279532736,
    0.025431495815037064,
    0.024829274369639363,
    0.03077975455444764,
    0.029411626677177546,
    0.02362320393281892,
    0.0230628139953383,
    0.0,
    0.0
  ],
  "beta_used_t": [
    0.04555368531088595,
    0.046985091087552645,
    0.04854227396779723,
    0.05023939069929843,
    0.0520919298015372,
    0.06813322918991535,
    0.059608214289224914,
    0.06615102822057312,
    0.07034895936960706,
    0.07523768681713429,
    0.08099281367256227,
    0.08785046538390714,
    0.09613112949884713,
    0.10626814304575959,
    0.15314701059423902,
    0.17587204272173346,
    0.17854692600563313,
    0.2395782876552357,
    0.0,
    0.0
  ],
  "trust_clip_active_t": [
    true,
    true,
    true,
    true,
    true,
    true,
    true,
    true,
    true,
    true,
    true,
    true,
    true,
    true,
    true,
    true,
    true,
    true,
    true,
    true
  ],
  "safe_clip_active_t": [
    false,
    false,
    false,
    false,
    false,
    false,
    false,
    false,
    false,
    false,
    false,
    false,
    false,
    false,
    false,
    false,
    false,
    false,
    false,
    false
  ],
  "source_phase": "phase4C_geometry_dp",
  "notes": "Phase IV-C geometry-priority DP schedule",
  "provenance": {
    "git_sha": "01a22b9945b1a74a643b82b1f38fefc5e36ee5f8",
    "calibration_code_version": "v3.0",
    "input_hashes": {
      "margins": "5977ae147dbd30a9",
      "p_align": "9d64868be6ade0c3",
      "n_by_stage": "35d6f04339c16583"
    }
  }
}