{
  "schema_version": "1.0.0",
  "created_at": "2026-04-19T04:21:07Z",
  "phase": "phase3",
  "task": "chain_catastrophe",
  "algorithm": "SafeExpectedSARSA",
  "seed": 29,
  "train_steps": 120000,
  "n_transitions": 120000,
  "steps_to_threshold": null,
  "auc_disc_return": 2.1209381125910385,
  "final_disc_return_mean": 1.4751963481512915,
  "final_10pct_success_rate": 0.0,
  "tail_risk_metrics": {
    "return_q05": 0.0,
    "return_q25": 0.0,
    "return_q50": 0.0,
    "return_q75": 2.3377045744591567,
    "return_q95": 3.542941072280729,
    "cvar_5pct": -2.622636882296574,
    "cvar_10pct": -1.311318441148287,
    "top5pct_mean": 3.5429410722807284,
    "top10pct_mean": 3.540890535470222,
    "event_rate": 0.02,
    "event_conditioned_return": -6.5565922057414365
  },
  "shortcut_risky_path_fraction": 0.324,
  "episode_returns": [
    3.542941072280729,
    0.0,
    0.0,
    0.0,
    2.3435162386003374,
    3.542941072280729,
    3.542941072280729,
    3.542941072280729,
    2.907534779692018,
    0.0,
    2.9192903424869194,
    0.0,
    0.0,
    0.0,
    3.542941072280729,
    2.3377045744591567,
    0.0,
    2.9131174410774965,
    0.0,
    0.0,
    3.542941072280729,
    1.7634445197280244,
    0.0,
    0.0,
    0.0,
    2.3084571608951903,
    2.3377045744591567,
    0.0,
    0.0,
    0.0,
    3.542941072280729,
    2.901838767667247,
    0.0,
    0.0,
    0.0,
    0.0,
    2.374561759260889,
    0.0,
    0.0,
    0.0,
    0.0,
    2.901838767667247,
    2.3438774758685796,
    3.542941072280729,
    3.542941072280729,
    0.0,
    2.9192903424869194,
    2.374561759260889,
    2.9131174410774965,
    0.0,
    0.0,
    0.0,
    3.542941072280729,
    0.0,
    0.0,
    2.3688082117611198,
    0.0,
    0.0,
    0.0,
    0.0,
    0.0,
    0.0,
    0.0,
    3.542941072280729,
    0.0,
    0.0,
    0.0,
    0.0,
    0.0,
    0.0,
    0.0,
    0.0,
    3.5316623988704787,
    0.0,
    0.0,
    0.0,
    0.0,
    0.0,
    0.0,
    2.961646036022763,
    2.3435162386003374,
    0.0,
    0.0,
    0.0,
    0.0,
    -6.5565922057414365,
    0.0,
    2.9499746258792294,
    2.931823832747864,
    3.542941072280729,
    0.0,
    3.542941072280729,
    3.542941072280729,
    2.961774658162619,
    0.0,
    0.0,
    0.0,
    -6.5565922057414365,
    0.0,
    0.0,
    0.0,
    3.5316623988704787,
    0.0,
    0.0,
    2.931823832747864,
    0.0,
    0.0,
    2.332121913073678,
    2.3319510269593873,
    3.5316623988704787,
    0.0,
    0.0,
    0.0,
    0.0,
    0.0,
    0.0,
    0.0,
    0.0,
    0.0,
    2.9131174410774965,
    0.5582661385478637,
    0.0,
    2.9192903424869194,
    0.0,
    2.9499746258792294,
    0.0,
    2.97333986980357,
    0.0,
    0.0,
    2.9675282056623886,
    0.0,
    0.0,
    0.0,
    0.0,
    0.0,
    -6.5565922057414365,
    0.0,
    0.0,
    0.0,
    0.0,
    0.0,
    0.0,
    0.0,
    0.0,
    0.0,
    0.0,
    0.0,
    1.7509110294670802,
    0.0,
    0.0,
    2.931823832747864,
    3.542941072280729,
    0.0,
    0.0,
    0.0,
    3.542941072280729,
    0.0,
    0.0,
    3.542941072280729,
    0.0,
    2.961774658162619,
    0.0,
    0.0,
    0.0,
    2.374561759260889,
    0.0,
    0.0,
    0.0,
    0.0,
    0.0,
    0.0,
    0.0,
    0.0,
    0.0,
    0.0,
    0.5582661385478637,
    0.0,
    0.0,
    0.0,
    1.1165886676147725,
    0.0,
    0.0,
    0.0,
    0.0,
    3.5368298998854004,
    0.0,
    3.531247238499922,
    0.0,
    0.0,
    2.907006268682168,
    0.0,
    0.0,
    0.0,
    0.0,
    0.0,
    0.0,
    0.0,
    0.0,
    0.0,
    0.0,
    2.9675282056623886,
    3.5373584108952505,
    3.5316623988704787,
    3.542941072280729,
    2.3377045744591567,
    2.907534779692018,
    0.0,
    0.0,
    0.0,
    0.0,
    0.0,
    0.0,
    0.0,
    0.0,
    0.0,
    0.0,
    0.0,
    2.907534779692018,
    3.5373584108952505,
    0.0,
    2.9131174410774965,
    0.0,
    0.0,
    3.542941072280729,
    0.0,
    2.9131174410774965,
    0.0,
    0.0,
    0.0,
    2.362400526194185,
    1.7389845805578878,
    2.944391964493751,
    2.96141703326706,
    2.374561759260889,
    0.0,
    2.391708487331366,
    0.0,
    0.0,
    0.0,
    2.9675282056623886,
    0.0,
    0.0,
    0.0,
    0.0,
    0.0,
    0.0,
    0.0,
    0.0,
    0.0,
    0.0,
    0.0,
    0.0,
    -6.5565922057414365,
    0.0,
    2.9499746258792294,
    0.0,
    0.0,
    0.0,
    0.0,
    0.0,
    0.0,
    0.0,
    0.0,
    3.542941072280729,
    0.0,
    0.0,
    2.356410966129524,
    3.542941072280729,
    0.0,
    0.0,
    2.3688082117611198,
    0.0,
    0.0,
    0.0,
    0.0,
    0.0,
    0.0,
    0.0,
    0.0,
    0.0,
    0.0,
    0.0,
    0.0,
    0.0,
    2.9131174410774965,
    0.0,
    0.0,
    2.913707681101441,
    0.0,
    3.542941072280729,
    0.0,
    2.9131174410774965,
    0.0,
    3.5373584108952505,
    0.0,
    0.0,
    3.5373584108952505,
    0.0,
    0.0,
    0.0,
    3.542941072280729,
    0.0,
    0.0,
    2.901838767667247,
    0.0,
    3.542941072280729,
    2.931823832747864,
    0.0,
    0.0,
    3.542941072280729,
    0.0,
    0.0,
    0.0,
    0.0,
    0.0,
    1.7497236230614295,
    0.0,
    0.0,
    3.542941072280729,
    0.0,
    0.0,
    0.0,
    0.0,
    0.0,
    2.97333986980357,
    -6.5565922057414365,
    0.0,
    3.542941072280729,
    0.0,
    0.0,
    0.0,
    0.0,
    0.0,
    0.5582661385478637,
    2.931823832747864,
    0.0,
    0.0,
    2.907534779692018,
    0.0,
    0.0,
    0.0,
    0.0,
    0.0,
    0.0,
    0.0,
    0.0,
    2.97333986980357,
    0.0,
    2.356410966129524,
    0.0,
    -6.5565922057414365,
    0.0,
    0.0,
    0.0,
    -6.5565922057414365,
    0.0,
    0.0,
    0.0,
    1.1165886676147725,
    0.0,
    0.0,
    0.0,
    0.0,
    0.0,
    3.542941072280729,
    0.0,
    0.0,
    0.0,
    0.0,
    0.0,
    0.0,
    0.0,
    0.0,
    3.542941072280729,
    0.0,
    0.0,
    0.0,
    0.0,
    0.0,
    0.0,
    0.0,
    0.0,
    0.0,
    0.0,
    0.0,
    0.0,
    0.0,
    0.0,
    0.0,
    -6.5565922057414365,
    0.0,
    3.542941072280729,
    0.0,
    0.0,
    3.5373584108952505,
    0.0,
    0.0,
    0.0,
    0.0,
    0.0,
    0.0,
    2.320150994675997,
    2.9675282056623886,
    0.0,
    3.5368298998854004,
    0.0,
    0.0,
    2.9675282056623886,
    0.0,
    3.542941072280729,
    -6.5565922057414365,
    0.0,
    0.0,
    0.0,
    0.0,
    0.0,
    0.0,
    0.0,
    3.542941072280729,
    2.9675282056623886,
    2.3487401301343045,
    2.374561759260889,
    0.0,
    0.0,
    0.0,
    2.9131174410774965,
    0.0,
    3.5373584108952505,
    0.0,
    0.0,
    2.9131174410774965,
    0.0,
    2.374561759260889,
    2.944391964493751,
    0.0,
    0.0,
    0.0,
    0.0,
    0.5582661385478637,
    0.0,
    -6.5565922057414365,
    2.9131174410774965,
    2.9675282056623886,
    0.0,
    2.3388573863463646,
    0.0,
    0.0,
    1.7623498244822282,
    0.0,
    0.0,
    0.0,
    0.0,
    2.9499746258792294,
    0.0,
    2.3626970393657913,
    0.0,
    0.0,
    2.9619455442769103,
    0.0,
    0.0,
    0.5582661385478637,
    0.0,
    0.0,
    0.0,
    0.0,
    0.0,
    0.0,
    2.374561759260889,
    0.0,
    0.0,
    0.0,
    1.1165886676147725,
    3.5373584108952505,
    3.542941072280729,
    2.9556634857672908,
    3.542941072280729,
    2.3496891400097604,
    2.9131174410774965,
    3.542941072280729,
    0.0,
    3.5368298998854004,
    0.0,
    3.542941072280729,
    0.0,
    0.0,
    0.0,
    0.0,
    2.9131174410774965,
    2.9131174410774965,
    0.0,
    0.0,
    0.0,
    0.0,
    0.0,
    0.0,
    0.0,
    0.0,
    2.9131174410774965,
    0.0,
    0.0
  ],