{
  "total_s": 6.193014125019545,
  "step_s": 0.0,
  "fit_s": 0.0,
  "eval_s": 0.3679445800371468,
  "plot_s": 0.0,
  "other_s": 0.0,
  "train_s": 5.803141292009968,
  "eval_final_s": 0.18952412501676008,
  "post_s": 0.19610679100151174,
  "steps_per_s": null,
  "updates_per_s": null
}
