{
  "total_s": 5.589806917007081,
  "step_s": 0.0,
  "fit_s": 0.0,
  "eval_s": 0.6391958340536803,
  "plot_s": 0.0,
  "other_s": 0.0,
  "train_s": 5.011768500000471,
  "eval_final_s": 0.22546270801103674,
  "post_s": 0.3479237919964362,
  "steps_per_s": null,
  "updates_per_s": null
}
