{
  "total_s": 5.618767625011969,
  "step_s": 0.0,
  "fit_s": 0.0,
  "eval_s": 0.6426023319363594,
  "plot_s": 0.0,
  "other_s": 0.0,
  "train_s": 5.013966708007501,
  "eval_final_s": 0.2445402080193162,
  "post_s": 0.35567087499657646,
  "steps_per_s": null,
  "updates_per_s": null
}
