{
  "schema_version": "1.0.0",
  "created_at": "2026-04-19T05:19:37Z",
  "phase": "phase2",
  "task": "grid_regime_shift",
  "algorithm": "QLearning",
  "seed": 11,
  "train_steps": 250000,
  "n_transitions": 250000,
  "steps_to_threshold": 16000,
  "auc_disc_return": 0.27171016959346,
  "final_disc_return_mean": 0.5085744833128396,
  "final_10pct_success_rate": 1.0,
  "adaptation_metrics": {
    "change_at_episode": 200,
    "pre_change_auc": 0.037422651685952185,
    "post_change_auc": 0.2812312532788488,
    "lag_to_50pct_recovery": 7256,
    "lag_to_75pct_recovery": 7716,
    "lag_to_90pct_recovery": 12241,
    "post_change_optimum": 0.5904900000000001
  },
  "shortcut_risky_path_fraction": 0.0,
  "episode_returns": [
    0.531441,
    0.531441,
    0.4782969000000001,
    0.531441,
    0.531441,
    0.4782969000000001,
    0.531441,
    0.531441,
    0.531441,
    0.531441,
    0.531441,
    0.531441,
    0.18530201888518416,
    0.531441,
    0.531441,
    0.531441,
    0.20589113209464907,
    0.531441,
    0.4782969000000001,
    0.531441,
    0.531441,
    0.4782969000000001,
    0.531441,
    0.4304672100000001,
    0.531441,
    0.531441,
    0.531441,
    0.531441,
    0.531441,
    0.531441,
    0.4782969000000001,
    0.531441,
    0.4782969000000001,
    0.531441,
    0.531441,
    0.4782969000000001,
    0.531441,
    0.4782969000000001,
    0.531441,
    0.531441,
    0.531441,
    0.4782969000000001,
    0.531441,
    0.4782969000000001,
    0.4782969000000001,
    0.531441,
    0.4782969000000001,
    0.531441,
    0.531441,
    0.531441,
    0.4782969000000001,
    0.531441,
    0.531441,
    0.531441,
    0.531441,
    0.531441,
    0.4782969000000001,
    0.531441,
    0.531441,
    0.4782969000000001,
    0.531441,
    0.531441,
    0.531441,
    0.531441,
    0.531441,
    0.4304672100000001,
    0.4782969000000001,
    0.531441,
    0.531441,
    0.531441,
    0.531441,
    0.531441,
    0.4782969000000001,
    0.531441,
    0.4304672100000001,
    0.531441,
    0.531441,
    0.531441,
    0.531441,
    0.531441,
    0.531441,
    0.4782969000000001,
    0.4782969000000001,
    0.531441,
    0.531441,
    0.531441,
    0.4782969000000001,
    0.531441,
    0.531441,
    0.531441,
    0.4782969000000001,
    0.531441,
    0.531441,
    0.531441,
    0.531441,
    0.531441,
    0.531441,
    0.4782969000000001,
    0.531441,
    0.531441,
    0.531441,
    0.531441,
    0.4782969000000001,
    0.531441,
    0.4782969000000001,
    0.531441,
    0.531441,
    0.531441,
    0.531441,
    0.531441,
    0.4782969000000001,
    0.531441,
    0.531441,
    0.531441,
    0.531441,
    0.4782969000000001,
    0.531441,
    0.531441,
    0.20589113209464907,
    0.531441,
    0.4782969000000001,
    0.531441,
    0.531441,
    0.531441,
    0.531441,
    0.531441,
    0.531441,
    0.531441,
    0.531441,
    0.4782969000000001,
    0.531441,
    0.20589113209464907,
    0.531441,
    0.4782969000000001,
    0.531441,
    0.531441,
    0.4782969000000001,
    0.531441,
    0.4304672100000001,
    0.531441,
    0.531441,
    0.4782969000000001,
    0.4782969000000001,
    0.20589113209464907,
    0.531441,
    0.531441,
    0.531441,
    0.4782969000000001,
    0.531441,
    0.4782969000000001,
    0.531441,
    0.4782969000000001,
    0.4782969000000001,
    0.531441,
    0.531441,
    0.20589113209464907,
    0.4782969000000001,
    0.531441,
    0.531441,
    0.4782969000000001,
    0.531441,
    0.4782969000000001,
    0.531441,
    0.531441,
    0.531441,
    0.531441,
    0.531441,
    0.531441,
    0.531441,
    0.531441,
    0.531441,
    0.531441,
    0.531441,
    0.531441,
    0.531441,
    0.531441,
    0.531441,
    0.531441,
    0.531441,
    0.4782969000000001,
    0.531441,
    0.20589113209464907,
    0.4304672100000001,
    0.4782969000000001,
    0.531441,
    0.531441,
    0.531441,
    0.531441,
    0.531441,
    0.531441,
    0.4782969000000001,
    0.4782969000000001,
    0.531441,
    0.531441,
    0.4782969000000001,
    0.4782969000000001,
    0.531441,
    0.531441,
    0.531441,
    0.531441
  ],
  "episode_returns_noevent": [
    0.531441,
    0.531441,
    0.4782969000000001,
    0.531441,
    0.531441,
    0.4782969000000001,
    0.531441,
    0.531441,
    0.531441,
    0.531441,
    0.531441,
    0.531441,
    0.18530201888518416,
    0.531441,
    0.531441,
    0.531441,
    0.20589113209464907,
    0.531441,
    0.4782969000000001,
    0.531441,
    0.531441,
    0.4782969000000001,
    0.531441,
    0.4304672100000001,
    0.531441,
    0.531441,
    0.531441,
    0.531441,
    0.531441,
    0.531441,
    0.4782969000000001,
    0.531441,
    0.4782969000000001,
    0.531441,
    0.531441,
    0.4782969000000001,
    0.531441,
    0.4782969000000001,
    0.531441,
    0.531441,
    0.531441,
    0.4782969000000001,
    0.531441,
    0.4782969000000001,
    0.4782969000000001,
    0.531441,
    0.4782969000000001,
    0.531441,
    0.531441,
    0.531441,
    0.4782969000000001,
    0.531441,
    0.531441,
    0.531441,
    0.531441,
    0.531441,
    0.4782969000000001,
    0.531441,
    0.531441,
    0.4782969000000001,
    0.531441,
    0.531441,
    0.531441,
    0.531441,
    0.531441,
    0.4304672100000001,
    0.4782969000000001,
    0.531441,
    0.531441,
    0.531441,
    0.531441,
    0.531441,
    0.4782969000000001,
    0.531441,
    0.4304672100000001,
    0.531441,
    0.531441,
    0.531441,
    0.531441,
    0.531441,
    0.531441,
    0.4782969000000001,
    0.4782969000000001,
    0.531441,
    0.531441,
    0.531441,
    0.4782969000000001,
    0.531441,
    0.531441,
    0.531441,
    0.4782969000000001,
    0.531441,
    0.531441,
    0.531441,
    0.531441,
    0.531441,
    0.531441,
    0.4782969000000001,
    0.531441,
    0.531441,
    0.531441,
    0.531441,
    0.4782969000000001,
    0.531441,
    0.4782969000000001,
    0.531441,
    0.531441,
    0.531441,
    0.531441,
    0.531441,
    0.4782969000000001,
    0.531441,
    0.531441,
    0.531441,
    0.531441,
    0.4782969000000001,
    0.531441,
    0.531441,
    0.20589113209464907,
    0.531441,
    0.4782969000000001,
    0.531441,
    0.531441,
    0.531441,
    0.531441,
    0.531441,
    0.531441,
    0.531441,
    0.531441,
    0.4782969000000001,
    0.531441,
    0.20589113209464907,
    0.531441,
    0.4782969000000001,
    0.531441,
    0.531441,
    0.4782969000000001,
    0.531441,
    0.4304672100000001,
    0.531441,
    0.531441,
    0.4782969000000001,
    0.4782969000000001,
    0.20589113209464907,
    0.531441,
    0.531441,
    0.531441,
    0.4782969000000001,
    0.531441,
    0.4782969000000001,
    0.531441,
    0.4782969000000001,
    0.4782969000000001,
    0.531441,
    0.531441,
    0.20589113209464907,
    0.4782969000000001,
    0.531441,
    0.531441,
    0.4782969000000001,
    0.531441,
    0.4782969000000001,
    0.531441,
    0.531441,
    0.531441,
    0.531441,
    0.531441,
    0.531441,
    0.531441,
    0.531441,
    0.531441,
    0.531441,
    0.531441,
    0.531441,
    0.531441,
    0.531441,
    0.531441,
    0.531441,
    0.531441,
    0.4782969000000001,
    0.531441,
    0.20589113209464907,
    0.4304672100000001,
    0.4782969000000001,
    0.531441,
    0.531441,
    0.531441,
    0.531441,
    0.531441,
    0.531441,
    0.4782969000000001,
    0.4782969000000001,
    0.531441,
    0.531441,
    0.4782969000000001,
    0.4782969000000001,
    0.531441,
    0.531441,
    0.531441,
    0.531441
  ],
  "episode_returns_event": []
}
