{
  "total_s": 11.181069709011354,
  "step_s": 0.0,
  "fit_s": 0.0,
  "eval_s": 0.5177258369803894,
  "plot_s": 0.0,
  "other_s": 0.0,
  "train_s": 10.117185334005626,
  "eval_final_s": 0.4192603749979753,
  "post_s": 0.6370691670163069,
  "steps_per_s": null,
  "updates_per_s": null
}
