{
  "schema_version": "1.0.0",
  "created_at": "2026-04-19T04:48:36Z",
  "phase": "phase3",
  "task": "grid_regime_shift",
  "algorithm": "SafeExpectedSARSA",
  "seed": 11,
  "train_steps": 250000,
  "n_transitions": 250000,
  "steps_to_threshold": 16000,
  "auc_disc_return": 0.9341319657701247,
  "final_disc_return_mean": 0.9658491893800198,
  "final_10pct_success_rate": 1.0,
  "adaptation_metrics": {
    "change_at_episode": 200,
    "pre_change_auc": 0.46725808100553584,
    "post_change_auc": 0.9483391881440231,
    "lag_to_50pct_recovery": 109,
    "lag_to_75pct_recovery": 127,
    "lag_to_90pct_recovery": 161,
    "post_change_optimum": 0.970299
  },
  "shortcut_risky_path_fraction": 0.0,
  "episode_returns": [
    0.970299,
    0.9509900498999999,
    0.96059601,
    0.970299,
    0.970299,
    0.96059601,
    0.96059601,
    0.970299,
    0.96059601,
    0.970299,
    0.96059601,
    0.970299,
    0.970299,
    0.970299,
    0.970299,
    0.970299,
    0.970299,
    0.970299,
    0.970299,
    0.970299,
    0.970299,
    0.970299,
    0.970299,
    0.970299,
    0.970299,
    0.970299,
    0.96059601,
    0.970299,
    0.970299,
    0.970299,
    0.970299,
    0.9509900498999999,
    0.970299,
    0.941480149401,
    0.970299,
    0.9509900498999999,
    0.970299,
    0.970299,
    0.970299,
    0.970299,
    0.970299,
    0.96059601,
    0.970299,
    0.96059601,
    0.970299,
    0.96059601,
    0.96059601,
    0.96059601,
    0.96059601,
    0.9509900498999999,
    0.970299,
    0.96059601,
    0.96059601,
    0.970299,
    0.970299,
    0.96059601,
    0.970299,
    0.96059601,
    0.970299,
    0.970299,
    0.970299,
    0.970299,
    0.970299,
    0.970299,
    0.970299,
    0.9509900498999999,
    0.970299,
    0.970299,
    0.970299,
    0.970299,
    0.96059601,
    0.970299,
    0.970299,
    0.970299,
    0.970299,
    0.970299,
    0.970299,
    0.970299,
    0.96059601,
    0.970299,
    0.96059601,
    0.970299,
    0.96059601,
    0.970299,
    0.970299,
    0.96059601,
    0.970299,
    0.970299,
    0.970299,
    0.96059601,
    0.9509900498999999,
    0.970299,
    0.96059601,
    0.970299,
    0.970299,
    0.9320653479069899,
    0.96059601,
    0.970299,
    0.9509900498999999,
    0.96059601,
    0.970299,
    0.970299,
    0.970299,
    0.970299,
    0.96059601,
    0.96059601,
    0.970299,
    0.970299,
    0.970299,
    0.970299,
    0.970299,
    0.96059601,
    0.96059601,
    0.970299,
    0.970299,
    0.970299,
    0.96059601,
    0.970299,
    0.96059601,
    0.970299,
    0.96059601,
    0.96059601,
    0.970299,
    0.970299,
    0.970299,
    0.96059601,
    0.970299,
    0.970299,
    0.96059601,
    0.970299,
    0.96059601,
    0.970299,
    0.96059601,
    0.96059601,
    0.970299,
    0.970299,
    0.970299,
    0.96059601,
    0.96059601,
    0.96059601,
    0.96059601,
    0.96059601,
    0.970299,
    0.970299,
    0.970299,
    0.970299,
    0.970299,
    0.970299,
    0.970299,
    0.970299,
    0.970299,
    0.970299,
    0.96059601,
    0.96059601,
    0.970299,
    0.970299,
    0.96059601,
    0.970299,
    0.941480149401,
    0.96059601,
    0.970299,
    0.970299,
    0.9509900498999999,
    0.970299,
    0.970299,
    0.9509900498999999,
    0.970299,
    0.970299,
    0.96059601,
    0.970299,
    0.970299,
    0.970299,
    0.96059601,
    0.970299,
    0.970299,
    0.970299,
    0.96059601,
    0.96059601,
    0.96059601,
    0.970299,
    0.970299,
    0.9509900498999999,
    0.970299,
    0.970299,
    0.970299,
    0.9509900498999999,
    0.970299,
    0.970299,
    0.970299,
    0.970299,
    0.96059601,
    0.970299,
    0.96059601,
    0.970299,
    0.9509900498999999,
    0.970299,
    0.970299,
    0.96059601,
    0.970299,
    0.970299
  ],
  "episode_returns_noevent": [
    0.970299,
    0.9509900498999999,
    0.96059601,
    0.970299,
    0.970299,
    0.96059601,
    0.96059601,
    0.970299,
    0.96059601,
    0.970299,
    0.96059601,
    0.970299,
    0.970299,
    0.970299,
    0.970299,
    0.970299,
    0.970299,
    0.970299,
    0.970299,
    0.970299,
    0.970299,
    0.970299,
    0.970299,
    0.970299,
    0.970299,
    0.970299,
    0.96059601,
    0.970299,
    0.970299,
    0.970299,
    0.970299,
    0.9509900498999999,
    0.970299,
    0.941480149401,
    0.970299,
    0.9509900498999999,
    0.970299,
    0.970299,
    0.970299,
    0.970299,
    0.970299,
    0.96059601,
    0.970299,
    0.96059601,
    0.970299,
    0.96059601,
    0.96059601,
    0.96059601,
    0.96059601,
    0.9509900498999999,
    0.970299,
    0.96059601,
    0.96059601,
    0.970299,
    0.970299,
    0.96059601,
    0.970299,
    0.96059601,
    0.970299,
    0.970299,
    0.970299,
    0.970299,
    0.970299,
    0.970299,
    0.970299,
    0.9509900498999999,
    0.970299,
    0.970299,
    0.970299,
    0.970299,
    0.96059601,
    0.970299,
    0.970299,
    0.970299,
    0.970299,
    0.970299,
    0.970299,
    0.970299,
    0.96059601,
    0.970299,
    0.96059601,
    0.970299,
    0.96059601,
    0.970299,
    0.970299,
    0.96059601,
    0.970299,
    0.970299,
    0.970299,
    0.96059601,
    0.9509900498999999,
    0.970299,
    0.96059601,
    0.970299,
    0.970299,
    0.9320653479069899,
    0.96059601,
    0.970299,
    0.9509900498999999,
    0.96059601,
    0.970299,
    0.970299,
    0.970299,
    0.970299,
    0.96059601,
    0.96059601,
    0.970299,
    0.970299,
    0.970299,
    0.970299,
    0.970299,
    0.96059601,
    0.96059601,
    0.970299,
    0.970299,
    0.970299,
    0.96059601,
    0.970299,
    0.96059601,
    0.970299,
    0.96059601,
    0.96059601,
    0.970299,
    0.970299,
    0.970299,
    0.96059601,
    0.970299,
    0.970299,
    0.96059601,
    0.970299,
    0.96059601,
    0.970299,
    0.96059601,
    0.96059601,
    0.970299,
    0.970299,
    0.970299,
    0.96059601,
    0.96059601,
    0.96059601,
    0.96059601,
    0.96059601,
    0.970299,
    0.970299,
    0.970299,
    0.970299,
    0.970299,
    0.970299,
    0.970299,
    0.970299,
    0.970299,
    0.970299,
    0.96059601,
    0.96059601,
    0.970299,
    0.970299,
    0.96059601,
    0.970299,
    0.941480149401,
    0.96059601,
    0.970299,
    0.970299,
    0.9509900498999999,
    0.970299,
    0.970299,
    0.9509900498999999,
    0.970299,
    0.970299,
    0.96059601,
    0.970299,
    0.970299,
    0.970299,
    0.96059601,
    0.970299,
    0.970299,
    0.970299,
    0.96059601,
    0.96059601,
    0.96059601,
    0.970299,
    0.970299,
    0.9509900498999999,
    0.970299,
    0.970299,
    0.970299,
    0.9509900498999999,
    0.970299,
    0.970299,
    0.970299,
    0.970299,
    0.96059601,
    0.970299,
    0.96059601,
    0.970299,
    0.9509900498999999,
    0.970299,
    0.970299,
    0.96059601,
    0.970299,
    0.970299
  ],
  "episode_returns_event": []
}
