{
  "total_s": 8.736596750008175,
  "step_s": 0.0,
  "fit_s": 0.0,
  "eval_s": 0.19579470297321677,
  "plot_s": 0.0,
  "other_s": 0.0,
  "train_s": 8.168228124995949,
  "eval_final_s": 0.020337416004622355,
  "post_s": 0.5474752919981256,
  "steps_per_s": null,
  "updates_per_s": null
}
