{
  "total_s": 0.6744799580046674,
  "step_s": 0.0,
  "fit_s": 0.0,
  "eval_s": 0.15582283301046118,
  "plot_s": 0.0,
  "other_s": 0.0,
  "train_s": 0.6584203749953303,
  "post_s": 0.015968375009833835,
  "steps_per_s": null,
  "updates_per_s": null
}
