{
  "total_s": 7.951309374999255,
  "step_s": 0.0,
  "fit_s": 0.0,
  "eval_s": 0.9903382519842125,
  "plot_s": 0.0,
  "other_s": 0.0,
  "train_s": 6.865525500004878,
  "eval_final_s": 0.760330166987842,
  "post_s": 0.31324049999238923,
  "steps_per_s": null,
  "updates_per_s": null
}
