{
  "schema_version": "1.0.0",
  "created_at": "2026-04-19T05:44:19Z",
  "phase": "phase2",
  "task": "chain_regime_shift",
  "algorithm": "QLearning",
  "seed": 29,
  "train_steps": 180000,
  "n_transitions": 180000,
  "steps_to_threshold": null,
  "auc_disc_return": 15.53271177938556,
  "final_disc_return_mean": 20.021273815564292,
  "final_10pct_success_rate": 0.0,
  "adaptation_metrics": {
    "change_at_episode": 300,
    "pre_change_auc": 0.0,
    "post_change_auc": 16.353852781756885,
    "lag_to_50pct_recovery": 25,
    "lag_to_75pct_recovery": 311,
    "lag_to_90pct_recovery": null,
    "post_change_optimum": 21.17513081266928
  },
  "shortcut_risky_path_fraction": 0.0,
  "episode_returns": [
    21.683738781930813,
    20.53816054285632,
    20.352660641431164,
    20.58678396114792,
    18.824621991335842,
    20.5958328867665,
    20.534154163716824,
    21.165387015904024,
    19.373215580275716,
    19.84729752112198,
    19.539924494445167,
    20.28387423817857,
    19.56315176332085,
    18.223707961939432,
    21.08114185184344,
    21.179854312688683,
    19.50080737511484,
    19.659538476413616,
    20.530002712524066,
    21.89276644639476,
    20.080382548723055,
    18.789423755471685,
    18.227889132850514,
    21.05051798558985,
    20.2648297579572,
    18.685702937489893,
    20.40085107816697,
    20.413272993683655,
    20.32536591881425,
    21.198973147153872,
    19.519098907399563,
    20.643896381332492,
    18.945864237669056,
    19.550598977515627,
    19.48431894081256,
    20.426783852944272,
    19.850884361341087,
    19.175214888404643,
    18.909254093803376,
    19.224676799143197,
    20.773663282371132,
    20.4611923790388,
    20.32958286978392,
    18.988521684108466,
    20.24419786326351,
    19.643098990319885,
    21.659191974837352,
    18.887650811289085,
    21.089650255117647,
    19.712207899946264,
    21.16989603010437,
    20.41656036248663,
    20.147873924345113,
    18.75972145472554,
    19.442783150010815,
    20.841589891912193,
    21.94010571157419,
    19.528045358623658,
    22.528388142369145,
    20.326405015348715,
    19.639201750495445,
    21.198017398858,
    20.5134290614401,
    20.292955672857694,
    20.422986396335244,
    20.38556563456926,
    21.891559947333207,
    18.347432548313655,
    20.19439403047418,
    18.900276449950013,
    19.312850092372184,
    18.847621452484656,
    19.617899372012015,
    19.557484694482245,
    20.340001667117697,
    20.952454855380893,
    20.58591230408299,
    21.261260766111192,
    18.604651628422836,
    20.494183938427195,
    20.939932510870694,
    19.71433017981235,
    21.906978228670738,
    17.514821907834424,
    20.370203217411138,
    21.165990193771552,
    20.446350627691526,
    21.020035852411574,
    20.997015850396128,
    20.275382272053815,
    19.866935626398654,
    19.54660168225254,
    20.538955059633786,
    20.912206084396786,
    19.615988751632027,
    18.666232563595962,
    20.507255847568377,
    19.209892996940322,
    18.67060968886951,
    19.58653940743512,
    20.8534048377301,
    21.70138487832467,
    20.285079480477634,
    20.434464268695294,
    19.61492195704166,
    19.527875622232152,
    21.017000617758264,
    19.09209178350833,
    21.0108432540619,
    20.514691804193077,
    19.42440307469017,
    19.756361378715727,
    19.332137805592343,
    19.6212600342073,
    19.40826460202729,
    19.44411872743408,
    19.841252480997433,
    18.78316163556876,
    20.277197396333392,
    20.063730278217975,
    20.27469923719144,
    19.4503433947074,
    20.361988971075675,
    20.357128145801067,
    18.0632242509271,
    20.262907001869703,
    21.036846557966104,
    19.474113681655442,
    20.191457825491796,
    18.302475421985346,
    19.756132546919527,
    21.06597773237688,
    20.102532506048057,
    20.764775639003382,
    18.19955003944765,
    20.506875054698355,
    20.194662274744857,
    19.188552508241912,
    18.737539252474043,
    19.67337910498518,
    20.8052516085547,
    20.39071720278899,
    18.231449688045355,
    19.68020486616651,
    20.42767726463232,
    17.98338808230825,
    18.705340297599136,
    18.99555298416112,
    19.664915450729172,
    20.485061287752835,
    20.321285987034052,
    18.16821467594558,
    18.78265789414017,
    21.221098358481065,
    19.481358373852437,
    21.05803588657153,
    19.554971275565368,
    21.196098983635988,
    18.671122840241402,
    18.74534282178386,
    21.223220836078962,
    19.68829672333017,
    21.246364031780374,
    21.641466022480447,
    21.310182524250056,
    20.14894574109674,
    18.993778615172662,
    20.20421993172687,
    20.08014316896451,
    21.8779716917549,
    20.245101257388292,
    20.26959141813331,
    21.810657609770875,
    18.75233082497614,
    20.510491175381297,
    19.38025502556995,
    20.410620910614814,
    18.617271784075008,
    20.330422247723735,
    20.410379533301857,
    20.642459175348264,
    21.758267214428052,
    17.945477643258464,
    20.95982031887927,
    19.005290152751623,
    20.375477185146796,
    17.911300702247278,
    20.189603691926557,
    19.496218622457647,
    20.927747314463844,
    21.045084275582273,
    19.30110060833006,
    18.069616975327772,
    19.73709366379874,
    18.753669231583093,
    20.50198333745827,
    19.08293857618895,
    20.522797116451656,
    20.353975702279303,
    21.742630640133566
  ],