{
  "total_s": 7.0839503329771105,
  "step_s": 0.0,
  "fit_s": 0.0,
  "eval_s": 0.6707056240411475,
  "plot_s": 0.0,
  "other_s": 0.0,
  "train_s": 6.450108791992534,
  "eval_final_s": 0.23276425001677126,
  "post_s": 0.396345957997255,
  "steps_per_s": null,
  "updates_per_s": null
}
