{
  "schema_version": "1.0.0",
  "phase": "phase4C",
  "task": "dense_chain_cost_1",
  "algorithm": "safe_target_q",
  "seed": 1024,
  "train_steps": 20000,
  "n_transitions": 20000,
  "mean_return": -0.6415140775914574,
  "final_disc_return_mean": -0.6415140775914574,
  "mean_q_target_gap": 9.471642019937479e-05,
  "std_q_target_gap": 0.0007108395954706191,
  "p5_q_target_gap": 0.0,
  "p95_q_target_gap": 0.0,
  "mean_beta_used": 0.03414023924722289,
  "std_beta_used": 0.023814349756885244,
  "p5_beta_used": 0.0,
  "p95_beta_used": 0.07436672849416094,
  "mean_rho": 0.5124305266782186,
  "std_rho": 0.0003025346412862534,
  "p5_rho": 0.5119064273085729,
  "p95_rho": 0.5128205128205129,
  "mean_effective_discount": 0.9507604729774736,
  "std_effective_discount": 0.000589942550508191,
  "p5_effective_discount": 0.9499999999999998,
  "p95_effective_discount": 0.9517824667482827,
  "stage_mean_q_target_gap": [
    7.826475072049759e-05,
    0.00011270019600110711,
    0.00011693244655445586,
    0.00010466528226377614,
    9.753420492007748e-05,
    0.00012357351444333044,
    0.00013591546876581267,
    0.00012021798767013986,
    0.0001137606331442887,
    0.00012984700080606088,
    9.871172115746316e-05,
    0.00010384867392100204,
    8.567554100808083e-05,
    9.4540871923636e-05,
    8.092031970045372e-05,
    6.514270053248148e-05,
    6.036588600665757e-05,
    6.902529586429503e-05,
    0.00010268590858387896,
    0.0
  ],
  "stage_std_q_target_gap": [
    0.0009460395831373166,
    0.0007802968608288655,
    0.000786753511232969,
    0.0006871602689491596,
    0.0007098690221160193,
    0.0007812564751065252,
    0.0008960525102793027,
    0.0007722217784432965,
    0.000729975650804921,
    0.0008330330051656004,
    0.0006662400454068995,
    0.0007758973413719174,
    0.000619243015235418,
    0.0006381973918729492,
    0.0006400857447781402,
    0.000547031227294245,
    0.0005191614091481707,
    0.000575230698958082,
    0.0007787160869356859,
    0.0
  ],
  "stage_mean_beta_used": [
    0.018304367916000826,
    0.018880582576678927,
    0.019507467507026754,
    0.02019073459540788,
    0.020936636047555583,
    0.02175181800136148,
    0.02875375230849497,
    0.02517149500648957,
    0.02823991408177651,
    0.030200452434985422,
    0.03250780731382831,
    0.035256230319631036,
    0.03857346275063237,
    0.04263182744737092,
    0.0611563208259073,
    0.07049614735161151,
    0.0731716000791038,
    0.09707416838059453,
    0.0,
    0.0
  ],
  "stage_std_beta_used": [
    3.469446951953614e-18,
    0.0,
    0.0,
    0.0,
    3.469446951953614e-18,
    6.938893903907228e-18,
    6.938893903907228e-18,
    0.0,
    3.469446951953614e-18,
    3.469446951953614e-18,
    1.3877787807814457e-17,
    6.938893903907228e-18,
    6.938893903907228e-18,
    0.0,
    2.0816681711721685e-17,
    1.3877787807814457e-17,
    0.0,
    1.3877787807814457e-17,
    0.0,
    0.0
  ],
  "stage_mean_rho": [
    0.5126023492742531,
    0.5126118664439744,
    0.5126145352363779,
    0.5126094974980461,
    0.5125958774277141,
    0.5125816409595361,
    0.5124972046024417,
    0.5125333694594322,
    0.512499112627299,
    0.5124749907187038,
    0.5124472358884414,
    0.5124119227154884,
    0.5123852210629021,
    0.5123292890707741,
    0.5121104746759678,
    0.5120035345553224,
    0.5119720502114647,
    0.5116893354952096,
    0.5128205128205128,
    0.5128205128205128
  ],
  "stage_std_rho": [
    4.699881044524576e-05,
    8.727966115557707e-05,
    0.00010022893865108994,
    9.621761768889347e-05,
    8.595084221913229e-05,
    7.88615324144561e-05,
    9.663116123508918e-05,
    8.1052206134873e-05,
    8.825842780453458e-05,
    9.115999252143928e-05,
    9.452397702091066e-05,
    9.779945774146198e-05,
    0.00010328479615189568,
    0.00011437027751134546,
    0.0001614095065619593,
    0.00018109454098775966,
    0.0001848752414851828,
    0.00024273998582607578,
    1.1102230246251565e-16,
    1.1102230246251565e-16
  ],
  "stage_mean_effective_discount": [
    0.9504254189152066,
    0.95040686043425,
    0.9504016562890635,
    0.9504114798788103,
    0.9504380390159578,
    0.9504658001289045,
    0.9506304510252388,
    0.9505599295541073,
    0.950626730376767,
    0.950673768098527,
    0.9507278900175391,
    0.9507967507047981,
    0.9508488189273409,
    0.9509578863119905,
    0.9513845743818632,
    0.9515931076171217,
    0.9516545020876439,
    0.952205795784342,
    0.9499999999999996,
    0.9499999999999996
  ],
  "stage_std_effective_discount": [
    9.164768036821417e-05,
    0.00017019533925338666,
    0.00019544643036962988,
    0.00018762435449334113,
    0.00016760414232731754,
    0.00015377998820818205,
    0.00018843076440843914,
    0.0001580518019630073,
    0.00017210393421885495,
    0.00017776198541679368,
    0.00018432175519077465,
    0.00019070894259586168,
    0.00020140535249620753,
    0.00022302204114713455,
    0.0003147485377958182,
    0.00035313435492613445,
    0.0003605067208960993,
    0.0004733429723608413,
    2.220446049250313e-16,
    2.220446049250313e-16
  ]
}