{
  "phase": "phase4",
  "schedule_version": 3,
  "task_family": "dense_chain_cost",
  "scheduler_mode": "stagewise_u",
  "gamma_eval": 0.95,
  "gamma_base": 0.95,
  "sign_family": 1,
  "reward_bound": 0.05,
  "alpha_t": [
    0.3,
    0.3,
    0.3,
    0.3,
    0.3,
    0.3,
    0.3,
    0.3,
    0.3,
    0.3,
    0.3,
    0.3,
    0.3,
    0.3,
    0.3,
    0.3,
    0.3,
    0.29381733372335633,
    0.14280500000000002,
    0.14280500000000002
  ],
  "kappa_t": [
    0.965,
    0.965,
    0.965,
    0.965,
    0.965,
    0.965,
    0.965,
    0.965,
    0.965,
    0.965,
    0.965,
    0.965,
    0.965,
    0.965,
    0.965,
    0.965,
    0.9637882552509901,
    0.9613006666816675,
    0.9554925,
    0.9554925
  ],
  "Bhat_t": [
    1.4185477279985317,
    1.3689613761642816,
    1.3175765556106547,
    1.264328036902233,
    1.2091482247691534,
    1.151967072299641,
    1.0927119920203534,
    1.0313077637516617,
    0.9676764391208931,
    0.9017372426123245,
    0.8334064690283155,
    0.7625973772314151,
    0.6892200800325545,
    0.6131814300855487,
    0.5343849016430556,
    0.45273046802389183,
    0.3681144746361573,
    0.28078208378424757,
    0.19066051875,
    0.0975,
    0.0
  ],
  "A_t": [
    1.4189613761642816,
    1.3675765556106547,
    1.314328036902233,
    1.2591482247691534,
    1.201967072299641,
    1.1427119920203535,
    1.0813077637516617,
    1.017676439120893,
    0.9517372426123245,
    0.8834064690283155,
    0.8125973772314151,
    0.7392200800325546,
    0.6631814300855488,
    0.5843849016430557,
    0.5027304680238919,
    0.4181144746361573,
    0.33078208378424756,
    0.24066051875,
    0.14750000000000002,
    0.05
  ],
  "xi_ref_t": [
    0.3898040377500368,
    0.38694567949899816,
    0.38355390398105554,
    0.379523670192182,
    0.37472260539809854,
    0.36898156702134266,
    0.36208100401867804,
    0.38387792186724046,
    0.4095603460515427,
    0.40566729389765377,
    0.400528133951391,
    0.3936856875314346,
    0.3844379521351948,
    0.37164922463578165,
    0.35335446585119734,
    0.3258339236752363,
    0.2805986851624514,
    0.19737346302882097,
    0.02,
    0.02
  ],
  "u_target_t": [
    0.01913171879832734,
    0.019006095189951396,
    0.018857028123494518,
    0.01867990109227896,
    0.018468896371908336,
    0.018216580219287938,
    0.017913303461063075,
    0.01887126856939597,
    0.020000000000000004,
    0.019828902042286142,
    0.01960303818626457,
    0.0193023156267038,
    0.01889588165735813,
    0.018333822617197862,
    0.017529775884409245,
    0.01632025996339047,
    0.011062272463530467,
    0.008344833880747434,
    0.002,
    0.002
  ],
  "u_tr_cap_t": [
    0.013527870178222656,
    0.013437271118164062,
    0.013332366943359375,
    0.013208389282226562,
    0.013055801391601562,
    0.012879371643066406,
    0.012664794921875,
    0.013341903686523438,
    0.014142990112304688,
    0.014019012451171875,
    0.013861656188964844,
    0.013647079467773438,
    0.013360977172851562,
    0.012960433959960938,
    0.01239776611328125,
    0.011539459228515625,
    0.0067043304443359375,
    0.0050449371337890625,
    0.0,
    0.0
  ],
  "U_safe_ref_t": [
    0.011998072606278776,
    0.011910093040883125,
    0.011805695022937067,
    0.011681645416118498,
    0.01153386982015661,
    0.0113571620680324,
    0.01114476443252288,
    0.01181566821394509,
    0.012606166926701122,
    0.012486339736936757,
    0.01232815765517474,
    0.012117548833816525,
    0.011832905808135787,
    0.011439271914640134,
    0.010876163729617805,
    0.010029088196236399,
    0.007939211447981076,
    0.004577139630947214,
    0.00022545137999577944,
    0.00022545137999577944
  ],
  "u_ref_used_t": [
    0.011998072606278776,
    0.011910093040883125,
    0.011805695022937067,
    0.011681645416118498,
    0.01153386982015661,
    0.0113571620680324,
    0.01114476443252288,
    0.01181566821394509,
    0.012606166926701122,
    0.012486339736936757,
    0.01232815765517474,
    0.012117548833816525,
    0.011832905808135787,
    0.011439271914640134,
    0.010876163729617805,
    0.010029088196236399,
    0.0067043304443359375,
    0.004577139630947214,
    0.0,
    0.0
  ],
  "theta_used_t": [
    0.03077975455444764,
    0.03077975455444764,
    0.03077975455444764,
    0.03077975455444764,
    0.03077975455444764,
    0.030779754554447643,
    0.03077975455444764,
    0.030779754554447643,
    0.03077975455444764,
    0.03077975455444764,
    0.03077975455444764,
    0.03077975455444764,
    0.03077975455444764,
    0.030779754554447637,
    0.03077975455444764,
    0.03077975455444764,
    0.023892950319615698,
    0.02319024837841979,
    0.0,
    0.0
  ],
  "beta_used_t": [
    0.02169174938196773,
    0.02250678722750096,
    0.023418624339014392,
    0.02444490167953869,
    0.025607818436788665,
    0.026935706257906682,
    0.02846530431600292,
    0.030245128383866633,
    0.03234060114109173,
    0.03484212039821622,
    0.037878235171416315,
    0.04163814726609175,
    0.0464122684353166,
    0.05267034529452648,
    0.061225162412445744,
    0.07361561586986948,
    0.0722316941905471,
    0.09636083433573081,
    0.0,
    0.0
  ],
  "trust_clip_active_t": [
    false,
    false,
    false,
    false,
    false,
    false,
    false,
    false,
    false,
    false,
    false,
    false,
    false,
    false,
    false,
    false,
    true,
    false,
    true,
    true
  ],
  "safe_clip_active_t": [
    true,
    true,
    true,
    true,
    true,
    true,
    true,
    true,
    true,
    true,
    true,
    true,
    true,
    true,
    true,
    true,
    false,
    true,
    false,
    false
  ],
  "source_phase": "phase4C_advanced_rl",
  "notes": "Phase IV-C advanced estimator schedule",
  "provenance": {
    "git_sha": "6202151f2786771ab9339e76dffb5bd4f02d731b",
    "calibration_code_version": "v3.0",
    "input_hashes": {
      "margins": "df3a4a9af3d3c4c8",
      "p_align": "ed6399bbaa8804c5",
      "n_by_stage": "35d6f04339c16583"
    }
  }
}