{
  "total_s": 4.576057624974055,
  "step_s": 0.0,
  "fit_s": 0.0,
  "eval_s": 0.6127197099267505,
  "plot_s": 0.0,
  "other_s": 0.0,
  "train_s": 3.8247462500003166,
  "eval_final_s": 0.5362095830205362,
  "post_s": 0.20390870797564276,
  "steps_per_s": null,
  "updates_per_s": null
}
