{
  "total_s": 7.413030333002098,
  "step_s": 0.0,
  "fit_s": 0.0,
  "eval_s": 0.2460271680029109,
  "plot_s": 0.0,
  "other_s": 0.0,
  "train_s": 7.050228665990289,
  "eval_final_s": 0.06475141600822099,
  "post_s": 0.29664891699212603,
  "steps_per_s": null,
  "updates_per_s": null
}
