{
  "total_s": 6.701646542001981,
  "step_s": 0.0,
  "fit_s": 0.0,
  "eval_s": 0.6423670019721612,
  "plot_s": 0.0,
  "other_s": 0.0,
  "train_s": 6.133524208999006,
  "eval_final_s": 0.22079545800806955,
  "post_s": 0.34266612501232885,
  "steps_per_s": null,
  "updates_per_s": null
}
