{
  "total_s": 4.235811874998035,
  "step_s": 0.0,
  "fit_s": 0.0,
  "eval_s": 0.624016042042058,
  "plot_s": 0.0,
  "other_s": 0.0,
  "train_s": 3.5294740830140654,
  "eval_final_s": 0.5796773330075666,
  "post_s": 0.11542658400139771,
  "steps_per_s": null,
  "updates_per_s": null
}
