{
  "schema_version": "1.0.0",
  "phase": "phase4C",
  "task": "dense_chain_cost_0",
  "algorithm": "safe_q_single_table",
  "seed": 789,
  "train_steps": 20000,
  "n_transitions": 20000,
  "mean_return": -0.25660563103658307,
  "final_disc_return_mean": -0.25660563103658296,
  "mean_td_error": -0.004022350501873711,
  "std_td_error": 0.0073183296811300935,
  "p5_td_error": -0.01999147681153459,
  "p95_td_error": -1.3877787807814457e-17,
  "mean_natural_shift": -0.0015069407485519709,
  "std_natural_shift": 0.001269377610321664,
  "p5_natural_shift": -0.003911540666299499,
  "p95_natural_shift": 0.0,
  "mean_beta_used": 0.08577898092124571,
  "std_beta_used": 0.06119767561236633,
  "p5_beta_used": 0.0,
  "p95_beta_used": 0.19818179225871832,
  "mean_rho": 0.5124440131510972,
  "std_rho": 0.00031715248856349333,
  "p5_rho": 0.5118432228134261,
  "p95_rho": 0.5128205128205129,
  "mean_effective_discount": 0.9507341743553603,
  "std_effective_discount": 0.0006184473526988051,
  "p5_effective_discount": 0.9499999999999998,
  "p95_effective_discount": 0.9519057155138191,
  "stage_mean_td_error": [
    -0.000589521371531803,
    -0.0015481307168096073,
    -0.0024999615784019186,
    -0.0031653005389396067,
    -0.0035844642014463248,
    -0.003824528083620658,
    -0.003926844306857923,
    -0.004070310199674905,
    -0.004303894586188129,
    -0.004395222390051898,
    -0.004582438079462726,
    -0.004667566609709252,
    -0.0047997578302659,
    -0.004884514707081346,
    -0.004957886343578742,
    -0.005072960516124508,
    -0.005166555680719832,
    -0.005142626449190211,
    -0.005265250421021086,
    -0.003999275426797846
  ],
  "stage_std_td_error": [
    0.0027450660433219493,
    0.004514752578071617,
    0.00595219297740341,
    0.0066854970743937675,
    0.0071278143056752894,
    0.007451487487484954,
    0.007534451985598468,
    0.007573891742483829,
    0.007696066755378661,
    0.007714642085964223,
    0.007775755433580312,
    0.007802418442294175,
    0.007859330166711672,
    0.007910100682786683,
    0.007880051256605052,
    0.007902417496289959,
    0.007967006714050614,
    0.007912808094104253,
    0.007999999820598177,
    0.005832292942419247
  ],
  "stage_mean_natural_shift": [
    -0.0008514798835673985,
    -0.00080644579163084,
    -0.0007940519338451997,
    -0.0008055586470886656,
    -0.0008774735868522285,
    -0.0009311250165631735,
    -0.0010580954290217524,
    -0.001134814066267525,
    -0.0012051832225811264,
    -0.0013115149320003896,
    -0.0014111297709985301,
    -0.0015514183018186137,
    -0.0016953735410115648,
    -0.0018781078615444317,
    -0.0027296532950390404,
    -0.003130588076748216,
    -0.0034874689355179,
    -0.004479332678942823,
    0.0,
    0.0
  ],
  "stage_std_natural_shift": [
    0.00021806999213922816,
    0.00038213140199734683,
    0.0004538344090296101,
    0.0004662480630597813,
    0.00046786492085874393,
    0.00044968380721151235,
    0.0004536602175031334,
    0.0004542889072648227,
    0.0004658262709797442,
    0.0004748845889166843,
    0.0004967644508006789,
    0.0005237882181004577,
    0.0005589414602215974,
    0.0005971864089265019,
    0.0008457864617688999,
    0.0009564288614627469,
    0.0010492622158112105,
    0.0012961200458541699,
    0.0,
    0.0
  ],
  "stage_mean_beta_used": [
    0.045451914000346316,
    0.04688111189674405,
    0.04843610426636002,
    0.050131099917038215,
    0.054239631211261595,
    0.05665790489890363,
    0.06228637852245212,
    0.06590613880641948,
    0.0700804770482183,
    0.07494059245181242,
    0.08066040073143024,
    0.08747353215660698,
    0.0956966564347114,
    0.10575704622276548,
    0.1528589538503577,
    0.17487243050391071,
    0.19557703331497492,
    0.24767221219060065,
    0.0,
    0.0
  ],
  "stage_std_beta_used": [
    2.0816681711721685e-17,
    6.938893903907228e-18,
    1.3877787807814457e-17,
    2.7755575615628914e-17,
    6.938893903907228e-18,
    2.0816681711721685e-17,
    0.0,
    1.3877787807814457e-17,
    2.7755575615628914e-17,
    1.3877787807814457e-17,
    2.7755575615628914e-17,
    1.3877787807814457e-17,
    1.3877787807814457e-17,
    1.3877787807814457e-17,
    2.7755575615628914e-17,
    0.0,
    2.7755575615628914e-17,
    8.326672684688674e-17,
    0.0,
    0.0
  ],
  "stage_mean_rho": [
    0.5126077803435936,
    0.5126190313884705,
    0.5126221276878558,
    0.5126192528065739,
    0.5126012855038213,
    0.5125878812103386,
    0.5125561586654569,
    0.512536991081966,
    0.5125194098050361,
    0.5124928434826096,
    0.5124679552231105,
    0.512432904752048,
    0.5123969380129308,
    0.512351282277638,
    0.5121385225086047,
    0.512038346804008,
    0.5119491773746662,
    0.5117013484521915,
    0.5128205128205128,
    0.5128205128205128
  ],
  "stage_std_rho": [
    5.4482294769587595e-05,
    9.547061352577973e-05,
    0.00011338450715954312,
    0.00011648605229395817,
    0.00011689027292924695,
    0.00011234809267880276,
    0.0001133417738733758,
    0.00011349901613971255,
    0.00011638166384969628,
    0.00011864500552795436,
    0.00012411165829865313,
    0.00013086356014264957,
    0.0001396466211235095,
    0.00014920225657266692,
    0.00021131557199890167,
    0.00023896042569173254,
    0.00026215595504622545,
    0.0003238373018396893,
    1.1102230246251565e-16,
    1.1102230246251565e-16
  ],
  "stage_mean_effective_discount": [
    0.9504148283299931,
    0.9503928887924824,
    0.9503868510086815,
    0.9503924570271807,
    0.9504274932675485,
    0.9504536316398392,
    0.9505154906023587,
    0.9505528673901663,
    0.9505871508801798,
    0.950638955208911,
    0.9506874873149347,
    0.9507558357335067,
    0.9508259708747844,
    0.9509149995586061,
    0.9513298811082203,
    0.9515252237321847,
    0.9516991041194007,
    0.9521823705182262,
    0.9499999999999996,
    0.9499999999999996
  ],
  "stage_std_effective_discount": [
    0.00010624047480070202,
    0.00018616769637527645,
    0.00022109978896109846,
    0.00022714780197320174,
    0.00022793603221203874,
    0.00021907878072367282,
    0.00022101645905309113,
    0.00022132308147245324,
    0.00022694424450690854,
    0.00023135776077951598,
    0.00024201773368236925,
    0.00025518394227817625,
    0.00027231091119083546,
    0.00029094440031669804,
    0.0004120653653978447,
    0.00046597283009888713,
    0.0005112041123401346,
    0.0006314827385873797,
    2.220446049250313e-16,
    2.220446049250313e-16
  ]
}