{
  "total_s": 5.3302384999988135,
  "step_s": 0.0,
  "fit_s": 0.0,
  "eval_s": 0.636286288005067,
  "plot_s": 0.0,
  "other_s": 0.0,
  "train_s": 4.565970291005215,
  "eval_final_s": 0.5413607500086073,
  "post_s": 0.21162537499913014,
  "steps_per_s": null,
  "updates_per_s": null
}
