{
  "total_s": 4.891605541983154,
  "step_s": 0.0,
  "fit_s": 0.0,
  "eval_s": 0.6421337500214577,
  "plot_s": 0.0,
  "other_s": 0.0,
  "train_s": 4.476337332976982,
  "eval_final_s": 0.20557125000050291,
  "post_s": 0.2050882919866126,
  "steps_per_s": null,
  "updates_per_s": null
}
