{
  "schema_version": "1.0.0",
  "created_at": "2026-04-19T05:44:48Z",
  "phase": "phase2",
  "task": "chain_regime_shift",
  "algorithm": "QLearning",
  "seed": 47,
  "train_steps": 180000,
  "n_transitions": 180000,
  "steps_to_threshold": null,
  "auc_disc_return": 14.698914847971247,
  "final_disc_return_mean": 19.13410751428086,
  "final_10pct_success_rate": 0.0,
  "adaptation_metrics": {
    "change_at_episode": 300,
    "pre_change_auc": 0.00377873629508264,
    "post_change_auc": 15.725536953766765,
    "lag_to_50pct_recovery": 24,
    "lag_to_75pct_recovery": 226,
    "lag_to_90pct_recovery": null,
    "post_change_optimum": 21.157121509467444
  },
  "shortcut_risky_path_fraction": 0.0,
  "episode_returns": [
    18.79375394717324,
    20.13147090519966,
    21.144459973760366,
    18.807632058508336,
    18.659045410970972,
    19.516512394969567,
    17.9437007794348,
    21.156950623353154,
    19.27954588101957,
    20.1004774814969,
    20.372989825021858,
    18.543990073645983,
    19.408348857495554,
    19.623916605389766,
    17.576175258392045,
    17.554183748897483,
    18.83602861213576,
    17.981374788077893,
    17.731521851758515,
    20.438849070987118,
    18.157031070526322,
    17.405352968423298,
    19.527381817206418,
    18.4428650119955,
    18.895652319942844,
    19.738419262055118,
    18.487435000462167,
    18.948472328557866,
    18.70799104130712,
    20.09180010002358,
    18.049653784589314,
    18.049553449478584,
    18.430958713699674,
    16.355312014112517,
    19.32470844222997,
    19.49488009537739,
    18.61200673067263,
    19.267011983497795,
    18.43445367361202,
    19.41807680929977,
    16.69974565416947,
    20.321034624599328,
    17.968236318861095,
    19.56942179024983,
    18.595861627315635,
    18.685867413327625,
    19.704031827795028,
    19.725386886400326,
    19.405521777022557,
    17.890212478373847,
    21.13371819994514,
    18.134050180098487,
    20.941036847104613,
    19.525549892325436,
    17.965188831891627,
    20.278525505941282,
    20.053930089727686,
    17.293758121363616,
    21.69344177193081,
    19.437358464319605,
    18.781768943283218,
    19.19645154417475,
    18.866652518963598,
    20.395707492869942,
    18.241319385021434,
    18.43922328337551,
    17.51837559223752,
    18.0770583199898,
    17.879074494861705,
    17.004971295635915,
    19.514304876017853,
    19.545996023537665,
    18.567337753812765,
    19.19737527167529,
    19.150332035475568,
    19.43687783758637,
    16.362822023370327,
    19.50016644561198,
    19.407039218334823,
    17.956214912442544,
    19.69653316984308,
    16.98186834107922,
    20.984289806361996,
    19.44212211832722,
    18.506711894434723,
    20.0839730868678,
    17.33221419792311,
    17.21323077473861,
    20.203368793809,
    19.367404535337773,
    18.075247277283424,
    18.85284469735451,
    19.462672572691147,
    20.020403942743734,
    21.117653355084503,
    18.827987232359085,
    19.42034624185267,
    19.645065972334873,
    19.53226568114667,
    17.211730183929728,
    18.753398221712672,
    18.933046870271003,
    20.204470571947677,
    18.80031160938689,
    17.876448385326523,
    18.56967275199695,
    20.147990818112987,
    20.464918325397633,
    17.546167029252178,
    20.929047622088248,
    19.44177395115433,
    18.794964789059243,
    19.52808636223985,
    20.782177486412206,
    19.241836533801166,
    19.321748511856985,
    18.318196314388846,
    20.052560132731546,
    19.341012335428854,
    18.768961555561265,
    19.56739377172181,
    19.529307370365576,
    18.57194469210018,
    20.265413322373046,
    21.164062963760365,
    20.355314317148263,
    20.348726208719683,
    18.523387152774998,
    20.025740379410085,
    19.50904471375653,
    21.765847618554695,
    19.496728765121105,
    18.343150470817132,
    19.46147386781986,
    21.758460271003266,
    18.61750448722041,
    17.584579060909746,
    18.81857091472696,
    17.44514579206031,
    18.57944038829631,
    20.806941634911027,
    19.34564970277406,
    20.436525788420404,
    19.15721925882548,
    20.190603188897597,
    19.2770191227424,
    19.566553655087098,
    18.749733578174475,
    18.58895919374148,
    20.201572873895422,
    16.862881789107703,
    18.62977514578484,
    20.09112000157978,
    18.24460106442326,
    17.576762632096845,
    18.128513481907824,
    19.20988642725709,
    18.062648733931784,
    20.16103003213953,
    20.33297228753551,
    18.833028110257647,
    19.060037040344522,
    19.488826498306306,
    17.992354695112187,
    20.961307490060648,
    20.341558303052658,
    20.958221920793388,
    19.841110124092737,
    20.075929705967976,
    19.55671075417215,
    18.656748381987924,
    20.868843242678228,
    17.89914547431052,
    18.986028707693468,
    20.541893485387625,
    20.018497594538744,
    19.022074571775445,
    20.22948194027158,
    18.01759236654438,
    18.385741974224217,
    18.0055617971656,
    17.900123461713303,
    19.24103949494632,
    19.41663143571224,
    20.09913630747517,
    20.127261788079444,
    18.755346076366173,
    19.677557960906103,
    19.73874368499131,
    20.8517056531731,
    19.52813107100443,
    18.9515597204037,
    17.954641162058692,
    19.78360085917983,
    19.224567082398117,
    21.05494152068097,
    18.741014592750226,
    19.061699277945,
    17.835781868673298,
    17.312281318534236
  ],