{
  "total_s": 7.120392584009096,
  "step_s": 0.0,
  "fit_s": 0.0,
  "eval_s": 0.3161254999577068,
  "plot_s": 0.0,
  "other_s": 0.0,
  "train_s": 6.540135499992175,
  "eval_final_s": 0.2011380000039935,
  "post_s": 0.37552875000983477,
  "steps_per_s": null,
  "updates_per_s": null
}
