{
  "total_s": 4.196754333010176,
  "step_s": 0.0,
  "fit_s": 0.0,
  "eval_s": 0.6225799610547256,
  "plot_s": 0.0,
  "other_s": 0.0,
  "train_s": 3.476914958009729,
  "eval_final_s": 0.5935737499967217,
  "post_s": 0.11500758299371228,
  "steps_per_s": null,
  "updates_per_s": null
}
