{
  "total_s": 0.5990026249928633,
  "step_s": 0.0,
  "fit_s": 0.0,
  "eval_s": 0.15141483000479639,
  "plot_s": 0.0,
  "other_s": 0.0,
  "train_s": 0.5921366669936106,
  "post_s": 0.006827457997133024,
  "steps_per_s": null,
  "updates_per_s": null
}
