{
  "total_s": 4.894641416001832,
  "step_s": 0.0,
  "fit_s": 0.0,
  "eval_s": 0.6432317491562571,
  "plot_s": 0.0,
  "other_s": 0.0,
  "train_s": 4.481678458017996,
  "eval_final_s": 0.20310899999458343,
  "post_s": 0.2052877499954775,
  "steps_per_s": null,
  "updates_per_s": null
}
