{
  "total_s": 9.081428790988866,
  "step_s": 0.0,
  "fit_s": 0.0,
  "eval_s": 1.3464110420609359,
  "plot_s": 0.0,
  "other_s": 0.0,
  "train_s": 8.366890124976635,
  "eval_final_s": 0.4651355000096373,
  "post_s": 0.24130570801207796,
  "steps_per_s": null,
  "updates_per_s": null
}
