{
  "total_s": 6.550064250011928,
  "step_s": 0.0,
  "fit_s": 0.0,
  "eval_s": 0.6277027500618715,
  "plot_s": 0.0,
  "other_s": 0.0,
  "train_s": 5.960844916000497,
  "eval_final_s": 0.24164183301036246,
  "post_s": 0.3429066250100732,
  "steps_per_s": null,
  "updates_per_s": null
}
