{
  "total_s": 10.278266541979974,
  "step_s": 0.0,
  "fit_s": 0.0,
  "eval_s": 1.3614192910608836,
  "plot_s": 0.0,
  "other_s": 0.0,
  "train_s": 9.241643999994267,
  "eval_final_s": 0.5255330000072718,
  "post_s": 0.5030952499946579,
  "steps_per_s": null,
  "updates_per_s": null
}
