{
  "schema_version": "1.0.0",
  "created_at": "2026-04-19T05:11:29Z",
  "phase": "phase2",
  "task": "chain_regime_shift",
  "algorithm": "QLearning",
  "seed": 11,
  "train_steps": 180000,
  "n_transitions": 180000,
  "steps_to_threshold": null,
  "auc_disc_return": 6.015984796341003,
  "final_disc_return_mean": 7.791786964585827,
  "final_10pct_success_rate": 0.0,
  "adaptation_metrics": {
    "change_at_episode": 300,
    "pre_change_auc": 0.0,
    "post_change_auc": 6.742067026193579,
    "lag_to_50pct_recovery": 12,
    "lag_to_75pct_recovery": 183,
    "lag_to_90pct_recovery": null,
    "post_change_optimum": 8.964637327936106
  },
  "shortcut_risky_path_fraction": 0.0,
  "episode_returns": [
    6.863232280876849,
    6.7617484504094,
    7.936592997926384,
    7.53339221998628,
    7.986611936612027,
    7.637040168682614,
    6.2920009847062905,
    6.728454750169311,
    7.807088640243221,
    7.819502345666204,
    6.951567756187498,
    7.4376187405671645,
    8.928072995276926,
    8.84237290644643,
    8.8976706909797,
    8.158892141417795,
    8.139488563769758,
    8.400380722729949,
    8.161411243563672,
    6.811949353712163,
    7.800013166967183,
    7.951294741271207,
    7.974622677471826,
    8.69209313128439,
    7.439624117265203,
    8.021581839408878,
    7.357312344127096,
    7.978281603713604,
    8.993414687197118,
    6.906691741128955,
    7.195832968021986,
    6.872581026763758,
    6.32193515783424,
    7.600432297467426,
    8.345064476932526,
    8.237154172478192,
    8.417824135348466,
    8.46992014621091,
    7.89389922365951,
    6.865663295040578,
    7.890380983379568,
    8.502578345055445,
    7.752319598579362,
    5.255956053023968,
    8.451295244656603,
    7.505571759446023,
    8.851009719203168,
    8.787940572656396,
    7.900898534122586,
    8.031896200054994,
    8.101072004743406,
    7.552484492319108,
    8.588003236323669,
    6.70420250827483,
    8.794943832020028,
    7.93244817645061,
    9.007757251962119,
    6.833934022900831,
    7.590866463932799,
    7.295130333576652,
    7.498809930458305,
    7.249199752477399,
    7.651233190323416,
    7.7916929756078295,
    7.186725069134601,
    7.961720710832598,
    7.851503670502199,
    8.00955441670641,
    8.570043694343873,
    8.827874877761271,
    8.024640946369946,
    8.479111452945304,
    6.223254430969012,
    7.950675013252188,
    8.052599687424534,
    6.623858937182055,
    8.142828517292482,
    8.186482318662245,
    7.851286687080403,
    6.2290793083048435,
    8.098193920980172,
    7.542447644341692,
    7.9931300141318475,
    7.982919884013876,
    7.958793313941181,
    5.421175122316261,
    7.358555967777543,
    8.567293442887811,
    8.7300988412543,
    7.157256306650129,
    8.056791656749095,
    7.195076913981404,
    7.377860841460921,
    7.628172082264437,
    7.841317188462367,
    7.160867826708969,
    8.405284492794195,
    6.65960088729863,
    8.876506403578134,
    8.596274435086515,
    8.027299323502714,
    7.9039121563074834,
    7.834209441371468,
    8.08484783868206,
    7.896645090555347,
    7.890429203750251,
    7.608314068424349,
    6.560118657843381,
    6.353312270159418,
    8.289639534106687,
    7.369450808362855,
    8.11528863052083,
    7.160692246442856,
    7.864253855812905,
    7.640761272020134,
    6.7630979028309275,
    8.044789329747083,
    7.52906249921051,
    8.27544577588459,
    7.974612974648936,
    8.92998540752795,
    8.003129862515255,
    6.563896785328636,
    7.299560381658755,
    7.463250813083792,
    7.122057976547903,
    8.733799799170333,
    8.342167594335468,
    8.623488336158038,
    6.5597800545082725,
    8.014970143408362,
    7.4960176956805915,
    7.9633811151535046,
    7.436561539998707,
    6.855701538918419,
    8.85561908891354,
    8.574696438695298,
    8.77961316044989,
    7.718224409317554,
    7.93634139203654,
    7.914068902242419,
    7.692592424410551,
    7.4462970854392045,
    8.127199068499513,
    7.808320311245474,
    7.335904734669079,
    7.40536924957512,
    6.695253595371839,
    8.342546305955613,
    8.673290842145853,
    7.721194173435298,
    7.9554275718274035,
    8.822252839694437,
    7.146999017433752,
    7.507540506951038,
    6.836949239658416,
    7.487869517916104,
    8.347687650166229,
    8.191938065493929,
    6.868859857184596,
    6.680188557504709,
    7.825217597103957,
    7.239725325978295,
    8.945198037275857,
    7.177449036878202,
    6.773598683722961,
    7.1541219733522174,
    7.994920175961683,
    8.884702555128474,
    7.744517917355831,
    6.481568576818734,
    8.33894250900992,
    7.098615578281348,
    8.867740469325037,
    8.713824738733395,
    7.574055420303675,
    7.249674047963072,
    5.423127798318692,
    8.328088178417078,
    7.462318581190841,
    7.177453852993229,
    7.45539433753493,
    7.322497211059303,
    7.4576311078057715,
    7.726793510119032,
    6.660850625638537,
    8.392029354181014,
    8.397027309074407,
    8.496751731006867,
    8.732385791711737,
    8.245130333576652,
    6.417000181719091,
    6.196759641190092,
    7.867007940734121,
    5.783530544823401,
    7.429506570404526,
    8.363818830894798,
    8.43390332607676,
    7.566946670030069,
    8.245611831807976
  ],