{
  "total_s": 4.871230459015351,
  "step_s": 0.0,
  "fit_s": 0.0,
  "eval_s": 0.6398214189975988,
  "plot_s": 0.0,
  "other_s": 0.0,
  "train_s": 4.447482084011426,
  "eval_final_s": 0.21200295799644664,
  "post_s": 0.20706449999124743,
  "steps_per_s": null,
  "updates_per_s": null
}
