{
  "total_s": 4.900862917013001,
  "step_s": 0.0,
  "fit_s": 0.0,
  "eval_s": 0.6460691239626613,
  "plot_s": 0.0,
  "other_s": 0.0,
  "train_s": 4.477105209021829,
  "eval_final_s": 0.20681758399587125,
  "post_s": 0.21227691700914875,
  "steps_per_s": null,
  "updates_per_s": null
}
