{
  "total_s": 6.802411459007999,
  "step_s": 0.0,
  "fit_s": 0.0,
  "eval_s": 1.0083244970010128,
  "plot_s": 0.0,
  "other_s": 0.0,
  "train_s": 6.235452292021364,
  "eval_final_s": 0.1545354579866398,
  "post_s": 0.40975412499392405,
  "steps_per_s": null,
  "updates_per_s": null
}
