{
  "total_s": 7.008564666990424,
  "step_s": 0.0,
  "fit_s": 0.0,
  "eval_s": 0.6762959561310709,
  "plot_s": 0.0,
  "other_s": 0.0,
  "train_s": 6.37652191700181,
  "eval_final_s": 0.23337425000499934,
  "post_s": 0.39386349997948855,
  "steps_per_s": null,
  "updates_per_s": null
}
