{
  "total_s": 5.652432041999418,
  "step_s": 0.0,
  "fit_s": 0.0,
  "eval_s": 0.6387291259889025,
  "plot_s": 0.0,
  "other_s": 0.0,
  "train_s": 5.079151249985443,
  "eval_final_s": 0.22314583300612867,
  "post_s": 0.3454249170026742,
  "steps_per_s": null,
  "updates_per_s": null
}
