{
  "total_s": 4.459132334013702,
  "step_s": 0.0,
  "fit_s": 0.0,
  "eval_s": 0.6020235450414475,
  "plot_s": 0.0,
  "other_s": 0.0,
  "train_s": 3.652564042015001,
  "eval_final_s": 0.5957617500098422,
  "post_s": 0.1995837500144262,
  "steps_per_s": null,
  "updates_per_s": null
}
