{
  "total_s": 5.808321917022113,
  "step_s": 0.0,
  "fit_s": 0.0,
  "eval_s": 0.6682235380867496,
  "plot_s": 0.0,
  "other_s": 0.0,
  "train_s": 5.174900333018741,
  "eval_final_s": 0.25606045898166485,
  "post_s": 0.37244920901139267,
  "steps_per_s": null,
  "updates_per_s": null
}
