{
  "total_s": 5.669387000001734,
  "step_s": 0.0,
  "fit_s": 0.0,
  "eval_s": 0.6427202120830771,
  "plot_s": 0.0,
  "other_s": 0.0,
  "train_s": 5.007403916999465,
  "eval_final_s": 0.2727897079894319,
  "post_s": 0.38433549998444505,
  "steps_per_s": null,
  "updates_per_s": null
}
