{
  "schema_version": "1.0.0",
  "created_at": "2026-04-19T05:46:17Z",
  "phase": "phase2",
  "task": "chain_regime_shift",
  "algorithm": "QLearning",
  "seed": 83,
  "train_steps": 180000,
  "n_transitions": 180000,
  "steps_to_threshold": null,
  "auc_disc_return": 14.646835595590261,
  "final_disc_return_mean": 19.587004436333093,
  "final_10pct_success_rate": 0.0,
  "adaptation_metrics": {
    "change_at_episode": 300,
    "pre_change_auc": 0.0,
    "post_change_auc": 15.794632866457585,
    "lag_to_50pct_recovery": 23,
    "lag_to_75pct_recovery": 557,
    "lag_to_90pct_recovery": null,
    "post_change_optimum": 21.866106101385164
  },
  "shortcut_risky_path_fraction": 0.0,
  "episode_returns": [
    20.18571142389336,
    19.18824624571461,
    19.9640422280001,
    21.885443412698216,
    19.046581993492985,
    20.311932323127778,
    19.96997865996844,
    20.43185481830342,
    21.114675774500295,
    20.180461944962868,
    20.401199452489927,
    20.141809031200722,
    21.225629861108356,
    18.613456289168553,
    18.802157536571066,
    18.271413088646376,
    19.673692962599905,
    20.590677147599006,
    18.949053940465394,
    20.480182813603204,
    19.189204712932813,
    18.67463756045469,
    18.0047047318437,
    20.309788138610962,
    20.557362942825435,
    20.402054229112608,
    19.264887811612873,
    17.805632353706628,
    20.19221212615402,
    18.59878005884086,
    19.01620171054664,
    19.311160593809156,
    20.09237831682376,
    20.604850683727282,
    20.152699700034564,
    19.47720317282528,
    20.599107508656388,
    19.581064863320176,
    19.498544570245976,
    18.159276782891183,
    17.028725824203885,
    21.04861675394928,
    19.714030662075455,
    20.397870499218,
    20.61573930324462,
    19.451604242449086,
    19.441862488521224,
    21.27879760141047,
    21.01452642680077,
    18.771322444094878,
    19.33325490201742,
    19.2919192949824,
    20.92541927259277,
    21.054972919403237,
    20.07849679915585,
    19.163711818427636,
    20.633976432018454,
    20.06834495581524,
    18.063905083373353,
    20.420192379306847,
    20.344284446242728,
    18.628291780633166,
    18.774582686214465,
    18.524016407266146,
    18.3096813922227,
    18.587041048323936,
    20.412620221336624,
    19.52010396370592,
    18.769111303013368,
    20.89567318674239,
    18.807193454246004,
    18.041863881423108,
    18.798187535674714,
    19.658040066291754,
    17.809777496619905,
    18.11001360485943,
    19.41379461119998,
    20.267595931331915,
    18.652731865414964,
    18.649591984947335,
    19.24145462150862,
    20.254498648821915,
    20.088687842417023,
    20.437179982513413,
    19.158446759042615,
    19.652292965230682,
    20.937809959851027,
    19.56613909500658,
    18.899685719395727,
    21.054251344619484,
    20.110307918690104,
    18.11051642108148,
    19.377217118705087,
    19.716090035227957,
    19.124572072567737,
    19.268763887808742,
    18.905988473467044,
    20.14735432143766,
    19.266966474037687,
    19.654674177715616,
    17.864373481104483,
    21.061264533212302,
    18.503761909199508,
    18.839212911401514,
    18.93645837108219,
    19.639390680430317,
    19.738327867567232,
    19.859662347933043,
    20.207154998771408,
    19.115928763575937,
    20.869802654654272,
    17.956002480233877,
    18.754732474460013,
    18.51678121723667,
    21.092278665888372,
    20.142098194371833,
    19.53731738247322,
    17.990412218019642,
    21.810657609770875,
    19.609786315853206,
    18.70994760007481,
    19.5764263138012,
    18.457720817758688,
    21.079461891838992,
    17.74133105542342,
    20.095439646120877,
    18.764276327242584,
    18.629990440913456,
    19.030880173250406,
    18.908844022536126,
    18.8538067991571,
    19.229801037082126,
    20.37468425589944,
    17.356668023316054,
    20.60412280267066,
    20.104839218801338,
    20.14243966181605,
    20.210002027406883,
    17.954880708614382,
    18.821394452329887,
    18.852446444075216,
    21.24024181208459,
    19.43708312943469,
    21.040466089403285,
    18.041744534195413,
    21.117524962208613,
    16.996945596102254,
    21.088988674211123,
    20.300813264721498,
    18.79195306993655,
    19.559429308633792,
    21.88148777298451,
    17.96566184263643,
    20.266189780181264,
    19.512742823827175,
    20.234374209789692,
    18.61345711057063,
    21.94010571157419,
    17.823208469588195,
    20.18384559181303,
    20.165454862033894,
    17.307478797150836,
    18.918338182749753,
    21.020056108782036,
    20.862269544714042,
    20.85734457062957,
    19.260303842319907,
    19.224065185482317,
    20.336303310597383,
    20.022505722252298,
    19.492103832991056,
    20.971003280703755,
    20.26001989683248,
    20.589064039560963,
    20.45608010262339,
    20.088194628577707,
    21.68544494898522,
    20.418969152183863,
    21.904232828414422,
    19.98252025530292,
    20.240738754063763,
    19.350633671701008,
    19.548509500926073,
    21.249625615278376,
    19.492640010966827,
    20.019958280085845,
    21.051756889919698,
    19.00006468593969,
    20.495717636900764,
    19.321107630079386,
    19.67072837492358,
    19.5213697041908,
    18.74969501740053,
    20.962605511735504,
    17.106948140631186,
    20.15611593678404,
    19.25765211763581,
    19.639553277672377,
    18.65620276753439,
    20.568146933907315
  ],