{
  "schema_version": "1.0.0",
  "created_at": "2026-04-19T05:26:36Z",
  "phase": "phase2",
  "task": "chain_catastrophe",
  "algorithm": "ExpectedSARSA",
  "seed": 47,
  "train_steps": 120000,
  "n_transitions": 120000,
  "steps_to_threshold": null,
  "auc_disc_return": 2.230981502841886,
  "final_disc_return_mean": 1.785499984464222,
  "final_10pct_success_rate": 0.0,
  "tail_risk_metrics": {
    "return_q05": 0.0,
    "return_q25": 0.0,
    "return_q50": 0.0,
    "return_q75": 0.5582661385478637,
    "return_q95": 1.1165886676147725,
    "cvar_5pct": -3.7405983745056504,
    "cvar_10pct": -1.8702991872528252,
    "top5pct_mean": 1.1165886676147725,
    "top10pct_mean": 1.1165886676147725,
    "event_rate": 0.032,
    "event_conditioned_return": -5.844684960165079
  },
  "shortcut_risky_path_fraction": 0.73,
  "episode_returns": [
    1.1165886676147725,
    0.0,
    0.0,
    0.0,
    0.0,
    1.1165886676147725,
    0.0,
    0.0,
    0.0,
    1.1165886676147725,
    0.0,
    0.0,
    0.0,
    0.0,
    0.0,
    1.1165886676147725,
    0.0,
    1.1165886676147725,
    1.1165886676147725,
    0.5639051904523875,
    0.0,
    0.0,
    1.1165886676147725,
    0.5582661385478637,
    1.1165886676147725,
    1.1165886676147725,
    0.0,
    0.0,
    0.0,
    0.5582661385478637,
    0.0,
    0.0,
    0.0,
    0.0,
    0.0,
    0.5639051904523875,
    0.5526834771623851,
    1.1165886676147725,
    0.0,
    0.0,
    0.0,
    -5.870367819374844,
    -5.870367819374844,
    0.0,
    0.0,
    0.5582661385478637,
    0.0,
    0.5582661385478637,
    0.0,
    0.0,
    0.5639051904523875,
    0.0,
    0.0,
    0.0,
    0.5526834771623851,
    0.5582661385478637,
    0.5526834771623851,
    0.5582661385478637,
    0.0,
    0.0,
    0.0,
    -5.870367819374844,
    0.0,
    1.1165886676147725,
    0.0,
    1.1165886676147725,
    1.1165886676147725,
    0.0,
    0.0,
    0.0,
    0.0,
    1.1165886676147725,
    0.5526834771623851,
    1.1165886676147725,
    0.0,
    1.1165886676147725,
    0.0,
    1.1165886676147725,
    0.0,
    0.0,
    0.0,
    0.0,
    0.5582661385478637,
    0.5582661385478637,
    0.0,
    0.5639051904523875,
    0.0,
    0.5582661385478637,
    0.0,
    0.0,
    0.0,
    0.5526834771623851,
    0.0,
    1.1165886676147725,
    1.1165886676147725,
    0.0,
    1.1165886676147725,
    0.0,
    0.0,
    -5.811664141181096,
    1.1165886676147725,
    0.5526834771623851,
    0.0,
    1.1165886676147725,
    1.1165886676147725,
    1.1165886676147725,
    0.0,
    0.0,
    0.5526834771623851,
    1.1165886676147725,
    1.1165886676147725,
    0.5526834771623851,
    0.5582661385478637,
    0.0,
    0.0,
    0.0,
    0.0,
    0.0,
    1.1165886676147725,
    0.0,
    0.0,
    1.1165886676147725,
    0.0,
    1.1165886676147725,
    1.1165886676147725,
    0.5639051904523875,
    0.5639051904523875,
    0.5582661385478637,
    0.0,
    0.5582661385478637,
    0.5582661385478637,
    0.0,
    0.0,
    0.0,
    0.0,
    -5.870367819374844,
    0.0,
    0.0,
    1.1165886676147725,
    0.0,
    0.0,
    0.0,
    0.0,
    0.5582661385478637,
    1.1165886676147725,
    0.5526834771623851,
    0.0,
    0.5582661385478637,
    1.1165886676147725,
    0.0,
    1.1165886676147725,
    1.1165886676147725,
    0.0,
    0.0,
    -5.870367819374844,
    0.0,
    0.0,
    1.1165886676147725,
    0.0,
    0.0,
    1.1165886676147725,
    0.0,
    0.5639051904523875,
    0.0,
    0.5639051904523875,
    1.1165886676147725,
    0.5582661385478637,
    0.5582661385478637,
    0.5582661385478637,
    0.0,
    0.5582661385478637,
    0.0,
    0.0,
    0.0,
    0.0,
    0.0,
    0.5582661385478637,
    0.0,
    0.5639051904523875,
    0.5582661385478637,
    0.0,
    0.5582661385478637,
    1.1165886676147725,
    1.1165886676147725,
    -5.811664141181096,
    1.1165886676147725,
    0.0,
    0.0,
    0.0,
    0.0,
    0.0,
    0.5582661385478637,
    0.0,
    0.0,
    0.5582661385478637,
    0.5582661385478637,
    0.0,
    0.5582661385478637,
    0.0,
    0.0,
    0.0,
    0.0,
    0.0,
    0.0,
    0.0,
    0.0,
    0.0,
    0.5582661385478637,
    1.1165886676147725,
    0.0,
    0.0,
    0.5582661385478637,
    0.5582661385478637,
    0.5582661385478637,
    0.0,
    0.0,
    0.0,
    0.5582661385478637,
    0.0,
    1.1165886676147725,
    1.1165886676147725,
    0.0,
    0.0,
    1.1165886676147725,
    0.5639051904523875,
    0.0,
    1.1165886676147725,
    0.0,
    0.0,
    0.0,
    0.5582661385478637,
    0.5526834771623851,
    0.0,
    1.1165886676147725,
    1.1165886676147725,
    0.0,
    1.1165886676147725,
    0.5582661385478637,
    0.0,
    0.0,
    0.0,
    0.0,
    0.0,
    0.0,
    1.1165886676147725,
    0.0,
    0.5582661385478637,
    0.0,
    0.0,
    0.0,
    0.0,
    0.0,
    0.0,
    1.1165886676147725,
    0.0,
    0.0,
    0.0,
    0.0,
    0.5582661385478637,
    0.0,
    0.5582661385478637,
    0.0,
    0.5582661385478637,
    0.0,
    0.0,
    0.0,
    0.0,
    1.1165886676147725,
    0.0,
    0.5582661385478637,
    0.0,
    0.5526834771623851,
    0.0,
    0.0,
    0.5582661385478637,
    0.0,
    0.0,
    0.0,
    0.5582661385478637,
    0.0,
    0.0,
    1.1165886676147725,
    0.0,
    0.0,
    1.1165886676147725,
    0.0,
    0.0,
    0.0,
    0.5526834771623851,
    1.1165886676147725,
    0.0,
    0.0,
    1.1165886676147725,
    1.1165886676147725,
    1.1165886676147725,
    0.5582661385478637,
    0.0,
    0.0,
    0.5526834771623851,
    0.0,
    1.1165886676147725,
    0.0,
    0.0,
    0.0,
    0.0,
    0.0,
    0.0,
    0.5582661385478637,
    0.5639051904523875,
    0.0,
    0.0,
    0.0,
    0.0,
    0.5582661385478637,
    0.0,
    1.1165886676147725,
    0.0,
    1.1165886676147725,
    0.0,
    0.0,
    0.0,
    1.1165886676147725,
    0.0,
    0.0,
    0.0,
    0.5639051904523875,
    0.0,
    0.0,
    1.1165886676147725,
    1.1165886676147725,
    0.5582661385478637,
    0.0,
    1.1165886676147725,
    0.0,
    0.5582661385478637,
    0.5526834771623851,
    1.1165886676147725,
    -5.811664141181096,
    0.0,
    0.0,
    1.1165886676147725,
    1.1165886676147725,
    0.5526834771623851,
    0.0,
    0.5639051904523875,
    0.5582661385478637,
    1.1165886676147725,
    0.0,
    0.0,
    0.0,
    0.5582661385478637,
    0.0,
    0.0,
    0.0,
    0.5582661385478637,
    0.0,
    0.0,
    0.0,
    0.0,
    1.1165886676147725,
    0.5582661385478637,
    0.0,
    0.0,
    0.0,
    0.5526834771623851,
    0.0,
    0.0,
    0.0,
    0.0,
    -5.870367819374844,
    0.0,
    0.0,
    0.5526834771623851,
    -5.811664141181096,
    0.5526834771623851,
    0.0,
    0.0,
    1.1165886676147725,
    0.5582661385478637,
    0.0,
    0.0,
    0.0,
    0.0,
    0.0,
    0.0,
    0.0,
    0.5639051904523875,
    0.0,
    0.0,
    1.1165886676147725,
    0.0,
    1.1165886676147725,
    0.0,
    0.5639051904523875,
    1.1165886676147725,
    0.0,
    0.5582661385478637,
    0.0,
    0.0,
    0.5526834771623851,
    0.0,
    0.0,
    1.1165886676147725,
    0.0,
    0.5639051904523875,
    0.0,
    0.0,
    1.1165886676147725,
    0.0,
    0.0,
    0.5582661385478637,
    -5.870367819374844,
    0.0,
    0.0,
    1.1165886676147725,
    0.5582661385478637,
    0.0,
    1.1165886676147725,
    1.1165886676147725,
    0.5582661385478637,
    0.0,
    0.5526834771623851,
    0.0,
    0.0,
    0.5639051904523875,
    0.5526834771623851,
    0.0,
    0.0,
    0.0,
    0.5582661385478637,
    0.0,
    0.0,
    0.5582661385478637,
    0.0,
    0.0,
    1.1165886676147725,
    0.0,
    1.1165886676147725,
    1.1165886676147725,
    0.0,
    1.1165886676147725,
    0.5582661385478637,
    0.5582661385478637,
    0.5582661385478637,
    0.5582661385478637,
    0.0,
    0.5639051904523875,
    0.0,
    0.0,
    0.0,
    1.1165886676147725,
    0.0,
    1.1165886676147725,
    0.0,
    0.0,
    0.0,
    -5.811664141181096,
    -5.870367819374844,
    0.0,
    0.0,
    0.0,
    0.0,
    0.0,
    -5.811664141181096,
    0.0,
