{
  "schema_version": "1.0.0",
  "created_at": "2026-04-18T20:05:18Z",
  "phase": "phase3",
  "task": "chain_catastrophe",
  "algorithm": "SafeQLearning",
  "seed": 29,
  "train_steps": 120000,
  "n_transitions": 120000,
  "steps_to_threshold": null,
  "auc_disc_return": 2.230204980539154,
  "final_disc_return_mean": 2.4269706160345543,
  "final_10pct_success_rate": 0.08,
  "tail_risk_metrics": {
    "return_q05": 0.0,
    "return_q25": 0.0,
    "return_q50": 0.0,
    "return_q75": 0.5526834771623851,
    "return_q95": 1.133620888524792,
    "cvar_5pct": -2.3797646732893845,
    "cvar_10pct": -1.1898823366446922,
    "top5pct_mean": 2.170930860296841,
    "top10pct_mean": 1.6522758744108166,
    "event_rate": 0.02,
    "event_conditioned_return": -5.949411683223461
  },
  "shortcut_risky_path_fraction": 0.306,
  "episode_returns": [
    0.0,
    1.1278673410250228,
    0.5526834771623851,
    0.0,
    0.0,
    1.1278673410250228,
    0.0,
    1.1278673410250228,
    0.0,
    0.0,
    1.133620888524792,
    -5.582661385478636,
    0.0,
    0.0,
    0.0,
    0.0,
    0.0,
    1.1278673410250228,
    1.1278673410250228,
    0.0,
    0.0,
    -6.0500606713753635,
    0.0,
    0.0,
    0.0,
    0.0,
    0.0,
    0.0,
    0.0,
    0.0,
    0.0,
    0.0,
    1.1278673410250228,
    0.0,
    0.0,
    3.5493029271413676,
    1.133620888524792,
    0.0,
    0.0,
    0.0,
    0.0,
    0.0,
    0.5696012024771592,
    0.0,
    0.0,
    0.0,
    0.0,
    0.0,
    0.0,
    0.0,
    0.0,
    1.1278673410250228,
    0.0,
    0.5526834771623851,
    0.0,
    0.0,
    0.0,
    1.1278673410250228,
    0.0,
    1.133620888524792,
    0.0,
    0.0,
    0.5526834771623851,
    0.0,
    0.0,
    0.0,
    0.0,
    0.0,
    0.0,
    1.1278673410250228,
    0.0,
    0.0,
    0.0,
    1.1278673410250228,
    1.1278673410250228,
    0.5526834771623851,
    1.7447381280576573,
    0.0,
    0.0,
    0.0,
    0.0,
    0.0,
    1.1222846796395443,
    0.5526834771623851,
    1.1165886676147725,
    0.0,
    0.0,
    0.0,
    0.0,
    0.0,
    1.1278673410250228,
    0.0,
    0.0,
    0.0,
    0.0,
    -5.811664141181096,
    1.133620888524792,
    0.0,
    0.0,
    0.0,
    0.0,
    0.0,
    0.0,
    1.1280382271393137,
    1.133620888524792,
    0.0,
    1.133620888524792,
    4.335861466581841,
    0.0,
    0.0,
    0.0,
    1.1278673410250228,
    0.0,
    0.0,
    0.0,
    0.0,
    0.0,
    0.0,
    0.0,
    0.0,
    0.0,
    0.0,
    4.895250744324159,
    0.0,
    -5.98956006466161,
    3.5493029271413676,
    0.0,
    0.0,
    0.0,
    0.0,
    0.0,
    0.0,
    1.1278673410250228,
    0.0,
    0.0,
    0.0,
    0.0,
    0.0,
    0.0,
    0.0,
    0.5526834771623851,
    0.0,
    1.1278673410250228,
    0.0,
    0.0,
    0.0,
    0.0,
    0.0,
    0.0,
    0.0,
    1.133620888524792,
    1.133620888524792,
    0.0,
    0.0,
    0.0,
    0.0,
    0.0,
    0.0,
    1.133620888524792,
    0.0,
    0.0,
    0.0,
    0.0,
    0.0,
    1.1278673410250228,
    1.1165886676147725,
    0.0,
    2.374561759260889,
    1.1278673410250228,
    0.0,
    0.0,
    0.0,
    -5.870367819374844,
    0.0,
    0.0,
    0.0,
    0.0,
    0.0,
    0.0,
    0.0,
    1.1222846796395443,
    0.0,
    0.0,
    0.0,
    0.0,
    0.0,
    1.133620888524792,
    1.133620888524792,
    0.0,
    0.0,
    0.0,
    1.1280382271393137,
    0.0,
    -6.0500606713753635,
    1.1222846796395443,
    0.0,
    0.0,
    0.0,
    1.1280382271393137,
    1.1278673410250228,
    1.133620888524792,
    0.0,
    1.1278673410250228,
    0.0,
    0.0,
    0.5696012024771592,
    1.7323989990674726,
    0.0,
    0.0,
    1.1222846796395443,
    0.0,
    1.1278673410250228,
    0.0,
    1.133620888524792,
    0.0,
    0.0,
    0.0,
    0.0,
    1.1278673410250228,
    1.133620888524792,
    1.1278673410250228,
    0.0,
    1.133620888524792,
    0.0,
    0.0,
    0.0,
    0.0,
    1.133620888524792,
    0.0,
    0.0,
    0.0,
    0.0,
    2.9670416334915375,
    0.0,
    1.133620888524792,
    0.0,
    1.133620888524792,
    1.133620888524792,
    0.0,
    0.0,
    0.0,
    1.1278673410250228,
    0.0,
    0.5526834771623851,
    0.0,
    0.0,
    0.0,
    0.0,
    0.0,
    0.0,
    1.133620888524792,
    1.133620888524792,
    1.1278673410250228,
    3.6473484559905134,
    0.0,
    0.0,
    0.0,
    0.0,
    0.5526834771623851,
    0.0,
    0.0,
    0.0,
    1.1278673410250228,
    0.0,
    0.0,
    0.0,
    1.133620888524792,
    1.133620888524792,
    1.133620888524792,
    1.1278673410250228,
    0.0,
    0.0,
    0.0,
    1.1278673410250228,
    1.1278673410250228,
    0.0,
    0.0,
    0.0,
    0.0,
    1.133620888524792,
    0.0,
    0.0,
    0.0,
    0.0,
    0.0,
    0.0,
    0.0,
    0.0,
    1.133620888524792,
    0.0,
    0.0,
    0.0,
    0.0,
    0.0,
    1.133620888524792,
    0.0,
    0.0,
    0.0,
    0.0,
    1.133620888524792,
    0.0,
    0.0,
    1.133620888524792,
    0.0,
    0.5526834771623851,
    1.1278673410250228,
    0.0,
    0.0,
    1.133620888524792,
    0.0,
    1.133620888524792,
    1.133620888524792,
    0.0,
    0.0,
    0.0,
    0.0,
    1.133620888524792,
    1.133620888524792,
    1.1278673410250228,
    1.1280382271393137,
    0.5526834771623851,
    1.1278673410250228,
    0.0,
    0.0,
    0.0,
    1.1222846796395443,
    0.0,
    0.0,
    0.0,
    0.0,
    0.0,
    1.1222846796395443,
    0.0,
    0.0,
    0.0,
    0.0,
    0.0,
    1.1278673410250228,
    0.0,
    0.0,
    0.0,
    0.0,
    0.0,
    -6.0500606713753635,
    0.0,
    0.0,
    1.1278673410250228,
    0.5639051904523875,
    0.0,
    0.0,
    1.1278673410250228,
    1.133620888524792,
    0.0,
    1.1278673410250228,
    0.0,
    0.0,
    1.133620888524792,
    0.0,
    0.0,
    0.0,
    0.0,
    0.0,
    0.0,
    0.0,
    2.9861278406850555,
    1.1278673410250228,
    0.0,
    0.0,
    0.0,
    0.0,
    0.0,
    0.0,
    1.1278673410250228,
    1.1278673410250228,
    0.0,
    0.0,
    0.0,
    0.0,
    0.0,
    0.0,
    0.0,
    0.0,
    0.0,
    1.1165886676147725,
    0.0,
    1.1278673410250228,
    0.0,
    0.0,
    0.0,
    0.0,
    0.0,
    0.0,
    0.0,
    0.0,
    0.0,
    0.0,
    0.0,
    0.0,
    0.0,
    0.0,
    0.0,
    0.0,
    0.0,
    1.1278673410250228,
    0.0,
    1.1278673410250228,
    1.1278673410250228,
    0.0,
    0.0,
    0.0,
    0.0,
    0.0,
    0.0,
    0.0,
    0.0,
    0.0,
    0.0,
    0.0,
    0.0,
    0.0,
    0.0,
    0.0,
    0.0,
    -6.0500606713753635,
    0.0,
    0.0,
    1.133620888524792,
    0.0,
    0.0,
    0.0,
    0.0,
    1.1278673410250228,
    0.0,
    0.0,
    0.0,
    0.0,
    0.0,
    1.1222846796395443,
    0.0,
    0.0,
    0.0,
    0.0,
    0.0,
    0.0,
    1.1278673410250228,
    1.1278673410250228,
    0.0,
    0.0,
    0.0,
    1.1278673410250228,
    1.1278673410250228,
    0.0,
    0.0,
    1.133620888524792,
    1.1278673410250228,
    -6.0500606713753635,
    1.1278673410250228,
    0.0,
    0.0,
    0.0,
    0.0,
    0.0,
    0.0,
    0.0,
    0.0,
    3.5493029271413676,
    1.1280382271393137,
    0.0,
    0.0,
    0.0,
    0.0,
    1.133620888524792,
    0.0,
    0.0,
    0.0,
    0.0,
    0.0,
    0.0,
    0.0,
    0.0,
    1.1278673410250228,
    0.0,
    0.0,
    0.0,
    0.0,
    0.0,
    0.0,
    0.0,
    0.0,
    0.0,
    1.1222846796395443,
    1.133620888524792,
    0.0,
    0.5526834771623851,
    0.0,
    4.204962147715512,
    0.0,
    -5.98956006466161,
    1.133620888524792,
    0.0
  ],