{
  "total_s": 4.816873834002763,
  "step_s": 0.0,
  "fit_s": 0.0,
  "eval_s": 0.6469193319790065,
  "plot_s": 0.0,
  "other_s": 0.0,
  "train_s": 3.964605583983939,
  "eval_final_s": 0.6168363750039134,
  "post_s": 0.22372583401738666,
  "steps_per_s": null,
  "updates_per_s": null
}
