{
  "total_s": 4.2043514999968465,
  "step_s": 0.0,
  "fit_s": 0.0,
  "eval_s": 0.6294764979975298,
  "plot_s": 0.0,
  "other_s": 0.0,
  "train_s": 3.4690141250030138,
  "eval_final_s": 0.6086647499760147,
  "post_s": 0.11508074999437667,
  "steps_per_s": null,
  "updates_per_s": null
}
