{
  "total_s": 5.7683617919974495,
  "step_s": 0.0,
  "fit_s": 0.0,
  "eval_s": 0.663979665027,
  "plot_s": 0.0,
  "other_s": 0.0,
  "train_s": 5.135761374986032,
  "eval_final_s": 0.23311791601008736,
  "post_s": 0.39474283400340937,
  "steps_per_s": null,
  "updates_per_s": null
}
