{
  "total_s": 6.1240972919913474,
  "step_s": 0.0,
  "fit_s": 0.0,
  "eval_s": 0.34306195785757154,
  "plot_s": 0.0,
  "other_s": 0.0,
  "train_s": 5.508193249988835,
  "eval_final_s": 0.19902666698908433,
  "post_s": 0.41294766700593755,
  "steps_per_s": null,
  "updates_per_s": null
}
