{
  "total_s": 5.789710832992569,
  "step_s": 0.0,
  "fit_s": 0.0,
  "eval_s": 0.3229118340241257,
  "plot_s": 0.0,
  "other_s": 0.0,
  "train_s": 5.238253540999722,
  "eval_final_s": 0.1917128750064876,
  "post_s": 0.3559336249891203,
  "steps_per_s": null,
  "updates_per_s": null
}
