{
  "total_s": 5.500351458002115,
  "step_s": 0.0,
  "fit_s": 0.0,
  "eval_s": 0.6256303800910246,
  "plot_s": 0.0,
  "other_s": 0.0,
  "train_s": 4.9123112079978455,
  "eval_final_s": 0.23974345900933258,
  "post_s": 0.34370416699675843,
  "steps_per_s": null,
  "updates_per_s": null
}
