{
  "total_s": 4.003943625022657,
  "step_s": 0.0,
  "fit_s": 0.0,
  "eval_s": 0.626634085085243,
  "plot_s": 0.0,
  "other_s": 0.0,
  "train_s": 3.3683370830258355,
  "eval_final_s": 0.5108316660043783,
  "post_s": 0.11367037502350286,
  "steps_per_s": null,
  "updates_per_s": null
}
