{
  "total_s": 4.743142207997153,
  "step_s": 0.0,
  "fit_s": 0.0,
  "eval_s": 0.6513994139968418,
  "plot_s": 0.0,
  "other_s": 0.0,
  "train_s": 3.8641901669907384,
  "eval_final_s": 0.6329246659879573,
  "post_s": 0.2343765830155462,
  "steps_per_s": null,
  "updates_per_s": null
}
