{
  "total_s": 8.852565749984933,
  "step_s": 0.0,
  "fit_s": 0.0,
  "eval_s": 1.3511185819806997,
  "plot_s": 0.0,
  "other_s": 0.0,
  "train_s": 7.845171791996108,
  "eval_final_s": 0.5188770829990972,
  "post_s": 0.48043904098449275,
  "steps_per_s": null,
  "updates_per_s": null
}
