{
  "total_s": 8.438989124988439,
  "step_s": 0.0,
  "fit_s": 0.0,
  "eval_s": 1.2995963740104344,
  "plot_s": 0.0,
  "other_s": 0.0,
  "train_s": 7.501957415981451,
  "eval_final_s": 0.48980579199269414,
  "post_s": 0.43949245900148526,
  "steps_per_s": null,
  "updates_per_s": null
}
