{
  "schema_version": "1.0.0",
  "phase": "phase4C",
  "task": "dense_chain_cost_1",
  "algorithm": "safe_q_single_table",
  "seed": 456,
  "train_steps": 20000,
  "n_transitions": 20000,
  "mean_return": -0.6414753491954077,
  "final_disc_return_mean": -0.6412558882844596,
  "mean_td_error": -0.009047007261678898,
  "std_td_error": 0.017402375155503844,
  "p5_td_error": -0.04985695714329596,
  "p95_td_error": -2.7755575615628914e-17,
  "mean_natural_shift": -0.0015488404491806875,
  "std_natural_shift": 0.0012496257723705099,
  "p5_natural_shift": -0.003983998171043636,
  "p95_natural_shift": 0.0,
  "mean_beta_used": 0.03444265799632936,
  "std_beta_used": 0.024842483282645034,
  "p5_beta_used": 0.0,
  "p95_beta_used": 0.0807396672797118,
  "mean_rho": 0.5124335448695502,
  "std_rho": 0.0003122182232571378,
  "p5_rho": 0.5118251185847414,
  "p95_rho": 0.5128205128205129,
  "mean_effective_discount": 0.9507545875043774,
  "std_effective_discount": 0.0006088255353514204,
  "p5_effective_discount": 0.9499999999999998,
  "p95_effective_discount": 0.9519410187597541,
  "stage_mean_td_error": [
    -0.0014705226052360147,
    -0.003730887199788374,
    -0.005886341981482605,
    -0.007186037477768757,
    -0.007870368334190194,
    -0.008208919600490167,
    -0.008520389505401712,
    -0.00902273391877009,
    -0.009299803467927484,
    -0.009690661212804628,
    -0.01008793767609683,
    -0.010567305702209573,
    -0.01068737134372685,
    -0.010901712378346692,
    -0.011186982276880307,
    -0.011519897584132606,
    -0.011616346247686392,
    -0.011961313651802797,
    -0.011977623134260358,
    -0.009546989934575529
  ],
  "stage_std_td_error": [
    0.006872681289265651,
    0.011080683280338588,
    0.014364459174637079,
    0.016067016297740492,
    0.017082018488281742,
    0.017428362745182897,
    0.017664180343322924,
    0.01796471621107546,
    0.018028306076699835,
    0.018164010148739727,
    0.018451692542187068,
    0.018486077170267217,
    0.01859861209547491,
    0.018660833200786472,
    0.018854956981274932,
    0.018927467456920113,
    0.018988282390647156,
    0.019124392379432507,
    0.01910649083187282,
    0.014475505123823352
  ],
  "stage_mean_natural_shift": [
    -0.0008624433350452578,
    -0.0008209928327154902,
    -0.0008032125001985886,
    -0.0008221519031939768,
    -0.000877884802323518,
    -0.0010194099596144803,
    -0.0010991952325869678,
    -0.0011734218345704935,
    -0.0012647727642286122,
    -0.0013605941309363407,
    -0.001467199355990388,
    -0.0015606806273489962,
    -0.0017096374906455341,
    -0.001937513499896287,
    -0.0028102232354141536,
    -0.003153888516203936,
    -0.0036320484491763746,
    -0.004601538513524357,
    0.0,
    0.0
  ],
  "stage_std_natural_shift": [
    0.000192936802528562,
    0.00035608891421434367,
    0.0004231634542220891,
    0.0004116200706112202,
    0.00038028146366848517,
    0.00037617238251150693,
    0.00036391951002846703,
    0.0003689811706898876,
    0.00037231524040906436,
    0.00038139525069469436,
    0.00040117265578053154,
    0.00041678492726541616,
    0.000440879838324413,
    0.0004807523509273714,
    0.000686822974376611,
    0.0007709238854661001,
    0.00086090737671768,
    0.0011092466409674045,
    0.0,
    0.0
  ],
  "stage_mean_beta_used": [
    0.0181450427264552,
    0.018715290156700617,
    0.019335728949678135,
    0.02001202846320898,
    0.020975474920895514,
    0.02360097016522822,
    0.02486420155334345,
    0.026308663410898422,
    0.027974418363615815,
    0.029913815627782725,
    0.03219624771086909,
    0.034914932373743254,
    0.03819621957200927,
    0.04221059273755364,
    0.061141066228150104,
    0.06979446294761908,
    0.07967996342087269,
    0.1008740405979629,
    0.0,
    0.0
  ],
  "stage_std_beta_used": [
    0.0,
    3.469446951953614e-18,
    3.469446951953614e-18,
    6.938893903907228e-18,
    3.469446951953614e-18,
    0.0,
    6.938893903907228e-18,
    6.938893903907228e-18,
    6.938893903907228e-18,
    0.0,
    0.0,
    6.938893903907228e-18,
    6.938893903907228e-18,
    1.3877787807814457e-17,
    2.0816681711721685e-17,
    1.3877787807814457e-17,
    1.3877787807814457e-17,
    0.0,
    0.0,
    0.0
  ],
  "stage_mean_rho": [
    0.512605041255769,
    0.5126153970052088,
    0.5126198390914792,
    0.5126151072871323,
    0.512601183001287,
    0.5125658241325182,
    0.5125458904215345,
    0.5125273454258754,
    0.512504521996294,
    0.512480581588045,
    0.512453946803861,
    0.5124305909188671,
    0.5123933745877101,
    0.5123364403130284,
    0.5121183926304638,
    0.5120325260558212,
    0.5119130541846714,
    0.5116708150504091,
    0.5128205128205128,
    0.5128205128205128
  ],
  "stage_std_rho": [
    4.8203055674907344e-05,
    8.896427677570295e-05,
    0.00010572195179344865,
    0.00010283819554845476,
    9.500880599039593e-05,
    9.398241715669154e-05,
    9.092128108676974e-05,
    9.218603943329192e-05,
    9.301917040484128e-05,
    9.528789142251841e-05,
    0.0001002292516391409,
    0.00010413010512927472,
    0.00011015031716428216,
    0.00012011250481156453,
    0.00017160000008233607,
    0.0001926134267389401,
    0.00021509729950022443,
    0.0002771486140739546,
    1.1102230246251565e-16,
    1.1102230246251565e-16
  ],
  "stage_mean_effective_discount": [
    0.9504201695512499,
    0.9503999758398431,
    0.9503913137716156,
    0.9504005407900924,
    0.9504276931474901,
    0.9504966429415894,
    0.9505355136780076,
    0.9505716764195429,
    0.9506161821072269,
    0.9506628659033121,
    0.950714803732471,
    0.9507603477082093,
    0.9508329195539654,
    0.9509439413895944,
    0.9513691343705958,
    0.9515365741911482,
    0.9517695443398907,
    0.9522419106517019,
    0.9499999999999996,
    0.9499999999999996
  ],
  "stage_std_effective_discount": [
    9.399595856606784e-05,
    0.0001734803397126259,
    0.00020615780599721173,
    0.0002005344813194948,
    0.00018526717168128328,
    0.00018326571345556167,
    0.0001772964981192117,
    0.00017976277689490795,
    0.00018138738228945595,
    0.00018581138827392674,
    0.00019544704069632843,
    0.00020305370500207784,
    0.00021479311847034659,
    0.00023421938438256641,
    0.000334620000160568,
    0.0003755961821409328,
    0.0004194397340254242,
    0.0005404397974442143,
    2.220446049250313e-16,
    2.220446049250313e-16
  ]
}