{
  "total_s": 7.541625583020505,
  "step_s": 0.0,
  "fit_s": 0.0,
  "eval_s": 0.9382098769419827,
  "plot_s": 0.0,
  "other_s": 0.0,
  "train_s": 7.019433208013652,
  "eval_final_s": 0.15055275001213886,
  "post_s": 0.36895587501931004,
  "steps_per_s": null,
  "updates_per_s": null
}
