{
  "schema_version": "1.0.0",
  "phase": "phase4C",
  "task": "dense_chain_cost_1",
  "algorithm": "safe_double_q",
  "seed": 456,
  "train_steps": 20000,
  "n_transitions": 20000,
  "mean_return": -0.6415140775914574,
  "final_disc_return_mean": -0.6415140775914574,
  "mean_double_gap": 0.002560116687806283,
  "std_double_gap": 0.00501493655641668,
  "p5_double_gap": 0.0,
  "p95_double_gap": 0.013609034879391168,
  "mean_natural_shift_double": -0.0015199903786048059,
  "std_natural_shift_double": 0.0012009595379929875,
  "p5_natural_shift_double": -0.003983998171043636,
  "p95_natural_shift_double": 0.0,
  "mean_beta_used": 0.03444265799632936,
  "std_beta_used": 0.024842483282645034,
  "p5_beta_used": 0.0,
  "p95_beta_used": 0.0807396672797118,
  "mean_rho": 0.5124407532904599,
  "std_rho": 0.0003000589445876053,
  "p5_rho": 0.5118251185847414,
  "p95_rho": 0.5128205128205129,
  "mean_effective_discount": 0.9507405310836031,
  "std_effective_discount": 0.0005851149419458323,
  "p5_effective_discount": 0.9499999999999998,
  "p95_effective_discount": 0.9519410187597541,
  "stage_mean_double_gap": [
    0.00011865790902826305,
    0.0008821246757403865,
    0.002143877384836997,
    0.0026816536467545193,
    0.003083872255228897,
    0.002984217630425096,
    0.0031459592935437577,
    0.002161326842655577,
    0.0037816766852086106,
    0.0032495275341728994,
    0.0032763881477690985,
    0.0024636751415077446,
    0.0024483851434429268,
    0.003648763703427535,
    0.002085539458525042,
    0.0030649308355449206,
    0.0031876535582419496,
    0.003209981530008768,
    0.0035841223800626666,
    0.0
  ],
  "stage_std_double_gap": [
    0.0010403952502081146,
    0.003079539294939197,
    0.005546993693989192,
    0.005989397248295492,
    0.00530717358558852,
    0.005169826910295167,
    0.005525087341767273,
    0.0043577507549414805,
    0.006368194282934543,
    0.005340477897427901,
    0.005385507494749377,
    0.004662850939016746,
    0.004456244065766715,
    0.0064703575470432826,
    0.003843460456489247,
    0.005292865845714365,
    0.005048158043692027,
    0.00472485378731967,
    0.005169896936151479,
    0.0
  ],
  "stage_mean_natural_shift_double": [
    -0.0008596322897867725,
    -0.0008320468775778062,
    -0.0008267355251535931,
    -0.0008508806448236613,
    -0.0009069334703722359,
    -0.0010257786630162038,
    -0.0010799450029558338,
    -0.0011742805783586043,
    -0.0012233792176777124,
    -0.0013110209176277997,
    -0.0014265107582909584,
    -0.001551849403502068,
    -0.0016930837557678719,
    -0.0018808635395597003,
    -0.0027213714507585305,
    -0.003079501948429874,
    -0.003508064416252823,
    -0.004447929112184069,
    0.0,
    0.0
  ],
  "stage_std_natural_shift_double": [
    0.00019604672460234008,
    0.00030551801526359785,
    0.00034360121594171955,
    0.0003238181594274708,
    0.00029558163217026373,
    0.00032235538827670514,
    0.00033478458291283185,
    0.00030937103625377365,
    0.0003600572005388952,
    0.00037093536293543835,
    0.00039377503650841106,
    0.0003877241387740727,
    0.0004158118303405212,
    0.0004919499900244903,
    0.0006693032939841659,
    0.0008021146072495705,
    0.0008681493970854187,
    0.0010797479735958444,
    0.0,
    0.0
  ],
  "stage_mean_beta_used": [
    0.0181450427264552,
    0.018715290156700617,
    0.019335728949678135,
    0.02001202846320898,
    0.020975474920895514,
    0.02360097016522822,
    0.02486420155334345,
    0.026308663410898422,
    0.027974418363615815,
    0.029913815627782725,
    0.03219624771086909,
    0.034914932373743254,
    0.03819621957200927,
    0.04221059273755364,
    0.061141066228150104,
    0.06979446294761908,
    0.07967996342087269,
    0.1008740405979629,
    0.0,
    0.0
  ],
  "stage_std_beta_used": [
    0.0,
    3.469446951953614e-18,
    3.469446951953614e-18,
    6.938893903907228e-18,
    3.469446951953614e-18,
    0.0,
    6.938893903907228e-18,
    6.938893903907228e-18,
    6.938893903907228e-18,
    0.0,
    0.0,
    6.938893903907228e-18,
    6.938893903907228e-18,
    1.3877787807814457e-17,
    2.0816681711721685e-17,
    1.3877787807814457e-17,
    1.3877787807814457e-17,
    0.0,
    0.0,
    0.0
  ],
  "stage_mean_rho": [
    0.5126057435665942,
    0.5126126353595661,
    0.5126139622742978,
    0.512607929876552,
    0.5125939256261554,
    0.5125642330814043,
    0.5125507000125538,
    0.5125271310027697,
    0.5125148639337621,
    0.5124929671870719,
    0.5124641126560862,
    0.5124327974340555,
    0.512397510546224,
    0.5123505941379368,
    0.5121405925796207,
    0.512051111765245,
    0.5119440325172964,
    0.5117091966109807,
    0.5128205128205128,
    0.5128205128205128
  ],
  "stage_std_rho": [
    4.89800390119505e-05,
    7.633001599778123e-05,
    8.58446546346751e-05,
    8.090224565239788e-05,
    7.384780244865527e-05,
    8.053702625445773e-05,
    8.364246959941653e-05,
    7.72933466030776e-05,
    8.995681298799801e-05,
    9.267480844517147e-05,
    9.838120179025773e-05,
    9.686984904298282e-05,
    0.00010388769984184278,
    0.00012291026786778606,
    0.00016722345774287348,
    0.00020040728217571378,
    0.0002169077499500517,
    0.0002697799961189149,
    1.1102230246251565e-16,
    1.1102230246251565e-16
  ],
  "stage_mean_effective_discount": [
    0.9504188000451409,
    0.9504053610488462,
    0.9504027735651194,
    0.950414536740724,
    0.9504418450289968,
    0.9504997454912615,
    0.9505261349755201,
    0.9505720945445991,
    0.9505960153291639,
    0.9506387139852095,
    0.950694980320632,
    0.9507560450035919,
    0.9508248544348631,
    0.9509163414310229,
    0.9513258444697396,
    0.9515003320577721,
    0.951709136591272,
    0.9521670666085874,
    0.9499999999999996,
    0.9499999999999996
  ],
  "stage_std_effective_discount": [
    9.551107607330231e-05,
    0.0001488435311956739,
    0.0001673970765376017,
    0.00015775937902218914,
    0.00014400321477489085,
    0.0001570472011962103,
    0.00016310281571887107,
    0.00015072202587598752,
    0.00017541578532661063,
    0.00018071587646809886,
    0.00019184334349100758,
    0.00018889620563380981,
    0.00020258101469159198,
    0.00023967502234219766,
    0.0003260857425986162,
    0.00039079420024264503,
    0.000422970112402588,
    0.0005260709924318881,
    2.220446049250313e-16,
    2.220446049250313e-16
  ]
}