{
  "total_s": 8.7024315840099,
  "step_s": 0.0,
  "fit_s": 0.0,
  "eval_s": 1.361008669133298,
  "plot_s": 0.0,
  "other_s": 0.0,
  "train_s": 7.670208333991468,
  "eval_final_s": 0.5210131670173723,
  "post_s": 0.5030617500015069,
  "steps_per_s": null,
  "updates_per_s": null
}
