{
  "schema_version": "1.0.0",
  "created_at": "2026-04-19T04:45:42Z",
  "phase": "phase3",
  "task": "chain_regime_shift",
  "algorithm": "SafeExpectedSARSA",
  "seed": 47,
  "train_steps": 180000,
  "n_transitions": 180000,
  "steps_to_threshold": null,
  "auc_disc_return": 13.526028625863939,
  "final_disc_return_mean": 17.49009020431254,
  "final_10pct_success_rate": 0.0,
  "adaptation_metrics": {
    "change_at_episode": 300,
    "pre_change_auc": 0.00377873629508264,
    "post_change_auc": 15.101661739648229,
    "lag_to_50pct_recovery": 21,
    "lag_to_75pct_recovery": 73,
    "lag_to_90pct_recovery": null,
    "post_change_optimum": 19.682097372415285
  },
  "shortcut_risky_path_fraction": 0.0,
  "episode_returns": [
    18.710374115559674,
    20.07676497853328,
    18.18898302817819,
    19.74167503335562,
    20.933030903954684,
    15.12696817281203,
    17.50348819198775,
    19.506709490469767,
    17.912624600850126,
    19.49869318457438,
    17.87977006860688,
    19.437384068005873,
    16.61656819033386,
    16.069771355698595,
    17.255211355624073,
    18.681375972524815,
    17.51434833543383,
    16.75582308497238,
    18.33945112691214,
    20.21522787332281,
    19.41212736702673,
    18.145057350223148,
    16.35510466870736,
    19.485028791428075,
    17.865097647654686,
    18.510628078884793,
    17.618868604169258,
    17.116064498145587,
    16.692583538901722,
    17.213940051163316,
    17.37634678073689,
    18.58512112651281,
    18.784931825870764,
    18.733708131692925,
    19.63932222084013,
    17.155372508720163,
    16.94848904514843,
    19.381398065588865,
    18.664120638746965,
    18.777131219415267,
    16.727369258203893,
    16.962608360705513,
    17.089608521924237,
    18.671392367424822,
    17.069925698784925,
    17.294281469879827,
    17.17691372557899,
    16.796644933948542,
    16.929695037409456,
    14.952373788444342,
    18.570625652075755,
    17.40701505881774,
    17.903459756263917,
    16.313653851018387,
    19.499361471797258,
    19.358600230467015,
    18.1238192578047,
    17.973348365440916,
    18.077704080684654,
    18.779567377147167,
    19.319670618459245,
    17.816859158471516,
    17.31948944397719,
    16.29182122960738,
    18.381234503230154,
    19.765372187301388,
    14.134188053286746,
    17.522695488790117,
    18.55474699729409,
    20.015414946297117,
    15.6707592431006,
    17.825506991895857,
    20.366454874229117,
    16.014747315919312,
    17.91685024041396,
    18.971748587212282,
    19.66129871644488,
    20.96650105579812,
    15.852484932865144,
    19.210661209694436,
    19.69425619838697,
    19.029593154501825,
    18.65275577050007,
    19.083821335281833,
    17.907290834976507,
    18.611325660951987,
    16.5085321328975,
    14.740561027690996,
    17.870110032369276,
    16.502545354563992,
    16.38251751418652,
    17.88450242042923,
    20.3905650513474,
    17.17178403541974,
    16.60858439674978,
    18.617981239904115,
    20.044875227949642,
    18.33770509999051,
    18.094515807384635,
    19.470078087791833,
    20.215000038954493,
    15.824412894320494,
    18.567721152324363,
    19.31107003491283,
    18.511676266614884,
    17.23415784426256,
    19.368041496843794,
    18.144468011110938,
    18.311582569436013,
    18.531498748828486,
    20.140248980586385,
    19.361276709522105,
    18.576295845717958,
    19.522888050936466,
    18.48551600414432,
    18.640146491243367,
    19.33032634813503,
    16.72002638487943,
    18.375559714334866,
    19.10800578084078,
    16.423288945187814,
    17.332494240719402,
    18.65579429523256,
    17.88356468871133,
    19.64423266579742,
    18.001112668615036,
    18.09230501672708,
    20.233504413944875,
    18.993527735361965,
    18.36341698410241,
    18.669227307827164,
    15.717266096484032,
    18.431472869144397,
    17.876120838147653,
    16.82677511553154,
    18.788640999594932,
    15.741290171714903,
    19.07982438612358,
    17.66619230121089,
    17.227629061062476,
    20.96650105579812,
    17.372887820477803,
    20.11504328470324,
    17.587684642737102,
    18.899101170033344,
    20.40242497923144,
    18.47471792202424,
    18.357784828825235,
    19.399957056202275,
    18.8529394382542,
    18.04491592394099,
    17.017665315752655,
    16.933796112803567,
    17.757285897040237,
    19.069934661567064,
    17.794418734328293,
    17.319053246576537,
    18.913153568132405,
    19.365114638166656,
    18.080986835281962,
    18.13554081745735,
    16.420134665148172,
    18.587978919093228,
    16.61498777819823,
    19.44607122727138,
    17.964336182245876,
    17.944160654771423,
    16.85625729683812,
    14.290357146719705,
    17.883528091208277,
    16.33226117478059,
    17.991935172939513,
    16.278079789762188,
    18.459146690214684,
    19.355487919128958,
    16.929221821725253,
    17.92114988348786,
    19.285236492116244,
    18.01263598723681,
    16.351220464888264,
    18.069611403180648,
    15.48849555727231,
    16.99805145414061,
    16.11277672707779,
    18.591349493976203,
    16.374856811323077,
    20.262982305475823,
    17.337479873298356,
    17.305087459508457,
    17.02434240360803,
    16.920954701752287,
    19.401607648445594,
    18.573480737699636,
    17.005044169798595,
    20.07859472411609,
    20.379464273860634,
    17.846229706858416,
    18.682802925947232,
    17.174265480063976,
    18.171888176400206
  ],