{
  "total_s": 4.53311724998639,
  "step_s": 0.0,
  "fit_s": 0.0,
  "eval_s": 0.6069912489911076,
  "plot_s": 0.0,
  "other_s": 0.0,
  "train_s": 3.7177784999948926,
  "eval_final_s": 0.6028714590065647,
  "post_s": 0.20108558400534093,
  "steps_per_s": null,
  "updates_per_s": null
}
