{
  "total_s": 4.732025875011459,
  "step_s": 0.0,
  "fit_s": 0.0,
  "eval_s": 0.639575707988115,
  "plot_s": 0.0,
  "other_s": 0.0,
  "train_s": 3.8548184169922024,
  "eval_final_s": 0.6357667909760494,
  "post_s": 0.22958929199376144,
  "steps_per_s": null,
  "updates_per_s": null
}
