{
  "total_s": 7.021213916974375,
  "step_s": 0.0,
  "fit_s": 0.0,
  "eval_s": 0.3204892471258063,
  "plot_s": 0.0,
  "other_s": 0.0,
  "train_s": 6.476577583991457,
  "eval_final_s": 0.18330016700201668,
  "post_s": 0.3576907079841476,
  "steps_per_s": null,
  "updates_per_s": null
}
