{
  "phase": "phase4",
  "schedule_version": 3,
  "task_family": "dense_chain_cost",
  "scheduler_mode": "stagewise_u",
  "gamma_eval": 0.95,
  "gamma_base": 0.95,
  "sign_family": 1,
  "reward_bound": 0.05,
  "alpha_t": [
    0.4826697503493782,
    0.48126212725341205,
    0.4792826034854131,
    0.47660952323979294,
    0.4730892245443008,
    0.4685249837606945,
    0.4923291585998799,
    0.4,
    0.5,
    0.5,
    0.5,
    0.5,
    0.4984283737486288,
    0.4858559692839035,
    0.466874071971646,
    0.4371234301855071,
    0.40371197785250684,
    0.4021065745919802,
    0.14280500000000002,
    0.14280500000000002
  ],
  "kappa_t": [
    0.9741334875174689,
    0.9740631063626706,
    0.9739641301742706,
    0.9738304761619896,
    0.973654461227215,
    0.9734262491880347,
    0.974616457929994,
    0.97,
    0.975,
    0.975,
    0.975,
    0.975,
    0.9749214186874314,
    0.9742927984641951,
    0.9733437035985822,
    0.9718561715092753,
    0.9701855988926253,
    0.970105328729599,
    0.9554925,
    0.9554925
  ],
  "Bhat_t": [
    1.532167897368155,
    1.4727631436060529,
    1.4118830028801075,
    1.3495189013222961,
    1.2856641191356923,
    1.2203139475559994,
    1.1534658619413374,
    1.0834681205611107,
    1.016461979959908,
    0.9425251076511876,
    0.8666924181037822,
    0.7889153006192637,
    0.7091438980710397,
    0.6273776392096461,
    0.543858725061816,
    0.4585828453110323,
    0.3715393860701395,
    0.28246078521772466,
    0.19066051875,
    0.0975,
    0.0
  ],
  "A_t": [
    1.522763143606053,
    1.4618830028801075,
    1.3995189013222962,
    1.3356641191356924,
    1.2703139475559995,
    1.2034658619413374,
    1.1334681205611108,
    1.066461979959908,
    0.9925251076511876,
    0.9166924181037822,
    0.8389153006192638,
    0.7591438980710398,
    0.6773776392096461,
    0.593858725061816,
    0.5085828453110324,
    0.42153938607013947,
    0.33246078521772465,
    0.24066051875,
    0.14750000000000002,
    0.05
  ],
  "xi_ref_t": [
    0.35989981753540484,
    0.35868688963010875,
    0.3569811634138484,
    0.3546778098866862,
    0.3516444208104652,
    0.3477114823493163,
    0.3682231860914172,
    0.3920667389525568,
    0.3909445459718398,
    0.38892276642099455,
    0.3856875836458111,
    0.38077643376454884,
    0.3734787891541425,
    0.3626453350458405,
    0.346288916192326,
    0.3206532302432334,
    0.2778244311350159,
    0.19737346302882097,
    0.02,
    0.02
  ],
  "u_target_t": [
    0.09195963853678914,
    0.09165645817765798,
    0.0912300992122428,
    0.0906543588516477,
    0.08989614067108016,
    0.08891307342538035,
    0.09404012646766644,
    0.1,
    0.09971949951071069,
    0.09921414066157144,
    0.09840548264376815,
    0.09717790417167047,
    0.09535380357662773,
    0.09264590107653305,
    0.08855749242466221,
    0.08214966188610923,
    0.05488719159686504,
    0.039247082788235965,
    0.002,
    0.002
  ],
  "u_tr_cap_t": [
    0.09195923805236816,
    0.09165644645690918,
    0.09122967720031738,
    0.09065449237823486,
    0.08989572525024414,
    0.0889134407043457,
    0.09404003620147705,
    0.09999990463256836,
    0.09971976280212402,
    0.09921431541442871,
    0.09840548038482666,
    0.09717822074890137,
    0.09535372257232666,
    0.09264588356018066,
    0.08855760097503662,
    0.08214950561523438,
    0.047893524169921875,
    0.03409862518310547,
    0.0,
    0.0
  ],
  "U_safe_ref_t": [
    0.01782073905197433,
    0.017708895672761828,
    0.017552204203915185,
    0.017341712592336796,
    0.017066433611123644,
    0.016712781881665747,
    0.01859767958645241,
    0.016089162087044282,
    0.02005283368574092,
    0.019949129952052686,
    0.01978318676956767,
    0.0195312777129267,
    0.01909675552362675,
    0.018075195194679875,
    0.016585770834289762,
    0.014379499500166405,
    0.011506798806051518,
    0.008142219584651745,
    0.00022545137999577944,
    0.00022545137999577944
  ],
  "u_ref_used_t": [
    0.01782073905197433,
    0.017708895672761828,
    0.017552204203915185,
    0.017341712592336796,
    0.017066433611123644,
    0.016712781881665747,
    0.01859767958645241,
    0.016089162087044282,
    0.02005283368574092,
    0.019949129952052686,
    0.01978318676956767,
    0.0195312777129267,
    0.01909675552362675,
    0.018075195194679875,
    0.016585770834289762,
    0.014379499500166405,
    0.011506798806051518,
    0.008142219584651745,
    0.0,
    0.0
  ],
  "theta_used_t": [
    0.04951583241695095,
    0.04937146069382101,
    0.049168432407081686,
    0.04889426997949827,
    0.04853321310143117,
    0.048065084790256736,
    0.05050654138285372,
    0.04103679422036155,
    0.05129329438755068,
    0.05129329438755069,
    0.05129329438755069,
    0.05129329438755069,
    0.0511321019511636,
    0.04984262431611057,
    0.04789576003951037,
    0.04484439308239231,
    0.0414175195429789,
    0.04125285871618312,
    0.0,
    0.0
  ],
  "beta_used_t": [
    0.03251709408969053,
    0.03377251161450851,
    0.035132381821085995,
    0.036606710683474625,
    0.03820568387429413,
    0.03993888510698748,
    0.04455929590490028,
    0.03847937853528005,
    0.05167959378774443,
    0.05595474924255737,
    0.061142399417065604,
    0.06756728799096627,
    0.0754853703331922,
    0.08393010359647801,
    0.09417494215759266,
    0.10638245099813924,
    0.12457866125731205,
    0.17141514915056305,
    0.0,
    0.0
  ],
  "trust_clip_active_t": [
    true,
    true,
    true,
    true,
    true,
    true,
    true,
    true,
    true,
    true,
    true,
    true,
    true,
    true,
    true,
    true,
    true,
    true,
    true,
    true
  ],
  "safe_clip_active_t": [
    false,
    false,
    false,
    false,
    false,
    false,
    false,
    false,
    false,
    false,
    false,
    false,
    false,
    false,
    false,
    false,
    false,
    false,
    false,
    false
  ],
  "source_phase": "phase4C_ablation_raw_unclipped",
  "notes": "Phase IV-C ablation: raw_unclipped",
  "provenance": {
    "git_sha": "fbfc9b1e68f00da6c711fb85148cb8edfd458e85",
    "calibration_code_version": "v3.0",
    "input_hashes": {
      "margins": "ceada405a7c1d7a9",
      "p_align": "d96e305f37d4ed27",
      "n_by_stage": "35d6f04339c16583"
    }
  }
}