{
  "phase": "phase4",
  "schedule_version": 3,
  "task_family": "dense_chain_cost",
  "scheduler_mode": "stagewise_u",
  "gamma_eval": 0.95,
  "gamma_base": 0.95,
  "sign_family": 1,
  "reward_bound": 0.05,
  "alpha_t": [
    0.5940268115356137,
    0.5933719022207998,
    0.5919975459432637,
    0.5897440157109384,
    0.5864092246064442,
    0.581734070872898,
    0.5753812646846673,
    0.6,
    0.5,
    0.4987295930107128,
    0.4960625943197134,
    0.49145398216074804,
    0.48406566865335987,
    0.6,
    0.5908902421049432,
    0.5532716185223484,
    0.4895048648488107,
    0.48322219657620624,
    0.14280500000000002,
    0.14280500000000002
  ],
  "kappa_t": [
    0.9797013405767807,
    0.97966859511104,
    0.9795998772971631,
    0.9794872007855469,
    0.9793204612303222,
    0.9790867035436449,
    0.9787690632342333,
    0.98,
    0.975,
    0.9749364796505356,
    0.9748031297159856,
    0.9745726991080373,
    0.9742032834326679,
    0.98,
    0.9795445121052472,
    0.9776635809261174,
    0.9744752432424405,
    0.9741611098288103,
    0.9554925,
    0.9554925
  ],
  "Bhat_t": [
    1.5938268822129018,
    1.5273296261205151,
    1.459503380281831,
    1.3903670384685698,
    1.319942759263922,
    1.248256120093891,
    1.1753362760712782,
    1.1012161260079967,
    1.0242001285795885,
    0.9504616703380395,
    0.8748894806395819,
    0.7974835707247665,
    0.7182466442630864,
    0.6371838966461348,
    0.5506978537205457,
    0.4626618271246583,
    0.37350458199409375,
    0.2832340625460367,
    0.19066051875,
    0.0975,
    0.0
  ],
  "A_t": [
    1.5773296261205152,
    1.509503380281831,
    1.4403670384685698,
    1.369942759263922,
    1.2982561200938911,
    1.2253362760712783,
    1.1512161260079967,
    1.0742001285795886,
    1.0004616703380396,
    0.924889480639582,
    0.8474835707247665,
    0.7682466442630864,
    0.6871838966461349,
    0.6006978537205457,
    0.5126618271246584,
    0.42350458199409374,
    0.3332340625460367,
    0.24066051875,
    0.14750000000000002,
    0.05
  ],
  "xi_ref_t": [
    0.34569099369189815,
    0.34526304515152284,
    0.344364976137045,
    0.34289241352142624,
    0.3407133042106501,
    0.33765833893370933,
    0.3335071166590447,
    0.3559191295912228,
    0.38226650691435987,
    0.38118732015401674,
    0.3789217551016756,
    0.3750068260533851,
    0.3687305931723685,
    0.3589403695857512,
    0.34364141174325413,
    0.3190596342529213,
    0.2770322885211114,
    0.19737346302882097,
    0.02,
    0.02
  ],
  "u_target_t": [
    0.018277748047249652,
    0.018257596991409226,
    0.018215309105946577,
    0.018145969714182718,
    0.01804336075712136,
    0.017899509873012247,
    0.01770403891337438,
    0.018759366088217835,
    0.020000000000000004,
    0.01994918372042851,
    0.01984250377278854,
    0.019658159286429923,
    0.019362626746134398,
    0.018901628930810252,
    0.018181238218613636,
    0.017023742108379952,
    0.011585913960918596,
    0.008797855194833067,
    0.002,
    0.002
  ],
  "u_tr_cap_t": [
    0.012922286987304688,
    0.012907981872558594,
    0.012879371643066406,
    0.012831687927246094,
    0.012760162353515625,
    0.012655258178710938,
    0.012516975402832031,
    0.013265609741210938,
    0.014142990112304688,
    0.014104843139648438,
    0.014028549194335938,
    0.013899803161621094,
    0.013689994812011719,
    0.013365745544433594,
    0.01285552978515625,
    0.012035369873046875,
    0.00701904296875,
    0.005321502685546875,
    0.0,
    0.0
  ],
  "U_safe_ref_t": [
    0.021065422094376837,
    0.021016152213772496,
    0.02091294412493028,
    0.02074426196242763,
    0.02049589398191204,
    0.020150208809791043,
    0.01968517240387511,
    0.02190674930444154,
    0.019607708473658943,
    0.019502685425724416,
    0.01928312270441105,
    0.018906636528099683,
    0.01831079386456965,
    0.022092706005405326,
    0.02082997469118627,
    0.018108887993617675,
    0.013911694464327927,
    0.009784294735127678,
    0.00022545137999577944,
    0.00022545137999577944
  ],
  "u_ref_used_t": [
    0.012922286987304688,
    0.012907981872558594,
    0.012879371643066406,
    0.012831687927246094,
    0.012760162353515625,
    0.012655258178710938,
    0.012516975402832031,
    0.013265609741210938,
    0.014142990112304688,
    0.014104843139648438,
    0.014028549194335938,
    0.013899803161621094,
    0.013689994812011719,
    0.013365745544433594,
    0.01285552978515625,
    0.012035369873046875,
    0.00701904296875,
    0.005321502685546875,
    0.0,
    0.0
  ],
  "theta_used_t": [
    0.03738103457454218,
    0.03738593531460562,
    0.03740035292654406,
    0.03742190675922984,
    0.03745131814878148,
    0.037479477683492,
    0.037531359235217,
    0.03727141543767721,
    0.0369977224174473,
    0.03700239329563599,
    0.03702228495846504,
    0.03706546706870437,
    0.03712736362402164,
    0.03723667404660791,
    0.03740972230308797,
    0.037721380522571325,
    0.025336551945695347,
    0.026961591512278504,
    0.0,
    0.0
  ],
  "beta_used_t": [
    0.023698936452795756,
    0.024767043123563925,
    0.025965848931331383,
    0.02731640173005246,
    0.028847403504689784,
    0.030587095489950065,
    0.03260148844975118,
    0.034696900927540464,
    0.03698064954846934,
    0.040007367442484044,
    0.04368495890345537,
    0.04824683237537356,
    0.05402827948271955,
    0.061989024625233646,
    0.07297153859281093,
    0.08906959245861806,
    0.07603229919568942,
    0.11203163548519736,
    0.0,
    0.0
  ],
  "trust_clip_active_t": [
    true,
    true,
    true,
    true,
    true,
    true,
    true,
    true,
    true,
    true,
    true,
    true,
    true,
    true,
    true,
    true,
    true,
    true,
    true,
    true
  ],
  "safe_clip_active_t": [
    false,
    false,
    false,
    false,
    false,
    false,
    false,
    false,
    false,
    false,
    false,
    false,
    false,
    false,
    false,
    false,
    false,
    false,
    false,
    false
  ],
  "source_phase": "phase4C_ablation_adaptive_headroom_aggressive",
  "notes": "Phase IV-C ablation: adaptive_headroom_aggressive",
  "provenance": {
    "git_sha": "fbfc9b1e68f00da6c711fb85148cb8edfd458e85",
    "calibration_code_version": "v3.0",
    "input_hashes": {
      "margins": "df3a4a9af3d3c4c8",
      "p_align": "ed6399bbaa8804c5",
      "n_by_stage": "35d6f04339c16583"
    }
  }
}