{
  "total_s": 8.67246187501587,
  "step_s": 0.0,
  "fit_s": 0.0,
  "eval_s": 0.4299160420487169,
  "plot_s": 0.0,
  "other_s": 0.0,
  "train_s": 7.766756625002017,
  "eval_final_s": 0.2940707499801647,
  "post_s": 0.6057568330143113,
  "steps_per_s": null,
  "updates_per_s": null
}
