{
  "total_s": 10.094862208003178,
  "step_s": 0.0,
  "fit_s": 0.0,
  "eval_s": 1.3286462079850025,
  "plot_s": 0.0,
  "other_s": 0.0,
  "train_s": 9.097597166983178,
  "eval_final_s": 0.5038817499880679,
  "post_s": 0.4855554160021711,
  "steps_per_s": null,
  "updates_per_s": null
}
