{
  "total_s": 9.800319750007475,
  "step_s": 0.0,
  "fit_s": 0.0,
  "eval_s": 1.2801855000434443,
  "plot_s": 0.0,
  "other_s": 0.0,
  "train_s": 8.867483625013847,
  "eval_final_s": 0.4890117500035558,
  "post_s": 0.4360908330127131,
  "steps_per_s": null,
  "updates_per_s": null
}
