{
  "total_s": 8.834318667009939,
  "step_s": 0.0,
  "fit_s": 0.0,
  "eval_s": 1.2979708749917336,
  "plot_s": 0.0,
  "other_s": 0.0,
  "train_s": 8.150098083016928,
  "eval_final_s": 0.44703366700559855,
  "post_s": 0.22947666700929403,
  "steps_per_s": null,
  "updates_per_s": null
}
