{
  "total_s": 7.474989375012228,
  "step_s": 0.0,
  "fit_s": 0.0,
  "eval_s": 0.4388894598814659,
  "plot_s": 0.0,
  "other_s": 0.0,
  "train_s": 6.827819500002079,
  "eval_final_s": 0.32866791597916745,
  "post_s": 0.31113420802284963,
  "steps_per_s": null,
  "updates_per_s": null
}
