{
  "total_s": 6.633978541998658,
  "step_s": 0.0,
  "fit_s": 0.0,
  "eval_s": 0.8573897490277886,
  "plot_s": 0.0,
  "other_s": 0.0,
  "train_s": 6.344358667003689,
  "eval_final_s": 0.08923295798012987,
  "post_s": 0.19868520798627287,
  "steps_per_s": null,
  "updates_per_s": null
}
