{
  "total_s": 9.152867458004039,
  "step_s": 0.0,
  "fit_s": 0.0,
  "eval_s": 0.34011350097716786,
  "plot_s": 0.0,
  "other_s": 0.0,
  "train_s": 8.647223000007216,
  "eval_final_s": 0.19322320900391787,
  "post_s": 0.3085037499840837,
  "steps_per_s": null,
  "updates_per_s": null
}
