{
  "total_s": 4.85637987498194,
  "step_s": 0.0,
  "fit_s": 0.0,
  "eval_s": 0.6416524119558744,
  "plot_s": 0.0,
  "other_s": 0.0,
  "train_s": 3.992098791990429,
  "eval_final_s": 0.6199800829926971,
  "post_s": 0.2326245000003837,
  "steps_per_s": null,
  "updates_per_s": null
}
