{
  "total_s": 4.560465292015579,
  "step_s": 0.0,
  "fit_s": 0.0,
  "eval_s": 0.6070020429906435,
  "plot_s": 0.0,
  "other_s": 0.0,
  "train_s": 3.761880584002938,
  "eval_final_s": 0.5904039999877568,
  "post_s": 0.19706687500001863,
  "steps_per_s": null,
  "updates_per_s": null
}
