{
  "total_s": 5.476163709012326,
  "step_s": 0.0,
  "fit_s": 0.0,
  "eval_s": 0.8542158740456216,
  "plot_s": 0.0,
  "other_s": 0.0,
  "train_s": 5.155427917023189,
  "eval_final_s": 0.11947470798622817,
  "post_s": 0.1988527920038905,
  "steps_per_s": null,
  "updates_per_s": null
}
