{
  "schema_version": "1.0.0",
  "created_at": "2026-04-19T05:40:26Z",
  "phase": "phase2",
  "task": "chain_regime_shift",
  "algorithm": "ExpectedSARSA",
  "seed": 47,
  "train_steps": 180000,
  "n_transitions": 180000,
  "steps_to_threshold": null,
  "auc_disc_return": 13.794944446099077,
  "final_disc_return_mean": 17.09744837618893,
  "final_10pct_success_rate": 0.0,
  "adaptation_metrics": {
    "change_at_episode": 300,
    "pre_change_auc": 0.00377873629508264,
    "post_change_auc": 15.069356824717628,
    "lag_to_50pct_recovery": 20,
    "lag_to_75pct_recovery": 41,
    "lag_to_90pct_recovery": null,
    "post_change_optimum": 19.600052525465898
  },
  "shortcut_risky_path_fraction": 0.0,
  "episode_returns": [
    18.58657633917587,
    17.616574143360275,
    17.792323893126976,
    18.57276985235834,
    17.018323739894498,
    17.644814258588017,
    18.528049734228595,
    17.86402370039613,
    16.762663517315055,
    16.10678529748,
    15.551476928771034,
    15.512006295672315,
    18.56987257515279,
    17.771995130146596,
    16.200800227021887,
    18.413752231384958,
    16.93686501782466,
    16.589801689993568,
    16.909476343834072,
    17.796053830889694,
    17.837980137324454,
    16.39185236250554,
    16.49925601571425,
    17.809743684059214,
    19.131243510442868,
    16.488611687079224,
    18.566534598409426,
    16.94857505091354,
    16.956002973769685,
    17.59437844880445,
    17.00455468747625,
    16.97764076048222,
    17.970608893304348,
    15.490477983795337,
    17.863012986523778,
    16.787468166665356,
    17.738948876714105,
    17.272335391229866,
    16.961620279711944,
    16.890847243841563,
    16.90303865773729,
    16.612321066222407,
    17.839630569282644,
    16.8369952096121,
    15.96305826410263,
    17.682194264167066,
    15.620449679338838,
    17.820426381128662,
    17.25874439209935,
    16.41025564372955,
    17.091568792988056,
    15.500199373348481,
    15.780556694408755,
    17.006568995075607,
    16.681855513400624,
    17.23054502216396,
    17.74223547956227,
    17.83918065136539,
    17.87474238579052,
    15.527361797101431,
    17.859403830171164,
    17.126615668582712,
    17.718240075313574,
    15.62479016762896,
    16.519853878626524,
    16.563175407282806,
    16.62609908594266,
    16.42298586150022,
    17.008988117581264,
    17.77104802919987,
    15.5414398002622,
    16.816716593753576,
    17.906416451849733,
    17.004171684961808,
    16.367035454640412,
    16.18737072220221,
    17.006401613569885,
    16.21520451337525,
    16.906589502540353,
    18.563323811887543,
    17.070360923708023,
    17.036124631302087,
    17.73642381542109,
    17.154947327880084,
    17.868379674265675,
    19.154817029204384,
    16.938346133958397,
    17.00608278893852,
    17.17826160070024,
    17.73360555204024,
    16.311973146290907,
    17.08836780937569,
    17.89557157376591,
    16.330753813135292,
    17.53578620727642,
    16.306352770273225,
    15.197076271741105,
    19.154817029204384,
    17.168168579172253,
    17.24237469131195,
    15.685001857747228,
    16.920710452560375,
    16.267334343199522,
    15.475002599589956,
    17.73185420925374,
    15.76092823475437,
    18.495752627271088,
    17.664744051082568,
    17.779672491726817,
    18.531291634313185,
    16.452208455246367,
    17.782814099708553,
    15.662593130502206,
    17.76907136583865,
    15.964008978794165,
    18.564082394230645,
    16.346642425529588,
    17.019642908644002,
    16.52150415518669,
    17.889728931398622,
    15.2506670106449,
    16.96035014914834,
    16.025517413818925,
    15.643243073456258,
    17.73093699795283,
    16.43714118788181,
    16.189732178875712,
    17.075242677293407,
    17.72645513411938,
    17.051002686111385,
    16.921108137360036,
    18.560145569780587,
    17.02937099245037,
    15.145226179255738,
    17.765357784788115,
    17.851142387163737,
    17.94816505892806,
    15.56567515246638,
    14.81425544821343,
    17.826793235455774,
    16.14786861108997,
    17.025922269478926,
    17.850234022265532,
    16.245309204041618,
    17.805750868270323,
    17.116980051997086,
    17.021011785078784,
    17.197786545000593,
    16.414307824245938,
    16.26655366646964,
    16.586868525722608,
    15.738047058920838,
    16.939008592113783,
    17.674498949744862,
    17.900274040477616,
    17.081129824887824,
    15.333297035951375,
    18.537152741533344,
    18.535195559607295,
    15.365713920312935,
    14.707653317427706,
    17.168798498235777,
    17.821482084452974,
    17.80090832101206,
    17.157708432421533,
    17.772827162691797,
    17.141265325545493,
    18.51863154314051,
    16.490600692954278,
    17.012703273643552,
    15.002193914797571,
    17.84591240553542,
    16.15986059039627,
    17.66119915014595,
    15.859746627610127,
    17.925112902912566,
    18.543514596393983,
    16.795631181187616,
    18.596494500137474,
    17.716934693866605,
    17.686489940426952,
    17.860539937169943,
    15.857415153100302,
    18.590740952637706,
    19.146129571076692,
    17.05467337234117,
    16.33418486587885,
    16.148566298423365,
    18.57888102475367,
    17.818534260436127,
    18.5176494223438,
    17.706677619487397,
    18.582053494510014,
    17.668283043012003,
    16.957562416444173,
    16.858162957902326,
    17.251421358402805,
    15.49950067997231,
    16.937900714147986,
    15.169226263745543
  ],