{
  "total_s": 5.982314916996984,
  "step_s": 0.0,
  "fit_s": 0.0,
  "eval_s": 0.6443280411476735,
  "plot_s": 0.0,
  "other_s": 0.0,
  "train_s": 5.562848417001078,
  "eval_final_s": 0.20532416700734757,
  "post_s": 0.20943004201399162,
  "steps_per_s": null,
  "updates_per_s": null
}
