{
  "total_s": 3.9998350829991978,
  "step_s": 0.0,
  "fit_s": 0.0,
  "eval_s": 0.6283904589654412,
  "plot_s": 0.0,
  "other_s": 0.0,
  "train_s": 3.3601742909813765,
  "eval_final_s": 0.5141085829818621,
  "post_s": 0.11425800001597963,
  "steps_per_s": null,
  "updates_per_s": null
}
