{
  "total_s": 7.480979125015438,
  "step_s": 0.0,
  "fit_s": 0.0,
  "eval_s": 0.3146142900513951,
  "plot_s": 0.0,
  "other_s": 0.0,
  "train_s": 6.819997290993342,
  "eval_final_s": 0.10858345899032429,
  "post_s": 0.5505985839990899,
  "steps_per_s": null,
  "updates_per_s": null
}
