{
  "total_s": 5.6339172500011045,
  "step_s": 0.0,
  "fit_s": 0.0,
  "eval_s": 0.981916870950954,
  "plot_s": 0.0,
  "other_s": 0.0,
  "train_s": 5.300091041979613,
  "eval_final_s": 0.13388504201429896,
  "post_s": 0.19720604200847447,
  "steps_per_s": null,
  "updates_per_s": null
}
