{
  "total_s": 0.726415041994187,
  "step_s": 0.0,
  "fit_s": 0.0,
  "eval_s": 0.15200870799890254,
  "plot_s": 0.0,
  "other_s": 0.0,
  "train_s": 0.7195365840016166,
  "post_s": 0.006837291992269456,
  "steps_per_s": null,
  "updates_per_s": null
}
