{
  "schema_version": "1.0.0",
  "phase": "phase4C",
  "task": "dense_chain_cost_0",
  "algorithm": "safe_target_q",
  "seed": 123,
  "train_steps": 20000,
  "n_transitions": 20000,
  "mean_return": -0.25660563103658307,
  "final_disc_return_mean": -0.25660563103658296,
  "mean_q_target_gap": 3.764228870794796e-05,
  "std_q_target_gap": 0.00028332555268964954,
  "p5_q_target_gap": 0.0,
  "p95_q_target_gap": 0.0,
  "mean_beta_used": 0.08591129592144447,
  "std_beta_used": 0.06046325027041252,
  "p5_beta_used": 0.0,
  "p95_beta_used": 0.1934375525563744,
  "mean_rho": 0.5124233396999375,
  "std_rho": 0.00030461417078585533,
  "p5_rho": 0.5118677313219533,
  "p95_rho": 0.5128205128205129,
  "mean_effective_discount": 0.9507744875851218,
  "std_effective_discount": 0.000593997633032412,
  "p5_effective_discount": 0.9499999999999998,
  "p95_effective_discount": 0.951857923922191,
  "stage_mean_q_target_gap": [
    3.255648905887219e-05,
    4.5013638755225875e-05,
    3.980207926445954e-05,
    5.697878666110147e-05,
    4.0730659443840054e-05,
    4.4644967581406315e-05,
    4.703362965910748e-05,
    4.102665189170029e-05,
    2.534837785541495e-05,
    4.561309590582781e-05,
    4.677773267508649e-05,
    3.3354878658221675e-05,
    2.8849884704793695e-05,
    5.0555061980930994e-05,
    3.707730802899303e-05,
    3.724756801613663e-05,
    4.6581332071176756e-05,
    2.4434963063912103e-05,
    2.9218668882751853e-05,
    0.0
  ],
  "stage_std_q_target_gap": [
    0.00037873382921568035,
    0.0003357024142387087,
    0.00027266717473061955,
    0.0003431610343146716,
    0.00026192625860628683,
    0.00027913016675194845,
    0.00030773600110401594,
    0.0002735552360789193,
    0.00020363539847734286,
    0.00028545650988455766,
    0.0003366434472717561,
    0.00023798241678409972,
    0.0002515163986883222,
    0.00034626597197032097,
    0.0002695807942676752,
    0.0002676648329344741,
    0.00035682480783436944,
    0.00020167483694687578,
    0.00022329143426872108,
    0.0
  ],
  "stage_mean_beta_used": [
    0.04553829744089954,
    0.04696760877785969,
    0.04852234622655591,
    0.0502165887932936,
    0.05206572557345645,
    0.06809377207316024,
    0.05957101570932511,
    0.06610473970838024,
    0.07029344010697204,
    0.07517026585181949,
    0.08090972099072925,
    0.08774621725412905,
    0.09599746164853752,
    0.10609206680740596,
    0.152866174198049,
    0.17542576310538918,
    0.19067257427585368,
    0.24597213988707353,
    0.0,
    0.0
  ],
  "stage_std_beta_used": [
    1.3877787807814457e-17,
    6.938893903907228e-18,
    6.938893903907228e-18,
    2.0816681711721685e-17,
    0.0,
    0.0,
    6.938893903907228e-18,
    1.3877787807814457e-17,
    2.7755575615628914e-17,
    0.0,
    2.7755575615628914e-17,
    1.3877787807814457e-17,
    0.0,
    2.7755575615628914e-17,
    2.7755575615628914e-17,
    2.7755575615628914e-17,
    2.7755575615628914e-17,
    2.7755575615628914e-17,
    0.0,
    0.0
  ],
  "stage_mean_rho": [
    0.512602738128881,
    0.5126107458050108,
    0.5126101897429785,
    0.5126052431523868,
    0.512592592034421,
    0.5125149474047336,
    0.5125476362126562,
    0.5125142155964757,
    0.5124930228312837,
    0.512473772941865,
    0.5124472321474696,
    0.5124118140801531,
    0.5123710305899067,
    0.5123237503330974,
    0.5121033224593424,
    0.51201630232473,
    0.5119274674258492,
    0.511659745146484,
    0.5128205128205128,
    0.5128205128205128
  ],
  "stage_std_rho": [
    4.52792178587715e-05,
    8.13918808019385e-05,
    8.919771863712429e-05,
    8.623322335465259e-05,
    7.771995623189402e-05,
    8.961132014211839e-05,
    7.245041395019888e-05,
    7.669441145007298e-05,
    7.729136833387837e-05,
    7.929215481050175e-05,
    8.309740246218227e-05,
    8.887086219238676e-05,
    9.412860037957934e-05,
    0.00010496994433295576,
    0.00014793996181225198,
    0.00016260981120235862,
    0.00017647062800660074,
    0.00022528635370405964,
    1.1102230246251565e-16,
    1.1102230246251565e-16
  ],
  "stage_mean_effective_discount": [
    0.9504246606486826,
    0.9504090456802291,
    0.9504101300011917,
    0.9504197758528454,
    0.950444445532879,
    0.9505958525607698,
    0.9505321093853205,
    0.9505972795868722,
    0.9506386054789964,
    0.9506761427633627,
    0.9507278973124346,
    0.9507969625437015,
    0.9508764903496815,
    0.9509686868504598,
    0.9513985212042821,
    0.9515682104667762,
    0.9517414385195937,
    0.9522634969643564,
    0.9499999999999996,
    0.9499999999999996
  ],
  "stage_std_effective_discount": [
    8.829447482460397e-05,
    0.00015871416756377537,
    0.00017393555134239666,
    0.00016815478554155938,
    0.00015155391465220138,
    0.00017474207427714135,
    0.00014127830720290209,
    0.00014955410232765602,
    0.0001507181682510506,
    0.00015461970188046978,
    0.0001620399348012601,
    0.00017329818127515754,
    0.00018355077074018596,
    0.0002046913914492645,
    0.00028848292553387996,
    0.00031708913184459747,
    0.00034411772461286517,
    0.00043930838972291384,
    2.220446049250313e-16,
    2.220446049250313e-16
  ]
}