{
  "total_s": 11.17243441699975,
  "step_s": 0.0,
  "fit_s": 0.0,
  "eval_s": 0.5214370809844695,
  "plot_s": 0.0,
  "other_s": 0.0,
  "train_s": 10.162923458003206,
  "eval_final_s": 0.36012279199348995,
  "post_s": 0.642166041994642,
  "steps_per_s": null,
  "updates_per_s": null
}
