{
  "total_s": 9.948360290989513,
  "step_s": 0.0,
  "fit_s": 0.0,
  "eval_s": 1.324234382074792,
  "plot_s": 0.0,
  "other_s": 0.0,
  "train_s": 8.985325124987867,
  "eval_final_s": 0.5037016670103185,
  "post_s": 0.45146850001765415,
  "steps_per_s": null,
  "updates_per_s": null
}
