{
  "total_s": 6.643352082988713,
  "step_s": 0.0,
  "fit_s": 0.0,
  "eval_s": 0.8554209589201491,
  "plot_s": 0.0,
  "other_s": 0.0,
  "train_s": 6.349250500003109,
  "eval_final_s": 0.09308666599099524,
  "post_s": 0.19914691700250842,
  "steps_per_s": null,
  "updates_per_s": null
}
