{
  "total_s": 7.770237791992258,
  "step_s": 0.0,
  "fit_s": 0.0,
  "eval_s": 0.9136504200578202,
  "plot_s": 0.0,
  "other_s": 0.0,
  "train_s": 7.253374207997695,
  "eval_final_s": 0.13103249997948296,
  "post_s": 0.3835163750045467,
  "steps_per_s": null,
  "updates_per_s": null
}
