{
  "total_s": 7.741091040981701,
  "step_s": 0.0,
  "fit_s": 0.0,
  "eval_s": 0.5468317080230918,
  "plot_s": 0.0,
  "other_s": 0.0,
  "train_s": 7.081325040984666,
  "eval_final_s": 0.33894424999016337,
  "post_s": 0.3134687499841675,
  "steps_per_s": null,
  "updates_per_s": null
}
