{
  "total_s": 5.434773041983135,
  "step_s": 0.0,
  "fit_s": 0.0,
  "eval_s": 0.8100260040373541,
  "plot_s": 0.0,
  "other_s": 0.0,
  "train_s": 5.107829332991969,
  "eval_final_s": 0.1227604580053594,
  "post_s": 0.20156108398805372,
  "steps_per_s": null,
  "updates_per_s": null
}
