{
  "schema_version": "1.0.0",
  "created_at": "2026-04-18T19:58:03Z",
  "phase": "phase3",
  "task": "chain_catastrophe",
  "algorithm": "SafeExpectedSARSA",
  "seed": 29,
  "train_steps": 120000,
  "n_transitions": 120000,
  "steps_to_threshold": null,
  "auc_disc_return": 2.1796747778221444,
  "final_disc_return_mean": 0.43400878843017315,
  "final_10pct_success_rate": 0.02666666666666667,
  "tail_risk_metrics": {
    "return_q05": 0.0,
    "return_q25": 0.0,
    "return_q50": 0.0,
    "return_q75": 1.1180126706209654,
    "return_q95": 1.133620888524792,
    "cvar_5pct": -3.112369507791547,
    "cvar_10pct": -1.5561847538957736,
    "top5pct_mean": 1.133620888524792,
    "top10pct_mean": 1.1336208885247918,
    "event_rate": 0.026,
    "event_conditioned_return": -5.985325976522205
  },
  "shortcut_risky_path_fraction": 0.446,
  "episode_returns": [
    0.0,
    1.1278673410250228,
    1.133620888524792,
    0.0,
    0.0,
    1.133620888524792,
    0.0,
    0.0,
    -5.98956006466161,
    -5.98956006466161,
    0.0,
    0.0,
    0.0,
    0.0,
    0.0,
    1.133620888524792,
    1.1222846796395443,
    1.133620888524792,
    1.133620888524792,
    0.0,
    0.0,
    1.133620888524792,
    0.0,
    1.133620888524792,
    0.0,
    0.5582661385478637,
    0.0,
    1.1278673410250228,
    0.0,
    1.133620888524792,
    1.133620888524792,
    0.0,
    0.0,
    0.0,
    1.133620888524792,
    0.0,
    0.0,
    0.0,
    0.0,
    0.0,
    1.1165886676147725,
    1.133620888524792,
    1.133620888524792,
    0.0,
    0.5582661385478637,
    -5.870367819374844,
    0.0,
    0.0,
    1.1278673410250228,
    0.0,
    0.0,
    1.1278673410250228,
    0.0,
    0.0,
    1.133620888524792,
    0.0,
    -5.98956006466161,
    0.0,
    0.0,
    0.0,
    0.0,
    1.1165886676147725,
    0.0,
    0.0,
    1.133620888524792,
    0.0,
    1.1278673410250228,
    1.1165886676147725,
    0.0,
    0.0,
    0.0,
    0.0,
    1.133620888524792,
    0.0,
    0.0,
    1.133620888524792,
    0.0,
    0.0,
    -5.870367819374844,
    -5.98956006466161,
    0.0,
    0.5639051904523875,
    1.133620888524792,
    1.1280382271393137,
    0.0,
    1.133620888524792,
    0.5753547499769285,
    1.133620888524792,
    0.0,
    1.133620888524792,
    0.0,
    0.5582661385478637,
    1.1165886676147725,
    -5.98956006466161,
    1.133620888524792,
    0.0,
    0.0,
    1.1165886676147725,
    0.0,
    0.0,
    1.1278673410250228,
    1.1165886676147725,
    0.0,
    1.133620888524792,
    1.1278673410250228,
    0.0,
    0.0,
    0.0,
    0.0,
    0.0,
    0.0,
    0.0,
    0.0,
    0.0,
    0.0,
    1.133620888524792,
    1.133620888524792,
    0.5526834771623851,
    0.0,
    1.1280382271393137,
    1.133620888524792,
    0.0,
    1.133620888524792,
    0.5639051904523875,
    1.1222846796395443,
    0.0,
    0.0,
    0.0,
    0.0,
    0.0,
    0.0,
    0.0,
    0.0,
    1.133620888524792,
    0.0,
    0.5639051904523875,
    0.0,
    0.0,
    1.133620888524792,
    1.1280382271393137,
    0.0,
    0.0,
    1.133620888524792,
    0.0,
    0.5582661385478637,
    0.0,
    0.5582661385478637,
    1.1222846796395443,
    0.5582661385478637,
    0.0,
    0.0,
    0.0,
    0.0,
    1.133620888524792,
    0.0,
    0.0,
    0.0,
    0.0,
    0.0,
    0.0,
    0.0,
    0.5582661385478637,
    0.0,
    0.0,
    0.0,
    0.0,
    0.0,
    0.0,
    0.0,
    0.5582661385478637,
    0.0,
    0.0,
    0.0,
    0.0,
    1.133620888524792,
    0.0,
    0.0,
    0.0,
    0.0,
    1.1222846796395443,
    0.0,
    0.0,
    1.133620888524792,
    1.133620888524792,
    0.0,
    1.1165886676147725,
    0.0,
    0.0,
    0.0,
    1.1165886676147725,
    1.1280382271393137,
    0.0,
    0.0,
    0.0,
    1.133620888524792,
    0.0,
    0.0,
    1.1222846796395443,
    1.133620888524792,
    0.0,
    0.0,
    0.0,
    0.0,
    0.0,
    0.0,
    0.5639051904523875,
    0.5582661385478637,
    1.1165886676147725,
    0.0,
    1.133620888524792,
    0.0,
    0.0,
    0.0,
    1.1165886676147725,
    1.133620888524792,
    0.0,
    0.0,
    0.0,
    0.0,
    1.133620888524792,
    1.133620888524792,
    0.0,
    0.0,
    1.133620888524792,
    0.0,
    0.0,
    0.0,
    0.0,
    1.133620888524792,
    1.133620888524792,
    0.0,
    0.0,
    -5.98956006466161,
    0.0,
    0.0,
    0.0,
    0.0,
    1.133620888524792,
    0.5526834771623851,
    0.5582661385478637,
    0.0,
    1.1280382271393137,
    0.0,
    1.1165886676147725,
    0.0,
    0.0,
    0.0,
    1.1280382271393137,
    0.0,
    1.1222846796395443,
    1.133620888524792,
    0.0,
    0.0,
    0.0,
    0.0,
    0.0,
    0.5639051904523875,
    0.0,
    0.0,
    0.0,
    0.0,
    0.0,
    0.0,
    0.0,
    0.0,
    0.0,
    0.0,
    0.5753547499769285,
    -5.98956006466161,
    0.0,
    1.1165886676147725,
    1.1165886676147725,
    0.0,
    0.0,
    0.0,
    0.5582661385478637,
    0.0,
    0.0,
    1.133620888524792,
    0.0,
    1.1165886676147725,
    0.0,
    0.0,
    0.0,
    0.0,
    1.1278673410250228,
    0.0,
    1.1280382271393137,
    0.0,
    0.0,
    0.0,
    0.0,
    0.0,
    0.0,
    0.0,
    1.133620888524792,
    1.133620888524792,
    0.0,
    0.0,
    1.1278673410250228,
    1.133620888524792,
    1.1278673410250228,
    0.5526834771623851,
    0.0,
    0.5582661385478637,
    0.0,
    0.0,
    0.0,
    0.0,
    0.5526834771623851,
    0.5639051904523875,
    0.0,
    1.133620888524792,
    0.0,
    0.0,
    0.0,
    0.0,
    1.1165886676147725,
    0.0,
    1.133620888524792,
    0.5639051904523875,
    0.0,
    0.0,
    0.0,
    0.0,
    1.1280382271393137,
    0.0,
    0.0,
    1.133620888524792,
    0.0,
    0.0,
    0.5639051904523875,
    0.0,
    1.1165886676147725,
    1.133620888524792,
    1.1165886676147725,
    0.0,
    0.0,
    0.0,
    1.1280382271393137,
    1.1278673410250228,
    1.1280382271393137,
    0.0,
    0.0,
    0.0,
    0.0,
    1.133620888524792,
    1.1280382271393137,
    0.0,
    0.0,
    1.1278673410250228,
    0.0,
    1.1278673410250228,
    0.0,
    0.0,
    1.1222846796395443,
    0.0,
    0.0,
    0.0,
    1.133620888524792,
    1.1280382271393137,
    1.1280382271393137,
    1.133620888524792,
    1.1278673410250228,
    0.0,
    0.0,
    1.1278673410250228,
    0.0,
    0.0,
    0.0,
    1.1165886676147725,
    0.0,
    -5.98956006466161,
    0.0,
    0.0,
    0.0,
    0.5582661385478637,
    1.1165886676147725,
    0.0,
    1.133620888524792,
    0.0,
    0.0,
    0.0,
    1.133620888524792,
    0.0,
    1.133620888524792,
    1.133620888524792,
    1.133620888524792,
    0.0,
    0.0,
    0.0,
    1.1278673410250228,
    0.0,
    0.0,
    1.1165886676147725,
    0.0,
    1.1280382271393137,
    0.0,
    1.133620888524792,
    1.1165886676147725,
    1.1278673410250228,
    1.1222846796395443,
    1.1278673410250228,
    0.0,
    0.0,
    0.5582661385478637,
    1.133620888524792,
    0.0,
    0.0,
    0.0,
    0.0,
    0.0,
    0.0,
    0.0,
    1.133620888524792,
    1.133620888524792,
    0.0,
    1.133620888524792,
    -5.98956006466161,
    1.133620888524792,
    0.0,
    0.0,
    0.0,
    0.0,
    0.0,
    0.0,
    0.0,
    0.0,
    1.1280382271393137,
    1.1278673410250228,
    0.5582661385478637,
    0.0,
    0.0,
    0.0,
    0.0,
    0.0,
    0.0,
    0.0,
    0.0,
    0.0,
    0.5639051904523875,
    0.0,
    1.1165886676147725,
    0.0,
    0.0,
    0.0,
    0.0,
    1.1280382271393137,
    1.1278673410250228,
    0.0,
    0.0,
    1.133620888524792,
    1.1280382271393137,
    0.0,
    0.0,
    0.0,
    1.1280382271393137,
    0.0,
    1.133620888524792,
    1.1278673410250228,
    -5.98956006466161,
    1.133620888524792,
    0.0,
    1.133620888524792,
    0.5639051904523875,
    1.133620888524792,
    0.0,
    1.133620888524792,
    1.1165886676147725,
    0.0,
    1.1165886676147725,
    1.1165886676147725,
    0.0,
    0.0,
    0.5753547499769285,
    0.0,
    0.0,
    0.0,
    1.133620888524792,
    0.5639051904523875,
    1.1165886676147725,
