{
  "total_s": 5.306685792020289,
  "step_s": 0.0,
  "fit_s": 0.0,
  "eval_s": 0.6201613759039901,
  "plot_s": 0.0,
  "other_s": 0.0,
  "train_s": 4.517567709001014,
  "eval_final_s": 0.5692903329909313,
  "post_s": 0.20835816700127907,
  "steps_per_s": null,
  "updates_per_s": null
}
