{
  "total_s": 6.157187208009418,
  "step_s": 0.0,
  "fit_s": 0.0,
  "eval_s": 0.4388397100265138,
  "plot_s": 0.0,
  "other_s": 0.0,
  "train_s": 5.741802250006003,
  "eval_final_s": 0.11063166600069962,
  "post_s": 0.3023464160214644,
  "steps_per_s": null,
  "updates_per_s": null
}
