{
  "total_s": 7.224874500010628,
  "step_s": 0.0,
  "fit_s": 0.0,
  "eval_s": 0.14505170795018785,
  "plot_s": 0.0,
  "other_s": 0.0,
  "train_s": 6.911342875013361,
  "eval_final_s": 0.01852454198524356,
  "post_s": 0.2944970420212485,
  "steps_per_s": null,
  "updates_per_s": null
}
