{
  "total_s": 5.549072583002271,
  "step_s": 0.0,
  "fit_s": 0.0,
  "eval_s": 0.6493436248565558,
  "plot_s": 0.0,
  "other_s": 0.0,
  "train_s": 4.749219207995338,
  "eval_final_s": 0.5507353749999311,
  "post_s": 0.23730708300718106,
  "steps_per_s": null,
  "updates_per_s": null
}
