{
  "total_s": 5.278408749989467,
  "step_s": 0.0,
  "fit_s": 0.0,
  "eval_s": 0.6200584638863802,
  "plot_s": 0.0,
  "other_s": 0.0,
  "train_s": 4.529779917007545,
  "eval_final_s": 0.5318429580074735,
  "post_s": 0.20540145799168386,
  "steps_per_s": null,
  "updates_per_s": null
}
