{
  "schema_version": "1.0.0",
  "created_at": "2026-04-19T05:39:50Z",
  "phase": "phase2",
  "task": "chain_regime_shift",
  "algorithm": "ExpectedSARSA",
  "seed": 29,
  "train_steps": 180000,
  "n_transitions": 180000,
  "steps_to_threshold": null,
  "auc_disc_return": 14.307146170526812,
  "final_disc_return_mean": 18.15321756161129,
  "final_10pct_success_rate": 0.0,
  "adaptation_metrics": {
    "change_at_episode": 300,
    "pre_change_auc": 0.0,
    "post_change_auc": 15.26081555512495,
    "lag_to_50pct_recovery": 14,
    "lag_to_75pct_recovery": 38,
    "lag_to_90pct_recovery": null,
    "post_change_optimum": 19.65676269784194
  },
  "shortcut_risky_path_fraction": 0.0,
  "episode_returns": [
    17.169419142535087,
    19.026876568225802,
    18.634070159979537,
    17.689731323620403,
    17.860705422034567,
    19.492031795708137,
    16.988499290919542,
    19.22590603531852,
    18.628517757139893,
    18.391533189689245,
    16.470740400395133,
    17.785699410551576,
    20.179276041521977,
    16.06555856463485,
    19.376147418610543,
    20.05600681443253,
    19.50433596659323,
    16.869270749760524,
    19.33409186793797,
    20.31698797674752,
    17.344076078446566,
    16.68694699902017,
    18.202467654819394,
    19.319882443024685,
    17.101773611571595,
    18.014559144793143,
    17.745048490346843,
    16.59658103932118,
    20.19537428544851,
    19.58589383589473,
    15.456495939902968,
    17.518228213078842,
    18.11769492187871,
    17.083304655024733,
    19.537421008335627,
    18.82759428820986,
    18.98334398823827,
    16.31137690216632,
    18.50236545137754,
    18.60507064488477,
    18.820632426749377,
    15.087272055240375,
    19.2188663013494,
    16.475062999907884,
    16.37832114550208,
    17.801569733577132,
    16.44480158085509,
    19.363333889012864,
    17.982424878269896,
    17.19181655166319,
    16.445490422220946,
    17.696904119297034,
    14.73376246255989,
    18.32821183039431,
    16.404111251711516,
    18.847108379644645,
    17.848809377226054,
    16.679225370061772,
    17.186666022824536,
    17.82118953635422,
    17.5542337670871,
    16.315333490549882,
    17.360053821647394,
    18.028021417757785,
    18.60712547829177,
    17.936462231771568,
    17.357762313843466,
    17.811707176293854,
    16.986841220151998,
    18.17743277336003,
    20.899035153593566,
    20.188051251751965,
    19.712005259171793,
    19.015979755786574,
    18.66588367480733,
    17.748242811074842,
    18.156796155946033,
    17.524952690328924,
    18.37333849030188,
    18.047207771272802,
    18.57245822972857,
    17.00684448784176,
    19.50620319249348,
    18.8787227780366,
    17.184901529691636,
    18.03730706253647,
    18.7294229108747,
    19.133158012786346,
    18.683134617048307,
    18.589688560326813,
    17.583884414023842,
    19.96778931333735,
    17.528966411166778,
    17.893795197287517,
    19.610633086422595,
    18.66282574774141,
    18.036254726968203,
    18.87389825795538,
    17.61476029634817,
    17.570205670501764,
    18.38119044624718,
    19.58425435810487,
    18.64771826008555,
    14.614249330127215,
    18.156582914393812,
    17.305392267378046,
    17.452895113345186,
    17.916911799292524,
    16.377988806141722,
    17.5634605772416,
    17.91600594678333,
    19.613569616109256,
    18.906637758871362,
    17.25435870603046,
    16.99572826244158,
    19.588036167934774,
    18.228373244571266,
    16.38221981849918,
    19.133158012786346,
    19.4683317772739,
    18.33575811686178,
    18.69941910077903,
    17.82026062893004,
    17.109353897411097,
    17.914377410544816,
    19.585935245153053,
    17.640208431401483,
    18.67095494024478,
    17.270591341727442,
    16.423819663283787,
    19.621767328018997,
    18.226469076423975,
    18.592681615592927,
    18.835042129813353,
    19.575372137134607,
    16.42613117786008,
    18.72353450889796,
    15.944054488312977,
    18.617620379411584,
    16.295702537487994,
    18.545482975627714,
    17.954546213739214,
    17.888188483262805,
    18.468355320950753,
    18.063840334870807,
    19.323460684976883,
    18.700539798481447,
    18.389224251613456,
    17.39083013760682,
    16.108428733211042,
    15.50024255112952,
    19.909035153593567,
    17.14054184662969,
    19.42611956468069,
    18.09491033509056,
    20.31723048425431,
    19.52785669584913,
    18.102513483822662,
    16.056570880029298,
    19.35837624079614,
    17.56304701231072,
    17.646855039154765,
    17.817282059415493,
    16.266996011490928,
    16.683518011454126,
    17.935395066235454,
    18.37333849030188,
    19.34331386698119,
    18.618361076114887,
    16.987159562393238,
    16.62939946452308,
    16.427851292658456,
    18.42619204420604,
    18.517522461955018,
    19.345022912590927,
    17.26339775615805,
    19.92873615359357,
    17.68595038674436,
    16.91287243266131,
    16.385263611580857,
    17.15238426327977,
    18.233239834995647,
    17.135026325336312,
    18.60741715309939,
    18.93180967642996,
    19.704933395252787,
    16.292462560915986,
    18.701345487207913,
    18.624494458425374,
    20.32031349897752,
    18.36131510390965,
    18.148305087918402,
    17.712724319723314,
    17.689842255539148,
    17.655426625881354,
    17.868471788448765,
    18.8077218321326,
    17.21740693798401,
    17.6455884549566,
    17.00320248007252
  ],