{
  "total_s": 7.2348984999989625,
  "step_s": 0.0,
  "fit_s": 0.0,
  "eval_s": 0.1238313729991205,
  "plot_s": 0.0,
  "other_s": 0.0,
  "train_s": 6.653597249998711,
  "eval_final_s": 0.024499708990333602,
  "post_s": 0.5561507910024375,
  "steps_per_s": null,
  "updates_per_s": null
}
