{
  "total_s": 8.711264082994603,
  "step_s": 0.0,
  "fit_s": 0.0,
  "eval_s": 1.3616338329957216,
  "plot_s": 0.0,
  "other_s": 0.0,
  "train_s": 7.687268333000247,
  "eval_final_s": 0.5187972499988973,
  "post_s": 0.49715645799733466,
  "steps_per_s": null,
  "updates_per_s": null
}
