{
  "total_s": 6.660825750004733,
  "step_s": 0.0,
  "fit_s": 0.0,
  "eval_s": 0.8503431658900809,
  "plot_s": 0.0,
  "other_s": 0.0,
  "train_s": 6.342767459020251,
  "eval_final_s": 0.11974345802445896,
  "post_s": 0.19594816598691978,
  "steps_per_s": null,
  "updates_per_s": null
}
