{
  "total_s": 0.7894326249952428,
  "step_s": 0.0,
  "fit_s": 0.0,
  "eval_s": 0.15540071098075714,
  "plot_s": 0.0,
  "other_s": 0.0,
  "train_s": 0.7733402909943834,
  "post_s": 0.016056249995017424,
  "steps_per_s": null,
  "updates_per_s": null
}
