{
  "total_s": 8.824764416989638,
  "step_s": 0.0,
  "fit_s": 0.0,
  "eval_s": 1.3101182110840455,
  "plot_s": 0.0,
  "other_s": 0.0,
  "train_s": 8.139691291988129,
  "eval_final_s": 0.4478419170191046,
  "post_s": 0.22941729199374095,
  "steps_per_s": null,
  "updates_per_s": null
}
