{
  "total_s": 7.247874041000614,
  "step_s": 0.0,
  "fit_s": 0.0,
  "eval_s": 0.8840854560257867,
  "plot_s": 0.0,
  "other_s": 0.0,
  "train_s": 6.872044625000854,
  "eval_final_s": 0.1340501249942463,
  "post_s": 0.23920079100207658,
  "steps_per_s": null,
  "updates_per_s": null
}
