{
  "phase": "III",
  "task": "taxi_bonus_shock",
  "algorithm": "SafeExpectedSARSA",
  "n_seeds": 3,
  "seeds": [
    "seed_11",
    "seed_29",
    "seed_47"
  ],
  "metrics": {
    "auc_disc_return": {
      "mean": 0.7974445242476597,
      "std": 0.07121862746870974,
      "median": 0.7655129879066754,
      "q25": 0.7566463402296644,
      "q75": 0.8222769400951628,
      "iqr": 0.06563059986549846,
      "ci_low": 0.7477796925526534,
      "ci_high": 0.8790408922836502
    },
    "final_10pct_success_rate": {
      "mean": 1.0,
      "std": 0.0,
      "median": 1.0,
      "q25": 1.0,
      "q75": 1.0,
      "iqr": 0.0,
      "ci_low": 1.0,
      "ci_high": 1.0
    },
    "final_disc_return_mean": {
      "mean": 0.9269909363556744,
      "std": 0.10637120171909147,
      "median": 0.873976280328102,
      "q25": 0.8657609312005855,
      "q75": 0.9617136134969773,
      "iqr": 0.09595268229639176,
      "ci_low": 0.857545582073069,
      "ci_high": 1.0494509466658524
    },
    "n_transitions": {
      "mean": 300000.0,
      "std": 0.0,
      "median": 300000.0,
      "q25": 300000.0,
      "q75": 300000.0,
      "iqr": 0.0,
      "ci_low": 300000.0,
      "ci_high": 300000.0
    },
    "seed": {
      "mean": 29.0,
      "std": 18.0,
      "median": 29.0,
      "q25": 20.0,
      "q75": 38.0,
      "iqr": 18.0,
      "ci_low": 11.0,
      "ci_high": 47.0
    },
    "shortcut_risky_path_fraction": {
      "mean": 0.0,
      "std": 0.0,
      "median": 0.0,
      "q25": 0.0,
      "q75": 0.0,
      "iqr": 0.0,
      "ci_low": 0.0,
      "ci_high": 0.0
    },
    "steps_to_threshold": {
      "mean": 46666.666666666664,
      "std": 5773.502691896258,
      "median": 50000.0,
      "q25": 45000.0,
      "q75": 50000.0,
      "iqr": 5000.0,
      "ci_low": 40000.0,
      "ci_high": 50000.0
    },
    "tail_risk_metrics_cvar_10pct": {
      "mean": 0.607289870217599,
      "std": 0.06756585399650597,
      "median": 0.5749262614255284,
      "q25": 0.5684597737972918,
      "q75": 0.6299381622418707,
      "iqr": 0.06147838844457887,
      "ci_low": 0.5619932861690554,
      "ci_high": 0.684950063058213
    },
    "tail_risk_metrics_cvar_5pct": {
      "mean": 0.5364223663041457,
      "std": 0.10890559970685616,
      "median": 0.49792962598439766,
      "q25": 0.47496010003415157,
      "q75": 0.5786382624142657,
      "iqr": 0.10367816238011418,
      "ci_low": 0.45199057408390547,
      "ci_high": 0.6593468988441339
    },
    "tail_risk_metrics_event_conditioned_return": {
      "mean": 4.307850047905496,
      "std": 0.31440887487730884,
      "median": 4.167816914045335,
      "q25": 4.127802130488567,
      "q75": 4.417881398392344,
      "iqr": 0.2900792679037778,
      "ci_low": 4.087787346931798,
      "ci_high": 4.667945882739354
    },
    "tail_risk_metrics_event_rate": {
      "mean": 0.04866666666666667,
      "std": 0.00808290376865476,
      "median": 0.05,
      "q25": 0.045,
      "q75": 0.053000000000000005,
      "iqr": 0.008000000000000007,
      "ci_low": 0.04,
      "ci_high": 0.056
    },
    "tail_risk_metrics_return_q05": {
      "mean": 0.6652804472348551,
      "std": 0.039735772303649705,
      "median": 0.6491026283684022,
      "q25": 0.6426440572161365,
      "q75": 0.6798279278203472,
      "iqr": 0.03718387060421069,
      "ci_low": 0.6361854860638709,
      "ci_high": 0.7105532272722921
    },
    "tail_risk_metrics_return_q25": {
      "mean": 0.7192272738955611,
      "std": 0.05765129474724109,
      "median": 0.6894490858690777,
      "q25": 0.6860018404397323,
      "q75": 0.7375636133381482,
      "iqr": 0.0515617728984159,
      "ci_low": 0.682554595010387,
      "ci_high": 0.7856781408072188
    },
    "tail_risk_metrics_return_q50": {
      "mean": 0.7312055322616752,
      "std": 0.055068006890435846,
      "median": 0.7105532272722921,
      "q25": 0.700001156570685,
      "q75": 0.7520837554579738,
      "iqr": 0.05208259888728883,
      "ci_low": 0.6894490858690777,
      "ci_high": 0.7936142836436554
    },
    "tail_risk_metrics_return_q75": {
      "mean": 0.7312055322616752,
      "std": 0.055068006890435846,
      "median": 0.7105532272722921,
      "q25": 0.700001156570685,
      "q75": 0.7520837554579738,
      "iqr": 0.05208259888728883,
      "ci_low": 0.6894490858690777,
      "ci_high": 0.7936142836436554
    },
    "tail_risk_metrics_return_q95": {
      "mean": 1.9788040562331464,
      "std": 1.9839090863445443,
      "median": 0.9836437191966088,
      "q25": 0.8365464025328433,
      "q75": 2.6234815414151806,
      "iqr": 1.7869351388823373,
      "ci_low": 0.6894490858690777,
      "ci_high": 4.2633193636337525
    },
    "tail_risk_metrics_top10pct_mean": {
      "mean": 2.486960222152891,
      "std": 0.4576163182890493,
      "median": 2.4470144141563175,
      "q25": 2.2488203436607126,
      "q75": 2.705127196646782,
      "iqr": 0.45630685298606943,
      "ci_low": 2.050626273165108,
      "ci_high": 2.963239979137247
    },
    "tail_risk_metrics_top5pct_mean": {
      "mean": 4.099844031676469,
      "std": 0.6566978297235505,
      "median": 4.167816914045334,
      "q25": 3.789810187253237,
      "q75": 4.443864317284133,
      "iqr": 0.6540541300308957,
      "ci_low": 3.41180346046114,
      "ci_high": 4.719911720522933
    },
    "train_steps": {
      "mean": 300000.0,
      "std": 0.0,
      "median": 300000.0,
      "q25": 300000.0,
      "q75": 300000.0,
      "iqr": 0.0,
      "ci_low": 300000.0,
      "ci_high": 300000.0
    }
  },
  "provenance": {
    "schedule_path": "results/weighted_lse_dp/phase3/calibration/taxi_bonus_shock/schedule.json",
    "calibration_hash": "5216b6f8e3602afa2f51696e708ad47274d729be23197fbc185660bb52c898b3",
    "source_phase": "phase2"
  }
}
