{
  "total_s": 4.752401083998848,
  "step_s": 0.0,
  "fit_s": 0.0,
  "eval_s": 0.6361019140167627,
  "plot_s": 0.0,
  "other_s": 0.0,
  "train_s": 4.104574625001987,
  "eval_final_s": 0.5216926250141114,
  "post_s": 0.11475166698801331,
  "steps_per_s": null,
  "updates_per_s": null
}
