{
  "total_s": 6.213740041013807,
  "step_s": 0.0,
  "fit_s": 0.0,
  "eval_s": 0.3775284151197411,
  "plot_s": 0.0,
  "other_s": 0.0,
  "train_s": 5.827481000014814,
  "eval_final_s": 0.18618395802332088,
  "post_s": 0.19615950001752935,
  "steps_per_s": null,
  "updates_per_s": null
}
