{
  "total_s": 6.023413875023834,
  "step_s": 0.0,
  "fit_s": 0.0,
  "eval_s": 0.24145325302379206,
  "plot_s": 0.0,
  "other_s": 0.0,
  "train_s": 5.704984875017544,
  "eval_final_s": 0.12118487499537878,
  "post_s": 0.1946239590179175,
  "steps_per_s": null,
  "updates_per_s": null
}
