{
  "total_s": 11.12510912498692,
  "step_s": 0.0,
  "fit_s": 0.0,
  "eval_s": 0.460893999930704,
  "plot_s": 0.0,
  "other_s": 0.0,
  "train_s": 10.219002249999903,
  "eval_final_s": 0.26295937501708977,
  "post_s": 0.6380594579968601,
  "steps_per_s": null,
  "updates_per_s": null
}
