{
  "total_s": 7.481178417016054,
  "step_s": 0.0,
  "fit_s": 0.0,
  "eval_s": 0.28536995901959017,
  "plot_s": 0.0,
  "other_s": 0.0,
  "train_s": 7.108867833012482,
  "eval_final_s": 0.0646592499979306,
  "post_s": 0.3062338750169147,
  "steps_per_s": null,
  "updates_per_s": null
}
