{
  "total_s": 5.385371624986874,
  "step_s": 0.0,
  "fit_s": 0.0,
  "eval_s": 0.630873915128177,
  "plot_s": 0.0,
  "other_s": 0.0,
  "train_s": 4.561594833998242,
  "eval_final_s": 0.6093204579956364,
  "post_s": 0.2028243749809917,
  "steps_per_s": null,
  "updates_per_s": null
}
