{
  "phase": "phase4",
  "schedule_version": 3,
  "task_family": "dense_chain_cost",
  "scheduler_mode": "stagewise_u",
  "gamma_eval": 0.95,
  "gamma_base": 0.95,
  "sign_family": 1,
  "reward_bound": 0.02,
  "alpha_t": [
    0.24772702100274563,
    0.24659608519076384,
    0.24521456205511608,
    0.24353199906201684,
    0.24148478279899646,
    0.3,
    0.2487006079089331,
    0.26,
    0.25884313390387914,
    0.25724081916592806,
    0.25504322698674964,
    0.2520297069892254,
    0.24786151696497347,
    0.24199086258652794,
    0.3,
    0.28666225206331214,
    0.2743180536587179,
    0.2922024232435068,
    0.14280500000000002,
    0.14280500000000002
  ],
  "kappa_t": [
    0.9623863510501373,
    0.9623298042595382,
    0.9622607281027558,
    0.9621765999531008,
    0.9620742391399498,
    0.965,
    0.9624350303954466,
    0.963,
    0.9629421566951939,
    0.9628620409582964,
    0.9627521613493375,
    0.9626014853494612,
    0.9623930758482486,
    0.9620995431293263,
    0.965,
    0.9643331126031656,
    0.9637159026829358,
    0.9612385547401349,
    0.9554925,
    0.9554925
  ],
  "Bhat_t": [
    0.5567372934744086,
    0.537972398413032,
    0.5185045669420629,
    0.498310440131418,
    0.477366047099676,
    0.45564679862081653,
    0.4317583405397063,
    0.40808815986085756,
    0.38326911719715223,
    0.3575179618043516,
    0.33080332202871343,
    0.3030928765921843,
    0.2743532818218211,
    0.24455005727714932,
    0.21364739100548463,
    0.18098175233728978,
    0.14723309868932907,
    0.11230809659570176,
    0.0762642075,
    0.039,
    0.0
  ],
  "A_t": [
    0.557972398413032,
    0.538504566942063,
    0.518310440131418,
    0.497366047099676,
    0.47564679862081655,
    0.4517583405397063,
    0.4280881598608576,
    0.40326911719715225,
    0.3775179618043516,
    0.35080332202871345,
    0.32309287659218433,
    0.29435328182182113,
    0.2645500572771493,
    0.23364739100548462,
    0.20098175233728977,
    0.16723309868932906,
    0.13230809659570175,
    0.0962642075,
    0.059,
    0.02
  ],
  "xi_ref_t": [
    0.38061166950377795,
    0.37825598414789663,
    0.37537833734869064,
    0.3718736388846406,
    0.3676093850516415,
    0.3624161961790904,
    0.3826396045937145,
    0.4061756993899743,
    0.40376600248898725,
    0.4004284573129352,
    0.39585097761882393,
    0.38957395919513116,
    0.380891818178255,
    0.3686635251113734,
    0.35091613550827216,
    0.3239187144854756,
    0.2797657350582197,
    0.19737346302882094,
    0.02,
    0.02
  ],
  "u_target_t": [
    0.004811184938503778,
    0.004793785926011751,
    0.004772531723924863,
    0.004746646139415643,
    0.004715150504599946,
    0.004676793786950288,
    0.00482616319859897,
    0.005,
    0.0049822020600596775,
    0.0049575510640911995,
    0.004923741953642302,
    0.004877380107526544,
    0.0048132541071534375,
    0.004722936347485045,
    0.004591854727168353,
    0.0043924526871397885,
    0.003497205768399799,
    0.0030461638124961088,
    0.002,
    0.002
  ],
  "u_tr_cap_t": [
    0.00339508056640625,
    0.00339508056640625,
    0.003376007080078125,
    0.00335693359375,
    0.003337860107421875,
    0.00331878662109375,
    0.003414154052734375,
    0.003528594970703125,
    0.003528594970703125,
    0.003509521484375,
    0.00347137451171875,
    0.003452301025390625,
    0.00339508056640625,
    0.003337860107421875,
    0.00324249267578125,
    0.003108978271484375,
    0.00209808349609375,
    0.0018310546875,
    0.0,
    0.0
  ],
  "U_safe_ref_t": [
    0.009674272870162431,
    0.009570514187264016,
    0.009444506724814491,
    0.009292143152235605,
    0.00910838994196415,
    0.011155081564948946,
    0.009764033188731834,
    0.010835413775465843,
    0.01072321578062911,
    0.010568760734875528,
    0.010358708008847245,
    0.010074021369990787,
    0.009686648679982151,
    0.009153647815068722,
    0.010801112520139905,
    0.00952697630419807,
    0.007874116994518433,
    0.004551987465449478,
    0.00022545137999577944,
    0.00022545137999577944
  ],
  "u_ref_used_t": [
    0.00339508056640625,
    0.00339508056640625,
    0.003376007080078125,
    0.00335693359375,
    0.003337860107421875,
    0.00331878662109375,
    0.003414154052734375,
    0.003528594970703125,
    0.003528594970703125,
    0.003509521484375,
    0.00347137451171875,
    0.003452301025390625,
    0.00339508056640625,
    0.003337860107421875,
    0.00324249267578125,
    0.003108978271484375,
    0.00209808349609375,
    0.0018310546875,
    0.0,
    0.0
  ],
  "theta_used_t": [
    0.00892006430289587,
    0.008975616272282917,
    0.008993611895462515,
    0.009027081359728644,
    0.009079909934706849,
    0.009157390470081943,
    0.008922636370481078,
    0.008687361100141242,
    0.008739207731585494,
    0.008764415765866276,
    0.008769397343920253,
    0.008861734579290565,
    0.008913503531381642,
    0.009053947244749819,
    0.009240078604777678,
    0.00959801991194856,
    0.007499429819942515,
    0.009277106756913036,
    0.0,
    0.0
  ],
  "beta_used_t": [
    0.015986569099593534,
    0.01666766973444924,
    0.01735178610946401,
    0.018149774019293977,
    0.019089605903024928,
    0.020270550974536075,
    0.02084298798028243,
    0.021542341651453863,
    0.0231491176997681,
    0.02498384483699075,
    0.027142032459567964,
    0.030105778078787577,
    0.033693069746885865,
    0.03875047440413014,
    0.045974714108726035,
    0.057393063856210166,
    0.056681563811312105,
    0.09637129934210527,
    0.0,
    0.0
  ],
  "trust_clip_active_t": [
    true,
    true,
    true,
    true,
    true,
    true,
    true,
    true,
    true,
    true,
    true,
    true,
    true,
    true,
    true,
    true,
    true,
    true,
    true,
    true
  ],
  "safe_clip_active_t": [
    false,
    false,
    false,
    false,
    false,
    false,
    false,
    false,
    false,
    false,
    false,
    false,
    false,
    false,
    false,
    false,
    false,
    false,
    false,
    false
  ],
  "source_phase": "phase4_diagnostic_sweep",
  "notes": "Phase IV-B diagnostic sweep (u_max=0.0050) stagewise schedule from classical pilot",
  "provenance": {
    "git_sha": "01a22b9945b1a74a643b82b1f38fefc5e36ee5f8",
    "calibration_code_version": "v3.0",
    "input_hashes": {
      "margins": "5977ae147dbd30a9",
      "p_align": "9d64868be6ade0c3",
      "n_by_stage": "35d6f04339c16583"
    }
  }
}