{
  "total_s": 0.6726134579948848,
  "step_s": 0.0,
  "fit_s": 0.0,
  "eval_s": 0.1509714590065414,
  "plot_s": 0.0,
  "other_s": 0.0,
  "train_s": 0.6570777079905383,
  "post_s": 0.015495915999053977,
  "steps_per_s": null,
  "updates_per_s": null
}
