{
  "total_s": 4.919470249995356,
  "step_s": 0.0,
  "fit_s": 0.0,
  "eval_s": 0.6390221680048853,
  "plot_s": 0.0,
  "other_s": 0.0,
  "train_s": 4.498908500012476,
  "eval_final_s": 0.20347912498982623,
  "post_s": 0.2125492079940159,
  "steps_per_s": null,
  "updates_per_s": null
}
