{
  "total_s": 4.885137375007616,
  "step_s": 0.0,
  "fit_s": 0.0,
  "eval_s": 0.6382878768781666,
  "plot_s": 0.0,
  "other_s": 0.0,
  "train_s": 4.463819666998461,
  "eval_final_s": 0.20860424998681992,
  "post_s": 0.20804370800033212,
  "steps_per_s": null,
  "updates_per_s": null
}
