{
  "total_s": 4.88080624997383,
  "step_s": 0.0,
  "fit_s": 0.0,
  "eval_s": 0.6283064588787965,
  "plot_s": 0.0,
  "other_s": 0.0,
  "train_s": 4.1644296669983305,
  "eval_final_s": 0.5892872080148663,
  "post_s": 0.11558699997840449,
  "steps_per_s": null,
  "updates_per_s": null
}
