{
  "schema_version": "1.0.0",
  "created_at": "2026-04-19T05:46:02Z",
  "phase": "phase2",
  "task": "chain_regime_shift",
  "algorithm": "QLearning",
  "seed": 83,
  "train_steps": 180000,
  "n_transitions": 180000,
  "steps_to_threshold": null,
  "auc_disc_return": 13.745084976578664,
  "final_disc_return_mean": 17.645342753770933,
  "final_10pct_success_rate": 0.0,
  "adaptation_metrics": {
    "change_at_episode": 300,
    "pre_change_auc": 0.0,
    "post_change_auc": 14.987215521462465,
    "lag_to_50pct_recovery": 18,
    "lag_to_75pct_recovery": 88,
    "lag_to_90pct_recovery": null,
    "post_change_optimum": 20.126383047496258
  },
  "shortcut_risky_path_fraction": 0.0,
  "episode_returns": [
    17.114438578723263,
    19.896171893976582,
    17.028992823594535,
    17.183593570923474,
    19.916617292802414,
    18.199781987656994,
    17.43573508809551,
    17.62222838376596,
    15.418830170815255,
    18.081359865024506,
    17.170873248823764,
    17.882989793294428,
    16.217712794851558,
    19.390311540121854,
    20.029676364527408,
    19.039742321585283,
    17.617779767020313,
    17.440207346067258,
    16.924276686892473,
    16.571219477019678,
    19.886757092482572,
    18.603256983808052,
    17.70470815895765,
    18.044881924164926,
    16.4389051000244,
    17.338676584183904,
    18.144049627110135,
    17.134492337987517,
    18.650039020436445,
    16.16067475072108,
    18.714431529738864,
    16.491433898268767,
    18.591973664230213,
    16.976209835699528,
    17.191208849920322,
    16.28570050741313,
    19.716900601819283,
    16.877921575590168,
    19.896171893976582,
    19.182753143654285,
    20.25102817205937,
    16.38952284736422,
    16.302040485044827,
    16.43335211849458,
    18.962970957631896,
    17.384252059457477,
    19.380133433724726,
    19.677840233803117,
    18.82600607096467,
    20.238431063249823,
    18.740055929795016,
    19.5611385625405,
    18.382057405412684,
    17.9887809310373,
    19.49532231929886,
    16.50018053109969,
    19.229298160564813,
    16.34612499026302,
    16.39009771143081,
    17.760506328348015,
    17.745846374269803,
    18.3207642812558,
    18.588115638946878,
    17.07075414496358,
    17.20218390449289,
    18.508522483715357,
    17.307277362344955,
    17.74536076599849,
    16.884953069503187,
    18.277469455062498,
    18.532886515330116,
    18.762236180482255,
    16.153929039815658,
    18.525957342914765,
    17.99269433956786,
    17.723796879582327,
    19.905681794475584,
    16.19392541246464,
    18.456936882989297,
    20.229368310717092,
    19.362870466501057,
    17.393294628386343,
    18.625101260027137,
    18.722153285772777,
    18.05314168332063,
    16.27725484133193,
    14.721331094050871,
    18.03153712034316,
    18.587825199461847,
    19.91043779863415,
    17.24684730893778,
    18.69414562929585,
    18.27099530747359,
    18.51961150511404,
    16.593836527538176,
    16.07423216541919,
    17.918459329711503,
    16.73963056686761,
    17.990009391529764,
    14.715692553441034,
    17.169064883183104,
    19.885202398759287,
    16.8688288642005,
    19.500280868916025,
    17.179449031168964,
    17.858058253341525,
    18.56729194781586,
    17.177533694053277,
    17.79203683876799,
    18.63134505244379,
    18.810962914892396,
    17.67082428764243,
    18.005142075106384,
    18.387839968698543,
    17.062689842818312,
    20.88390302038811,
    16.93794882714057,
    17.70482326241472,
    16.979136588872034,
    17.007092933175368,
    16.26625129527046,
    17.30928186129429,
    19.583303151629465,
    16.21517832627705,
    16.37236328094596,
    18.09317023028651,
    18.091851101051848,
    18.84125269375258,
    16.578532983298953,
    17.77621199248622,
    17.408619005832545,
    18.5881103860677,
    17.86813946076326,
    19.066068838660122,
    18.74732019365016,
    16.118542033367554,
    17.801758108690226,
    18.97688580702093,
    17.83049986859052,
    16.349610344989003,
    18.711169188142502,
    18.001852093655998,
    16.76773159355356,
    16.381787992262616,
    18.45106775933067,
    18.568737064368612,
    20.87400302038811,
    19.47571619119562,
    17.32646468597037,
    18.429112611433958,
    17.300871666740605,
    19.207836574929257,
    17.093864602397083,
    19.368740834320434,
    17.785714492318284,
    19.230386256405865,
    17.559426643417957,
    15.668618381324597,
    17.8823701662693,
    17.43258666244555,
    18.437892223138142,
    17.725686014688154,
    19.53400853296508,
    18.582782423040726,
    16.625625378967698,
    19.435708091302395,
    16.92831889265277,
    17.888385549728767,
    18.843596900913397,
    17.585703794330673,
    19.33685182156847,
    17.864363812208204,
    17.585423539568172,
    18.133089042665848,
    17.799540130619892,
    17.897404030312074,
    18.254769001786205,
    16.053006086637502,
    17.350763749295215,
    15.814219646456312,
    17.83768308075278,
    18.036684354813385,
    16.435879890398144,
    18.806561517627074,
    16.15184499597303,
    18.086566209270977,
    17.7224598697153,
    18.744561476586437,
    16.949676800769176,
    18.12756194305737,
    16.98870844002114,
    15.171917024251918,
    17.145208724415752,
    18.56742040852349,
    16.914934799373867,
    18.86283180724266,
    19.720513312459712,
    18.353182287569574,
    18.564906607863055,
    18.00177135193902
  ],