{
  "total_s": 7.7424078329931945,
  "step_s": 0.0,
  "fit_s": 0.0,
  "eval_s": 0.953272542101331,
  "plot_s": 0.0,
  "other_s": 0.0,
  "train_s": 7.216148542007431,
  "eval_final_s": 0.14560270798392594,
  "post_s": 0.3780267910042312,
  "steps_per_s": null,
  "updates_per_s": null
}
