{
  "total_s": 4.861767249996774,
  "step_s": 0.0,
  "fit_s": 0.0,
  "eval_s": 0.6624926680815406,
  "plot_s": 0.0,
  "other_s": 0.0,
  "train_s": 3.970258166984422,
  "eval_final_s": 0.6431946250086185,
  "post_s": 0.2365470000077039,
  "steps_per_s": null,
  "updates_per_s": null
}
