{
  "total_s": 9.06696737499442,
  "step_s": 0.0,
  "fit_s": 0.0,
  "eval_s": 0.3170374579494819,
  "plot_s": 0.0,
  "other_s": 0.0,
  "train_s": 8.606557291990612,
  "eval_final_s": 0.14878408299409784,
  "post_s": 0.30845362500986084,
  "steps_per_s": null,
  "updates_per_s": null
}
