{
  "task_family": "chain_catastrophe",
  "gamma": 0.99,
  "sign": -1,
  "source_phase": "phase2",
  "reward_bound": 10.0,
  "ablation_type": "alpha_constant_0.05",
  "alpha_t": [
    0.05,
    0.05,
    0.05,
    0.05,
    0.05,
    0.05,
    0.05,
    0.05,
    0.05,
    0.05,
    0.05,
    0.05,
    0.05,
    0.05,
    0.05,
    0.05,
    0.05,
    0.05,
    0.05,
    0.05,
    0.05,
    0.05,
    0.05,
    0.05,
    0.05,
    0.05,
    0.05,
    0.05,
    0.05,
    0.05,
    0.05,
    0.05,
    0.05,
    0.05,
    0.05,
    0.05,
    0.05,
    0.05,
    0.05,
    0.05,
    0.05,
    0.05,
    0.05,
    0.05,
    0.05,
    0.05,
    0.05,
    0.05,
    0.05,
    0.05,
    0.05,
    0.05,
    0.05,
    0.05,
    0.05,
    0.05,
    0.05,
    0.05,
    0.05,
    0.05
  ],
  "kappa_t": [
    0.9904999999999999,
    0.9904999999999999,
    0.9904999999999999,
    0.9904999999999999,
    0.9904999999999999,
    0.9904999999999999,
    0.9904999999999999,
    0.9904999999999999,
    0.9904999999999999,
    0.9904999999999999,
    0.9904999999999999,
    0.9904999999999999,
    0.9904999999999999,
    0.9904999999999999,
    0.9904999999999999,
    0.9904999999999999,
    0.9904999999999999,
    0.9904999999999999,
    0.9904999999999999,
    0.9904999999999999,
    0.9904999999999999,
    0.9904999999999999,
    0.9904999999999999,
    0.9904999999999999,
    0.9904999999999999,
    0.9904999999999999,
    0.9904999999999999,
    0.9904999999999999,
    0.9904999999999999,
    0.9904999999999999,
    0.9904999999999999,
    0.9904999999999999,
    0.9904999999999999,
    0.9904999999999999,
    0.9904999999999999,
    0.9904999999999999,
    0.9904999999999999,
    0.9904999999999999,
    0.9904999999999999,
    0.9904999999999999,
    0.9904999999999999,
    0.9904999999999999,
    0.9904999999999999,
    0.9904999999999999,
    0.9904999999999999,
    0.9904999999999999,
    0.9904999999999999,
    0.9904999999999999,
    0.9904999999999999,
    0.9904999999999999,
    0.9904999999999999,
    0.9904999999999999,
    0.9904999999999999,
    0.9904999999999999,
    0.9904999999999999,
    0.9904999999999999,
    0.9904999999999999,
    0.9904999999999999,
    0.9904999999999999,
    0.9904999999999999
  ],
  "Bhat_t": [
    913.3333137058621,
    902.0023358968825,
    890.5626813698966,
    879.0133077939391,
    867.353162840928,
    855.581184089781,
    843.6962989296125,
    831.6974244620015,
    819.5834674023237,
    807.353323980135,
    795.0058798386018,
    782.5400099329651,
    769.9545784280315,
    757.248438594681,
    744.4204327053823,
    731.469391928705,
    718.3941362228219,
    705.1934742279878,
    691.8662031579888,
    678.4111086905491,
    664.8269648566877,
    651.1125339290134,
    637.2665663089484,
    623.2878004128708,
    609.1749625571639,
    594.9267668421645,
    580.541915034997,
    566.0190964512843,
    551.3569878357238,
    536.5542532415183,
    521.6095439086505,
    506.5214981409899,
    491.28874118222103,
    475.9098850905816,
    460.38352861239946,
    444.7082570544165,
    428.882642154888,
    412.9052419534458,
    396.77460065971314,
    380.48924852065943,
    364.04770168668296,
    347.4484620764089,
    330.69001724019074,
    313.77084022230264,
    296.6893894218099,
    279.44410845210496,
    262.03342599909644,
    244.4557556780378,
    226.70949588898316,
    208.7930296708563,
    190.70472455412045,
    172.4429324120348,
    154.0059893104844,
    135.39221535636992,
    116.59991454454308,
    97.6273746032742,
    78.47286683823748,
    59.13464597499999,
    39.610949999999995,
    19.9,
    0.0
  ],
  "margin_quantile": 0.75,
  "informativeness_t": [
    0.0,
    0.0,
    0.0,
    0.0,
    0.0,
    0.0,
    0.0,
    0.0,
    0.0,
    0.0,
    0.0,
    0.0,
    0.0,
    0.0,
    0.0,
    0.0,
    0.0,
    0.0,
    0.0,
    0.0,
    0.0,
    0.0,
    0.0,
    0.0,
    0.0,
    0.0,
    0.0,
    0.0,
    0.0,
    0.0,
    0.0,
    0.0,
    0.0,
    0.0,
    0.0,
    0.0,
    0.0,
    0.0,
    0.07182906702139477,
    0.20717094434839803,
    0.40011938265778924,
    0.601405129708017,
    0.778368356931875,
    0.8714308994475389,
    0.885710421442861,
    0.9054356042865044,
    0.9243473259433224,
    0.9422733412838527,
    0.9590234501360104,
    0.9743873681109247,
    0.988132270398646,
    0.9999999679442423,
    0.9686924076991218,
    0.9884503322094648,
    0.8142982103217508,
    0.8338652173469266,
    0.5523265528774004,
    0.5142738354277593,
    0.9402049281649111,
    0.7082065518509869
  ],
  "d_target_t": [
    0.891,
    0.891,
    0.891,
    0.891,
    0.891,
    0.891,
    0.891,
    0.891,
    0.891,
    0.891,
    0.891,
    0.891,
    0.891,
    0.891,
    0.891,
    0.891,
    0.891,
    0.891,
    0.891,
    0.891,
    0.891,
    0.891,
    0.891,
    0.891,
    0.891,
    0.891,
    0.891,
    0.891,
    0.891,
    0.891,
    0.891,
    0.891,
    0.891,
    0.891,
    0.891,
    0.891,
    0.891,
    0.891,
    0.8625556894595277,
    0.8089603060380345,
    0.7325527244675155,
    0.6528435686356253,
    0.5827661306549775,
    0.5459133638187746,
    0.540258673108627,
    0.5324475007025442,
    0.5249584589264443,
    0.5178597568515944,
    0.5112267137461398,
    0.5051426022280737,
    0.49969962092213616,
    0.49500001269408006,
    0.5073978065511477,
    0.49957366844505197,
    0.5685379087125867,
    0.560789373930617,
    0.6722786850605494,
    0.6873475611706074,
    0.5186788484466952,
    0.6105502054670092
  ],
  "beta_raw_t": [
    0.0,
    0.0,
    0.0,
    0.0,
    0.0,
    0.0,
    0.0,
    0.0,
    0.0,
    0.0,
    0.0,
    0.0,
    0.0,
    0.0,
    0.0,
    0.0,
    0.0,
    0.0,
    0.0,
    0.0,
    0.0,
    0.0,
    0.0,
    0.0,
    0.0,
    0.0,
    0.0,
    0.0,
    0.0,
    0.0,
    0.0,
    0.0,
    0.0,
    0.0,
    0.0,
    0.0,
    0.0,
    0.0,
    -66.729526286947,
    -61.019018267277914,
    -60.4603515180946,
    -63.630588852469735,
    -68.44799979535547,
    -71.09042851456205,
    -71.0598647040332,
    -71.03022180712466,
    -71.01514812549624,
    -71.01261798154668,
    -71.02037273610249,
    -71.0359258714024,
    -71.05658238591982,
    -71.07947900701261,
    -68.00530759279408,
    -68.03202734346155,
    -61.74178464176817,
    -61.66865183811118,
    -56.835812515535174,
    -65.21789385334895,
    -54.23656623947372,
    -46.51279454613657
  ],