{
  "task_family": "chain_catastrophe",
  "gamma": 0.99,
  "sign": -1,
  "source_phase": "phase2",
  "reward_bound": 10.0,
  "ablation_type": "alpha_constant_0.20",
  "alpha_t": [
    0.2,
    0.2,
    0.2,
    0.2,
    0.2,
    0.2,
    0.2,
    0.2,
    0.2,
    0.2,
    0.2,
    0.2,
    0.2,
    0.2,
    0.2,
    0.2,
    0.2,
    0.2,
    0.2,
    0.2,
    0.2,
    0.2,
    0.2,
    0.2,
    0.2,
    0.2,
    0.2,
    0.2,
    0.2,
    0.2,
    0.2,
    0.2,
    0.2,
    0.2,
    0.2,
    0.2,
    0.2,
    0.2,
    0.2,
    0.2,
    0.2,
    0.2,
    0.2,
    0.2,
    0.2,
    0.2,
    0.2,
    0.2,
    0.2,
    0.2,
    0.2,
    0.2,
    0.2,
    0.2,
    0.2,
    0.2,
    0.2,
    0.2,
    0.2,
    0.2
  ],
  "kappa_t": [
    0.992,
    0.992,
    0.992,
    0.992,
    0.992,
    0.992,
    0.992,
    0.992,
    0.992,
    0.992,
    0.992,
    0.992,
    0.992,
    0.992,
    0.992,
    0.992,
    0.992,
    0.992,
    0.992,
    0.992,
    0.992,
    0.992,
    0.992,
    0.992,
    0.992,
    0.992,
    0.992,
    0.992,
    0.992,
    0.992,
    0.992,
    0.992,
    0.992,
    0.992,
    0.992,
    0.992,
    0.992,
    0.992,
    0.992,
    0.992,
    0.992,
    0.992,
    0.992,
    0.992,
    0.992,
    0.992,
    0.992,
    0.992,
    0.992,
    0.992,
    0.992,
    0.992,
    0.992,
    0.992,
    0.992,
    0.992,
    0.992,
    0.992,
    0.992,
    0.992
  ],
  "Bhat_t": [
    951.2446134116053,
    938.8554570681506,
    926.3663881735389,
    913.7766009813901,
    901.085283247369,
    888.2916161767834,
    875.3947743717574,
    862.3939257779813,
    849.2882316310296,
    836.0768464022476,
    822.7589177442012,
    809.3335864356867,
    795.7999863262971,
    782.1572442805415,
    768.4044801215136,
    754.5408065741066,
    740.5653292077687,
    726.4771463787991,
    712.2753491721766,
    697.95902134292,
    683.5272392569758,
    668.9790718316289,
    654.3135804754323,
    639.5298190276536,
    624.6268336972315,
    609.6036630012414,
    594.4593377028643,
    579.1928807488551,
    563.8033072065073,
    548.2896242001082,
    532.6508308468833,
    516.8859181924228,
    500.99386914558744,
    484.9736584128906,
    468.8242524323494,
    452.54460930680386,
    436.13367873669745,
    419.59040195231603,
    402.9137116454799,
    386.1025319006854,
    369.155778125691,
    352.07235698154335,
    334.8511663120397,
    317.4910950726207,
    299.99102325869023,
    282.3498218333571,
    264.5663526545939,
    246.6394684018084,
    228.56801250182298,
    210.35081905425702,
    191.98671275630747,
    173.47450882692286,
    154.81301293036577,
    136.00102109915903,
    117.03731965641032,
    97.92068513751039,
    78.6498842112,
    59.2236736,
    39.6408,
    19.9,
    0.0
  ],
  "margin_quantile": 0.75,
  "informativeness_t": [
    0.0,
    0.0,
    0.0,
    0.0,
    0.0,
    0.0,
    0.0,
    0.0,
    0.0,
    0.0,
    0.0,
    0.0,
    0.0,
    0.0,
    0.0,
    0.0,
    0.0,
    0.0,
    0.0,
    0.0,
    0.0,
    0.0,
    0.0,
    0.0,
    0.0,
    0.0,
    0.0,
    0.0,
    0.0,
    0.0,
    0.0,
    0.0,
    0.0,
    0.0,
    0.0,
    0.0,
    0.0,
    0.0,
    0.07182906702139477,
    0.20717094434839803,
    0.40011938265778924,
    0.601405129708017,
    0.778368356931875,
    0.8714308994475389,
    0.885710421442861,
    0.9054356042865044,
    0.9243473259433224,
    0.9422733412838527,
    0.9590234501360104,
    0.9743873681109247,
    0.988132270398646,
    0.9999999679442423,
    0.9686924076991218,
    0.9884503322094648,
    0.8142982103217508,
    0.8338652173469266,
    0.5523265528774004,
    0.5142738354277593,
    0.9402049281649111,
    0.7082065518509869
  ],
  "d_target_t": [
    0.891,
    0.891,
    0.891,
    0.891,
    0.891,
    0.891,
    0.891,
    0.891,
    0.891,
    0.891,
    0.891,
    0.891,
    0.891,
    0.891,
    0.891,
    0.891,
    0.891,
    0.891,
    0.891,
    0.891,
    0.891,
    0.891,
    0.891,
    0.891,
    0.891,
    0.891,
    0.891,
    0.891,
    0.891,
    0.891,
    0.891,
    0.891,
    0.891,
    0.891,
    0.891,
    0.891,
    0.891,
    0.891,
    0.8625556894595277,
    0.8089603060380345,
    0.7325527244675155,
    0.6528435686356253,
    0.5827661306549775,
    0.5459133638187746,
    0.540258673108627,
    0.5324475007025442,
    0.5249584589264443,
    0.5178597568515944,
    0.5112267137461398,
    0.5051426022280737,
    0.49969962092213616,
    0.49500001269408006,
    0.5073978065511477,
    0.49957366844505197,
    0.5685379087125867,
    0.560789373930617,
    0.6722786850605494,
    0.6873475611706074,
    0.5186788484466952,
    0.6105502054670092
  ],
  "beta_raw_t": [
    0.0,
    0.0,
    0.0,
    0.0,
    0.0,
    0.0,
    0.0,
    0.0,
    0.0,
    0.0,
    0.0,
    0.0,
    0.0,
    0.0,
    0.0,
    0.0,
    0.0,
    0.0,
    0.0,
    0.0,
    0.0,
    0.0,
    0.0,
    0.0,
    0.0,
    0.0,
    0.0,
    0.0,
    0.0,
    0.0,
    0.0,
    0.0,
    0.0,
    0.0,
    0.0,
    0.0,
    0.0,
    0.0,
    -66.729526286947,
    -61.019018267277914,
    -60.4603515180946,
    -63.630588852469735,
    -68.44799979535547,
    -71.09042851456205,
    -71.0598647040332,
    -71.03022180712466,
    -71.01514812549624,
    -71.01261798154668,
    -71.02037273610249,
    -71.0359258714024,
    -71.05658238591982,
    -71.07947900701261,
    -68.00530759279408,
    -68.03202734346155,
    -61.74178464176817,
    -61.66865183811118,
    -56.835812515535174,
    -65.21789385334895,
    -54.23656623947372,
    -46.51279454613657
  ],
  "beta_cap_t": [
    4.2368590462999885e-06,
    4.293369430690455e-06,
    4.351882070447997e-06,
    4.412503308780577e-06,
    4.475347152877287e-06,
    4.540535977031108e-06,
    4.608201304617304e-06,
    4.678484679441679e-06,
    4.751538638606132e-06,
    4.827527800963376e-06,
    4.906630087506935e-06,
    4.989038092738805e-06,
    5.074960629264368e-06,
    5.164624471692059e-06,
    5.258276330500394e-06,
    5.356185092047406e-06,
    5.45864436755051e-06,
    5.565975401926633e-06,
    5.678530403192677e-06,
    5.796696365116661e-06,
    5.920899470532154e-06,
    6.051610180892544e-06,
    6.189349140164951e-06,
    6.3346940492406755e-06,
    6.488287702234339e-06,
    6.650847420420707e-06,
    6.823176175857274e-06,
    7.0061757686305535e-06,
    7.200862514094213e-06,
    7.408386016172252e-06,
    7.630051759026342e-06,
    7.867348454947738e-06,
    8.12198135917127e-06,
    8.395913127809443e-06,
    8.691414289608e-06,
    9.011126078385481e-06,
    9.358139308141566e-06,
    9.736094281998427e-06,
    1.0149308583360127e-05,
    1.0602942270281347e-05,
    1.110321390018524e-05,
    1.1657686618558927e-05,
    1.2275652338024148e-05,
    1.2968655623151513e-05,
    1.375122037598452e-05,
    1.4641877229464085e-05,
    1.5664647577184497e-05,
    1.6851239966127415e-05,
    1.824439248360778e-05,
    1.9903125171211374e-05,
    2.1911309928632384e-05,
    2.439229011976647e-05,
    2.7535196648932618e-05,
    3.164555768165915e-05,
    3.72511240249067e-05,
    4.534881080422661e-05,
    5.807502864035093e-05,
    8.098513373898698e-05,
    0.00013445374003044497,
    0.00040201668269103044
  ],