{
  "task_family": "chain_catastrophe",
  "gamma": 0.99,
  "sign": -1,
  "source_phase": "phase2",
  "reward_bound": 10.0,
  "ablation_type": "beta_raw_unclipped",
  "alpha_t": [
    0.02,
    0.02,
    0.02,
    0.02,
    0.02,
    0.02,
    0.02,
    0.02,
    0.02,
    0.02,
    0.02,
    0.02,
    0.02,
    0.02,
    0.02,
    0.02,
    0.02,
    0.02,
    0.02,
    0.02,
    0.02,
    0.02,
    0.02,
    0.02,
    0.02,
    0.02,
    0.02,
    0.02,
    0.02,
    0.02,
    0.02,
    0.02,
    0.02,
    0.02,
    0.02,
    0.02,
    0.02,
    0.02,
    0.02574632536171158,
    0.036573675547871845,
    0.052009550612623134,
    0.06811241037664136,
    0.08226946855455,
    0.08971447195580312,
    0.0908568337154289,
    0.09243484834292036,
    0.09394778607546579,
    0.09538186730270821,
    0.09672187601088084,
    0.09795098944887398,
    0.09905058163189169,
    0.09999999743553939,
    0.09749539261592975,
    0.09907602657675718,
    0.08514385682574006,
    0.08670921738775414,
    0.06418612423019203,
    0.061141906834220744,
    0.0952163942531929,
    0.07665652414807896
  ],
  "kappa_t": [
    0.9902,
    0.9902,
    0.9902,
    0.9902,
    0.9902,
    0.9902,
    0.9902,
    0.9902,
    0.9902,
    0.9902,
    0.9902,
    0.9902,
    0.9902,
    0.9902,
    0.9902,
    0.9902,
    0.9902,
    0.9902,
    0.9902,
    0.9902,
    0.9902,
    0.9902,
    0.9902,
    0.9902,
    0.9902,
    0.9902,
    0.9902,
    0.9902,
    0.9902,
    0.9902,
    0.9902,
    0.9902,
    0.9902,
    0.9902,
    0.9902,
    0.9902,
    0.9902,
    0.9902,
    0.9902574632536171,
    0.9903657367554787,
    0.9905200955061262,
    0.9906811241037664,
    0.9908226946855455,
    0.990897144719558,
    0.9909085683371542,
    0.9909243484834291,
    0.9909394778607546,
    0.9909538186730271,
    0.9909672187601088,
    0.9909795098944887,
    0.9909905058163189,
    0.9909999999743554,
    0.9909749539261593,
    0.9909907602657676,
    0.9908514385682574,
    0.9908670921738776,
    0.9906418612423019,
    0.9906114190683422,
    0.9909521639425319,
    0.9907665652414808
  ],
  "Bhat_t": [
    907.5473986736374,
    896.4324365518455,
    885.207469755449,
    873.8714095692275,
    862.4231565029565,
    850.8616001847673,
    839.1856192534513,
    827.3940812496984,
    815.4858425062598,
    803.4597480370227,
    791.3146314249876,
    779.0493147091372,
    766.662608270185,
    754.153310715194,
    741.5202087610523,
    728.762077116797,
    715.8776783647718,
    702.8657628406098,
    689.7250685120277,
    676.4543208564207,
    663.0522327372458,
    649.5175042791818,
    635.848822742054,
    622.0448623935105,
    608.1042843804388,
    594.0257365991101,
    579.8078535640377,
    565.449256275538,
    550.9485520859806,
    536.3043345647148,
    521.5151833616592,
    506.57966406954074,
    491.49632808477156,
    476.2637124669477,
    460.8803397969579,
    445.3447180336881,
    429.65534036930734,
    413.810685083122,
    397.80921539398304,
    381.6272327322979,
    365.24610990415187,
    348.65129084300946,
    331.84370111060605,
    314.83301985690457,
    297.6424156922725,
    280.290659064895,
    262.7755180942044,
    245.09621780184335,
    227.25198042366955,
    209.24201779661982,
    191.065522451397,
    172.72165721749377,
    154.2095431094333,
    135.53273226261692,
    116.68396608622879,
    97.67757538514346,
    78.49445803524074,
    59.14797297356393,
    39.61994806245639,
    19.9,
    0.0
  ],
  "margin_quantile": 0.75,
  "informativeness_t": [
    0.0,
    0.0,
    0.0,
    0.0,
    0.0,
    0.0,
    0.0,
    0.0,
    0.0,
    0.0,
    0.0,
    0.0,
    0.0,
    0.0,
    0.0,
    0.0,
    0.0,
    0.0,
    0.0,
    0.0,
    0.0,
    0.0,
    0.0,
    0.0,
    0.0,
    0.0,
    0.0,
    0.0,
    0.0,
    0.0,
    0.0,
    0.0,
    0.0,
    0.0,
    0.0,
    0.0,
    0.0,
    0.0,
    0.07182906702139477,
    0.20717094434839803,
    0.40011938265778924,
    0.601405129708017,
    0.778368356931875,
    0.8714308994475389,
    0.885710421442861,
    0.9054356042865044,
    0.9243473259433224,
    0.9422733412838527,
    0.9590234501360104,
    0.9743873681109247,
    0.988132270398646,
    0.9999999679442423,
    0.9686924076991218,
    0.9884503322094648,
    0.8142982103217508,
    0.8338652173469266,
    0.5523265528774004,
    0.5142738354277593,
    0.9402049281649111,
    0.7082065518509869
  ],
  "d_target_t": [
    0.891,
    0.891,
    0.891,
    0.891,
    0.891,
    0.891,
    0.891,
    0.891,
    0.891,
    0.891,
    0.891,
    0.891,
    0.891,
    0.891,
    0.891,
    0.891,
    0.891,
    0.891,
    0.891,
    0.891,
    0.891,
    0.891,
    0.891,
    0.891,
    0.891,
    0.891,
    0.891,
    0.891,
    0.891,
    0.891,
    0.891,
    0.891,
    0.891,
    0.891,
    0.891,
    0.891,
    0.891,
    0.891,
    0.8625556894595277,
    0.8089603060380345,
    0.7325527244675155,
    0.6528435686356253,
    0.5827661306549775,
    0.5459133638187746,
    0.540258673108627,
    0.5324475007025442,
    0.5249584589264443,
    0.5178597568515944,
    0.5112267137461398,
    0.5051426022280737,
    0.49969962092213616,
    0.49500001269408006,
    0.5073978065511477,
    0.49957366844505197,
    0.5685379087125867,
    0.560789373930617,
    0.6722786850605494,
    0.6873475611706074,
    0.5186788484466952,
    0.6105502054670092
  ],
  "beta_raw_t": [
    0.0,
    0.0,
    0.0,
    0.0,
    0.0,
    0.0,
    0.0,
    0.0,
    0.0,
    0.0,
    0.0,
    0.0,
    0.0,
    0.0,
    0.0,
    0.0,
    0.0,
    0.0,
    0.0,
    0.0,
    0.0,
    0.0,
    0.0,
    0.0,
    0.0,
    0.0,
    0.0,
    0.0,
    0.0,
    0.0,
    0.0,
    0.0,
    0.0,
    0.0,
    0.0,
    0.0,
    0.0,
    0.0,
    -66.729526286947,
    -61.019018267277914,
    -60.4603515180946,
    -63.630588852469735,
    -68.44799979535547,
    -71.09042851456205,
    -71.0598647040332,
    -71.03022180712466,
    -71.01514812549624,
    -71.01261798154668,
    -71.02037273610249,
    -71.0359258714024,
    -71.05658238591982,
    -71.07947900701261,
    -68.00530759279408,
    -68.03202734346155,
    -61.74178464176817,
    -61.66865183811118,
    -56.835812515535174,
    -65.21789385334895,
    -54.23656623947372,
    -46.51279454613657
  ],
  "beta_cap_t": [
    1.0,
    1.0,
    1.0,
    1.0,
    1.0,
    1.0,
    1.0,
    1.0,
    1.0,
    1.0,
    1.0,
    1.0,
    1.0,
    1.0,
    1.0,
    1.0,
    1.0,
    1.0,
    1.0,
    1.0,
    1.0,
    1.0,
    1.0,
    1.0,
    1.0,
    1.0,
    1.0,
    1.0,
    1.0,
    1.0,
    1.0,
    1.0,
    1.0,
    1.0,
    1.0,
    1.0,
    1.0,
    1.0,
    67.729526286947,
    62.019018267277914,
    61.4603515180946,
    64.63058885246974,
    69.44799979535547,
    72.09042851456205,
    72.0598647040332,
    72.03022180712466,
    72.01514812549624,
    72.01261798154668,
    72.02037273610249,
    72.0359258714024,
    72.05658238591982,
    72.07947900701261,
    69.00530759279408,
    69.03202734346155,
    62.74178464176817,
    62.66865183811118,
    57.835812515535174,
    66.21789385334895,
    55.23656623947372,
    47.51279454613657
  ],