{
  "schema_version": "1.0.0",
  "created_at": "2026-04-19T05:38:38Z",
  "phase": "phase2",
  "task": "chain_regime_shift",
  "algorithm": "ExpectedSARSA",
  "seed": 11,
  "train_steps": 180000,
  "n_transitions": 180000,
  "steps_to_threshold": null,
  "auc_disc_return": 13.761663695783035,
  "final_disc_return_mean": 17.442752599515714,
  "final_10pct_success_rate": 0.0,
  "adaptation_metrics": {
    "change_at_episode": 300,
    "pre_change_auc": 0.0,
    "post_change_auc": 14.980285861570586,
    "lag_to_50pct_recovery": 16,
    "lag_to_75pct_recovery": 64,
    "lag_to_90pct_recovery": null,
    "post_change_optimum": 19.608084811136962
  },
  "shortcut_risky_path_fraction": 0.0,
  "episode_returns": [
    19.58657910092532,
    16.40105746441711,
    16.76013167800953,
    18.142129808978513,
    17.115600610238573,
    17.002600470066586,
    16.64725187409006,
    17.96055465214708,
    19.543635705371024,
    17.9844195301978,
    17.9294046266143,
    17.092996798680275,
    16.093039124514252,
    14.822770818234181,
    18.922917509310643,
    16.374603449067642,
    17.604515704501743,
    17.859806611757755,
    17.06710862286094,
    17.908654397560234,
    16.126353160618383,
    17.659074537353135,
    17.251931478654786,
    18.98432614963448,
    16.44813195677822,
    18.102127227482356,
    18.64681332156028,
    17.42225201308872,
    17.394810001522323,
    17.265530452319346,
    18.002526774289844,
    16.924921045812503,
    17.116052245293016,
    17.048236358912302,
    18.750757721004927,
    17.71168010188775,
    17.018886952542736,
    17.100123448091324,
    16.72364705690773,
    18.839778505640226,
    17.308940151979908,
    17.454677402588484,
    15.557888679852425,
    18.923676346821097,
    18.28676730263442,
    17.706606616673646,
    15.959770970217813,
    15.53359311164629,
    17.12181778952987,
    14.738610164201226,
    15.497865607640914,
    17.461954021816485,
    16.26954802012303,
    18.19881124804188,
    18.983016085372203,
    17.213353944154253,
    18.04766132927546,
    18.760410477089735,
    16.31552271022675,
    17.372738369596693,
    17.234009491898256,
    18.8857127554156,
    16.271052285380186,
    17.262209145255248,
    18.616280100925323,
    16.453403455837677,
    18.731340414402915,
    17.35231598638865,
    18.3648268638566,
    15.896060973941577,
    17.140820172423425,
    16.627911370796213,
    18.097295755402012,
    15.65456962043106,
    17.302201959782785,
    17.18692624287004,
    18.944810953475976,
    17.898785307581797,
    18.688763225469522,
    15.718936136402665,
    17.095312358190352,
    18.88591370619511,
    17.73629557821321,
    19.5575090382385,
    18.139370988433548,
    16.474334327206375,
    18.07910088639999,
    17.065336166544462,
    18.67513484967961,
    15.493052571398493,
    17.618033725760213,
    16.169890699793545,
    18.019918631340037,
    14.814335028488422,
    16.145818567534217,
    18.192626309336546,
    16.219806288172986,
    17.175743539610316,
    16.18170112513012,
    18.10984711051557,
    17.04755648862728,
    18.63558905102532,
    18.889818511747222,
    17.64768961956727,
    17.970453001138267,
    16.37075111889428,
    16.903391515264232,
    17.867201810868266,
    17.408199001206025,
    17.723187778053703,
    18.717833288156342,
    18.59941596874483,
    17.93929702263395,
    17.097709999196923,
    17.357209506255728,
    16.01700852672619,
    16.39232121844706,
    18.594804797902263,
    15.292160625070345,
    15.518844792610453,
    16.13396035224472,
    17.901690265379738,
    19.537067452269497,
    16.541261161249352,
    18.691989475852658,
    18.91187454727878,
    17.908387780525974,
    15.511822611823998,
    16.10961484106497,
    17.1022412181639,
    15.84625948408377,
    17.981507867350096,
    17.467957957133766,
    17.41229947444158,
    17.190088653321702,
    16.21378353353634,
    17.15868508458792,
    17.128016309948183,
    14.948380356294466,
    16.403457710675728,
    16.640322280340502,
    16.977128588755097,
    17.181698353592008,
    17.116171743352144,
    17.410498114729346,
    16.801640081665553,
    17.61307185436701,
    18.000473994960362,
    16.134222352263347,
    19.577258447446255,
    18.923676346821097,
    16.79417260188259,
    16.70311429289461,
    16.238446934891513,
    17.91433125785187,
    16.46033849206535,
    17.939669468779776,
    17.23006471250276,
    17.742617142494822,
    16.48391670880065,
    17.851070503787454,
    17.991436142281202,
    18.699925618689093,
    15.451289030462329,
    16.321695384870917,
    17.082279139739416,
    16.506998274182905,
    18.90178358946026,
    16.1511227251508,
    17.985392422395776,
    15.800180981171648,
    15.92558035100614,
    18.80829022374769,
    18.761412241139723,
    16.496004722524457,
    17.84053800311798,
    18.31043188554276,
    18.169746961998896,
    16.330220526327988,
    15.897442502825324,
    18.089498305887048,
    18.55602368866666,
    18.72103216121879,
    17.12421169249938,
    15.497165058175446,
    17.310283084339225,
    18.916889366333713,
    15.382084714039316,
    17.80171999573168,
    17.13454942817631,
    17.213063273506034,
    16.536404837469203,
    14.09824484008659,
    17.820248335198173,
    16.544136025769337,
    17.852080382130097,
    13.877107604096425,
    16.38116880908218,
    15.843809197447522,
    16.586503994044236
  ],