{
  "total_s": 5.996877208002843,
  "step_s": 0.0,
  "fit_s": 0.0,
  "eval_s": 0.6412380829860922,
  "plot_s": 0.0,
  "other_s": 0.0,
  "train_s": 5.5637491249945015,
  "eval_final_s": 0.22192849998828024,
  "post_s": 0.206693083018763,
  "steps_per_s": null,
  "updates_per_s": null
}
