{
  "total_s": 4.897746708011255,
  "step_s": 0.0,
  "fit_s": 0.0,
  "eval_s": 0.6411183749733027,
  "plot_s": 0.0,
  "other_s": 0.0,
  "train_s": 4.4766942909918725,
  "eval_final_s": 0.20930100002442487,
  "post_s": 0.20710937501280569,
  "steps_per_s": null,
  "updates_per_s": null
}
