{
  "total_s": 9.801039916987065,
  "step_s": 0.0,
  "fit_s": 0.0,
  "eval_s": 1.3377154189220164,
  "plot_s": 0.0,
  "other_s": 0.0,
  "train_s": 8.820084292005049,
  "eval_final_s": 0.5293077079986688,
  "post_s": 0.44309258298017085,
  "steps_per_s": null,
  "updates_per_s": null
}
