{
  "total_s": 10.33412783301901,
  "step_s": 0.0,
  "fit_s": 0.0,
  "eval_s": 1.369618793047266,
  "plot_s": 0.0,
  "other_s": 0.0,
  "train_s": 9.30133054201724,
  "eval_final_s": 0.520239458011929,
  "post_s": 0.5045866250002291,
  "steps_per_s": null,
  "updates_per_s": null
}
