{
  "total_s": 4.502139917000022,
  "step_s": 0.0,
  "fit_s": 0.0,
  "eval_s": 0.6526656209825887,
  "plot_s": 0.0,
  "other_s": 0.0,
  "train_s": 3.7313389999981155,
  "eval_final_s": 0.6354880840008263,
  "post_s": 0.12303375000192318,
  "steps_per_s": null,
  "updates_per_s": null
}
