{
  "total_s": 7.980244999998831,
  "step_s": 0.0,
  "fit_s": 0.0,
  "eval_s": 0.8880114610001328,
  "plot_s": 0.0,
  "other_s": 0.0,
  "train_s": 7.392297708996921,
  "eval_final_s": 0.17625566700007766,
  "post_s": 0.4090661660011392,
  "steps_per_s": null,
  "updates_per_s": null
}
