{
  "total_s": 0.7903655830014031,
  "step_s": 0.0,
  "fit_s": 0.0,
  "eval_s": 0.15127241697337013,
  "plot_s": 0.0,
  "other_s": 0.0,
  "train_s": 0.7706041250057751,
  "post_s": 0.019723082994460128,
  "steps_per_s": null,
  "updates_per_s": null
}
