{
  "schema_version": "1.0.0",
  "created_at": "2026-04-19T05:19:43Z",
  "phase": "phase2",
  "task": "grid_regime_shift",
  "algorithm": "QLearning",
  "seed": 11,
  "train_steps": 250000,
  "n_transitions": 250000,
  "steps_to_threshold": 16000,
  "auc_disc_return": 0.49848017404000905,
  "final_disc_return_mean": 0.7685485003223529,
  "final_10pct_success_rate": 1.0,
  "adaptation_metrics": {
    "change_at_episode": 200,
    "pre_change_auc": 0.1366419296985783,
    "post_change_auc": 0.5351605322457025,
    "lag_to_50pct_recovery": 284,
    "lag_to_75pct_recovery": 6954,
    "lag_to_90pct_recovery": 8540,
    "post_change_optimum": 0.8573749999999999
  },
  "shortcut_risky_path_fraction": 0.0,
  "episode_returns": [
    0.6983372960937497,
    0.8145062499999999,
    0.8145062499999999,
    0.8145062499999999,
    0.8145062499999999,
    0.8145062499999999,
    0.8145062499999999,
    0.8145062499999999,
    0.8145062499999999,
    0.8145062499999999,
    0.6983372960937497,
    0.8145062499999999,
    0.8145062499999999,
    0.8145062499999999,
    0.8145062499999999,
    0.6983372960937497,
    0.8145062499999999,
    0.8145062499999999,
    0.8145062499999999,
    0.6983372960937497,
    0.6983372960937497,
    0.8145062499999999,
    0.8145062499999999,
    0.8145062499999999,
    0.8145062499999999,
    0.6983372960937497,
    0.8145062499999999,
    0.6634204312890623,
    0.6983372960937497,
    0.8145062499999999,
    0.6983372960937497,
    0.8145062499999999,
    0.8145062499999999,
    0.6983372960937497,
    0.6983372960937497,
    0.8145062499999999,
    0.6983372960937497,
    0.8145062499999999,
    0.8145062499999999,
    0.6983372960937497,
    0.6634204312890623,
    0.8145062499999999,
    0.8145062499999999,
    0.8145062499999999,
    0.6983372960937497,
    0.8145062499999999,
    0.8145062499999999,
    0.6983372960937497,
    0.6634204312890623,
    0.6983372960937497,
    0.6634204312890623,
    0.8145062499999999,
    0.6983372960937497,
    0.8145062499999999,
    0.8145062499999999,
    0.8145062499999999,
    0.8145062499999999,
    0.6983372960937497,
    0.8145062499999999,
    0.6983372960937497,
    0.6634204312890623,
    0.6983372960937497,
    0.8145062499999999,
    0.8145062499999999,
    0.8145062499999999,
    0.8145062499999999,
    0.46329123015975304,
    0.8145062499999999,
    0.8145062499999999,
    0.8145062499999999,
    0.8145062499999999,
    0.8145062499999999,
    0.6634204312890623,
    0.8145062499999999,
    0.6983372960937497,
    0.8145062499999999,
    0.6983372960937497,
    0.8145062499999999,
    0.8145062499999999,
    0.8145062499999999,
    0.8145062499999999,
    0.6983372960937497,
    0.8145062499999999,
    0.8145062499999999,
    0.8145062499999999,
    0.8145062499999999,
    0.8145062499999999,
    0.8145062499999999,
    0.8145062499999999,
    0.8145062499999999,
    0.8145062499999999,
    0.8145062499999999,
    0.8145062499999999,
    0.6983372960937497,
    0.8145062499999999,
    0.6983372960937497,
    0.8145062499999999,
    0.8145062499999999,
    0.6983372960937497,
    0.8145062499999999,
    0.6983372960937497,
    0.6983372960937497,
    0.6983372960937497,
    0.8145062499999999,
    0.6983372960937497,
    0.8145062499999999,
    0.8145062499999999,
    0.8145062499999999,
    0.8145062499999999,
    0.8145062499999999,
    0.8145062499999999,
    0.8145062499999999,
    0.8145062499999999,
    0.8145062499999999,
    0.8145062499999999,
    0.8145062499999999,
    0.6983372960937497,
    0.8145062499999999,
    0.6634204312890623,
    0.8145062499999999,
    0.8145062499999999,
    0.6983372960937497,
    0.6983372960937497,
    0.8145062499999999,
    0.8145062499999999,
    0.8145062499999999,
    0.6634204312890623,
    0.6983372960937497,
    0.8145062499999999,
    0.6983372960937497,
    0.8145062499999999,
    0.8145062499999999,
    0.6983372960937497,
    0.8145062499999999,
    0.8145062499999999,
    0.6983372960937497,
    0.8145062499999999,
    0.8145062499999999,
    0.8145062499999999,
    0.6983372960937497,
    0.8145062499999999,
    0.8145062499999999,
    0.6983372960937497,
    0.8145062499999999,
    0.8145062499999999,
    0.8145062499999999,
    0.6983372960937497,
    0.6983372960937497,
    0.8145062499999999,
    0.8145062499999999,
    0.8145062499999999,
    0.6983372960937497,
    0.6983372960937497,
    0.6983372960937497,
    0.8145062499999999,
    0.8145062499999999,
    0.8145062499999999,
    0.6983372960937497,
    0.8145062499999999,
    0.8145062499999999,
    0.8145062499999999,
    0.8145062499999999,
    0.8145062499999999,
    0.8145062499999999,
    0.8145062499999999,
    0.6983372960937497,
    0.8145062499999999,
    0.8145062499999999,
    0.8145062499999999,
    0.8145062499999999,
    0.6983372960937497,
    0.6634204312890623,
    0.8145062499999999,
    0.8145062499999999,
    0.8145062499999999,
    0.8145062499999999,
    0.8145062499999999,
    0.8145062499999999,
    0.8145062499999999,
    0.6983372960937497,
    0.8145062499999999,
    0.8145062499999999,
    0.6983372960937497,
    0.8145062499999999,
    0.6983372960937497,
    0.6983372960937497,
    0.8145062499999999,
    0.6983372960937497,
    0.8145062499999999,
    0.8145062499999999,
    0.6983372960937497,
    0.8145062499999999,
    0.6983372960937497,
    0.8145062499999999,
    0.8145062499999999,
    0.6983372960937497,
    0.8145062499999999,
    0.8145062499999999,
    0.8145062499999999,
    0.8145062499999999
  ],