{
  "schema_version": "1.0.0",
  "created_at": "2026-04-19T06:09:40Z",
  "phase": "phase2",
  "task": "grid_regime_shift",
  "algorithm": "QLearning",
  "seed": 47,
  "train_steps": 250000,
  "n_transitions": 250000,
  "steps_to_threshold": 16000,
  "auc_disc_return": 0.7089462075807594,
  "final_disc_return_mean": 0.7127066974967171,
  "final_10pct_success_rate": 1.0,
  "adaptation_metrics": {
    "change_at_episode": 200,
    "pre_change_auc": 0.5450940337903293,
    "post_change_auc": 0.646045545583825,
    "lag_to_50pct_recovery": 2,
    "lag_to_75pct_recovery": 413,
    "lag_to_90pct_recovery": null,
    "post_change_optimum": 0.941480149401
  },
  "shortcut_risky_path_fraction": 0.0,
  "episode_returns": [
    0.7177305325982749,
    0.7177305325982749,
    0.7105532272722921,
    0.5639051904523875,
    0.7177305325982749,
    0.7105532272722921,
    0.7177305325982749,
    0.7105532272722921,
    0.7177305325982749,
    0.7177305325982749,
    0.7177305325982749,
    0.7105532272722921,
    0.7177305325982749,
    0.7177305325982749,
    0.7034476949995692,
    0.7177305325982749,
    0.7177305325982749,
    0.7177305325982749,
    0.7105532272722921,
    0.7177305325982749,
    0.7177305325982749,
    0.7034476949995692,
    0.7105532272722921,
    0.7177305325982749,
    0.7177305325982749,
    0.7105532272722921,
    0.7177305325982749,
    0.7177305325982749,
    0.7177305325982749,
    0.7177305325982749,
    0.7105532272722921,
    0.7177305325982749,
    0.7177305325982749,
    0.7034476949995692,
    0.7177305325982749,
    0.7177305325982749,
    0.7177305325982749,
    0.7177305325982749,
    0.7177305325982749,
    0.7177305325982749,
    0.7177305325982749,
    0.7177305325982749,
    0.7105532272722921,
    0.7177305325982749,
    0.7177305325982749,
    0.7105532272722921,
    0.7105532272722921,
    0.7177305325982749,
    0.7177305325982749,
    0.7177305325982749,
    0.7177305325982749,
    0.7177305325982749,
    0.7034476949995692,
    0.7177305325982749,
    0.7177305325982749,
    0.7105532272722921,
    0.7177305325982749,
    0.7177305325982749,
    0.7034476949995692,
    0.7177305325982749,
    0.7177305325982749,
    0.7105532272722921,
    0.7177305325982749,
    0.7105532272722921,
    0.7177305325982749,
    0.7177305325982749,
    0.7105532272722921,
    0.7105532272722921,
    0.7177305325982749,
    0.7177305325982749,
    0.7105532272722921,
    0.7177305325982749,
    0.7177305325982749,
    0.7177305325982749,
    0.7177305325982749,
    0.7105532272722921,
    0.7177305325982749,
    0.7177305325982749,
    0.7177305325982749,
    0.7177305325982749,
    0.7177305325982749,
    0.7177305325982749,
    0.7177305325982749,
    0.7177305325982749,
    0.7105532272722921,
    0.7177305325982749,
    0.7177305325982749,
    0.7177305325982749,
    0.7177305325982749,
    0.7177305325982749,
    0.7034476949995692,
    0.7177305325982749,
    0.7177305325982749,
    0.7105532272722921,
    0.7105532272722921,
    0.7177305325982749,
    0.7034476949995692,
    0.7105532272722921,
    0.7177305325982749,
    0.7177305325982749,
    0.7105532272722921,
    0.7177305325982749,
    0.7034476949995692,
    0.7177305325982749,
    0.7177305325982749,
    0.7105532272722921,
    0.7177305325982749,
    0.7177305325982749,
    0.7177305325982749,
    0.7177305325982749,
    0.7177305325982749,
    0.7177305325982749,
    0.7177305325982749,
    0.7177305325982749,
    0.7105532272722921,
    0.7177305325982749,
    0.7105532272722921,
    0.7177305325982749,
    0.7177305325982749,
    0.7105532272722921,
    0.7105532272722921,
    0.7177305325982749,
    0.7034476949995692,
    0.7177305325982749,
    0.7105532272722921,
    0.7034476949995692,
    0.7105532272722921,
    0.7177305325982749,
    0.7105532272722921,
    0.7177305325982749,
    0.7177305325982749,
    0.7034476949995692,
    0.7177305325982749,
    0.7105532272722921,
    0.7177305325982749,
    0.7105532272722921,
    0.7177305325982749,
    0.7105532272722921,
    0.7105532272722921,
    0.7105532272722921,
    0.7177305325982749,
    0.7177305325982749,
    0.7177305325982749,
    0.7034476949995692,
    0.7034476949995692,
    0.7177305325982749,
    0.7177305325982749,
    0.7177305325982749,
    0.7177305325982749,
    0.7177305325982749,
    0.7177305325982749,
    0.7105532272722921,
    0.7177305325982749,
    0.7105532272722921,
    0.7177305325982749,
    0.7177305325982749,
    0.7177305325982749,
    0.7177305325982749,
    0.7105532272722921,
    0.7105532272722921,
    0.7105532272722921,
    0.7034476949995692,
    0.7177305325982749,
    0.7177305325982749,
    0.7105532272722921,
    0.7177305325982749,
    0.7105532272722921,
    0.7177305325982749,
    0.7177305325982749,
    0.7177305325982749,
    0.7177305325982749,
    0.7177305325982749,
    0.7105532272722921,
    0.7034476949995692,
    0.7177305325982749,
    0.7177305325982749,
    0.7105532272722921,
    0.7177305325982749,
    0.7177305325982749,
    0.7105532272722921,
    0.7177305325982749,
    0.7034476949995692,
    0.7177305325982749,
    0.7034476949995692,
    0.7177305325982749,
    0.7177305325982749,
    0.7177305325982749,
    0.7034476949995692,
    0.7105532272722921,
    0.7177305325982749,
    0.7177305325982749,
    0.7177305325982749,
    0.7177305325982749,
    0.7177305325982749,
    0.7177305325982749,
    0.7177305325982749,
    0.7105532272722921,
    0.7034476949995692,
    0.7177305325982749,
    0.7177305325982749
  ],