{
  "total_s": 6.145923750009388,
  "step_s": 0.0,
  "fit_s": 0.0,
  "eval_s": 0.40328554398729466,
  "plot_s": 0.0,
  "other_s": 0.0,
  "train_s": 5.717875666014152,
  "eval_final_s": 0.12498404199141078,
  "post_s": 0.3003012090048287,
  "steps_per_s": null,
  "updates_per_s": null
}
