{
  "suite": "paper_suite",
  "task": "chain_sparse_long",
  "algorithm": "PI",
  "n_seeds": 5,
  "seeds": [
    11,
    29,
    47,
    67,
    83
  ],
  "scalar_metrics": {
    "final_bellman_residual": {
      "mean": 31.27676631951663,
      "std": 3.972054645195637e-15,
      "median": 31.276766319516625,
      "q25": 31.276766319516625,
      "q75": 31.276766319516625,
      "iqr": 0.0,
      "ci_low": 31.27676631951663,
      "ci_high": 31.27676631951663
    },
    "n_sweeps": {
      "mean": 2.0,
      "std": 0.0,
      "median": 2.0,
      "q25": 2.0,
      "q75": 2.0,
      "iqr": 0.0,
      "ci_low": 2.0,
      "ci_high": 2.0
    },
    "wall_clock_s": {
      "mean": 0.004069308200269006,
      "std": 0.0002142801449702418,
      "median": 0.003977500004111789,
      "q25": 0.003974125000240747,
      "q75": 0.00401150000107009,
      "iqr": 3.737500082934275e-05,
      "ci_low": 0.003958058198622894,
      "ci_high": 0.004259999800706282
    }
  },
  "tail_risk": null,
  "adaptation": null,
  "event_rates": null,
  "curves": {
    "steps": [
      0,
      1
    ],
    "bellman_residual": [
      0.9988901220865705,
      31.27676631951663
    ],
    "supnorm_to_exact": [
      31.27676631951663,
      0.0
    ],
    "mean_return": [
      -0.9988901220865705,
      -31.27676631951663
    ],
    "episode_returns": [
      -0.9988901220865705,
      -31.27676631951663
    ]
  },
  "checkpoints": [
    0,
    1
  ],
  "episode_returns": {},
  "change_at_episode": null,
  "visitation_counts": null
}
