{
  "total_s": 9.855824083002517,
  "step_s": 0.0,
  "fit_s": 0.0,
  "eval_s": 1.3028024609666318,
  "plot_s": 0.0,
  "other_s": 0.0,
  "train_s": 8.900752208021004,
  "eval_final_s": 0.4989339169987943,
  "post_s": 0.4481034580094274,
  "steps_per_s": null,
  "updates_per_s": null
}
