{
  "total_s": 5.790535999985877,
  "step_s": 0.0,
  "fit_s": 0.0,
  "eval_s": 0.6648724989499897,
  "plot_s": 0.0,
  "other_s": 0.0,
  "train_s": 5.135077292012284,
  "eval_final_s": 0.2551788749988191,
  "post_s": 0.39545954199275,
  "steps_per_s": null,
  "updates_per_s": null
}
