{
  "total_s": 5.660946541989688,
  "step_s": 0.0,
  "fit_s": 0.0,
  "eval_s": 0.6407115831389092,
  "plot_s": 0.0,
  "other_s": 0.0,
  "train_s": 5.053749957995024,
  "eval_final_s": 0.24674545900779776,
  "post_s": 0.3557462499884423,
  "steps_per_s": null,
  "updates_per_s": null
}
