{
  "schema_version": "1.0.0",
  "phase": "phase4C",
  "task": "dense_chain_cost_1",
  "algorithm": "safe_target_q_polyak",
  "seed": 42,
  "train_steps": 20000,
  "n_transitions": 20000,
  "mean_return": -0.6415140775914574,
  "final_disc_return_mean": -0.6415140775914574,
  "mean_q_target_gap": 7.125644223140411e-06,
  "std_q_target_gap": 9.690896699404955e-05,
  "p5_q_target_gap": 0.0,
  "p95_q_target_gap": 3.50668799553584e-13,
  "mean_beta_used": 0.03400141680233128,
  "std_beta_used": 0.023448589427838392,
  "p5_beta_used": 0.0,
  "p95_beta_used": 0.07263939763522755,
  "mean_rho": 0.5124442750142162,
  "std_rho": 0.0003029144172236393,
  "p5_rho": 0.5119283252323484,
  "p95_rho": 0.5128205128205129,
  "mean_effective_discount": 0.9507336637222785,
  "std_effective_discount": 0.000590683113586107,
  "p5_effective_discount": 0.9499999999999998,
  "p95_effective_discount": 0.9517397657969205,
  "stage_mean_q_target_gap": [
    4.383172630383046e-06,
    7.587103586647509e-06,
    1.0856945237304521e-05,
    9.147054793181178e-06,
    7.86212768293991e-06,
    2.924808106404584e-06,
    4.6225037220156734e-06,
    1.4781287966303118e-05,
    4.571457581358242e-06,
    1.0502876380105158e-05,
    4.0390483662015186e-06,
    1.0448705718493516e-05,
    6.61985057909532e-06,
    8.339883472087806e-06,
    6.323250108891209e-06,
    1.0749087467633515e-05,
    9.760912517055958e-06,
    5.895883028842448e-06,
    3.0969255178639762e-06,
    0.0
  ],
  "stage_std_q_target_gap": [
    5.226124376812561e-05,
    8.76024609668469e-05,
    0.00013231979900487598,
    9.566554695690015e-05,
    9.510072094927366e-05,
    3.078658044634643e-05,
    6.509089612075567e-05,
    0.00016603143069546562,
    6.854268099068089e-05,
    0.00012379038468855792,
    6.387055541875524e-05,
    0.00010967006031315806,
    8.602515452744957e-05,
    0.00010346477528866483,
    9.091824375311573e-05,
    0.00014442956112029748,
    0.00012645701715399736,
    8.492027902601988e-05,
    4.6522446034152964e-05,
    0.0
  ],
  "stage_mean_beta_used": [
    0.018215775206987046,
    0.018787707685831843,
    0.0194098501033484,
    0.020087843244389135,
    0.020827854540063518,
    0.0272405666116291,
    0.02383107927338829,
    0.0264454796037792,
    0.028121969656834014,
    0.030074021635987946,
    0.03237156846675583,
    0.03510858001738039,
    0.03841247215453457,
    0.04245525462037469,
    0.06116854353204081,
    0.07021968422895321,
    0.07141877040225328,
    0.09583131506209426,
    0.0,
    0.0
  ],
  "stage_std_beta_used": [
    3.469446951953614e-18,
    0.0,
    3.469446951953614e-18,
    3.469446951953614e-18,
    0.0,
    1.0408340855860843e-17,
    0.0,
    1.0408340855860843e-17,
    1.0408340855860843e-17,
    1.3877787807814457e-17,
    6.938893903907228e-18,
    1.3877787807814457e-17,
    6.938893903907228e-18,
    0.0,
    0.0,
    2.7755575615628914e-17,
    2.7755575615628914e-17,
    2.7755575615628914e-17,
    0.0,
    0.0
  ],
  "stage_mean_rho": [
    0.5126078100015614,
    0.5126166378239332,
    0.5126160462513164,
    0.5126159065270006,
    0.5126085768798048,
    0.5125381257770785,
    0.512566826263459,
    0.5125350772265417,
    0.5125116926741672,
    0.5124879065826986,
    0.5124595940273653,
    0.5124276541843155,
    0.5123882315402148,
    0.5123470876524441,
    0.5121314396110059,
    0.5120321757602612,
    0.5120131453517328,
    0.5117405405083973,
    0.5128205128205128,
    0.5128205128205128
  ],
  "stage_std_rho": [
    5.5393147576104226e-05,
    9.113230100636913e-05,
    0.00010427498387048051,
    0.00011197306498207474,
    0.00011067714285446115,
    0.00013140010787711975,
    0.0001048609663017775,
    0.00010866216480498811,
    0.00010978804588898897,
    0.00011359768148042534,
    0.00011625418559023621,
    0.000123268425789368,
    0.0001302204083217078,
    0.00014102446397206678,
    0.00020118641325589986,
    0.00022636679643859862,
    0.00022482241515350026,
    0.00029886161315258565,
    1.1102230246251565e-16,
    1.1102230246251565e-16
  ],
  "stage_mean_effective_discount": [
    0.950414770496955,
    0.9503975562433302,
    0.9503987098099327,
    0.9503989822723486,
    0.9504132750843801,
    0.950550654734697,
    0.950494688786255,
    0.9505565994082433,
    0.9506021992853739,
    0.9506485821637378,
    0.9507037916466378,
    0.9507660743405847,
    0.9508429484965811,
    0.9509231790777343,
    0.9513436927585384,
    0.9515372572674905,
    0.9515743665641214,
    0.9521059460086249,
    0.9499999999999996,
    0.9499999999999996
  ],
  "stage_std_effective_discount": [
    0.00010801663777340291,
    0.00017770798696241694,
    0.0002033362185474326,
    0.00021834747671504185,
    0.0002158204285662067,
    0.0002562302103603903,
    0.00020447888428848056,
    0.0002118912213697157,
    0.0002140866894835206,
    0.000221515478886838,
    0.00022669566190095062,
    0.00024037343028925927,
    0.0002539297962273361,
    0.0002749977047455306,
    0.00039231350584901766,
    0.0004414152530552829,
    0.00043840370954932963,
    0.000582780145647552,
    2.220446049250313e-16,
    2.220446049250313e-16
  ]
}