{
  "total_s": 8.799117834016215,
  "step_s": 0.0,
  "fit_s": 0.0,
  "eval_s": 0.41259141790214926,
  "plot_s": 0.0,
  "other_s": 0.0,
  "train_s": 7.852480500005186,
  "eval_final_s": 0.3473775000020396,
  "post_s": 0.5930043749976903,
  "steps_per_s": null,
  "updates_per_s": null
}
