{
  "schema_version": "1.0.0",
  "created_at": "2026-04-18T19:51:51Z",
  "phase": "phase3",
  "task": "chain_regime_shift",
  "algorithm": "SafeQLearning",
  "seed": 67,
  "train_steps": 180000,
  "n_transitions": 180000,
  "steps_to_threshold": null,
  "auc_disc_return": 15.719221367365932,
  "final_disc_return_mean": 17.84706434620936,
  "final_10pct_success_rate": 0.0,
  "adaptation_metrics": {
    "change_at_episode": 300,
    "pre_change_auc": 3.9348014896323624,
    "post_change_auc": 15.345688093350311,
    "lag_to_50pct_recovery": 0,
    "lag_to_75pct_recovery": 0,
    "lag_to_90pct_recovery": null,
    "post_change_optimum": 20.017213128266608
  },
  "shortcut_risky_path_fraction": 0.0,
  "episode_returns": [
    17.0115579229376,
    18.542514282337645,
    19.387139961289304,
    16.79392346407161,
    19.322103911384154,
    17.471607857359427,
    18.86276438324319,
    16.87853452578455,
    17.663434178265014,
    17.194707230300587,
    17.805886115700964,
    17.130284219201922,
    16.38364456243676,
    16.96627195719208,
    17.70776152056977,
    16.22872027237316,
    16.742915858817934,
    17.213879140754266,
    18.565437038344385,
    18.69967750640593,
    18.35824227971688,
    19.351871234580017,
    15.953574204420766,
    19.428548416924055,
    16.393325075407695,
    18.8099670146218,
    19.406000449561866,
    17.003327012367333,
    18.83892473022376,
    17.990687903915408,
    17.967795495950718,
    18.529647258920907,
    19.277142428344227,
    16.239332575405026,
    17.02771880056893,
    18.36934347418193,
    19.306002631679306,
    17.226298677458605,
    18.246165066659863,
    17.15403655229734,
    18.838547388863752,
    16.851520867204297,
    17.82948013466877,
    19.431071351775095,
    15.815023972204736,
    17.038112054178143,
    16.038383541728322,
    17.654723541529705,
    18.478824841186245,
    17.74457304243908,
    18.379201983097786,
    17.4613144386216,
    18.628878770608292,
    17.889787080324542,
    16.90471132998069,
    17.540785916278047,
    18.75924992317856,
    16.358827718120434,
    18.22205896243401,
    18.431838734999385,
    15.605515616696273,
    17.052725487884597,
    17.67416289881036,
    16.781053142293608,
    17.994095162608197,
    17.539480892534787,
    16.89599554666051,
    17.19736944462315,
    17.009569044297088,
    15.59393020032213,
    18.183700570159065,
    18.154006151954682,
    19.416894809439256,
    18.046042192725103,
    17.47193196933555,
    17.481415080957348,
    17.89881432678797,
    17.783478228877854,
    19.24792090342981,
    16.9431207413466,
    18.548323862796643,
    16.061363181006353,
    18.750786648798133,
    17.91805589343642,
    18.485068570072272,
    18.854205196360912,
    17.85516060638974,
    16.000583558359182,
    18.71593563250085,
    18.50094077312321,
    16.46144683800438,
    17.032497789666696,
    16.288938926262386,
    18.58378556813873,
    18.761968774985995,
    17.684022292365086,
    18.26787814152158,
    17.16285920565387,
    16.95166966786018,
    18.793831708765453,
    16.533335370492004,
    17.721125344201734,
    17.75526421641911,
    18.78005002841241,
    18.524803940043586,
    17.740257550713135,
    15.064264684024563,
    16.96238979833862,
    18.75341771029302,
    18.50903357222421,
    17.105908603660435,
    19.36792301682281,
    18.499149739682824,
    16.187270580516344,
    16.697642068152497,
    18.469824685844852,
    18.750404407674008,
    18.126340457299207,
    18.502910363086528,
    18.19087188547034,
    17.762940781242772,
    19.22912144233336,
    18.729290597885246,
    17.843272807114108,
    18.558113553659954,
    17.323662881751165,
    16.9329503732752,
    17.32826257391425,
    18.818368462591692,
    17.059687919805004,
    15.984567370429366,
    19.32956475615777,
    17.683440013076385,
    16.404141458708775,
    17.717107266871206,
    19.438763296346377,
    18.800131629519093,
    19.391560308650853,
    18.708229482583697,
    17.669318549135838,
    17.114135592062315,
    17.907715361457253,
    16.327567817347326,
    18.098333462235736,
    17.13429397723722,
    17.487263007482962,
    18.59531979681478,
    17.593203773549106,
    19.08449782480634,
    17.918135721701418,
    17.153173842173935,
    16.44585446958175,
    20.0059061184658,
    18.418508944453027,
    19.070873001859184,
    18.68211659402404,
    17.810045076175825,
    14.68272745631391,
    17.879530417669244,
    18.488878927615545,
    18.469763888664083,
    16.17482338338728,
    17.527062338991673,
    16.80634240758719,
    18.488489964614082,
    16.970496708565634,
    18.528945495454007,
    18.433321284769278,
    17.815416292326603,
    16.194731341316906,
    14.071109926004018,
    17.91369844218953,
    17.683273583092742,
    17.535607429997885,
    19.28342967563057,
    19.432652123951048,
    16.75023625000562,
    15.413722257769539,
    15.947743838810249,
    17.76084293406036,
    18.793330987972546,
    18.4807589399549,
    16.961796645768825,
    19.283136158874047,
    16.750563225663985,
    16.950084223652468,
    16.66141684971854,
    17.844681051406738,
    17.640239174212393,
    18.001795807067722,
    17.003195799890793,
    17.65931785381933,
    16.957562080053904,
    17.239291994533907,
    17.92161139172209,
    16.35287120255304,
    19.375056826561757,
    17.95817766077563,
    17.338288680265073,
    17.762692231814082
  ],