{
  "schema_version": "1.0.0",
  "created_at": "2026-04-19T04:07:52Z",
  "phase": "phase3",
  "task": "chain_regime_shift",
  "algorithm": "SafeQLearning",
  "seed": 67,
  "train_steps": 180000,
  "n_transitions": 180000,
  "steps_to_threshold": null,
  "auc_disc_return": 14.356280385801936,
  "final_disc_return_mean": 18.617396001343707,
  "final_10pct_success_rate": 0.0,
  "adaptation_metrics": {
    "change_at_episode": 300,
    "pre_change_auc": 0.0,
    "post_change_auc": 15.957812614860849,
    "lag_to_50pct_recovery": 20,
    "lag_to_75pct_recovery": 37,
    "lag_to_90pct_recovery": null,
    "post_change_optimum": 21.06845435413996
  },
  "shortcut_risky_path_fraction": 0.0,
  "episode_returns": [
    19.72788353941896,
    18.094899647112552,
    19.60935797217188,
    18.07769214249861,
    18.429451570280627,
    20.30926962618385,
    17.95909804668121,
    18.483391307629187,
    17.762365782285414,
    21.048845288252117,
    18.74300395716166,
    16.55388578903531,
    19.591321592161748,
    17.48115471732731,
    17.73942908260569,
    17.333557733575258,
    21.022434297221615,
    18.65331725607203,
    17.587799565891153,
    19.580012408743464,
    16.51356042451841,
    17.08556676999379,
    17.48974595411675,
    18.230987535081148,
    17.695034248381866,
    19.41456680469075,
    17.22166991359258,
    17.7708265517036,
    19.05300466228731,
    18.250115885389246,
    20.243952331198212,
    18.439808183109545,
    17.736368033995845,
    17.419833471815533,
    19.65100983413138,
    19.720928392202868,
    18.636874839974976,
    18.279224230161812,
    18.03647427179831,
    16.873691586395527,
    18.012610322501068,
    20.34621841271009,
    19.230938631218393,
    17.46301711758486,
    18.699455514461025,
    19.63565421595875,
    19.43542868229384,
    19.41528832220439,
    19.632905693964283,
    15.975239840265417,
    18.08804481990202,
    19.698202652349366,
    18.83644868869215,
    17.2290140604929,
    17.78113737510797,
    20.437136053913896,
    16.248131419902943,
    18.505105921515387,
    20.478273416660468,
    18.240855239402507,
    17.81762956563726,
    19.169015547449767,
    18.634941294982017,
    19.719737872740648,
    18.64653545679842,
    19.594581302233276,
    19.403277994941483,
    16.267219952807192,
    18.061884341034684,
    17.571166808844094,
    18.956735541003987,
    17.286063808220966,
    18.630037057447453,
    19.558812861326903,
    18.379703698722878,
    18.73079665147242,
    17.869583937116033,
    16.738654325824424,
    20.084256247159907,
    19.62664608626487,
    17.77596498007524,
    17.85774756670142,
    18.114748512469237,
    18.21245454782121,
    17.784854825955062,
    19.695717477335148,
    18.090871639635697,
    18.034600935572048,
    17.266151364393696,
    18.58595062800481,
    15.752826466781997,
    17.782734698943333,
    20.26752707745934,
    16.434528404676307,
    18.553334801091626,
    18.712852283517556,
    17.875182332622828,
    17.96851697832048,
    18.455505689554784,
    18.716634322526975,
    19.483743945272014,
    17.341104604470488,
    18.77115662689453,
    17.211367322833556,
    18.24699165905401,
    18.673562837336256,
    19.495519676162722,
    18.827317121965507,
    18.168090368263126,
    19.316920657903964,
    19.44780979554684,
    18.711725518585123,
    18.465402989651583,
    19.774025539037332,
    18.112652637289212,
    18.805654630772988,
    18.049874158409416,
    18.278462186010024,
    19.328802297635512,
    19.316944644119562,
    19.602900512822632,
    17.873355345570694,
    17.932512384122248,
    20.319792677990172,
    17.755381289613748,
    18.923226959298866,
    18.426023860196544,
    18.882473820270544,
    15.24151320258646,
    18.13733583812053,
    20.22202708247943,
    18.123286452414455,
    18.887887335525043,
    19.48966690214602,
    15.929013274764607,
    17.474157755211507,
    18.213251255906084,
    17.9998524452777,
    18.634922415115327,
    18.80266851095994,
    18.35197244334426,
    17.87446657544606,
    17.93749434163246,
    19.598300282561244,
    19.729636510188364,
    17.06329114986958,
    15.462261637406506,
    19.126558151522055,
    17.516608212178088,
    20.994911204615317,
    17.65169567059258,
    20.455699148998615,
    18.21809378488119,
    18.672048911421246,
    18.045086806562583,
    17.794179886028804,
    18.724771050036193,
    18.45673405107873,
    18.851930986776367,
    17.12975134594561,
    18.805379330150963,
    16.965231166418185,
    19.45803369311685,
    18.700341880557936,
    18.594178470912293,
    19.63428928247474,
    18.677187843759082,
    19.628092020910096,
    18.28630001048763,
    19.284194810510066,
    18.31549424061377,
    18.16791781462088,
    19.534073018039848,
    19.141825145691396,
    20.292212532812805,
    16.917594620155683,
    18.58925824313616,
    19.404539556396493,
    18.71143290483396,
    19.381509627097536,
    16.364816039529867,
    19.12407439389097,
    18.8922565284282,
    18.09954525943781,
    20.33333031782724,
    18.606518647874296,
    20.15617907201492,
    20.307465286899173,
    15.699228160384477,
    18.87786233406134,
    17.21783978660846,
    18.710359374601296,
    17.309334053116622,
    18.801387685897893,
    17.745114025590794,
    19.027835916221,
    19.471147964647784,
    19.432793825782667,
    18.270703042937456,
    16.75584286806593
  ],