{
  "total_s": 0.8069695419981144,
  "step_s": 0.0,
  "fit_s": 0.0,
  "eval_s": 0.15540420699107926,
  "plot_s": 0.0,
  "other_s": 0.0,
  "train_s": 0.7915372499992372,
  "post_s": 0.015339874997152947,
  "steps_per_s": null,
  "updates_per_s": null
}
