{
  "schema_version": "1.0.0",
  "created_at": "2026-04-19T05:44:58Z",
  "phase": "phase2",
  "task": "chain_regime_shift",
  "algorithm": "QLearning",
  "seed": 47,
  "train_steps": 180000,
  "n_transitions": 180000,
  "steps_to_threshold": null,
  "auc_disc_return": 14.98156175047754,
  "final_disc_return_mean": 19.414446509513272,
  "final_10pct_success_rate": 0.0,
  "adaptation_metrics": {
    "change_at_episode": 300,
    "pre_change_auc": 0.00377873629508264,
    "post_change_auc": 16.554598868297955,
    "lag_to_50pct_recovery": 22,
    "lag_to_75pct_recovery": 95,
    "lag_to_90pct_recovery": null,
    "post_change_optimum": 21.094990776041413
  },
  "shortcut_risky_path_fraction": 0.0,
  "episode_returns": [
    18.58313793753224,
    19.440139935702575,
    18.380477881505325,
    19.244735009841776,
    21.031839214306345,
    19.127083178100182,
    20.98472313909711,
    20.14256668655616,
    20.337889268300227,
    18.575327754032294,
    20.149275803300448,
    20.26975178195768,
    19.515122251796047,
    18.4048246453984,
    21.063225994307178,
    21.02345584036408,
    19.3457694294731,
    19.678898439290336,
    19.151955458291713,
    20.051454170381803,
    19.084995006092722,
    19.52025464622499,
    19.333113347378927,
    20.036104739140413,
    20.361075045124267,
    19.473324218603377,
    17.24916620975421,
    20.436063248610346,
    19.657390341275004,
    20.22953792290624,
    19.422582091180914,
    20.392344683445998,
    18.682185836358116,
    20.95777740147007,
    20.06922086603176,
    18.05925124285494,
    21.018125526321473,
    19.547235371461845,
    20.251144040689773,
    18.74208339233296,
    20.972345814425555,
    18.612412475484568,
    18.926666823561245,
    18.056729696962847,
    18.5419957970628,
    17.83786097343874,
    17.957752356648932,
    19.09302671541881,
    18.786925905273748,
    17.568772970198218,
    18.793182253771704,
    17.935255388932653,
    20.174316081471375,
    21.006060354655894,
    19.61503105580419,
    19.428413188040203,
    18.41156436283183,
    20.929218630418884,
    19.312571343580135,
    20.345530476517347,
    20.222375689255443,
    19.319525776530057,
    19.97958879164491,
    18.75906293803869,
    17.85339165619601,
    18.921518449876874,
    20.413726816845084,
    19.39946063256037,
    19.51951695173255,
    18.533841551424523,
    18.9904088855637,
    17.808401060035525,
    19.40237741340721,
    19.503053036325596,
    17.28291521586622,
    20.215520258644037,
    19.57759277436155,
    19.177395819516747,
    20.092875727580747,
    17.992390945996714,
    19.45959516510879,
    19.000599866001476,
    19.842017261396414,
    18.70600106335953,
    18.745622584623796,
    18.97960758081585,
    20.036719921319918,
    19.355564142502935,
    18.06542191014051,
    19.518082848596276,
    20.31694272727802,
    21.013555840364077,
    17.394189374304602,
    19.513368376589554,
    18.73589394970392,
    21.050108416798956,
    20.26850664172683,
    20.44845959100547,
    19.046315631621198,
    18.487510280486028,
    18.96321356057042,
    17.98390809459596,
    18.69557063351365,
    17.205646269392442,
    18.567025470808467,
    20.399686341083804,
    19.433271342203106,
    17.235321653860883,
    18.57050925128402,
    21.103384833714056,
    19.364028148112826,
    19.40857429051784,
    18.619244672780887,
    18.702606671693335,
    18.74122179452397,
    20.332774108565616,
    19.51162412674248,
    20.27333586531686,
    20.98967736553712,
    18.051582553928064,
    18.93809948802999,
    20.45503540960581,
    20.3026027689441,
    18.592979157340917,
    18.79186712836149,
    19.41757923537443,
    18.7893648562931,
    21.675639979656705,
    20.40427231678612,
    18.435183563021333,
    19.312736024982403,
    19.768923160296204,
    18.87436616996609,
    18.272977196543298,
    20.198134169417024,
    18.79015098938086,
    19.640989515938312,
    18.673811794180658,
    18.85990920173771,
    18.644015765495396,
    19.4353344986894,
    20.335364089621194,
    20.268285787500567,
    18.90765803905981,
    18.5916910274287,
    18.798061949566012,
    20.231721997120637,
    19.162334740989294,
    20.179873054459755,
    18.760402313808328,
    19.472600747266096,
    19.47593553635458,
    20.140025379504703,
    15.412312852626886,
    20.351494450311606,
    18.52795259235696,
    18.837587070440122,
    20.21748997971545,
    19.578361530896373,
    18.748992266371314,
    19.449766349561926,
    19.383120696278894,
    18.667570759668326,
    19.33201700802029,
    21.081248149252083,
    20.310726365529007,
    18.552888031037533,
    20.24576835517862,
    21.032477755147983,
    19.5798615218326,
    17.084998797907648,
    19.752895232886544,
    19.456167772886793,
    18.642185278903554,
    19.53265002223986,
    20.321119186299107,
    20.155943127345054,
    18.75666042484285,
    19.620747725803696,
    18.758397711607724,
    18.890725243119554,
    19.90514158619227,
    18.79974411308915,
    19.341255768602654,
    17.427455641043164,
    20.46000538838763,
    19.449408139722188,
    20.433678742912893,
    17.800840718871672,
    19.140772618643275,
    21.020306975532762,
    19.464067725636866,
    17.6209913511398,
    18.10252732642509,
    19.765832283261737,
    20.312709547795986,
    19.476695540760797,
    18.89617891407989,
    20.090306427295992,
    19.629761140684668
  ],