{
  "total_s": 10.276030584005639,
  "step_s": 0.0,
  "fit_s": 0.0,
  "eval_s": 1.3651177920983173,
  "plot_s": 0.0,
  "other_s": 0.0,
  "train_s": 9.24108974999399,
  "eval_final_s": 0.5239862909947988,
  "post_s": 0.5029320000030566,
  "steps_per_s": null,
  "updates_per_s": null
}
