{
  "total_s": 5.543822834006278,
  "step_s": 0.0,
  "fit_s": 0.0,
  "eval_s": 0.6540906270674895,
  "plot_s": 0.0,
  "other_s": 0.0,
  "train_s": 4.73461149999639,
  "eval_final_s": 0.5625904999906197,
  "post_s": 0.23500458401395008,
  "steps_per_s": null,
  "updates_per_s": null
}
