{
  "total_s": 4.816536541009555,
  "step_s": 0.0,
  "fit_s": 0.0,
  "eval_s": 0.6254100828955416,
  "plot_s": 0.0,
  "other_s": 0.0,
  "train_s": 4.140590625000186,
  "eval_final_s": 0.5425934589875396,
  "post_s": 0.12185270799091086,
  "steps_per_s": null,
  "updates_per_s": null
}
