{
  "total_s": 4.889138999977149,
  "step_s": 0.0,
  "fit_s": 0.0,
  "eval_s": 0.6280542930180673,
  "plot_s": 0.0,
  "other_s": 0.0,
  "train_s": 4.1708454999898095,
  "eval_final_s": 0.5942464169929735,
  "post_s": 0.11269845798960887,
  "steps_per_s": null,
  "updates_per_s": null
}
