{
  "total_s": 7.452380833012285,
  "step_s": 0.0,
  "fit_s": 0.0,
  "eval_s": 0.24665195302804932,
  "plot_s": 0.0,
  "other_s": 0.0,
  "train_s": 7.079852417024085,
  "eval_final_s": 0.0650030419928953,
  "post_s": 0.3060969579964876,
  "steps_per_s": null,
  "updates_per_s": null
}
