{
  "schema_version": "1.0.0",
  "phase": "phase4C",
  "task": "dense_chain_cost_1",
  "algorithm": "safe_double_q",
  "seed": 123,
  "train_steps": 20000,
  "n_transitions": 20000,
  "mean_return": -0.6415140775914574,
  "final_disc_return_mean": -0.6415140775914574,
  "mean_double_gap": 0.0023101083649699097,
  "mean_natural_shift_double": -0.001548423287782859,
  "mean_beta_used": 0.03436451836857779
}