{
  "total_s": 4.9293582499958575,
  "step_s": 0.0,
  "fit_s": 0.0,
  "eval_s": 0.6447416690934915,
  "plot_s": 0.0,
  "other_s": 0.0,
  "train_s": 4.511988458019914,
  "eval_final_s": 0.20518104199436493,
  "post_s": 0.20756816698121838,
  "steps_per_s": null,
  "updates_per_s": null
}
