{
  "total_s": 7.495072458026698,
  "step_s": 0.0,
  "fit_s": 0.0,
  "eval_s": 1.3346281229169108,
  "plot_s": 0.0,
  "other_s": 0.0,
  "train_s": 6.819961167027941,
  "eval_final_s": 0.4364681250008289,
  "post_s": 0.23075045802397653,
  "steps_per_s": null,
  "updates_per_s": null
}
