{
  "total_s": 7.398246541997651,
  "step_s": 0.0,
  "fit_s": 0.0,
  "eval_s": 0.33241821007686667,
  "plot_s": 0.0,
  "other_s": 0.0,
  "train_s": 6.794034416991053,
  "eval_final_s": 0.18250383401755244,
  "post_s": 0.4180617920064833,
  "steps_per_s": null,
  "updates_per_s": null
}
