{
  "total_s": 6.923082583001815,
  "step_s": 0.0,
  "fit_s": 0.0,
  "eval_s": 0.3041269149980508,
  "plot_s": 0.0,
  "other_s": 0.0,
  "train_s": 6.399102166004013,
  "eval_final_s": 0.16456741699948907,
  "post_s": 0.3561714999959804,
  "steps_per_s": null,
  "updates_per_s": null
}
