{
  "total_s": 5.226537708018441,
  "step_s": 0.0,
  "fit_s": 0.0,
  "eval_s": 0.611411252990365,
  "plot_s": 0.0,
  "other_s": 0.0,
  "train_s": 4.4157047500193585,
  "eval_final_s": 0.5962659590004478,
  "post_s": 0.20318170802784152,
  "steps_per_s": null,
  "updates_per_s": null
}
