{
  "total_s": 5.53693758402369,
  "step_s": 0.0,
  "fit_s": 0.0,
  "eval_s": 0.6466802509967238,
  "plot_s": 0.0,
  "other_s": 0.0,
  "train_s": 4.6489669590082485,
  "eval_final_s": 0.6433845830033533,
  "post_s": 0.23295004200190306,
  "steps_per_s": null,
  "updates_per_s": null
}
