{
  "algorithm": "safe_expected_sarsa_stagewise",
  "metrics": {
    "final_10pct_success_rate": {
      "max": 0.0,
      "mean": 0.0,
      "min": 0.0,
      "n": 5,
      "std": 0.0
    },
    "final_disc_return_mean": {
      "max": -0.25660563103658296,
      "mean": -0.25660563103658296,
      "min": -0.25660563103658296,
      "n": 5,
      "std": 0.0
    },
    "frac_u_ge_5e3": {
      "max": 0.05905,
      "mean": 0.058030000000000005,
      "min": 0.0566,
      "n": 5,
      "std": 0.0009959919678390991
    },
    "mean_abs_delta_effective_discount": {
      "max": 0.05085497708550172,
      "mean": 0.05085235109532351,
      "min": 0.05084921780619399,
      "n": 5,
      "std": 2.49036447884742e-06
    },
    "mean_abs_natural_shift": {
      "max": 0.002223635188623046,
      "mean": 0.0022170488226708846,
      "min": 0.0022145452178301047,
      "n": 5,
      "std": 3.7650251453947394e-06
    },
    "mean_abs_target_gap": {
      "max": 3.954845970113904e-05,
      "mean": 3.922520639173783e-05,
      "min": 3.9074040226917316e-05,
      "n": 5,
      "std": 1.8609143531882946e-07
    },
    "mean_return": {
      "max": -0.256590139678163,
      "mean": -0.256599434493215,
      "min": -0.25660563103658296,
      "n": 5,
      "std": 8.48496645299817e-06
    },
    "n_transitions": {
      "max": 20000.0,
      "mean": 20000.0,
      "min": 20000.0,
      "n": 5,
      "std": 0.0
    },
    "train_steps": {
      "max": 20000.0,
      "mean": 20000.0,
      "min": 20000.0,
      "n": 5,
      "std": 0.0
    }
  },
  "n_seeds": 5,
  "per_seed": [
    {
      "final_10pct_success_rate": 0.0,
      "final_disc_return_mean": -0.25660563103658296,
      "frac_u_ge_5e3": 0.0589,
      "mean_abs_delta_effective_discount": 0.05085165333326322,
      "mean_abs_natural_shift": 0.0022145452178301047,
      "mean_abs_target_gap": 3.9174329175466915e-05,
      "mean_return": -0.256590139678163,
      "n_transitions": 20000.0,
      "run_dir": "results/weighted_lse_dp/phase4/translation_4a2/dense_chain_cost_0/safe_expected_sarsa_stagewise/seed_1024",
      "seed": 1024,
      "status": "unknown",
      "train_steps": 20000.0
    },
    {
      "final_10pct_success_rate": 0.0,
      "final_disc_return_mean": -0.25660563103658296,
      "frac_u_ge_5e3": 0.05905,
      "mean_abs_delta_effective_discount": 0.050854808535241,
      "mean_abs_natural_shift": 0.002223635188623046,
      "mean_abs_target_gap": 3.954845970113904e-05,
      "mean_return": -0.25660563103658296,
      "n_transitions": 20000.0,
      "run_dir": "results/weighted_lse_dp/phase4/translation_4a2/dense_chain_cost_0/safe_expected_sarsa_stagewise/seed_123",
      "seed": 123,
      "status": "unknown",
      "train_steps": 20000.0
    },
    {
      "final_10pct_success_rate": 0.0,
      "final_disc_return_mean": -0.25660563103658296,
      "frac_u_ge_5e3": 0.0577,
      "mean_abs_delta_effective_discount": 0.05085497708550172,
      "mean_abs_natural_shift": 0.002215901810299295,
      "mean_abs_target_gap": 3.9074040226917316e-05,
      "mean_return": -0.25660563103658296,
      "n_transitions": 20000.0,
      "run_dir": "results/weighted_lse_dp/phase4/translation_4a2/dense_chain_cost_0/safe_expected_sarsa_stagewise/seed_42",
      "seed": 42,
      "status": "unknown",
      "train_steps": 20000.0
    },
    {
      "final_10pct_success_rate": 0.0,
      "final_disc_return_mean": -0.25660563103658296,
      "frac_u_ge_5e3": 0.0579,
      "mean_abs_delta_effective_discount": 0.05084921780619399,
      "mean_abs_natural_shift": 0.002216426068415258,
      "mean_abs_target_gap": 3.9139683930971074e-05,
      "mean_return": -0.256590139678163,
      "n_transitions": 20000.0,
      "run_dir": "results/weighted_lse_dp/phase4/translation_4a2/dense_chain_cost_0/safe_expected_sarsa_stagewise/seed_456",
      "seed": 456,
      "status": "unknown",
      "train_steps": 20000.0
    },
    {
      "final_10pct_success_rate": 0.0,
      "final_disc_return_mean": -0.25660563103658296,
      "frac_u_ge_5e3": 0.0566,
      "mean_abs_delta_effective_discount": 0.05085109871641761,
      "mean_abs_natural_shift": 0.002214735828186721,
      "mean_abs_target_gap": 3.918951892419484e-05,
      "mean_return": -0.25660563103658296,
      "n_transitions": 20000.0,
      "run_dir": "results/weighted_lse_dp/phase4/translation_4a2/dense_chain_cost_0/safe_expected_sarsa_stagewise/seed_789",
      "seed": 789,
      "status": "unknown",
      "train_steps": 20000.0
    }
  ],
  "schema_version": "1.0.0",
  "seeds": [
    42,
    123,
    456,
    789,
    1024
  ],
  "suite": "translation_4a2",
  "task_tag": "dense_chain_cost_0"
}