{
  "total_s": 4.482234750001226,
  "step_s": 0.0,
  "fit_s": 0.0,
  "eval_s": 0.6506714189963532,
  "plot_s": 0.0,
  "other_s": 0.0,
  "train_s": 3.728390958000091,
  "eval_final_s": 0.6221188330018776,
  "post_s": 0.11974237499816809,
  "steps_per_s": null,
  "updates_per_s": null
}
