{
  "total_s": 6.979253625002457,
  "step_s": 0.0,
  "fit_s": 0.0,
  "eval_s": 0.6680890840943903,
  "plot_s": 0.0,
  "other_s": 0.0,
  "train_s": 6.347449624998262,
  "eval_final_s": 0.2324002920067869,
  "post_s": 0.39456099999370053,
  "steps_per_s": null,
  "updates_per_s": null
}
