{
  "total_s": 6.775593208003556,
  "step_s": 0.0,
  "fit_s": 0.0,
  "eval_s": 0.6681855839851778,
  "plot_s": 0.0,
  "other_s": 0.0,
  "train_s": 6.196325124998111,
  "eval_final_s": 0.222466874984093,
  "post_s": 0.35210391599684954,
  "steps_per_s": null,
  "updates_per_s": null
}
