{
  "schema_version": "1.0.0",
  "created_at": "2026-04-19T05:11:44Z",
  "phase": "phase2",
  "task": "chain_regime_shift",
  "algorithm": "QLearning",
  "seed": 29,
  "train_steps": 180000,
  "n_transitions": 180000,
  "steps_to_threshold": null,
  "auc_disc_return": 6.059231479701844,
  "final_disc_return_mean": 7.840356903849464,
  "final_10pct_success_rate": 0.0,
  "adaptation_metrics": {
    "change_at_episode": 300,
    "pre_change_auc": 0.0,
    "post_change_auc": 6.7443721480805285,
    "lag_to_50pct_recovery": 13,
    "lag_to_75pct_recovery": 235,
    "lag_to_90pct_recovery": null,
    "post_change_optimum": 8.998652929590705
  },
  "shortcut_risky_path_fraction": 0.0,
  "episode_returns": [
    8.492624029309418,
    8.560278662381396,
    8.555730096825528,
    7.72456099728101,
    8.660757545479406,
    7.840682062140502,
    7.524863580561436,
    8.241978439632607,
    8.314538054566949,
    8.49352366211039,
    8.547530085315678,
    7.575821228552009,
    8.558206796148074,
    7.373108529303188,
    8.32809215613558,
    7.612626321174325,
    9.125621359296613,
    8.40482206956782,
    7.17575415409243,
    7.993245871540331,
    7.829235544221312,
    7.966891964281018,
    7.874655608752508,
    8.353620461595446,
    8.753364255586604,
    6.561399137349535,
    7.5167286165254055,
    7.825669639335104,
    7.9882539776102455,
    7.967796810923751,
    8.418570616008637,
    8.986503097708113,
    8.260773531788992,
    7.472939706615811,
    8.615153833676713,
    7.501097525327755,
    9.066243791526583,
    6.814866174986656,
    8.140861960432193,
    7.349793514081463,
    7.221820851356183,
    7.19184076191718,
    8.500494579792413,
    7.529127058772058,
    8.711852217920486,
    8.24305174635378,
    7.208735614041662,
    8.780282519699279,
    7.992378711095883,
    7.448736968783661,
    9.165811715346655,
    6.737068149266819,
    6.855652201832549,
    8.830722356830602,
    9.0420520660094,
    7.941304384777662,
    7.695407709918769,
    8.103238185908411,
    8.679452876318635,
    8.813991921133525,
    8.843243975640718,
    8.01491213646799,
    8.055978721200285,
    8.091131979294941,
    8.051415471834025,
    8.676201610252463,
    8.816858585265786,
    7.9817365483034495,
    7.6328635642851275,
    7.955959079697502,
    7.809953245793328,
    8.399607307373985,
    6.934214221532218,
    8.104936659116051,
    6.324167043720497,
    7.773005724452072,
    8.078744480976296,
    8.027028897150897,
    7.9216815250070125,
    6.276067568351439,
    7.065967299797298,
    6.654682973729413,
    8.59307475521574,
    8.011799548130824,
    6.8749963442784265,
    9.124233249711283,
    8.898120871540328,
    7.246923383018313,
    7.562052363866943,
    7.228770564522157,
    8.05543135824436,
    8.532803309236368,
    8.113202202832658,
    8.824556689835822,
    8.895975845518885,
    7.351783038050337,
    7.849495086778556,
    6.4364110174970115,
    6.784350178817135,
    7.433533609844707,
    8.047647005329393,
    8.089133198864277,
    7.446593465332131,
    7.494074062360628,
    8.333161707150014,
    7.788875886446008,
    8.783556324147535,
    8.154712157921393,
    8.130142515822806,
    8.507204542482494,
    6.58606668726456,
    7.171476168205627,
    7.8116687217563845,
    8.015657628899316,
    7.445565107728005,
    6.889372654383822,
    8.071993559296457,
    6.9682449946851746,
    8.261866622905385,
    7.315814797083094,
    8.936947373081038,
    6.609210860096863,
    8.970704415806292,
    8.055097477609147,
    8.821997020211317,
    7.879574912696911,
    6.910994970541381,
    8.773872370776237,
    8.908766079003987,
    8.605449432288763,
    7.75069233769487,
    7.5097500427460275,
    8.7035020153278,
    6.777415746783425,
    8.090586793843176,
    7.9315339033183525,
    8.642599728824873,
    9.19319266753839,
    7.876207084564871,
    8.546932223031416,
    8.204660964232366,
    8.027571354237413,
    7.5627849388288455,
    8.116761912877514,
    7.7796606600452565,
    6.489115986648519,
    6.588572917009856,
    7.532482092545856,
    8.172046433809061,
    8.026150030633364,
    7.955175104321432,
    8.27848067516753,
    7.884529873884248,
    8.78848404349037,
    7.961763040786192,
    8.363666546192425,
    6.829841452967843,
    8.906037439402207,
    7.355977489586211,
    8.835270097318498,
    7.055965278209568,
    8.192159592255146,
    7.164498534885527,
    7.233230407256225,
    8.826755940858982,
    8.780067904330426,
    6.740945193213489,
    6.513697690555862,
    7.369455975954562,
    7.033834009085768,
    8.624672213195364,
    7.804377534612072,
    7.961113687014621,
    7.477759930039148,
    8.196609797209275,
    4.552166357286236,
    7.61047844642935,
    8.426755617338983,
    6.294842197875056,
    6.760997402587718,
    7.836525417721622,
    8.894251958896614,
    7.829525534270523,
    6.519007093608656,
    6.911594767071747,
    6.950534558412573,
    8.057061208232914,
    7.4047348566396565,
    7.1990359239630175,
    8.585595455839023,
    7.98637517282013,
    8.53154446807534,
    7.184746004315622,
    7.943240704270949,
    8.77032450864409,
    8.059414455930959,
    8.324462308705208,
    8.77256788123223,
    8.906245396809283,
    7.570766223796892
  ],