{
  "total_s": 4.834373250021599,
  "step_s": 0.0,
  "fit_s": 0.0,
  "eval_s": 0.6371925439452752,
  "plot_s": 0.0,
  "other_s": 0.0,
  "train_s": 4.422508875024505,
  "eval_final_s": 0.20126187498681247,
  "post_s": 0.20596300001488999,
  "steps_per_s": null,
  "updates_per_s": null
}
