{
  "schema_version": "1.0.0",
  "created_at": "2026-04-19T05:11:24Z",
  "phase": "phase2",
  "task": "chain_regime_shift",
  "algorithm": "QLearning",
  "seed": 11,
  "train_steps": 180000,
  "n_transitions": 180000,
  "steps_to_threshold": null,
  "auc_disc_return": 3.1876015232460375,
  "final_disc_return_mean": 4.1038963656127505,
  "final_10pct_success_rate": 0.0,
  "adaptation_metrics": {
    "change_at_episode": 300,
    "pre_change_auc": 0.0,
    "post_change_auc": 3.5655751055623153,
    "lag_to_50pct_recovery": 10,
    "lag_to_75pct_recovery": 69,
    "lag_to_90pct_recovery": 2416,
    "post_change_optimum": 4.709809988630931
  },
  "shortcut_risky_path_fraction": 0.0,
  "episode_returns": [
    3.568795034259857,
    4.379075969245067,
    4.517159913477617,
    3.874499291503835,
    4.059465430784241,
    3.3785350200547746,
    4.639613720914648,
    4.273307028066989,
    4.639313594594728,
    3.803255603649227,
    3.6169102064036194,
    4.708226040309257,
    4.139227050347818,
    4.596879698486924,
    4.180037912645712,
    4.525198396171711,
    4.3606755423819665,
    3.874935587735215,
    4.615527577699042,
    4.393795110314519,
    3.441763498411231,
    4.201028772669527,
    4.705595931897888,
    4.285123806711305,
    4.4811260503903405,
    4.024772966130995,
    3.611908183988006,
    3.7828352256207385,
    4.627808624286315,
    4.213624685038505,
    4.393622048835764,
    3.2422145085076477,
    4.576761896709807,
    4.543405452569498,
    4.487405276383154,
    4.478688501312971,
    3.0637795582580196,
    4.674456487874907,
    4.70986799736853,
    3.8684865647701687,
    3.6505656829274176,
    4.260361447373195,
    3.5798774946122247,
    4.705537415603029,
    4.617473962769734,
    3.760655394953778,
    4.489090999291206,
    4.410047966877523,
    3.546089287303487,
    3.6587662400907357,
    3.7330429755947305,
    3.45025197949912,
    3.707557981540407,
    3.2144879574331005,
    4.365978791584959,
    4.5733055136295855,
    4.319220421460914,
    4.680241367712786,
    4.402495519012154,
    4.608260442026161,
    4.537503584512853,
    4.155669734882763,
    4.616448084780601,
    4.371046565061349,
    3.6669632921376465,
    3.7827871816346907,
    4.272616347778702,
    4.321912410421964,
    3.5347186329409417,
    4.5621117567331,
    3.885881623043228,
    4.470002141985601,
    4.666606711030515,
    3.784402864308949,
    4.490170286102285,
    4.035650028777074,
    4.72304351690725,
    4.296304762938844,
    3.2120488454119624,
    3.9430913837941546,
    4.539541054264275,
    4.7050114454578456,
    4.591535162064609,
    3.273277692351676,
    4.499179421158292,
    3.2246812612789384,
    3.7232616056605603,
    4.060344265387794,
    4.440107141400578,
    4.422739029219647,
    3.9161956645327334,
    4.3843441364648985,
    4.064697829308424,
    4.265332603455912,
    4.032497580821972,
    4.458080237861786,
    4.2684469295486585,
    4.05410067870488,
    4.103816528164626,
    3.6958526968303427,
    4.544845303716237,
    3.9603671537826366,
    4.284384827303205,
    4.405698346665526,
    4.013398203190039,
    3.572143867522249,
    3.324226624867548,
    4.207793965618389,
    4.409435406083815,
    4.668028496295757,
    4.30797627548543,
    3.826411601967328,
    4.2569322326930115,
    4.320105032861232,
    4.716968541429188,
    3.9973332730999163,
    4.307258101767974,
    4.322894672232708,
    4.056923781614724,
    4.6184567404890435,
    3.5821452924247983,
    4.416104199921484,
    3.3605577702574827,
    4.567914872543519,
    3.616015294072542,
    4.7110211500208194,
    3.382597519351912,
    4.379213573950075,
    3.990755548289276,
    3.448139026280524,
    3.4621172208734325,
    4.51883246729198,
    4.371273392291844,
    3.9567853501789076,
    3.6889586536015853,
    4.184981323317663,
    3.7788146025934206,
    2.4166893009455164,
    4.236086998452625,
    4.5617249388214836,
    4.07595063385948,
    3.812226442291502,
    3.9750640911198936,
    3.210608757487467,
    3.7366550192177335,
    3.541349689270147,
    3.7193439955287704,
    4.500017691644635,
    3.60675677818828,
    4.712554531796026,
    3.0222239557329758,
    2.713687948996011,
    3.886282173683302,
    3.9001794340201763,
    3.4384720749237374,
    4.154574141020151,
    3.9606521238720953,
    4.354683023931325,
    3.861454125895138,
    3.382485136408943,
    4.313925480699881,
    4.551968104575394,
    3.5069475118832254,
    4.450304687341415,
    4.632508824142574,
    4.32178352298313,
    3.553269921099212,
    4.142559253313563,
    4.276573136519414,
    4.150105751624348,
    3.883760027634738,
    4.583963825212066,
    4.225129374439939,
    4.352033367867265,
    3.8755925935286855,
    3.9831740646484843,
    4.457923489749186,
    4.449657403351759,
    4.130987584898334,
    4.233871651916076,
    3.2935182594704027,
    3.800160785430792,
    3.3235374426083544,
    4.39135180204685,
    3.826896354935059,
    4.016053337000273,
    3.800571252302598,
    4.309025785635926,
    4.1124326867089955,
    4.176285302214148,
    4.2910939127536025,
    4.11801864473808,
    4.396168904530233,
    4.3441110546790025,
    3.663948805623863,
    4.517915508460763,
    4.362196244877932,
    4.014122926636493,
    3.676632138777942,
    3.3459439553557857
  ],