{
  "suite": "paper_suite",
  "task": "chain_regime_shift_pre_shift",
  "algorithm": "MPI",
  "n_seeds": 5,
  "seeds": [
    11,
    29,
    47,
    67,
    83
  ],
  "scalar_metrics": {
    "final_bellman_residual": {
      "mean": 0.0,
      "std": 0.0,
      "median": 0.0,
      "q25": 0.0,
      "q75": 0.0,
      "iqr": 0.0,
      "ci_low": 0.0,
      "ci_high": 0.0
    },
    "n_sweeps": {
      "mean": 2.0,
      "std": 0.0,
      "median": 2.0,
      "q25": 2.0,
      "q75": 2.0,
      "iqr": 0.0,
      "ci_low": 2.0,
      "ci_high": 2.0
    },
    "wall_clock_s": {
      "mean": 0.003981858400220517,
      "std": 4.201413468085681e-05,
      "median": 0.003975249994255137,
      "q25": 0.0039634580025449395,
      "q75": 0.0040052920012385584,
      "iqr": 4.1833998693618923e-05,
      "ci_low": 0.0039501252031186596,
      "ci_high": 0.004012899997178465
    }
  },
  "tail_risk": null,
  "adaptation": null,
  "event_rates": null,
  "curves": {
    "steps": [
      0,
      1
    ],
    "bellman_residual": [
      20.62906695327968,
      0.0
    ],
    "supnorm_to_exact": [
      0.0,
      0.0
    ],
    "mean_return": [
      -20.62906695327968,
      -0.0
    ],
    "episode_returns": [
      -20.62906695327968,
      -0.0
    ]
  },
  "checkpoints": [
    0,
    1
  ],
  "episode_returns": {},
  "change_at_episode": null,
  "visitation_counts": null
}
