{
  "total_s": 6.112289957993198,
  "step_s": 0.0,
  "fit_s": 0.0,
  "eval_s": 0.3466607920418028,
  "plot_s": 0.0,
  "other_s": 0.0,
  "train_s": 5.486920583003666,
  "eval_final_s": 0.20233224998810329,
  "post_s": 0.4189651249907911,
  "steps_per_s": null,
  "updates_per_s": null
}
