{
  "total_s": 7.377523625007598,
  "step_s": 0.0,
  "fit_s": 0.0,
  "eval_s": 1.2926415428810287,
  "plot_s": 0.0,
  "other_s": 0.0,
  "train_s": 6.703096417011693,
  "eval_final_s": 0.4369335829978809,
  "post_s": 0.22970379100297578,
  "steps_per_s": null,
  "updates_per_s": null
}
