{
  "total_s": 6.625730957981432,
  "step_s": 0.0,
  "fit_s": 0.0,
  "eval_s": 0.8466403330094181,
  "plot_s": 0.0,
  "other_s": 0.0,
  "train_s": 6.335161165974569,
  "eval_final_s": 0.08922741701826453,
  "post_s": 0.19957624998642132,
  "steps_per_s": null,
  "updates_per_s": null
}
