{
  "schema_version": "1.0.0",
  "phase": "phase4C",
  "task": "dense_chain_cost_0",
  "algorithm": "safe_double_q",
  "seed": 1024,
  "train_steps": 20000,
  "n_transitions": 20000,
  "mean_return": -0.25660563103658307,
  "final_disc_return_mean": -0.25660563103658296,
  "mean_double_gap": 0.0008938033453894333,
  "std_double_gap": 0.0019275911353294002,
  "p5_double_gap": 0.0,
  "p95_double_gap": 0.005246585560573379,
  "mean_natural_shift_double": -0.0015185469852782394,
  "std_natural_shift_double": 0.0011596359254358996,
  "p5_natural_shift_double": -0.0036585800039551893,
  "p95_natural_shift_double": 0.0,
  "mean_beta_used": 0.08535059811805724,
  "std_beta_used": 0.05953587439221311,
  "p5_beta_used": 0.0,
  "p95_beta_used": 0.18591682123540232,
  "mean_rho": 0.5124411142118853,
  "std_rho": 0.00028973377793473494,
  "p5_rho": 0.5119064273085729,
  "p95_rho": 0.5128205128205129,
  "mean_effective_discount": 0.9507398272868235,
  "std_effective_discount": 0.00056498086697273,
  "p5_effective_discount": 0.9499999999999998,
  "p95_effective_discount": 0.9517824667482827,
  "stage_mean_double_gap": [
    0.00011028567007997445,
    0.0001826348766622396,
    0.00037546133062457156,
    0.000621552912458494,
    0.0014079427593329664,
    0.0013625862440510832,
    0.0008668703184308316,
    0.001098376817159044,
    0.0009694644708269682,
    0.0008827914309344398,
    0.0009062684091345016,
    0.0014801136389353679,
    0.000982014297778059,
    0.0007038109333830293,
    0.0010339897635833618,
    0.0011707797726592268,
    0.0014634458494655715,
    0.0013448229869540453,
    0.0009128544253348914,
    0.0
  ],
  "stage_std_double_gap": [
    0.0008226051464656484,
    0.0006655295216070074,
    0.0011157907353001228,
    0.0014683546665329626,
    0.0027496478132744175,
    0.0023984162056897252,
    0.0015336810307687197,
    0.0022022409309304554,
    0.0017998119530068999,
    0.0016187521797834414,
    0.00215510864885165,
    0.0026038771565442165,
    0.0019845662504823,
    0.0014873884471305206,
    0.00210625842302864,
    0.0019254971008120388,
    0.002381463431288337,
    0.002385890163434806,
    0.0015897491253510274,
    0.0
  ],
  "stage_mean_natural_shift_double": [
    -0.0008684990095436672,
    -0.000842322820683991,
    -0.0008432949227232862,
    -0.0008725060922844873,
    -0.0008895644041938008,
    -0.0009477786685668334,
    -0.0012792731764371208,
    -0.0011121699163188674,
    -0.0012641395285807194,
    -0.001356401491636527,
    -0.0014514951656905205,
    -0.001539713012734858,
    -0.0017326730122692964,
    -0.0019164911013516324,
    -0.002745152631699392,
    -0.003138530182997484,
    -0.0032748832926811932,
    -0.004296051275171113,
    0.0,
    0.0
  ],
  "stage_std_natural_shift_double": [
    0.0001958453839657978,
    0.0002989503112318366,
    0.0003201792654934872,
    0.0002949206038571015,
    0.00031121349713177977,
    0.00029990578749369655,
    0.00034237378853250246,
    0.0003072504691262499,
    0.00031755607292214557,
    0.0003399373724797047,
    0.00037554854397554686,
    0.0004188227930093957,
    0.00040439326346461814,
    0.00042387414708155714,
    0.0006452281723553498,
    0.0007824313964238206,
    0.0007712401102863421,
    0.0010690328555614443,
    0.0,
    0.0
  ],
  "stage_mean_beta_used": [
    0.045760919790002075,
    0.04720145644169734,
    0.04876866876756691,
    0.05047683648851972,
    0.05234159011888896,
    0.05437954500340371,
    0.07188438077123746,
    0.06292873751622396,
    0.07059978520444132,
    0.0755011310874636,
    0.08126951828457084,
    0.08814057579907762,
    0.09643365687658093,
    0.10657956861842738,
    0.15289080206476838,
    0.17624036837902896,
    0.18292900019775943,
    0.24268542095148635,
    0.0,
    0.0
  ],
  "stage_std_beta_used": [
    6.938893903907228e-18,
    6.938893903907228e-18,
    6.938893903907228e-18,
    6.938893903907228e-18,
    6.938893903907228e-18,
    0.0,
    1.3877787807814457e-17,
    0.0,
    0.0,
    0.0,
    1.3877787807814457e-17,
    2.7755575615628914e-17,
    2.7755575615628914e-17,
    4.163336342344337e-17,
    2.7755575615628914e-17,
    5.551115123125783e-17,
    2.7755575615628914e-17,
    0.0,
    0.0,
    0.0
  ],
  "stage_mean_rho": [
    0.5126035282956233,
    0.5126100680208642,
    0.5126098251083745,
    0.5126025270075992,
    0.5125982651068368,
    0.5125837207916957,
    0.5125008992280193,
    0.5125426489131442,
    0.5125046803258329,
    0.5124816291894047,
    0.512457870478122,
    0.5124358295766694,
    0.5123876193412975,
    0.5123416928735746,
    0.5121346508860483,
    0.512036363364257,
    0.5120022948458167,
    0.5117471452435025,
    0.5128205128205128,
    0.5128205128205128
  ],
  "stage_std_rho": [
    4.892973227512862e-05,
    7.468921569962097e-05,
    7.999306212302973e-05,
    7.368260110402406e-05,
    7.775323804361284e-05,
    7.49281805683244e-05,
    8.55389051849757e-05,
    7.676350121650004e-05,
    7.933847291206769e-05,
    8.493032791072166e-05,
    9.382760940954459e-05,
    0.00010463955020040712,
    0.00010103481472917536,
    0.00010590239122278792,
    0.00016120854258448513,
    0.00019548937055069597,
    0.00019269440790957462,
    0.0002671026619364406,
    1.1102230246251565e-16,
    1.1102230246251565e-16
  ],
  "stage_mean_effective_discount": [
    0.950423119823535,
    0.950410367359315,
    0.9504108410386704,
    0.9504250723351816,
    0.9504333830416686,
    0.9504617444561935,
    0.9506232465053629,
    0.9505418346193689,
    0.9506158733646257,
    0.9506608230806607,
    0.9507071525676621,
    0.9507501323254951,
    0.9508441422844698,
    0.9509336988965299,
    0.9513374307722061,
    0.9515290914396992,
    0.9515955250506575,
    0.9520930667751706,
    0.9499999999999996,
    0.9499999999999996
  ],
  "stage_std_effective_discount": [
    9.541297793648749e-05,
    0.00014564397061427574,
    0.00015598647113991177,
    0.0001436810721528429,
    0.00015161881418505578,
    0.00014610995210822826,
    0.000166800865110719,
    0.0001496888273721832,
    0.0001547100221785503,
    0.0001656141394258914,
    0.00018296383834860987,
    0.00020404712289081003,
    0.0001970178887219069,
    0.0002065096628844562,
    0.00031435665803974803,
    0.00038120427257386214,
    0.0003757540954236605,
    0.0005208501907760512,
    2.220446049250313e-16,
    2.220446049250313e-16
  ]
}