{
  "total_s": 5.530742333998205,
  "step_s": 0.0,
  "fit_s": 0.0,
  "eval_s": 0.6622552489570808,
  "plot_s": 0.0,
  "other_s": 0.0,
  "train_s": 4.724128166999435,
  "eval_final_s": 0.5740787089744117,
  "post_s": 0.22058491699863225,
  "steps_per_s": null,
  "updates_per_s": null
}
