{
  "total_s": 4.813112458010437,
  "step_s": 0.0,
  "fit_s": 0.0,
  "eval_s": 0.6204927088983823,
  "plot_s": 0.0,
  "other_s": 0.0,
  "train_s": 4.1003280419972725,
  "eval_final_s": 0.5873455419787206,
  "post_s": 0.11416554101742804,
  "steps_per_s": null,
  "updates_per_s": null
}
