{
  "total_s": 8.694845833000727,
  "step_s": 0.0,
  "fit_s": 0.0,
  "eval_s": 1.3465483359468635,
  "plot_s": 0.0,
  "other_s": 0.0,
  "train_s": 7.660694374993909,
  "eval_final_s": 0.5223947920021601,
  "post_s": 0.5036591670068447,
  "steps_per_s": null,
  "updates_per_s": null
}
