{
  "phase": "phase4",
  "schedule_version": 3,
  "task_family": "dense_chain_cost",
  "scheduler_mode": "stagewise_u",
  "gamma_eval": 0.95,
  "gamma_base": 0.95,
  "sign_family": 1,
  "reward_bound": 0.05,
  "alpha_t": [
    0.2464678484356346,
    0.24534240282389577,
    0.243967859374845,
    0.2422940831791856,
    0.2428333150291331,
    0.26,
    0.2594466428305939,
    0.2586302750664526,
    0.25747520452696404,
    0.25587670236484855,
    0.2536857122570862,
    0.25068276162389924,
    0.24653099203114479,
    0.24068580954582366,
    0.3,
    0.28510577011879834,
    0.2879946360166682,
    0.3,
    0.14280500000000002,
    0.14280500000000002
  ],
  "kappa_t": [
    0.9623233924217817,
    0.9622671201411948,
    0.9621983929687422,
    0.9621147041589593,
    0.9621416657514567,
    0.963,
    0.9629723321415297,
    0.9629315137533226,
    0.9628737602263482,
    0.9627938351182423,
    0.9626842856128542,
    0.9625341380811949,
    0.9623265496015572,
    0.9620342904772912,
    0.965,
    0.9642552885059399,
    0.9643997318008334,
    0.9618300645341439,
    0.9554925,
    0.9554925
  ],
  "Bhat_t": [
    1.39016339352829,
    1.3432733774403791,
    1.2946232406419387,
    1.2441542714994207,
    1.1918062020492435,
    1.1373649442720715,
    1.0798182183510607,
    1.020089763292065,
    0.9581052755205681,
    0.8937882732605162,
    0.8270600041417202,
    0.7578393197488158,
    0.6860424930643994,
    0.6115829323300704,
    0.5343706949104902,
    0.4527157460212333,
    0.3683835082425323,
    0.28088301905342583,
    0.19066051875,
    0.0975,
    0.0
  ],
  "A_t": [
    1.3932733774403792,
    1.3446232406419387,
    1.2941542714994207,
    1.2418062020492435,
    1.1873649442720715,
    1.1298182183510608,
    1.070089763292065,
    1.0081052755205682,
    0.9437882732605163,
    0.8770600041417203,
    0.8078393197488158,
    0.7360424930643994,
    0.6615829323300705,
    0.5843706949104902,
    0.5027157460212334,
    0.4183835082425323,
    0.3308830190534258,
    0.24066051875,
    0.14750000000000002,
    0.05
  ],
  "xi_ref_t": [
    0.3805481614712018,
    0.37818803948774776,
    0.3753055454982734,
    0.3717955438122263,
    0.37292634296410465,
    0.4089258352187112,
    0.4077654144870513,
    0.4060534459239892,
    0.4036311988209282,
    0.4002790509658411,
    0.395684422967007,
    0.38938706862958894,
    0.38068057709957476,
    0.36842290463898125,
    0.3506400813408403,
    0.32360111280284953,
    0.27961210879170606,
    0.19737346302882097,
    0.02,
    0.02
  ],
  "u_target_t": [
    0.00013879129809605596,
    0.000150334330011326,
    0.00016443221154005213,
    0.00018159914688014775,
    0.0001760685638037638,
    0.0,
    5.675458147755535e-06,
    1.404846085689736e-05,
    2.5895338184984962e-05,
    4.229023215539989e-05,
    6.476192556834721e-05,
    9.556141924205934e-05,
    0.00013814367147543826,
    0.00019809426106847565,
    0.00028506760325718787,
    0.00041731147835267633,
    0.0009188612591918184,
    0.001230761397767388,
    0.002,
    0.002
  ],
  "u_tr_cap_t": [
    0.000152587890625,
    0.000152587890625,
    0.00030517578125,
    0.00030517578125,
    0.00030517578125,
    0.0,
    0.000152587890625,
    0.000152587890625,
    0.000152587890625,
    0.000152587890625,
    0.000152587890625,
    0.000152587890625,
    0.000152587890625,
    0.00030517578125,
    0.00030517578125,
    0.00030517578125,
    0.0006103515625,
    0.000762939453125,
    0.0,
    0.0
  ],
  "U_safe_ref_t": [
    0.00962350413763392,
    0.009520158339081462,
    0.009394677877782491,
    0.009242978262273549,
    0.009291718954718598,
    0.010908778232492328,
    0.010854676005660946,
    0.010775099509327991,
    0.010662997315317155,
    0.010508805821235954,
    0.0102992487856258,
    0.010015386666519278,
    0.009629318539892169,
    0.009098350711863611,
    0.01079261564062262,
    0.009465969478582692,
    0.00826206183058189,
    0.004791516928403238,
    0.00022545137999577944,
    0.00022545137999577944
  ],
  "u_ref_used_t": [
    0.00013879129809605596,
    0.000150334330011326,
    0.00016443221154005213,
    0.00018159914688014775,
    0.0001760685638037638,
    0.0,
    5.675458147755535e-06,
    1.404846085689736e-05,
    2.5895338184984962e-05,
    4.229023215539989e-05,
    6.476192556834721e-05,
    9.556141924205934e-05,
    0.00013814367147543826,
    0.00019809426106847565,
    0.00028506760325718787,
    0.00030517578125,
    0.0006103515625,
    0.000762939453125,
    0.0,
    0.0
  ],
  "theta_used_t": [
    0.00036471414698073393,
    0.0003975121217872265,
    0.0004381289152595498,
    0.0004884382018625366,
    0.0004721269149407098,
    0.0,
    1.391843924501292e-05,
    3.45975659064525e-05,
    6.415593804599204e-05,
    0.00010565187474427395,
    0.00016367064713524796,
    0.00024541497892669817,
    0.00036288605141865165,
    0.0005376817200401501,
    0.0008129920634489228,
    0.0009430615939690079,
    0.0021828509685704444,
    0.003865461148713764,
    0.0,
    0.0
  ],
  "beta_used_t": [
    0.0002617678288310944,
    0.00029563085760547287,
    0.00033854458074146683,
    0.0003933288471715715,
    0.00039762578238332016,
    0.0,
    1.3006795992696634e-05,
    3.431939773213359e-05,
    6.797704513148036e-05,
    0.00012046139858773234,
    0.00020260297206892408,
    0.00033342501450554947,
    0.0005485118096087825,
    0.0009201038394345022,
    0.001617200316249064,
    0.0022540601514874376,
    0.0065970474242378445,
    0.01606188322368421,
    0.0,
    0.0
  ],
  "trust_clip_active_t": [
    false,
    false,
    false,
    false,
    false,
    false,
    false,
    false,
    false,
    false,
    false,
    false,
    false,
    false,
    false,
    true,
    true,
    true,
    true,
    true
  ],
  "safe_clip_active_t": [
    true,
    true,
    true,
    true,
    true,
    true,
    true,
    true,
    true,
    true,
    true,
    true,
    true,
    true,
    true,
    false,
    false,
    false,
    false,
    false
  ],
  "source_phase": "phase4_diagnostic_sweep",
  "notes": "Phase IV-B diagnostic sweep (u_max=0.0000) stagewise schedule from classical pilot",
  "provenance": {
    "git_sha": "01a22b9945b1a74a643b82b1f38fefc5e36ee5f8",
    "calibration_code_version": "v3.0",
    "input_hashes": {
      "margins": "e7d6b71300293fae",
      "p_align": "071c86d5d2228b8c",
      "n_by_stage": "35d6f04339c16583"
    }
  }
}