{
  "total_s": 0.6690877919900231,
  "step_s": 0.0,
  "fit_s": 0.0,
  "eval_s": 0.1514758349803742,
  "plot_s": 0.0,
  "other_s": 0.0,
  "train_s": 0.6528981250012293,
  "post_s": 0.016149666989804246,
  "steps_per_s": null,
  "updates_per_s": null
}
