{
  "total_s": 8.613251375005348,
  "step_s": 0.0,
  "fit_s": 0.0,
  "eval_s": 0.28729825088521466,
  "plot_s": 0.0,
  "other_s": 0.0,
  "train_s": 7.997504708007909,
  "eval_final_s": 0.1041109170182608,
  "post_s": 0.5100187080097385,
  "steps_per_s": null,
  "updates_per_s": null
}
