{
  "total_s": 7.203918415994849,
  "step_s": 0.0,
  "fit_s": 0.0,
  "eval_s": 0.29800250110565685,
  "plot_s": 0.0,
  "other_s": 0.0,
  "train_s": 6.616731082991464,
  "eval_final_s": 0.18968170799780637,
  "post_s": 0.39432374999159947,
  "steps_per_s": null,
  "updates_per_s": null
}
