{
  "total_s": 8.884209292009473,
  "step_s": 0.0,
  "fit_s": 0.0,
  "eval_s": 1.2998610840004403,
  "plot_s": 0.0,
  "other_s": 0.0,
  "train_s": 8.202373375010211,
  "eval_final_s": 0.44085483299568295,
  "post_s": 0.23339083400787786,
  "steps_per_s": null,
  "updates_per_s": null
}
