{
  "total_s": 4.730202457983978,
  "step_s": 0.0,
  "fit_s": 0.0,
  "eval_s": 0.6451880799140781,
  "plot_s": 0.0,
  "other_s": 0.0,
  "train_s": 3.9406689159804955,
  "eval_final_s": 0.558297583978856,
  "post_s": 0.21936929199728183,
  "steps_per_s": null,
  "updates_per_s": null
}
