{
  "total_s": 5.013074540998787,
  "step_s": 0.0,
  "fit_s": 0.0,
  "eval_s": 0.33042941606254317,
  "plot_s": 0.0,
  "other_s": 0.0,
  "train_s": 4.627375166019192,
  "eval_final_s": 0.18575491599040106,
  "post_s": 0.19598504100576974,
  "steps_per_s": null,
  "updates_per_s": null
}
