{
  "schema_version": "1.0.0",
  "created_at": "2026-04-19T05:42:14Z",
  "phase": "phase2",
  "task": "chain_regime_shift",
  "algorithm": "ExpectedSARSA",
  "seed": 83,
  "train_steps": 180000,
  "n_transitions": 180000,
  "steps_to_threshold": null,
  "auc_disc_return": 14.18810590775133,
  "final_disc_return_mean": 17.548728480519078,
  "final_10pct_success_rate": 0.0,
  "adaptation_metrics": {
    "change_at_episode": 300,
    "pre_change_auc": 0.0,
    "post_change_auc": 15.42282521401049,
    "lag_to_50pct_recovery": 17,
    "lag_to_75pct_recovery": 32,
    "lag_to_90pct_recovery": null,
    "post_change_optimum": 19.33019296572431
  },
  "shortcut_risky_path_fraction": 0.0,
  "episode_returns": [
    17.3976657425914,
    17.40508588848014,
    16.468337133234535,
    16.439977045922806,
    17.010471207374582,
    16.467354315184544,
    16.711966778911147,
    18.625497630734635,
    18.68678040246228,
    16.48312992170122,
    16.385786226495586,
    18.108818143504887,
    18.762576101827314,
    17.33493684549525,
    15.737630634736284,
    15.818577577381562,
    16.48649735961377,
    16.78853224318574,
    17.67963490324108,
    17.69407569262596,
    17.228486801927165,
    17.898565524942864,
    16.818353108762068,
    16.553853745746586,
    17.24414156912894,
    17.26182423030826,
    16.985270564052218,
    16.46554574273209,
    18.715519404857545,
    15.818285269430534,
    17.35970765339697,
    16.85270385905452,
    18.552445015506407,
    18.06875289400695,
    17.338323143377277,
    16.499997177963195,
    17.375348223796898,
    17.927545329152593,
    16.46505937628339,
    18.710799136201036,
    16.490648170833722,
    15.55418280787531,
    17.78612197812895,
    15.908804089277709,
    17.245182325070946,
    18.469392443198963,
    16.249300256977275,
    18.117835566740105,
    17.91190491278793,
    17.86967752172131,
    17.894789751530567,
    16.98661028600653,
    17.224291481755586,
    18.703371493700974,
    18.01936974089546,
    17.424263558924544,
    17.157804354433736,
    16.516920196344106,
    16.695734600726293,
    17.90096193823824,
    18.128850802265603,
    16.738053366330227,
    17.948986701528103,
    18.029038758410607,
    16.457758919661853,
    17.697054806448318,
    16.498511295862293,
    19.346059299150063,
    16.551232797912924,
    16.05406093245759,
    16.302710805766612,
    16.074027947948977,
    16.373417104320286,
    18.098743371075077,
    17.98603879190638,
    18.073052656770642,
    17.151276592299592,
    18.764012122304017,
    17.13278837720201,
    18.139986680195054,
    17.38731656261854,
    18.719458723908726,
    17.109506340858484,
    16.871332008276177,
    17.234147207826197,
    15.851395982296893,
    18.081748823582547,
    18.070035040327248,
    18.75525306813077,
    17.544043359581853,
    18.715853924523966,
    18.741388763172623,
    18.132459113777966,
    18.11528865070054,
    17.933317467346388,
    17.80364356778914,
    18.0234274679824,
    17.205640763836552,
    18.0553258709668,
    16.899142471586234,
    16.28389325417258,
    17.13157781908473,
    17.348301433971397,
    19.3371954504329,
    17.298715390991582,
    16.264664511546513,
    16.58296802565319,
    18.14920196058404,
    17.476077880204535,
    18.68377725816608,
    19.3138958718033,
    17.18557279551466,
    18.11260093763284,
    16.429707558333256,
    17.830016723782265,
    17.715957798703617,
    16.35437454809623,
    15.635110806402096,
    18.58777794102431,
    17.055218142727078,
    16.990447248927996,
    16.60598753785952,
    18.71479775793561,
    18.758854530068074,
    16.559686159586004,
    17.833680613911056,
    17.95900177677242,
    17.055530726052773,
    16.61532174934874,
    16.393900364565383,
    18.009505253437567,
    17.410575902989393,
    18.7559747150527,
    16.45848071960181,
    17.10610713975685,
    17.075769468363905,
    17.075217740951608,
    18.706990075806804,
    17.352794662713276,
    17.843202366376314,
    17.998931447315783,
    16.866618214123932,
    16.962808140473527,
    17.39749516166333,
    16.57264409301507,
    17.774949273586856,
    19.311587232118082,
    19.331910719503416,
    17.98370499556555,
    15.722648235255049,
    18.46821382059987,
    18.16028983494824,
    18.16148240426929,
    18.74359699695901,
    17.92339503406446,
    18.10578418097552,
    18.117290956753394,
    17.873330040326877,
    18.106519341300622,
    17.12713397215354,
    17.32447955157556,
    16.605642708082364,
    18.096456221542923,
    17.983850598894414,
    18.4955689128941,
    18.136518671424305,
    17.130674231825278,
    17.13926603211919,
    18.129559469853643,
    18.03976059508239,
    17.13507829020961,
    18.44380506073374,
    16.305294944451685,
    18.14252678013098,
    16.036972472149536,
    17.838981136319504,
    18.714334066846146,
    17.299817452353725,
    16.26757502663489,
    16.070904314715033,
    17.471756737296978,
    18.682698630726627,
    17.147118896916613,
    19.338123156313628,
    19.319523374954517,
    17.852123944206497,
    14.990117412241043,
    17.282326401559693,
    16.771159912474868,
    15.235699934506169,
    16.581468909504785,
    16.367199215938545,
    17.234574978627926,
    18.114223981429628,
    18.622228511134242,
    17.796071501161457,
    19.338512106278028,
    18.13128579459445,
    17.359437657101832,
    17.134637760613227
  ],