{
  "total_s": 6.001674250001088,
  "step_s": 0.0,
  "fit_s": 0.0,
  "eval_s": 0.6489125820517074,
  "plot_s": 0.0,
  "other_s": 0.0,
  "train_s": 5.584007792000193,
  "eval_final_s": 0.20597087501664646,
  "post_s": 0.20700458300416358,
  "steps_per_s": null,
  "updates_per_s": null
}
