{
  "total_s": 4.774663749994943,
  "step_s": 0.0,
  "fit_s": 0.0,
  "eval_s": 0.6496229160111398,
  "plot_s": 0.0,
  "other_s": 0.0,
  "train_s": 3.979356750001898,
  "eval_final_s": 0.5483999159769155,
  "post_s": 0.23501558299176395,
  "steps_per_s": null,
  "updates_per_s": null
}
