{
  "total_s": 4.606228040996939,
  "step_s": 0.0,
  "fit_s": 0.0,
  "eval_s": 0.6392594179487787,
  "plot_s": 0.0,
  "other_s": 0.0,
  "train_s": 3.8549473750172183,
  "eval_final_s": 0.5218898749735672,
  "post_s": 0.2178120409953408,
  "steps_per_s": null,
  "updates_per_s": null
}
