{
  "total_s": 6.005096665991005,
  "step_s": 0.0,
  "fit_s": 0.0,
  "eval_s": 0.6391069610253908,
  "plot_s": 0.0,
  "other_s": 0.0,
  "train_s": 5.58628558300552,
  "eval_final_s": 0.20833170801051892,
  "post_s": 0.20591166598023847,
  "steps_per_s": null,
  "updates_per_s": null
}
