{
  "total_s": 8.64881349998177,
  "step_s": 0.0,
  "fit_s": 0.0,
  "eval_s": 0.39283804001752287,
  "plot_s": 0.0,
  "other_s": 0.0,
  "train_s": 7.78012095799204,
  "eval_final_s": 0.2807152909808792,
  "post_s": 0.5825137500069104,
  "steps_per_s": null,
  "updates_per_s": null
}
