{
  "schema_version": "1.0.0",
  "created_at": "2026-04-19T05:45:03Z",
  "phase": "phase2",
  "task": "chain_regime_shift",
  "algorithm": "QLearning",
  "seed": 47,
  "train_steps": 180000,
  "n_transitions": 180000,
  "steps_to_threshold": null,
  "auc_disc_return": 15.514018833362744,
  "final_disc_return_mean": 20.186548300089395,
  "final_10pct_success_rate": 0.0,
  "adaptation_metrics": {
    "change_at_episode": 300,
    "pre_change_auc": 0.00377873629508264,
    "post_change_auc": 16.385075858682004,
    "lag_to_50pct_recovery": 24,
    "lag_to_75pct_recovery": 443,
    "lag_to_90pct_recovery": null,
    "post_change_optimum": 21.203483810089015
  },
  "shortcut_risky_path_fraction": 0.0,
  "episode_returns": [
    19.687403827334165,
    20.13147090519966,
    21.144459973760366,
    20.437173524318563,
    18.684097037440093,
    19.603531837432307,
    19.64765635068425,
    21.193869732348645,
    20.029577843446546,
    20.13152219796842,
    20.3803128587184,
    19.26697898351555,
    20.133402423790372,
    19.623916605389766,
    20.19338919805061,
    19.3363328611566,
    19.67170713647035,
    18.797991594256573,
    20.473550172141124,
    21.156558182570357,
    19.110131553448824,
    19.061205631633147,
    20.23980185933626,
    20.26268862676678,
    18.932571428938335,
    19.738419262055118,
    19.217034108122114,
    19.668966130898465,
    18.717500941806126,
    21.82422978647765,
    20.65858934061742,
    18.950756471094667,
    18.430958713699674,
    19.813350080039857,
    19.332970128468325,
    19.503655305607378,
    21.195076384514135,
    20.18886120400775,
    19.374874855772305,
    20.969863328017393,
    20.299115576243963,
    20.371938499928394,
    18.919226368761095,
    21.36469284495585,
    20.365960098254693,
    20.31103167413713,
    20.449945588270026,
    19.744217440378396,
    21.876923749705295,
    18.78926831734534,
    21.143228100444137,
    19.880471816823373,
    21.017652704594568,
    20.35086248048159,
    19.734168436251238,
    20.278525505941282,
    21.82102885060916,
    18.977051540918012,
    21.730360880926305,
    20.405262889044582,
    20.607996732664464,
    20.145349826277283,
    18.885483072941668,
    20.444007936885285,
    20.74806723424789,
    20.09710635289813,
    18.26699143969273,
    19.697646403257433,
    19.415868119022846,
    17.918219932599456,
    20.463414082439712,
    19.545996023537665,
    21.123197957623567,
    19.220137296936173,
    20.927029290259732,
    21.016840067336293,
    18.772173503747773,
    20.240731501504733,
    20.836177910184173,
    19.664774192340346,
    19.69653316984308,
    17.932858390979224,
    21.04701414106773,
    20.392832539208047,
    19.466837116809558,
    20.11981216368579,
    19.21122183432928,
    18.901709590211574,
    21.17788078590152,
    21.255617401108122,
    18.100381452433982,
    20.534871662247024,
    19.5002370519972,
    21.69151306696017,
    21.117653355084503,
    19.538612232684635,
    20.380471464227504,
    19.661424937255443,
    19.56810475796466,
    19.883810466741963,
    19.579566845548257,
    19.9014858839244,
    20.220829536868248,
    19.56925895640937,
    19.589539129050813,
    19.344996416142536,
    20.147990818112987,
    20.483748879375703,
    20.074084898596073,
    20.929047622088248,
    21.235048984704456,
    19.64514365241636,
    21.020728969976094,
    21.76863188510603,
    20.279562203928133,
    20.288817897658376,
    18.318196314388846,
    20.91348736481996,
    19.4284863695994,
    19.513238765902347,
    19.576903672220816,
    19.564493967687387,
    20.322282048021503,
    21.275177459263706,
    21.19202869021327,
    21.073262351170357,
    20.394420527945165,
    19.2799856301864,
    20.08599312505832,
    20.448715548914784,
    21.765847618554695,
    20.231035764063762,
    19.318345515431577,
    19.479562422837287,
    21.758460271003266,
    19.562609310756432,
    18.498096308393386,
    19.644739538562547,
    18.426445868162823,
    18.586763421992853,
    20.833270811230015,
    20.331666293571285,
    20.464491514873316,
    19.98338788266107,
    21.165115180990114,
    19.94298385442878,
    19.575688827561933,
    18.749733578174475,
    21.059418845634404,
    20.219661428912847,
    19.46288664758726,
    19.57135039419083,
    20.164245583497348,
    21.86476560322595,
    18.359484131781695,
    18.81210249431134,
    21.856373350011392,
    18.98361804049092,
    20.191889336082625,
    20.354507103508034,
    19.65251125932087,
    19.792340409998918,
    20.429949509998004,
    20.54109071810649,
    20.999246697390863,
    20.39585320582455,
    21.002918418614204,
    19.86907585054564,
    20.075929705967976,
    20.289014123826547,
    19.61669181443051,
    22.528388142369145,
    20.512534855916417,
    18.986028707693468,
    20.541893485387625,
    21.839550049001993,
    19.022074571775445,
    20.345780794105654,
    19.60390357254134,
    19.344418952004915,
    18.022776865946543,
    20.295751502936167,
    19.24103949494632,
    20.39163696435007,
    21.106329468077085,
    20.127261788079444,
    18.755346076366173,
    20.373118767891427,
    20.551489375070133,
    20.8517056531731,
    19.549665886976953,
    18.9515597204037,
    20.498709428280883,
    19.885120640665097,
    21.043929278217973,
    21.14196096314371,
    19.473317962404625,
    19.786752844239818,
    19.528210460702535,
    17.312281318534236
  ],