{
  "total_s": 6.584424375003437,
  "step_s": 0.0,
  "fit_s": 0.0,
  "eval_s": 0.6295578330755234,
  "plot_s": 0.0,
  "other_s": 0.0,
  "train_s": 6.016373999998905,
  "eval_final_s": 0.22203625002293848,
  "post_s": 0.34138608298962936,
  "steps_per_s": null,
  "updates_per_s": null
}
