{
  "total_s": 6.920980042021256,
  "step_s": 0.0,
  "fit_s": 0.0,
  "eval_s": 0.6706831220071763,
  "plot_s": 0.0,
  "other_s": 0.0,
  "train_s": 6.287005959020462,
  "eval_final_s": 0.23194770800182596,
  "post_s": 0.3971452080004383,
  "steps_per_s": null,
  "updates_per_s": null
}
