{
  "total_s": 7.458988041995326,
  "step_s": 0.0,
  "fit_s": 0.0,
  "eval_s": 0.408243581012357,
  "plot_s": 0.0,
  "other_s": 0.0,
  "train_s": 6.909624834021088,
  "eval_final_s": 0.23306941697956063,
  "post_s": 0.31135224999161437,
  "steps_per_s": null,
  "updates_per_s": null
}
