{
  "total_s": 7.984639208007138,
  "step_s": 0.0,
  "fit_s": 0.0,
  "eval_s": 0.8831257489800919,
  "plot_s": 0.0,
  "other_s": 0.0,
  "train_s": 7.420674250024604,
  "eval_final_s": 0.15113533401745372,
  "post_s": 0.41031908299191855,
  "steps_per_s": null,
  "updates_per_s": null
}
