{
  "total_s": 4.728974291996565,
  "step_s": 0.0,
  "fit_s": 0.0,
  "eval_s": 0.6494431649916805,
  "plot_s": 0.0,
  "other_s": 0.0,
  "train_s": 3.9394937079923693,
  "eval_final_s": 0.5429263339901809,
  "post_s": 0.23453004198381677,
  "steps_per_s": null,
  "updates_per_s": null
}
