{
  "total_s": 4.6355982499953825,
  "step_s": 0.0,
  "fit_s": 0.0,
  "eval_s": 0.620096123078838,
  "plot_s": 0.0,
  "other_s": 0.0,
  "train_s": 3.868993500014767,
  "eval_final_s": 0.5371677910152357,
  "post_s": 0.21788804198149592,
  "steps_per_s": null,
  "updates_per_s": null
}
