{
  "total_s": 6.236189250019379,
  "step_s": 0.0,
  "fit_s": 0.0,
  "eval_s": 0.3568863329128362,
  "plot_s": 0.0,
  "other_s": 0.0,
  "train_s": 5.861507875000825,
  "eval_final_s": 0.17306566701154225,
  "post_s": 0.1976810840133112,
  "steps_per_s": null,
  "updates_per_s": null
}
