{
  "total_s": 6.039719624997815,
  "step_s": 0.0,
  "fit_s": 0.0,
  "eval_s": 0.23056499994709156,
  "plot_s": 0.0,
  "other_s": 0.0,
  "train_s": 5.737532083992846,
  "eval_final_s": 0.1051141659845598,
  "post_s": 0.19494666601531208,
  "steps_per_s": null,
  "updates_per_s": null
}
