{
  "total_s": 4.888946624996606,
  "step_s": 0.0,
  "fit_s": 0.0,
  "eval_s": 0.6375492520455737,
  "plot_s": 0.0,
  "other_s": 0.0,
  "train_s": 4.469438583008014,
  "eval_final_s": 0.20809758300310932,
  "post_s": 0.20676195897976868,
  "steps_per_s": null,
  "updates_per_s": null
}
