{
  "total_s": 5.52644329101895,
  "step_s": 0.0,
  "fit_s": 0.0,
  "eval_s": 0.9039014149748255,
  "plot_s": 0.0,
  "other_s": 0.0,
  "train_s": 5.2033133750082925,
  "eval_final_s": 0.12507987499702722,
  "post_s": 0.19556562500656582,
  "steps_per_s": null,
  "updates_per_s": null
}
