{
  "total_s": 7.479202707996592,
  "step_s": 0.0,
  "fit_s": 0.0,
  "eval_s": 1.306730294949375,
  "plot_s": 0.0,
  "other_s": 0.0,
  "train_s": 6.7879771669977345,
  "eval_final_s": 0.45506462498451583,
  "post_s": 0.22821870798361488,
  "steps_per_s": null,
  "updates_per_s": null
}
