{
  "total_s": 7.776447708980413,
  "step_s": 0.0,
  "fit_s": 0.0,
  "eval_s": 0.5761212509241886,
  "plot_s": 0.0,
  "other_s": 0.0,
  "train_s": 7.062594958988484,
  "eval_final_s": 0.39861216602730565,
  "post_s": 0.3067875419801567,
  "steps_per_s": null,
  "updates_per_s": null
}
