{
  "total_s": 0.6114631670061499,
  "step_s": 0.0,
  "fit_s": 0.0,
  "eval_s": 0.15271012602897827,
  "plot_s": 0.0,
  "other_s": 0.0,
  "train_s": 0.6045576250035083,
  "post_s": 0.006819166999775916,
  "steps_per_s": null,
  "updates_per_s": null
}
