{
  "total_s": 10.688292290986283,
  "step_s": 0.0,
  "fit_s": 0.0,
  "eval_s": 0.5267601248342544,
  "plot_s": 0.0,
  "other_s": 0.0,
  "train_s": 9.70936941599939,
  "eval_final_s": 0.37092004099395126,
  "post_s": 0.5999936249863822,
  "steps_per_s": null,
  "updates_per_s": null
}
