{
  "total_s": 7.152356999984477,
  "step_s": 0.0,
  "fit_s": 0.0,
  "eval_s": 0.24341833300422877,
  "plot_s": 0.0,
  "other_s": 0.0,
  "train_s": 6.598741624999093,
  "eval_final_s": 0.13099641699227504,
  "post_s": 0.4201820830057841,
  "steps_per_s": null,
  "updates_per_s": null
}
