{
  "schema_version": "1.0.0",
  "phase": "phase4C",
  "task": "dense_chain_cost_0",
  "algorithm": "safe_target_q_polyak",
  "seed": 123,
  "train_steps": 20000,
  "n_transitions": 20000,
  "mean_return": -0.25660563103658307,
  "final_disc_return_mean": -0.25660563103658296,
  "mean_q_target_gap": 2.5739235201831372e-06,
  "std_q_target_gap": 3.6244492191194343e-05,
  "p5_q_target_gap": 0.0,
  "p95_q_target_gap": 8.326672684688674e-17,
  "mean_beta_used": 0.08591129592144447,
  "std_beta_used": 0.06046325027041252,
  "p5_beta_used": 0.0,
  "p95_beta_used": 0.1934375525563744,
  "mean_rho": 0.512423915853819,
  "std_rho": 0.0003058014517570514,
  "p5_rho": 0.5118677313219533,
  "p95_rho": 0.5128205128205129,
  "mean_effective_discount": 0.9507733640850529,
  "std_effective_discount": 0.0005963128309262441,
  "p5_effective_discount": 0.9499999999999998,
  "p95_effective_discount": 0.951857923922191,
  "stage_mean_q_target_gap": [
    1.994988056251309e-06,
    2.5849627824792624e-06,
    4.021815831291873e-06,
    2.122550844353798e-06,
    3.662299212463683e-06,
    2.9958449866363315e-06,
    3.0242919828299868e-06,
    1.880859992125729e-06,
    3.046283597834201e-06,
    3.1427475444904656e-06,
    3.1607035983759833e-06,
    2.6950931829657877e-06,
    2.293012259650252e-06,
    1.5797526455306892e-06,
    1.5904314610987002e-06,
    3.38582780692198e-06,
    2.850249102736288e-06,
    3.065284665013715e-06,
    2.3814708506127037e-06,
    0.0
  ],
  "stage_std_q_target_gap": [
    2.8061412872689722e-05,
    3.46134582668072e-05,
    4.0878552462382296e-05,
    2.1721068422514342e-05,
    4.615270409017444e-05,
    3.8017929496662675e-05,
    3.939047679715946e-05,
    2.7168393358121335e-05,
    3.99418217556053e-05,
    5.0933590761637724e-05,
    5.022755971031773e-05,
    3.728324902984251e-05,
    3.074126193183167e-05,
    2.5403949443676457e-05,
    2.4887768395192283e-05,
    4.1101491550315464e-05,
    3.9435578605875835e-05,
    3.95514069762835e-05,
    3.381443349606909e-05,
    0.0
  ],
  "stage_mean_beta_used": [
    0.04553829744089954,
    0.04696760877785969,
    0.04852234622655591,
    0.0502165887932936,
    0.05206572557345645,
    0.06809377207316024,
    0.05957101570932511,
    0.06610473970838024,
    0.07029344010697204,
    0.07517026585181949,
    0.08090972099072925,
    0.08774621725412905,
    0.09599746164853752,
    0.10609206680740596,
    0.152866174198049,
    0.17542576310538918,
    0.19067257427585368,
    0.24597213988707353,
    0.0,
    0.0
  ],
  "stage_std_beta_used": [
    1.3877787807814457e-17,
    6.938893903907228e-18,
    6.938893903907228e-18,
    2.0816681711721685e-17,
    0.0,
    0.0,
    6.938893903907228e-18,
    1.3877787807814457e-17,
    2.7755575615628914e-17,
    0.0,
    2.7755575615628914e-17,
    1.3877787807814457e-17,
    0.0,
    2.7755575615628914e-17,
    2.7755575615628914e-17,
    2.7755575615628914e-17,
    2.7755575615628914e-17,
    2.7755575615628914e-17,
    0.0,
    0.0
  ],
  "stage_mean_rho": [
    0.512603036270228,
    0.512611277258369,
    0.5126107992974963,
    0.5126063769435619,
    0.5125929872925296,
    0.5125156152175259,
    0.5125477380024694,
    0.512517119834008,
    0.5124953336881438,
    0.5124718142078336,
    0.5124496194963668,
    0.5124129273993906,
    0.5123735994265761,
    0.5123257744284168,
    0.5121077743930205,
    0.5120011499289776,
    0.5119291283253722,
    0.5116652200250673,
    0.5128205128205128,
    0.5128205128205128
  ],
  "stage_std_rho": [
    4.584403283185173e-05,
    8.222642644985122e-05,
    9.059153033117314e-05,
    8.884061418143521e-05,
    7.882178987692916e-05,
    9.072233269429861e-05,
    7.323546884986061e-05,
    7.844058261950208e-05,
    7.987526947426964e-05,
    8.083005506573828e-05,
    8.734968009381378e-05,
    9.177289048514493e-05,
    9.767227682928616e-05,
    0.00010614078861177825,
    0.00015115716492080286,
    0.00016928821184221269,
    0.00018373030102365748,
    0.0002321333682106809,
    1.1102230246251565e-16,
    1.1102230246251565e-16
  ],
  "stage_mean_effective_discount": [
    0.9504240792730559,
    0.9504080093461805,
    0.950408941369882,
    0.9504175649600538,
    0.9504436747795671,
    0.9505945503258244,
    0.9505319108951847,
    0.9505916163236843,
    0.9506340993081197,
    0.950679962294724,
    0.950723241982085,
    0.9507947915711884,
    0.9508714811181762,
    0.9509647398645871,
    0.9513898399336101,
    0.9515977576384937,
    0.9517381997655239,
    0.9522528209511191,
    0.9499999999999996,
    0.9499999999999996
  ],
  "stage_std_effective_discount": [
    8.939586402211273e-05,
    0.0001603415315772085,
    0.00017665348414579204,
    0.00017323919765378472,
    0.00015370249026001385,
    0.00017690854875389186,
    0.0001428091642572413,
    0.00015295913610804317,
    0.00015575677547481078,
    0.00015761860737817802,
    0.00017033187618294458,
    0.00017895713644603702,
    0.00019046093981711277,
    0.00020697453779296645,
    0.00029475647159555104,
    0.00033011201309231377,
    0.0003582740869961267,
    0.00045266006801082627,
    2.220446049250313e-16,
    2.220446049250313e-16
  ]
}