{
  "schema_version": "1.0.0",
  "created_at": "2026-04-19T05:25:05Z",
  "phase": "phase2",
  "task": "chain_catastrophe",
  "algorithm": "ExpectedSARSA",
  "seed": 11,
  "train_steps": 120000,
  "n_transitions": 120000,
  "steps_to_threshold": null,
  "auc_disc_return": 2.0036537455360777,
  "final_disc_return_mean": 3.258013886694556,
  "final_10pct_success_rate": 0.0,
  "tail_risk_metrics": {
    "return_q05": 0.0,
    "return_q25": 0.0,
    "return_q50": 5.099103306326871,
    "return_q75": 6.944777915126217,
    "return_q95": 7.671494752402613,
    "cvar_5pct": -5.322927272317611,
    "cvar_10pct": -2.6614636361588055,
    "top5pct_mean": 7.683300930886459,
    "top10pct_mean": 7.671459153903777,
    "event_rate": 0.036,
    "event_conditioned_return": -7.392954544885569
  },
  "shortcut_risky_path_fraction": 0.654,
  "episode_returns": [
    7.6831022465043475,
    0.0,
    0.0,
    0.0,
    5.639359892864934,
    6.924156317575028,
    4.212175208149295,
    0.0,
    0.5582661385478637,
    7.670567490234285,
    -7.6234271434710354,
    0.0,
    7.622310180179124,
    6.937611476039208,
    0.0,
    -7.547192872036326,
    5.8791410252989325,
    0.0,
    6.937611476039208,
    0.0,
    5.709459906076124,
    7.007821758160837,
    6.369960325456899,
    6.917533497165188,
    6.919612773589571,
    7.65680099900008,
    6.550012408345534,
    6.957488594435647,
    6.249222282773657,
    6.93700919871935,
    2.4037517565601636,
    5.7336456679699825,
    6.370392515853523,
    1.1165886676147725,
    5.816299595663075,
    3.6809720745886656,
    6.226455971447058,
    6.351366733299776,
    0.0,
    6.308385966067244,
    0.0,
    7.000273236899162,
    5.783355733916038,
    6.387887391958488,
    7.665431406779768,
    6.248427268514745,
    0.0,
    0.0,
    7.683430109229405,
    0.0,
    0.0,
    5.632998038004296,
    0.0,
    6.3846042981295,
    6.25490247497665,
    0.0,
    0.0,
    6.387108198483327,
    4.309111175531587,
    0.0,
    0.0,
    0.5582661385478637,
    0.0,
    7.6824689303935,
    6.981092002534947,
    7.075924939328771,
    0.0,
    3.5435313123046734,
    6.937945995705627,
    4.186142914389391,
    6.980525864896148,
    6.972588325210565,
    0.0,
    0.5582661385478637,
    6.276740205955652,
    6.917050785302305,
    0.0,
    6.386607723521612,
    7.007821758160837,
    0.0,
    5.068748180997764,
    0.0,
    6.937800429490423,
    5.727716003505967,
    0.0,
    0.0,
    7.08495660425435,
    4.848424955373376,
    0.0,
    7.651736780371789,
    7.689791964090044,
    -7.6234271434710354,
    7.102263695111295,
    7.078276624519449,
    0.0,
    7.09633403064728,
    6.369632462731841,
    6.554654403306176,
    6.446677203220114,
    0.0,
    7.1040943349413,
    0.0,
    4.861277836517698,
    0.0,
    0.0,
    6.522443631371938,
    0.0,
    0.0,
    1.1165886676147725,
    7.061917556002982,
    -7.6234271434710354,
    0.0,
    7.641938187020131,
    -7.6234271434710354,
    0.0,
    0.0,
    0.0,
    6.220759959422287,
    7.6629507135131085,
    7.669312568373748,
    0.0,
    5.652253689509445,
    0.0,
    5.539014472947828,
    6.377220189284242,
    7.689791964090044,
    1.1165886676147725,
    0.0,
    0.0,
    0.0,
    0.0,
    5.577353343078656,
    0.0,
    6.925501522553398,
    0.0,
    6.961136258818673,
    6.260864334972041,
    7.6769390829457205,
    6.957488594435647,
    6.364453266883343,
    1.1165886676147725,
    0.0,
    7.676276700554244,
    5.709397641118552,
    6.454553891917272,
    7.096825517688544,
    0.0,
    0.0,
    0.0,
    7.616801232071055,
    0.0,
    1.1165886676147725,
    0.0,
    7.662207036101025,
    0.0,
    6.95079887684995,
    0.0,
    0.0,
    7.057797228803153,
    0.0,
    5.537669267969458,
    0.0,
    6.391942498278142,
    0.0,
    5.577156638689663,
    7.096825517688544,
    6.957488594435647,
    0.0,
    7.074678767122276,
    0.0,
    5.703603084370963,
    6.981660028460486,
    3.623221691647132,
    0.0,
    5.557416639972471,
    7.6831022465043475,
    7.677923050655849,
    7.654884002404481,
    7.6831022465043475,
    4.939006809543188,
    0.0,
    7.689791964090044,
    6.5231711577686,
    7.647634199044902,
    7.076346121972248,
    0.0,
    0.0,
    0.0,
    0.0,
    6.37538601023161,
    0.0,
    5.129458431655979,
    7.104567440838112,
    6.398115399687565,
    0.0,
    6.364030660992884,
    0.5639051904523875,
    -7.547192872036326,
    6.370392515853523,
    6.201511806469636,
    -7.547192872036326,
    0.0,
    6.944635713291324,
    6.210728417818542,
    7.663616556348976,
    0.0,
    0.5582661385478637,
    0.0,
    0.0,
    7.007030527389764,
    4.848424955373376,
    5.798976051876642,
    0.0,
    6.951792582410875,
    6.387360727192636,
    6.2202830700376355,
    7.671243070920949,
    5.817709038691138,
    0.0,
    0.0,
    0.0,
    6.366003441335359,
    7.689791964090044,
    1.1165886676147725,
    5.810785822010829,
    0.0,
    0.0,
    0.0,
    0.0,
    7.129785453231115,
    6.34237539746788,
    7.000668672529125,
    0.0,
    7.125773422998363,
    7.689791964090044,
    0.0,
    7.651916143243968,
    0.0,
    6.226455971447058,
    0.0,
    6.358523602419329,
    6.426466390591512,
    7.65033812266683,
    7.030344058102615,
    0.0,
    -5.98956006466161,
    0.0,
    7.683619062680621,
    7.657930532925412,
    0.0,
    0.0,
    6.93700919871935,
    0.0,
    4.841802134963536,
    0.0,
    6.440695268878086,
    0.0,
    4.463886774610197,
    0.5639051904523875,
    1.7497236230614295,
    0.0,
    6.461311182407875,
    0.0,
    0.0,
    7.098188495009344,
    7.622310180179124,
    5.695539018079366,
    6.918324727936261,
    5.695327976665333,
    6.3919522361289385,
    7.677734097204633,
    7.683619062680621,
    0.0,
    -7.471720943315962,
    7.064487197139261,
    4.2614771211195075,
    0.0,
    -7.547192872036326,
    0.0,
    0.0,
    5.53823807530903,
    7.004957686697347,
    6.93700919871935,
    6.986477987040741,
    6.343551265276587,
    1.7388559584180312,
    6.951792582410875,
    6.945619681001452,
    0.0,
    6.351669266889824,
    6.441227904876137,
    -7.547192872036326,
    7.103133156105396,
    0.0,
    0.0,
    6.350704350908299,
    7.662207036101025,
    6.917050785302305,
    5.6219818488796065,
    7.0656385020680945,
    6.93700919871935,
    7.040689335721642,
    0.0,
    0.0,
    0.0,
    0.0,
    7.054667752643403,
    0.0,
    0.0,
    0.0,
    7.643305063894113,
    7.083615657953222,
    0.0,
    6.957488594435647,
    6.3510068844983465,
    6.39910910524849,
    0.5582661385478637,
    4.861277836517698,
    6.957488594435647,
    0.0,
    6.415371250012307,
    6.39910910524849,
    6.51109241642722,
    0.5582661385478637,
    1.1165886676147725,
    6.544607008880254,
    6.220759959422287,
    6.943973330899846,
    0.0,
    6.397428453452207,
    4.26635261517476,
    4.861794652693972,
    0.0,
    7.096825517688544,
    -7.547192872036326,
    7.676740391643708,
    4.3946199883381105,
    6.957488594435647,
    6.951315693026224,
    2.9014236072966897,
    0.0,
    0.5582661385478637,
    5.796053775166133,
    6.19450913217144,
    0.0,
    6.986273213767748,
    0.5526834771623851,
    0.0,
    0.0,
    7.662207036101025,
    7.082216489791624,
    1.1165886676147725,
    6.261796965835341,
    0.0,
    6.945430727550236,
    0.0,
    6.291572518863773,
    0.0,
    7.131412474902887,
    7.689791964090044,
    0.0,
    0.0,
    0.0,
    0.0,
    0.0,
    7.669914845693604,
    7.676740391643708,
    7.6824689303935,
    5.735564404959219,
    4.212905312145372,
    6.41901689954924,
    4.957253169122234,
    7.0358163258842605,
    0.0,
    0.0,
    7.0158691215601525,
    0.0,
    4.918868725597548,
    0.0,
    7.130935585518236,
    4.262138488706775,
    -7.6234271434710354,
    7.630260196825406,
    -5.870367819374844,
    0.0,
    3.668119193444343,
    7.064838445806296,
    7.090135800102848,
    0.0,
