{
  "dense_chain_cost": {
    "n": 20,
    "u_min": 0.0006527900695800781,
    "u_mean": 0.001010574336113286,
    "u_max": 0.0014653143039847466,
    "A_mean": 28.117381857358236,
    "ratio_mean": 0.02874546868391667,
    "ratio_max": 0.04068284621700472,
    "frac_ge5e3_mean": 0.07285714285714287,
    "info_frac_mean": 0.19428571428571426
  },
  "dense_grid_hazard": {
    "n": 20,
    "u_min": 0.0018559058086315256,
    "u_mean": 0.0021380421272516595,
    "u_max": 0.002215902477614271,
    "A_mean": 39.17131330492435,
    "ratio_mean": 0.01797706058025704,
    "ratio_max": 0.02158630538318154,
    "frac_ge5e3_mean": 0.16499999999999998,
    "info_frac_mean": 0.4499999999999999
  },
  "shaped_chain": {
    "n": 20,
    "u_min": 0.0,
    "u_mean": 0.00041999547310734594,
    "u_max": 0.0013045725480844196,
    "A_mean": 23.606956853238543,
    "ratio_mean": 0.0525846296859502,
    "ratio_max": 0.09356293291523225,
    "frac_ge5e3_mean": 0.03535714285714286,
    "info_frac_mean": 0.0692857142857143
  },
  "two_path_chain": {
    "n": 20,
    "u_min": 0.0009248256683349609,
    "u_mean": 0.0009865835014630686,
    "u_max": 0.0015347932262757718,
    "A_mean": 20.687627124435913,
    "ratio_mean": 0.07611717728517292,
    "ratio_max": 0.12173039335579033,
    "frac_ge5e3_mean": 0.10346153846153847,
    "info_frac_mean": 0.1130769230769231
  }
}