{
  "phase": "phase4",
  "schedule_version": 3,
  "task_family": "dense_chain_cost",
  "scheduler_mode": "stagewise_u",
  "gamma_eval": 0.95,
  "gamma_base": 0.95,
  "sign_family": 1,
  "reward_bound": 0.02,
  "alpha_t": [
    0.2477398311848283,
    0.24660760424787537,
    0.24522464753314915,
    0.2435404891549693,
    0.2414914934535156,
    0.3,
    0.2487032892196695,
    0.26,
    0.2588398024316851,
    0.2572335709358304,
    0.25503132929911243,
    0.2520122311803365,
    0.24783727329552496,
    0.24195832015318938,
    0.3,
    0.2865904236976338,
    0.28270094137747825,
    0.3,
    0.14280500000000002,
    0.14280500000000002
  ],
  "kappa_t": [
    0.9623869915592413,
    0.9623303802123937,
    0.9622612323766574,
    0.9621770244577484,
    0.9620745746726758,
    0.965,
    0.9624351644609834,
    0.963,
    0.9629419901215842,
    0.9628616785467915,
    0.9627515664649556,
    0.9626006115590168,
    0.9623918636647762,
    0.9620979160076595,
    0.965,
    0.9643295211848817,
    0.9641350470688739,
    0.9615385520785805,
    0.9554925,
    0.9554925
  ],
  "Bhat_t": [
    0.5567751678375223,
    0.5380113949780563,
    0.5185447796711152,
    0.4983519688169327,
    0.4774089976590415,
    0.4556912833999384,
    0.4318044387564129,
    0.4081360004924643,
    0.38331879594233054,
    0.35756961423902156,
    0.3308570912488966,
    0.3031489134009322,
    0.2744117448389314,
    0.24461111292284451,
    0.21371121327863637,
    0.18104788940791333,
    0.14730223050039742,
    0.11233097565497041,
    0.0762642075,
    0.039,
    0.0
  ],
  "A_t": [
    0.5580113949780563,
    0.5385447796711152,
    0.5183519688169327,
    0.4974089976590415,
    0.47569128339993844,
    0.4518044387564129,
    0.4281360004924643,
    0.40331879594233055,
    0.3775696142390216,
    0.35085709124889664,
    0.3231489134009322,
    0.2944117448389314,
    0.2646111129228445,
    0.23371121327863636,
    0.20104788940791332,
    0.16730223050039741,
    0.1323309756549704,
    0.0962642075,
    0.059,
    0.02
  ],
  "xi_ref_t": [
    0.38057848553819007,
    0.37822048175676337,
    0.3753403019478905,
    0.3718328321159529,
    0.36756554306420386,
    0.362369028956111,
    0.3825850070360051,
    0.40611181590118745,
    0.40369555979209754,
    0.4003503824098451,
    0.39576393958861056,
    0.3894762912839953,
    0.3807814208844478,
    0.3685377678781303,
    0.35077185007006983,
    0.3237526980042857,
    0.27969329927514697,
    0.19737346302882094,
    0.02,
    0.02
  ],
  "u_target_t": [
    0.009497018715275007,
    0.009450568379400014,
    0.009393831693667656,
    0.009324738016614122,
    0.009240676654503203,
    0.009138310480368398,
    0.00953654519875567,
    0.01,
    0.00995240215104349,
    0.009886505474290475,
    0.009796157099450765,
    0.009672296663808673,
    0.009501016340329228,
    0.009259828519105204,
    0.008909857558154228,
    0.008377607059491402,
    0.006196047734850023,
    0.004935422037848219,
    0.002,
    0.002
  ],
  "u_tr_cap_t": [
    0.0067138671875,
    0.0066852569580078125,
    0.0066375732421875,
    0.00659942626953125,
    0.0065326690673828125,
    0.006465911865234375,
    0.0067424774169921875,
    0.007076263427734375,
    0.007038116455078125,
    0.0069904327392578125,
    0.006923675537109375,
    0.0068378448486328125,
    0.0067138671875,
    0.006542205810546875,
    0.00629425048828125,
    0.0059223175048828125,
    0.003814697265625,
    0.003032684326171875,
    0.0,
    0.0
  ],
  "U_safe_ref_t": [
    0.009673929522497118,
    0.009570062837845424,
    0.009443938076674025,
    0.00929144733867403,
    0.009107556682909941,
    0.011153629769402627,
    0.00976274522242576,
    0.01083370957692451,
    0.010721207004167725,
    0.01056640238483563,
    0.010355947362839835,
    0.010070797561788787,
    0.009682894128823316,
    0.009149295075660646,
    0.010796671449766256,
    0.009519708113856556,
    0.00811258493699258,
    0.004673470657854397,
    0.00022545137999577944,
    0.00022545137999577944
  ],
  "u_ref_used_t": [
    0.0067138671875,
    0.0066852569580078125,
    0.0066375732421875,
    0.00659942626953125,
    0.0065326690673828125,
    0.006465911865234375,
    0.0067424774169921875,
    0.007076263427734375,
    0.007038116455078125,
    0.0069904327392578125,
    0.006923675537109375,
    0.0068378448486328125,
    0.0067138671875,
    0.006542205810546875,
    0.00629425048828125,
    0.0059223175048828125,
    0.003814697265625,
    0.003032684326171875,
    0.0,
    0.0
  ],
  "theta_used_t": [
    0.01764121578760731,
    0.01767555508087781,
    0.017684147446305972,
    0.017748368889257404,
    0.017772800499533576,
    0.017843445075482724,
    0.017623475287827085,
    0.017424421429432447,
    0.017434218148702805,
    0.01746078696660665,
    0.017494457792962163,
    0.01755651114497967,
    0.017631813999500243,
    0.017751792029929155,
    0.01794400117062962,
    0.018292720157669282,
    0.013638858261928934,
    0.015365208066137215,
    0.0,
    0.0
  ],
  "beta_used_t": [
    0.03161443645483449,
    0.03282095704589714,
    0.03411609969702173,
    0.035681640205116195,
    0.03736204786538217,
    0.03949373566270536,
    0.04116326416735721,
    0.043202602022852206,
    0.04617484429683481,
    0.04976609395139755,
    0.05413744892051274,
    0.0596325094115542,
    0.06663293088768096,
    0.07595609890041957,
    0.0892523727728491,
    0.10933936805837044,
    0.1030662563653263,
    0.15961496453536186,
    0.0,
    0.0
  ],
  "trust_clip_active_t": [
    true,
    true,
    true,
    true,
    true,
    true,
    true,
    true,
    true,
    true,
    true,
    true,
    true,
    true,
    true,
    true,
    true,
    true,
    true,
    true
  ],
  "safe_clip_active_t": [
    false,
    false,
    false,
    false,
    false,
    false,
    false,
    false,
    false,
    false,
    false,
    false,
    false,
    false,
    false,
    false,
    false,
    false,
    false,
    false
  ],
  "source_phase": "phase4_diagnostic_sweep",
  "notes": "Phase IV-B diagnostic sweep (u_max=0.0100) stagewise schedule from classical pilot",
  "provenance": {
    "git_sha": "01a22b9945b1a74a643b82b1f38fefc5e36ee5f8",
    "calibration_code_version": "v3.0",
    "input_hashes": {
      "margins": "b6e0b602313d9829",
      "p_align": "d96e305f37d4ed27",
      "n_by_stage": "35d6f04339c16583"
    }
  }
}