{
  "total_s": 0.6742856670025503,
  "step_s": 0.0,
  "fit_s": 0.0,
  "eval_s": 0.15320195897947997,
  "plot_s": 0.0,
  "other_s": 0.0,
  "train_s": 0.6585843750071945,
  "post_s": 0.0156572919950122,
  "steps_per_s": null,
  "updates_per_s": null
}
