{
  "total_s": 6.7513329579960555,
  "step_s": 0.0,
  "fit_s": 0.0,
  "eval_s": 1.0056698770204093,
  "plot_s": 0.0,
  "other_s": 0.0,
  "train_s": 6.184064041997772,
  "eval_final_s": 0.15294112500851043,
  "post_s": 0.41168683298747055,
  "steps_per_s": null,
  "updates_per_s": null
}
