{
  "total_s": 10.932256208005128,
  "step_s": 0.0,
  "fit_s": 0.0,
  "eval_s": 0.44088924894458614,
  "plot_s": 0.0,
  "other_s": 0.0,
  "train_s": 10.018159541999921,
  "eval_final_s": 0.2694386249931995,
  "post_s": 0.6394770410261117,
  "steps_per_s": null,
  "updates_per_s": null
}
