{
  "total_s": 5.209620792011265,
  "step_s": 0.0,
  "fit_s": 0.0,
  "eval_s": 0.6041720829671249,
  "plot_s": 0.0,
  "other_s": 0.0,
  "train_s": 4.398068583017448,
  "eval_final_s": 0.6000660409918055,
  "post_s": 0.20017462500254624,
  "steps_per_s": null,
  "updates_per_s": null
}
