{
  "total_s": 6.037044291995699,
  "step_s": 0.0,
  "fit_s": 0.0,
  "eval_s": 0.31333979388000444,
  "plot_s": 0.0,
  "other_s": 0.0,
  "train_s": 5.677134708996164,
  "eval_final_s": 0.0646496250119526,
  "post_s": 0.2938559580070432,
  "steps_per_s": null,
  "updates_per_s": null
}
