{
  "total_s": 5.6635670000105165,
  "step_s": 0.0,
  "fit_s": 0.0,
  "eval_s": 0.6646845400100574,
  "plot_s": 0.0,
  "other_s": 0.0,
  "train_s": 4.763526082999306,
  "eval_final_s": 0.6467186670051888,
  "post_s": 0.24151479202555493,
  "steps_per_s": null,
  "updates_per_s": null
}
