{
  "schema_version": "1.0.0",
  "created_at": "2026-04-19T06:05:40Z",
  "phase": "phase2",
  "task": "grid_regime_shift",
  "algorithm": "ExpectedSARSA",
  "seed": 29,
  "train_steps": 250000,
  "n_transitions": 250000,
  "steps_to_threshold": 40000,
  "auc_disc_return": 0.7751326168916987,
  "final_disc_return_mean": 0.8533700951686692,
  "final_10pct_success_rate": 1.0,
  "adaptation_metrics": {
    "change_at_episode": 200,
    "pre_change_auc": 0.4751646141477035,
    "post_change_auc": 0.7907539172808857,
    "lag_to_50pct_recovery": 0,
    "lag_to_75pct_recovery": 0,
    "lag_to_90pct_recovery": 742,
    "post_change_optimum": 0.9135172474836408
  },
  "shortcut_risky_path_fraction": 0.0,
  "episode_returns": [
    0.8600583546412884,
    0.8600583546412884,
    0.8600583546412884,
    0.8514577710948755,
    0.8600583546412884,
    0.8600583546412884,
    0.8261686238355866,
    0.8600583546412884,
    0.8600583546412884,
    0.8514577710948755,
    0.8600583546412884,
    0.8600583546412884,
    0.8600583546412884,
    0.8514577710948755,
    0.8600583546412884,
    0.8600583546412884,
    0.8600583546412884,
    0.8514577710948755,
    0.8600583546412884,
    0.8600583546412884,
    0.8429431933839268,
    0.8600583546412884,
    0.8600583546412884,
    0.8600583546412884,
    0.8600583546412884,
    0.8514577710948755,
    0.8514577710948755,
    0.8600583546412884,
    0.8514577710948755,
    0.8514577710948755,
    0.8600583546412884,
    0.8514577710948755,
    0.8600583546412884,
    0.8600583546412884,
    0.8600583546412884,
    0.8600583546412884,
    0.8514577710948755,
    0.8514577710948755,
    0.8514577710948755,
    0.8514577710948755,
    0.8600583546412884,
    0.8514577710948755,
    0.8429431933839268,
    0.8261686238355866,
    0.8600583546412884,
    0.8600583546412884,
    0.8600583546412884,
    0.8514577710948755,
    0.8600583546412884,
    0.8514577710948755,
    0.8429431933839268,
    0.8600583546412884,
    0.8600583546412884,
    0.8600583546412884,
    0.8514577710948755,
    0.8600583546412884,
    0.8514577710948755,
    0.8514577710948755,
    0.7623427143471035,
    0.8514577710948755,
    0.8600583546412884,
    0.8514577710948755,
    0.8514577710948755,
    0.8514577710948755,
    0.8600583546412884,
    0.8514577710948755,
    0.8600583546412884,
    0.8514577710948755,
    0.8600583546412884,
    0.8600583546412884,
    0.8600583546412884,
    0.8600583546412884,
    0.8600583546412884,
    0.8600583546412884,
    0.8429431933839268,
    0.8600583546412884,
    0.8600583546412884,
    0.8514577710948755,
    0.8261686238355866,
    0.8600583546412884,
    0.8514577710948755,
    0.8600583546412884,
    0.8600583546412884,
    0.8600583546412884,
    0.8514577710948755,
    0.8514577710948755,
    0.8600583546412884,
    0.8514577710948755,
    0.8514577710948755,
    0.8600583546412884,
    0.8514577710948755,
    0.8514577710948755,
    0.8429431933839268,
    0.8600583546412884,
    0.8514577710948755,
    0.8514577710948755,
    0.8600583546412884,
    0.8261686238355866,
    0.8600583546412884,
    0.8429431933839268,
    0.8514577710948755,
    0.8600583546412884,
    0.8514577710948755,
    0.8600583546412884,
    0.8600583546412884,
    0.8514577710948755,
    0.8600583546412884,
    0.8514577710948755,
    0.8600583546412884,
    0.8261686238355866,
    0.8600583546412884,
    0.8600583546412884,
    0.8429431933839268,
    0.8514577710948755,
    0.8600583546412884,
    0.8514577710948755,
    0.8600583546412884,
    0.8514577710948755,
    0.8600583546412884,
    0.8514577710948755,
    0.8600583546412884,
    0.8600583546412884,
    0.8600583546412884,
    0.8514577710948755,
    0.8600583546412884,
    0.8514577710948755,
    0.8514577710948755,
    0.8600583546412884,
    0.8600583546412884,
    0.8600583546412884,
    0.8600583546412884,
    0.8514577710948755,
    0.8429431933839268,
    0.8600583546412884,
    0.8514577710948755,
    0.8514577710948755,
    0.8514577710948755,
    0.8600583546412884,
    0.8600583546412884,
    0.8600583546412884,
    0.8600583546412884,
    0.8514577710948755,
    0.8600583546412884,
    0.8600583546412884,
    0.8514577710948755,
    0.8600583546412884,
    0.8600583546412884,
    0.8514577710948755,
    0.8600583546412884,
    0.8514577710948755,
    0.8261686238355866,
    0.8600583546412884,
    0.8514577710948755,
    0.8600583546412884,
    0.8429431933839268,
    0.8600583546412884,
    0.8600583546412884,
    0.8514577710948755,
    0.8600583546412884,
    0.8600583546412884,
    0.8514577710948755,
    0.8600583546412884,
    0.8600583546412884,
    0.8514577710948755,
    0.8600583546412884,
    0.8514577710948755,
    0.8600583546412884,
    0.8514577710948755,
    0.8600583546412884,
    0.8514577710948755,
    0.8600583546412884,
    0.8600583546412884,
    0.8600583546412884,
    0.8600583546412884,
    0.8600583546412884,
    0.8600583546412884,
    0.8514577710948755,
    0.8600583546412884,
    0.8600583546412884,
    0.8429431933839268,
    0.8600583546412884,
    0.8261686238355866,
    0.8429431933839268,
    0.8261686238355866,
    0.8600583546412884,
    0.8514577710948755,
    0.8514577710948755,
    0.8261686238355866,
    0.8600583546412884,
    0.8600583546412884,
    0.8514577710948755,
    0.8514577710948755,
    0.8429431933839268,
    0.8514577710948755,
    0.8514577710948755,
    0.8514577710948755,
    0.8600583546412884,
    0.8261686238355866,
    0.8600583546412884,
    0.8429431933839268
  ],