{
  "total_s": 9.558266957988963,
  "step_s": 0.0,
  "fit_s": 0.0,
  "eval_s": 1.2735560000583064,
  "plot_s": 0.0,
  "other_s": 0.0,
  "train_s": 8.623978124989662,
  "eval_final_s": 0.49233966702013277,
  "post_s": 0.4341822080023121,
  "steps_per_s": null,
  "updates_per_s": null
}
