{
  "total_s": 10.226886167016346,
  "step_s": 0.0,
  "fit_s": 0.0,
  "eval_s": 1.3578802520642057,
  "plot_s": 0.0,
  "other_s": 0.0,
  "train_s": 9.194592292013112,
  "eval_final_s": 0.5198934580257628,
  "post_s": 0.5043839999998454,
  "steps_per_s": null,
  "updates_per_s": null
}
