{
  "total_s": 5.8858002919878345,
  "step_s": 0.0,
  "fit_s": 0.0,
  "eval_s": 0.6747971249860711,
  "plot_s": 0.0,
  "other_s": 0.0,
  "train_s": 5.2246721670089755,
  "eval_final_s": 0.25694533399655484,
  "post_s": 0.39934587499010377,
  "steps_per_s": null,
  "updates_per_s": null
}
