{
  "total_s": 5.849021292000543,
  "step_s": 0.0,
  "fit_s": 0.0,
  "eval_s": 0.6697966250358149,
  "plot_s": 0.0,
  "other_s": 0.0,
  "train_s": 5.216121584002394,
  "eval_final_s": 0.26105970799108036,
  "post_s": 0.3670075830013957,
  "steps_per_s": null,
  "updates_per_s": null
}
