{
  "family": "grid_hazard",
  "tag": "grid_hazard_1",
  "n_transitions": 9876,
  "gamma_base": 0.95,
  "r_max": 1.0,
  "seed": 42,
  "n_episodes": 1000,
  "mean_natural_shift": 0.00048464464743851253,
  "std_natural_shift": 0.0005651819306615473,
  "p25_natural_shift": 0.00044618186593114556,
  "p75_natural_shift": 0.0007816271565879657,
  "mean_abs_u": 0.0007004606760480373,
  "mean_abs_u_replay_global": 0.0007004606760480373,
  "mean_delta_effective_discount": -0.00023610545978266178,
  "std_delta_effective_discount": 0.00027534556886770227,
  "p25_delta_effective_discount": -0.0003807888820930305,
  "p75_delta_effective_discount": -0.00021736940561312146,
  "mean_abs_delta_d": 0.00034124808162888003,
  "mean_abs_delta_discount_global": 0.00034124808162888003,
  "mean_target_gap_same_gamma_base": -0.00015245607617783043,
  "std_target_gap_same_gamma_base": 7.179200434616018e-05,
  "p25_target_gap_same_gamma_base": -0.00020706388730473702,
  "p75_target_gap_same_gamma_base": -9.300953885726937e-05,
  "mean_abs_target_gap": 0.00015245607617783043,
  "target_gap_norm_global": 0.00015245607617783043,
  "frac_u_ge_5e3": 0.0,
  "frac_delta_d_ge_1e3": 0.0001012555690562981,
  "frac_target_gap_ge_5e3_normed": 0.0,
  "n_informative_transitions": 157,
  "frac_informative_transitions": 0.015897124341838802,
  "mean_abs_u_replay_informative": 0.0014596193359125026,
  "median_abs_u_replay_informative": 0.0013310247423024787,
  "frac_informative_u_ge_5e3": 0.0,
  "mean_abs_delta_discount_informative": 0.0007111100245861717,
  "target_gap_norm_informative": 0.00035555278591654975,
  "n_topquartile_transitions": 2654,
  "frac_topquartile": 0.2687322802754151,
  "q75_abs_margin": 0.9395317603241606,
  "mean_abs_u_replay_topquartile": 0.000984426959370464,
  "frac_topquartile_u_ge_5e3": 0.0,
  "mean_beta_used": -0.0007956212555782589,
  "mean_KL_to_prior": 6.924285191763924e-08
}