{
  "family": "grid_hazard",
  "tag": "grid_hazard_1",
  "n_transitions": 9876,
  "gamma_base": 0.95,
  "r_max": 1.0,
  "seed": 42,
  "n_episodes": 1000,
  "mean_natural_shift": 3.842587996157199e-05,
  "std_natural_shift": 0.0002821654761226144,
  "p25_natural_shift": 0.0,
  "p75_natural_shift": 0.0,
  "mean_abs_u": 0.00015039352269012666,
  "mean_delta_effective_discount": -1.8719793669252347e-05,
  "std_delta_effective_discount": 0.00013746512162786463,
  "p25_delta_effective_discount": -1.1102230246251565e-16,
  "p75_delta_effective_discount": -1.1102230246251565e-16,
  "mean_abs_delta_d": 7.326853007711842e-05,
  "mean_target_gap_same_gamma_base": -3.5829256863428855e-05,
  "std_target_gap_same_gamma_base": 5.813535505872552e-05,
  "p25_target_gap_same_gamma_base": -8.859586559062382e-05,
  "p75_target_gap_same_gamma_base": 0.0,
  "mean_abs_target_gap": 3.5829256863428855e-05,
  "frac_u_ge_5e3": 0.0,
  "frac_delta_d_ge_1e3": 0.0,
  "frac_target_gap_ge_5e3_normed": 0.0,
  "mean_beta_used": -0.00015424315155574604,
  "mean_KL_to_prior": 1.013005614704606e-08
}