{
  "total_s": 8.036595875018975,
  "step_s": 0.0,
  "fit_s": 0.0,
  "eval_s": 0.9658970828750171,
  "plot_s": 0.0,
  "other_s": 0.0,
  "train_s": 7.458626167004695,
  "eval_final_s": 0.16674779099412262,
  "post_s": 0.4088007920072414,
  "steps_per_s": null,
  "updates_per_s": null
}
