{
  "total_s": 8.640322666993598,
  "step_s": 0.0,
  "fit_s": 0.0,
  "eval_s": 0.11294283001916483,
  "plot_s": 0.0,
  "other_s": 0.0,
  "train_s": 8.074645916989539,
  "eval_final_s": 0.022585625003557652,
  "post_s": 0.5424637499963865,
  "steps_per_s": null,
  "updates_per_s": null
}
