{
  "total_s": 4.565296541986754,
  "step_s": 0.0,
  "fit_s": 0.0,
  "eval_s": 0.6034506670839619,
  "plot_s": 0.0,
  "other_s": 0.0,
  "train_s": 3.7529230829968583,
  "eval_final_s": 0.6019450000021607,
  "post_s": 0.1994496249826625,
  "steps_per_s": null,
  "updates_per_s": null
}
