{
  "phase": "phase4",
  "schedule_version": 3,
  "task_family": "dense_chain_cost",
  "scheduler_mode": "stagewise_u",
  "gamma_eval": 0.95,
  "gamma_base": 0.95,
  "sign_family": 1,
  "reward_bound": 0.02,
  "alpha_t": [
    0.24646784843563455,
    0.2453424028238957,
    0.243967859374845,
    0.2422940831791857,
    0.2428333150291331,
    0.26,
    0.2594466428305939,
    0.25863027506645264,
    0.2574752045269641,
    0.2558767023648486,
    0.25368571225708625,
    0.25068276162389924,
    0.24653099203114479,
    0.24068580954582366,
    0.3,
    0.28510577011879823,
    0.2879946360166681,
    0.3,
    0.14280500000000002,
    0.14280500000000002
  ],
  "kappa_t": [
    0.9623233924217817,
    0.9622671201411948,
    0.9621983929687422,
    0.9621147041589593,
    0.9621416657514567,
    0.963,
    0.9629723321415297,
    0.9629315137533226,
    0.9628737602263482,
    0.9627938351182423,
    0.9626842856128542,
    0.9625341380811949,
    0.9623265496015572,
    0.9620342904772912,
    0.965,
    0.9642552885059399,
    0.9643997318008334,
    0.9618300645341439,
    0.9554925,
    0.9554925
  ],
  "Bhat_t": [
    0.556065357411316,
    0.5373093509761516,
    0.5178492962567753,
    0.49766170859976805,
    0.47672248081969715,
    0.45494597770882833,
    0.43192728734042407,
    0.40803590531682576,
    0.38324211020822707,
    0.35751530930420633,
    0.33082400165668796,
    0.30313572789952625,
    0.2744169972257597,
    0.24463317293202813,
    0.21374827796419602,
    0.18108629840849327,
    0.14735340329701288,
    0.11235320762137033,
    0.0762642075,
    0.039,
    0.0
  ],
  "A_t": [
    0.5573093509761516,
    0.5378492962567754,
    0.517661708599768,
    0.49672248081969717,
    0.47494597770882835,
    0.4519272873404241,
    0.4280359053168258,
    0.4032421102082271,
    0.37751530930420635,
    0.350824001656688,
    0.32313572789952627,
    0.2944169972257597,
    0.26463317293202815,
    0.233748277964196,
    0.20108629840849326,
    0.16735340329701287,
    0.13235320762137032,
    0.0962642075,
    0.059,
    0.02
  ],
  "xi_ref_t": [
    0.38054816147120174,
    0.3781880394877477,
    0.3753055454982735,
    0.3717955438122264,
    0.3729263429641048,
    0.4089258352187113,
    0.40776541448705145,
    0.4060534459239894,
    0.4036311988209284,
    0.4002790509658413,
    0.3956844229670072,
    0.38938706862958905,
    0.3806805770995748,
    0.36842290463898136,
    0.35064008134084035,
    0.3236011128028495,
    0.2796121087917061,
    0.19737346302882094,
    0.02,
    0.02
  ],
  "u_target_t": [
    0.01875087831713549,
    0.018646991029898065,
    0.018520110096139533,
    0.018365607678078676,
    0.01841538292576613,
    0.020000000000000004,
    0.019948920876670204,
    0.01987356385228793,
    0.01976694195633514,
    0.01961938791060141,
    0.019417142669884882,
    0.01913994722682147,
    0.018756706956721055,
    0.01821715165038372,
    0.01743439157068531,
    0.016244196694825908,
    0.011730248667273634,
    0.008923147420093508,
    0.002,
    0.002
  ],
  "u_tr_cap_t": [
    0.0056552886962890625,
    0.005626678466796875,
    0.005588531494140625,
    0.00553131103515625,
    0.005550384521484375,
    0.0060272216796875,
    0.006008148193359375,
    0.00598907470703125,
    0.0059604644775390625,
    0.00591278076171875,
    0.005855560302734375,
    0.0057697296142578125,
    0.0056552886962890625,
    0.0054931640625,
    0.0052547454833984375,
    0.004901885986328125,
    0.003147125244140625,
    0.00240325927734375,
    0.0,
    0.0
  ],
  "U_safe_ref_t": [
    0.009623504137633918,
    0.00952015833908146,
    0.009394677877782493,
    0.009242978262273552,
    0.009291718954718602,
    0.01090877823249233,
    0.010854676005660951,
    0.010775099509327998,
    0.01066299731531716,
    0.010508805821235959,
    0.010299248785625804,
    0.010015386666519282,
    0.00962931853989217,
    0.009098350711863613,
    0.010792615640622621,
    0.00946596947858269,
    0.008262061830581893,
    0.004791516928403237,
    0.00022545137999577944,
    0.00022545137999577944
  ],
  "u_ref_used_t": [
    0.0056552886962890625,
    0.005626678466796875,
    0.005588531494140625,
    0.00553131103515625,
    0.005550384521484375,
    0.0060272216796875,
    0.006008148193359375,
    0.00598907470703125,
    0.0059604644775390625,
    0.00591278076171875,
    0.005855560302734375,
    0.0057697296142578125,
    0.0056552886962890625,
    0.0054931640625,
    0.0052547454833984375,
    0.004901885986328125,
    0.003147125244140625,
    0.00240325927734375,
    0.0,
    0.0
  ],
  "theta_used_t": [
    0.014860901375599027,
    0.014877991579051945,
    0.014890617954288485,
    0.01487729244530648,
    0.01488332649651037,
    0.014739156004814125,
    0.014734325128866865,
    0.014749473910762886,
    0.014767105454064346,
    0.014771646798531383,
    0.014798561588113417,
    0.014817465907544979,
    0.014855732171515033,
    0.014909941790624465,
    0.014986151792186451,
    0.015147926853127191,
    0.011255325306691351,
    0.012176202618448359,
    0.0,
    0.0
  ],
  "beta_used_t": [
    0.026665444155152807,
    0.027662008080324835,
    0.028765152428535563,
    0.02995091428267108,
    0.03133688291941864,
    0.03261399879514585,
    0.034423105505508325,
    0.036577216360529706,
    0.03911657379215007,
    0.04210557638238997,
    0.045796735892710654,
    0.05032816055855263,
    0.056137074603760176,
    0.06378631714629474,
    0.07452597173847765,
    0.09051460295816745,
    0.08504006445306594,
    0.12648733038651316,
    0.0,
    0.0
  ],
  "trust_clip_active_t": [
    true,
    true,
    true,
    true,
    true,
    true,
    true,
    true,
    true,
    true,
    true,
    true,
    true,
    true,
    true,
    true,
    true,
    true,
    true,
    true
  ],
  "safe_clip_active_t": [
    false,
    false,
    false,
    false,
    false,
    false,
    false,
    false,
    false,
    false,
    false,
    false,
    false,
    false,
    false,
    false,
    false,
    false,
    false,
    false
  ],
  "source_phase": "phase4C_ablation_trust_region_tighter",
  "notes": "Phase IV-C ablation: trust_region_tighter",
  "provenance": {
    "git_sha": "fa077e0a75d850a63da597f54fff569ff627e6ec",
    "calibration_code_version": "v3.0",
    "input_hashes": {
      "margins": "a86415b111926c48",
      "p_align": "071c86d5d2228b8c",
      "n_by_stage": "35d6f04339c16583"
    }
  }
}