{
  "schema_version": "1.0.0",
  "phase": "phase4C",
  "task": "dense_chain_cost_0",
  "algorithm": "safe_target_q",
  "seed": 789,
  "train_steps": 20000,
  "n_transitions": 20000,
  "mean_return": -0.2565901396781632,
  "final_disc_return_mean": -0.25660563103658296,
  "mean_q_target_gap": 4.613769067210406e-05,
  "std_q_target_gap": 0.00031160704957349476,
  "p5_q_target_gap": 0.0,
  "p95_q_target_gap": 0.0,
  "mean_beta_used": 0.08577898092124571,
  "std_beta_used": 0.06119767561236633,
  "p5_beta_used": 0.0,
  "p95_beta_used": 0.19818179225871832,
  "mean_rho": 0.512446260242583,
  "std_rho": 0.0003127922571547613,
  "p5_rho": 0.5118432228134261,
  "p95_rho": 0.5128205128205129,
  "mean_effective_discount": 0.950729792526963,
  "std_effective_discount": 0.0006099449014517783,
  "p5_effective_discount": 0.9499999999999998,
  "p95_effective_discount": 0.9519057155138191,
  "stage_mean_q_target_gap": [
    3.6045443506808676e-05,
    4.159808395104194e-05,
    5.510742352489091e-05,
    6.330691383011806e-05,
    4.673298951639586e-05,
    4.4478617220017165e-05,
    5.376736604710399e-05,
    4.139561974983423e-05,
    3.5961955229764866e-05,
    4.73079574383137e-05,
    5.145824311430801e-05,
    5.878555015676404e-05,
    4.7890342102279844e-05,
    5.8923547169345055e-05,
    5.888916614563147e-05,
    4.507699128545158e-05,
    5.113303212663059e-05,
    4.115641808450908e-05,
    4.373815324287217e-05,
    0.0
  ],
  "stage_std_q_target_gap": [
    0.0004394417235380284,
    0.00031162713428927596,
    0.0003341882550485513,
    0.0003503407768573259,
    0.0003166546437378328,
    0.00028061852444746777,
    0.0003357095597246835,
    0.0002646854528957033,
    0.0002495546113946799,
    0.00030360430942296855,
    0.00031952547553570475,
    0.0003375169037124821,
    0.0003150399600936918,
    0.0003672396104215268,
    0.00032852869184018624,
    0.0002832679287784855,
    0.000305578163525255,
    0.0002737521668410667,
    0.00030182818792933016,
    0.0
  ],
  "stage_mean_beta_used": [
    0.045451914000346316,
    0.04688111189674405,
    0.04843610426636002,
    0.050131099917038215,
    0.054239631211261595,
    0.05665790489890363,
    0.06228637852245212,
    0.06590613880641948,
    0.0700804770482183,
    0.07494059245181242,
    0.08066040073143024,
    0.08747353215660698,
    0.0956966564347114,
    0.10575704622276548,
    0.1528589538503577,
    0.17487243050391071,
    0.19557703331497492,
    0.24767221219060065,
    0.0,
    0.0
  ],
  "stage_std_beta_used": [
    2.0816681711721685e-17,
    6.938893903907228e-18,
    1.3877787807814457e-17,
    2.7755575615628914e-17,
    6.938893903907228e-18,
    2.0816681711721685e-17,
    0.0,
    1.3877787807814457e-17,
    2.7755575615628914e-17,
    1.3877787807814457e-17,
    2.7755575615628914e-17,
    1.3877787807814457e-17,
    1.3877787807814457e-17,
    1.3877787807814457e-17,
    2.7755575615628914e-17,
    0.0,
    2.7755575615628914e-17,
    8.326672684688674e-17,
    0.0,
    0.0
  ],
  "stage_mean_rho": [
    0.5126075689366388,
    0.5126190911573956,
    0.5126221396076459,
    0.5126186752863024,
    0.5126031140011271,
    0.5125888701576563,
    0.5125568893162675,
    0.5125409872509381,
    0.5125168224780813,
    0.5124900962215088,
    0.5124641791005595,
    0.5124357536749247,
    0.5123953075365569,
    0.5123644395686295,
    0.512154520377245,
    0.5120429567318889,
    0.5119491376884794,
    0.5117136301187897,
    0.5128205128205128,
    0.5128205128205128
  ],
  "stage_std_rho": [
    5.4278560529968576e-05,
    9.599578799987312e-05,
    0.00011303391430259547,
    0.00011613861301289768,
    0.0001181873894125247,
    0.0001129499027603765,
    0.00011395992289808033,
    0.00011111502176007879,
    0.00011339300041153282,
    0.00011466243608259248,
    0.00011932171718034604,
    0.0001246081337211685,
    0.00013189823183852763,
    0.0001425136531638117,
    0.0002013730197555743,
    0.00023030605726857996,
    0.0002572724391122978,
    0.00031927263152805945,
    1.1102230246251565e-16,
    1.1102230246251565e-16
  ],
  "stage_mean_effective_discount": [
    0.9504152405735546,
    0.9503927722430783,
    0.9503868277650905,
    0.9503935831917101,
    0.9504239276978024,
    0.9504517031925698,
    0.950514065833278,
    0.9505450748606706,
    0.9505921961677414,
    0.9506443123680574,
    0.950694850753909,
    0.9507502803338969,
    0.9508291503037133,
    0.9508893428411725,
    0.951298685264372,
    0.9515162343728168,
    0.9516991815074651,
    0.9521584212683597,
    0.9499999999999996,
    0.9499999999999996
  ],
  "stage_std_effective_discount": [
    0.00010584319303344494,
    0.00018719178659975987,
    0.0002204161328900529,
    0.00022647029537513344,
    0.00023046540935443328,
    0.00022025231038274502,
    0.00022222184965126524,
    0.00021667429243216592,
    0.00022111635080248893,
    0.00022359175036105913,
    0.00023267734850166756,
    0.0002429858607562868,
    0.00025720155208512244,
    0.0002779016236694321,
    0.0003926773885233597,
    0.000449096811673737,
    0.0005016812562689744,
    0.0006225816314797027,
    2.220446049250313e-16,
    2.220446049250313e-16
  ]
}