{
  "total_s": 9.671848041994963,
  "step_s": 0.0,
  "fit_s": 0.0,
  "eval_s": 1.2885603329632431,
  "plot_s": 0.0,
  "other_s": 0.0,
  "train_s": 8.731003417022293,
  "eval_final_s": 0.4928619159909431,
  "post_s": 0.4402266669785604,
  "steps_per_s": null,
  "updates_per_s": null
}
