{
  "total_s": 7.444658583001001,
  "step_s": 0.0,
  "fit_s": 0.0,
  "eval_s": 1.2979929141583852,
  "plot_s": 0.0,
  "other_s": 0.0,
  "train_s": 6.764343874994665,
  "eval_final_s": 0.44225870800437406,
  "post_s": 0.2301589580019936,
  "steps_per_s": null,
  "updates_per_s": null
}
