{
  "total_s": 4.880971625010716,
  "step_s": 0.0,
  "fit_s": 0.0,
  "eval_s": 0.6456942530348897,
  "plot_s": 0.0,
  "other_s": 0.0,
  "train_s": 4.0235068750043865,
  "eval_final_s": 0.6222798749804497,
  "post_s": 0.2233540840097703,
  "steps_per_s": null,
  "updates_per_s": null
}
