{
  "total_s": 4.589041500003077,
  "step_s": 0.0,
  "fit_s": 0.0,
  "eval_s": 0.6099989569920581,
  "plot_s": 0.0,
  "other_s": 0.0,
  "train_s": 3.7869457920023706,
  "eval_final_s": 0.587572167016333,
  "post_s": 0.2034346669970546,
  "steps_per_s": null,
  "updates_per_s": null
}
