{
  "schema_version": "1.0.0",
  "created_at": "2026-04-19T05:39:32Z",
  "phase": "phase2",
  "task": "chain_regime_shift",
  "algorithm": "ExpectedSARSA",
  "seed": 29,
  "train_steps": 180000,
  "n_transitions": 180000,
  "steps_to_threshold": null,
  "auc_disc_return": 14.184380089413732,
  "final_disc_return_mean": 17.8234279831848,
  "final_10pct_success_rate": 0.0,
  "adaptation_metrics": {
    "change_at_episode": 300,
    "pre_change_auc": 0.0,
    "post_change_auc": 15.435209444566249,
    "lag_to_50pct_recovery": 14,
    "lag_to_75pct_recovery": 38,
    "lag_to_90pct_recovery": null,
    "post_change_optimum": 19.74061549319533
  },
  "shortcut_risky_path_fraction": 0.0,
  "episode_returns": [
    17.60299644022884,
    19.569014445992597,
    17.199490361644195,
    17.504150242317618,
    17.40062622991285,
    18.898531802605262,
    18.556825862861047,
    16.06717580059403,
    19.284654203332178,
    18.292551754667272,
    18.92969528121968,
    19.586018248195387,
    19.349701772838458,
    17.96087080584408,
    17.686082555062413,
    16.66202185200868,
    17.18828144893458,
    18.811554773502124,
    19.06035528710478,
    18.122908402272632,
    18.659304150975892,
    16.77190752523889,
    16.44442778494493,
    18.290767548563466,
    18.505773209894357,
    16.76505579729578,
    17.532615786534144,
    15.421768412977741,
    18.567519191053062,
    17.325186768295154,
    19.555092805686954,
    15.39789829751002,
    15.226873014116881,
    17.907274732791134,
    19.29551030858783,
    18.77874326668793,
    16.75587102216577,
    18.13608686766174,
    16.56763355052474,
    17.381806547707132,
    17.880356281713055,
    17.71415299566727,
    19.018841787956497,
    18.318646495735962,
    18.294961779969228,
    18.666204470790564,
    18.014234599700806,
    16.905427566098133,
    16.385266806590717,
    18.345080389155328,
    18.71905667176096,
    17.829517225886164,
    19.34599674357081,
    18.188058957594865,
    16.617584748286795,
    18.66455792228416,
    18.857808564160017,
    16.577714742822554,
    19.55854609041257,
    17.28053889239867,
    17.314017446750757,
    16.50425981490798,
    17.244317547052468,
    19.638618581303305,
    16.41266442059968,
    18.757460686013083,
    17.32029345366505,
    16.201469875212535,
    17.35392981455454,
    17.14025226008419,
    17.45140591021013,
    18.179189875400056,
    17.267414179073892,
    18.750685265765583,
    17.24469603911129,
    15.63939599367892,
    18.924367634621788,
    17.287514286651778,
    18.646176545029885,
    17.639419457118233,
    16.564250541361325,
    19.535731731990868,
    18.726113395584136,
    17.71523919671787,
    17.08675049032513,
    16.84746838334499,
    16.71724635905874,
    17.227432252381362,
    18.10202433442634,
    18.775007009501447,
    18.767383856453552,
    18.642060657638694,
    18.041430257911664,
    20.284519730753843,
    16.756821216643335,
    17.790361508863704,
    18.667348411941756,
    19.013636900818547,
    18.598745217898383,
    16.9522085992856,
    19.499778126750353,
    20.263138632508745,
    19.57282139845953,
    18.12106786681953,
    19.54980139644409,
    18.922372247523136,
    20.276919149628977,
    18.789662342245922,
    16.941443359256166,
    17.575479494416737,
    18.73185518070547,
    16.333414685421634,
    18.67180982695399,
    18.67195555746266,
    17.76671046010845,
    18.804268567852944,
    18.131382240092293,
    16.718077353474953,
    18.628517757139893,
    17.28607940963916,
    17.92938453971585,
    17.110425528995762,
    18.59613847968914,
    20.255449668067023,
    18.05185897917433,
    17.886562946702604,
    16.990200327335746,
    17.266421665822115,
    17.382201385040034,
    17.72689117075374,
    17.640108841096158,
    17.98887142611026,
    16.557167654245518,
    17.83105919138386,
    18.560969958181012,
    16.177377833774536,
    17.263375569075937,
    16.384830982937903,
    17.972292472720472,
    17.51410724250197,
    17.338448137031534,
    17.257952553480955,
    17.168740337151796,
    16.93503076770169,
    18.998950588320493,
    17.010495588859385,
    18.72919424982402,
    16.05884731179221,
    19.59624527398989,
    15.540320260907817,
    17.60577574096323,
    17.553807487470223,
    17.069149488494617,
    19.307563979329004,
    17.62654829174864,
    16.890433606606233,
    16.239245466193797,
    17.475038515996317,
    17.86293327815422,
    19.56585726627904,
    18.125951943728897,
    17.606039634081643,
    17.865429838206616,
    16.931105928399116,
    19.071999418733956,
    17.30417882690754,
    17.7448785375549,
    17.55666390323711,
    17.111463829413445,
    19.631676097535166,
    17.14154603100344,
    17.721352829201052,
    17.46682412770875,
    15.649932317349265,
    16.6675026256994,
    17.87023178274349,
    19.57275787268855,
    16.581477282132983,
    16.900417013569832,
    17.942401021933613,
    19.448488842139316,
    18.189442141229854,
    17.15731838614207,
    18.204014109047346,
    16.363156207022293,
    18.29234611107353,
    15.329347318500117,
    20.274417305918995,
    19.64205371843469,
    17.612285732323375,
    17.428942835268494,
    16.815744772587706,
    17.91481014400822,
    16.75828867915134,
    17.349773831678274,
    17.951979256058614,
    18.928092416048376,
    19.579583418638652,
    19.316226109728984,
    18.911363977907037
  ],