{
  "total_s": 8.13553166599013,
  "step_s": 0.0,
  "fit_s": 0.0,
  "eval_s": 0.9718969579553232,
  "plot_s": 0.0,
  "other_s": 0.0,
  "train_s": 7.5816477079933975,
  "eval_final_s": 0.1408330829872284,
  "post_s": 0.41065204099868424,
  "steps_per_s": null,
  "updates_per_s": null
}
