{
  "total_s": 7.426321665989235,
  "step_s": 0.0,
  "fit_s": 0.0,
  "eval_s": 0.3941218320396729,
  "plot_s": 0.0,
  "other_s": 0.0,
  "train_s": 6.887814082991099,
  "eval_final_s": 0.2241793750145007,
  "post_s": 0.30947083298815414,
  "steps_per_s": null,
  "updates_per_s": null
}
