{
  "total_s": 0.729996125010075,
  "step_s": 0.0,
  "fit_s": 0.0,
  "eval_s": 0.15337554599682335,
  "plot_s": 0.0,
  "other_s": 0.0,
  "train_s": 0.7233724580000853,
  "post_s": 0.0065372920071240515,
  "steps_per_s": null,
  "updates_per_s": null
}
