{
  "phase": "phase4",
  "schedule_version": 3,
  "task_family": "dense_chain_cost",
  "scheduler_mode": "stagewise_u",
  "gamma_eval": 0.95,
  "gamma_base": 0.95,
  "sign_family": 1,
  "reward_bound": 0.02,
  "alpha_t": [
    0.19041240905748502,
    0.18938191094490447,
    0.18815917969935392,
    0.18670636695875975,
    0.1869592739673444,
    0.2,
    0.1993931104048231,
    0.19858427860695121,
    0.1975166509539718,
    0.19611158465437684,
    0.1942571594649184,
    0.19178856422784357,
    0.18845275803006867,
    0.18384042777669035,
    0.17724349393910666,
    0.16732192346400387,
    0.1298919026068892,
    0.1802538798079576,
    0.14280500000000002,
    0.14280500000000002
  ],
  "kappa_t": [
    0.9595206204528742,
    0.9594690955472451,
    0.9594079589849677,
    0.959335318347938,
    0.9593479636983672,
    0.96,
    0.9599696555202412,
    0.9599292139303475,
    0.9598758325476986,
    0.9598055792327188,
    0.9597128579732459,
    0.9595894282113921,
    0.9594226379015034,
    0.9591920213888345,
    0.9588621746969553,
    0.9583660961732001,
    0.9564945951303444,
    0.9590126939903978,
    0.9554925,
    0.9554925
  ],
  "Bhat_t": [
    0.5417635170495975,
    0.523973645102388,
    0.5054604127981602,
    0.4861961050350937,
    0.46615202889142643,
    0.4452524475527309,
    0.42317963286742805,
    0.4001997674178854,
    0.37627750273271093,
    0.3513761793934434,
    0.32545776577289853,
    0.2984827840879925,
    0.2704102155144105,
    0.24119736847210776,
    0.21079967719012288,
    0.1791703559945093,
    0.14625971907209154,
    0.1121383430896177,
    0.0762642075,
    0.039,
    0.0
  ],
  "A_t": [
    0.543973645102388,
    0.5254604127981602,
    0.5061961050350937,
    0.48615202889142645,
    0.46525244755273093,
    0.44317963286742806,
    0.4201997674178854,
    0.39627750273271095,
    0.3713761793934434,
    0.34545776577289855,
    0.3184827840879925,
    0.29041021551441054,
    0.2611973684721078,
    0.23079967719012287,
    0.1991703559945093,
    0.16625971907209153,
    0.1321383430896177,
    0.0962642075,
    0.059,
    0.02
  ],
  "xi_ref_t": [
    0.3897727193049543,
    0.38691214555456216,
    0.3835179492313423,
    0.37948506655136177,
    0.3801871145621395,
    0.41638704362523343,
    0.4147023705296159,
    0.4124571233222428,
    0.4094934811747985,
    0.4055931384908933,
    0.40044541434247477,
    0.39359280719132195,
    0.38433289731933395,
    0.3715294669298178,
    0.3532169484123328,
    0.32567552575734987,
    0.2805231478571377,
    0.19737346302882094,
    0.02,
    0.02
  ],
  "u_target_t": [
    0.0048082481811497005,
    0.004787638218898089,
    0.004763183593987079,
    0.004734127339175195,
    0.0047391854793468885,
    0.005,
    0.004987862208096462,
    0.004971685572139024,
    0.004950333019079435,
    0.004922231693087536,
    0.004885143189298367,
    0.00483577128455687,
    0.004769055160601374,
    0.0046768085555338075,
    0.004544869878782133,
    0.004346438469280078,
    0.0035978380521377836,
    0.0031331820095616275,
    0.002,
    0.002
  ],
  "u_tr_cap_t": [
    0.00339508056640625,
    0.00339508056640625,
    0.00335693359375,
    0.00335693359375,
    0.00335693359375,
    0.003528594970703125,
    0.003528594970703125,
    0.003509521484375,
    0.003509521484375,
    0.00347137451171875,
    0.003452301025390625,
    0.003414154052734375,
    0.003376007080078125,
    0.00331878662109375,
    0.003204345703125,
    0.003070831298828125,
    0.00225067138671875,
    0.001983642578125,
    0.0,
    0.0
  ],
  "U_safe_ref_t": [
    0.007615399946413235,
    0.007518605998521077,
    0.007404540240578202,
    0.007270117554740152,
    0.007293431570757255,
    0.008544943228136552,
    0.008484551672107935,
    0.008404390910505894,
    0.008299152154130674,
    0.008161640504073779,
    0.007981871936245324,
    0.007745604279352489,
    0.007431849807489081,
    0.00700846863079947,
    0.006423970612958444,
    0.0055915736041290505,
    0.0037390735048734797,
    0.003650596065827987,
    0.00022545137999577944,
    0.00022545137999577944
  ],
  "u_ref_used_t": [
    0.00339508056640625,
    0.00339508056640625,
    0.00335693359375,
    0.00335693359375,
    0.00335693359375,
    0.003528594970703125,
    0.003528594970703125,
    0.003509521484375,
    0.003509521484375,
    0.00347137451171875,
    0.003452301025390625,
    0.003414154052734375,
    0.003376007080078125,
    0.00331878662109375,
    0.003204345703125,
    0.003070831298828125,
    0.00225067138671875,
    0.001983642578125,
    0.0,
    0.0
  ],
  "theta_used_t": [
    0.00871041096067571,
    0.008774810006390656,
    0.008753002566054765,
    0.008846022912724162,
    0.008829687975133433,
    0.008474315002651752,
    0.008508740777625073,
    0.008508815306926086,
    0.008570396467134254,
    0.008558760448055983,
    0.008621152600933763,
    0.00867433040023718,
    0.008784070017490783,
    0.008932768236444275,
    0.00907189113525878,
    0.009429112892923064,
    0.00802312181333767,
    0.010050198986655788,
    0.0,
    0.0
  ],
  "beta_used_t": [
    0.016012560606748175,
    0.01669927894218215,
    0.017291722474727326,
    0.01819600122392941,
    0.018978273024845702,
    0.019121625576116543,
    0.02024927531471762,
    0.021471860623552178,
    0.023077399528241158,
    0.024775128238635258,
    0.027069446235912877,
    0.029869233025677594,
    0.03363000963169657,
    0.038703556023979374,
    0.04554840046331429,
    0.05671315304481253,
    0.06071759056261435,
    0.10440224095394737,
    0.0,
    0.0
  ],
  "trust_clip_active_t": [
    true,
    true,
    true,
    true,
    true,
    true,
    true,
    true,
    true,
    true,
    true,
    true,
    true,
    true,
    true,
    true,
    true,
    true,
    true,
    true
  ],
  "safe_clip_active_t": [
    false,
    false,
    false,
    false,
    false,
    false,
    false,
    false,
    false,
    false,
    false,
    false,
    false,
    false,
    false,
    false,
    false,
    false,
    false,
    false
  ],
  "source_phase": "phase4_diagnostic_sweep",
  "notes": "Phase IV-B diagnostic sweep (u_max=0.0050) stagewise schedule from classical pilot",
  "provenance": {
    "git_sha": "6202151f2786771ab9339e76dffb5bd4f02d731b",
    "calibration_code_version": "v3.0",
    "input_hashes": {
      "margins": "a86415b111926c48",
      "p_align": "071c86d5d2228b8c",
      "n_by_stage": "35d6f04339c16583"
    }
  }
}