{
  "phase": "phase4",
  "schedule_version": 3,
  "task_family": "dense_chain_cost",
  "scheduler_mode": "stagewise_u",
  "gamma_eval": 0.95,
  "gamma_base": 0.95,
  "sign_family": 1,
  "reward_bound": 0.02,
  "alpha_t": [
    0.24646784843563455,
    0.2453424028238957,
    0.243967859374845,
    0.2422940831791857,
    0.2428333150291331,
    0.26,
    0.2594466428305939,
    0.25863027506645264,
    0.2574752045269641,
    0.2558767023648486,
    0.25368571225708625,
    0.25068276162389924,
    0.24653099203114479,
    0.24068580954582366,
    0.3,
    0.28510577011879823,
    0.2879946360166681,
    0.3,
    0.14280500000000002,
    0.14280500000000002
  ],
  "kappa_t": [
    0.9623233924217817,
    0.9622671201411948,
    0.9621983929687422,
    0.9621147041589593,
    0.9621416657514567,
    0.963,
    0.9629723321415297,
    0.9629315137533226,
    0.9628737602263482,
    0.9627938351182423,
    0.9626842856128542,
    0.9625341380811949,
    0.9623265496015572,
    0.9620342904772912,
    0.965,
    0.9642552885059399,
    0.9643997318008334,
    0.9618300645341439,
    0.9554925,
    0.9554925
  ],
  "Bhat_t": [
    0.556065357411316,
    0.5373093509761516,
    0.5178492962567753,
    0.49766170859976805,
    0.47672248081969715,
    0.45494597770882833,
    0.43192728734042407,
    0.40803590531682576,
    0.38324211020822707,
    0.35751530930420633,
    0.33082400165668796,
    0.30313572789952625,
    0.2744169972257597,
    0.24463317293202813,
    0.21374827796419602,
    0.18108629840849327,
    0.14735340329701288,
    0.11235320762137033,
    0.0762642075,
    0.039,
    0.0
  ],
  "A_t": [
    0.5573093509761516,
    0.5378492962567754,
    0.517661708599768,
    0.49672248081969717,
    0.47494597770882835,
    0.4519272873404241,
    0.4280359053168258,
    0.4032421102082271,
    0.37751530930420635,
    0.350824001656688,
    0.32313572789952627,
    0.2944169972257597,
    0.26463317293202815,
    0.233748277964196,
    0.20108629840849326,
    0.16735340329701287,
    0.13235320762137032,
    0.0962642075,
    0.059,
    0.02
  ],
  "xi_ref_t": [
    0.38054816147120174,
    0.3781880394877477,
    0.3753055454982735,
    0.3717955438122264,
    0.3729263429641048,
    0.4089258352187113,
    0.40776541448705145,
    0.4060534459239894,
    0.4036311988209284,
    0.4002790509658413,
    0.3956844229670072,
    0.38938706862958905,
    0.3806805770995748,
    0.36842290463898136,
    0.35064008134084035,
    0.3236011128028495,
    0.2796121087917061,
    0.19737346302882094,
    0.02,
    0.02
  ],
  "u_target_t": [
    0.004791813052855915,
    0.0047744985049830106,
    0.004753351682689922,
    0.004727601279679779,
    0.004735897154294354,
    0.005,
    0.004991486812778367,
    0.004978927308714656,
    0.0049611569927225235,
    0.004936564651766901,
    0.0049028571116474795,
    0.004856657871136911,
    0.004792784492786842,
    0.004702858608397286,
    0.004572398595114218,
    0.004374032782470985,
    0.0036217081112122724,
    0.0031538579033489177,
    0.002,
    0.002
  ],
  "u_tr_cap_t": [
    0.00339508056640625,
    0.003376007080078125,
    0.00335693359375,
    0.003337860107421875,
    0.00335693359375,
    0.003528594970703125,
    0.003528594970703125,
    0.003509521484375,
    0.003509521484375,
    0.003490447998046875,
    0.00347137451171875,
    0.0034332275390625,
    0.00339508056640625,
    0.00331878662109375,
    0.00324249267578125,
    0.00308990478515625,
    0.002288818359375,
    0.001983642578125,
    0.0,
    0.0
  ],
  "U_safe_ref_t": [
    0.009623504137633918,
    0.00952015833908146,
    0.009394677877782493,
    0.009242978262273552,
    0.009291718954718602,
    0.01090877823249233,
    0.010854676005660951,
    0.010775099509327998,
    0.01066299731531716,
    0.010508805821235959,
    0.010299248785625804,
    0.010015386666519282,
    0.00962931853989217,
    0.009098350711863613,
    0.010792615640622621,
    0.00946596947858269,
    0.008262061830581893,
    0.004791516928403237,
    0.00022545137999577944,
    0.00022545137999577944
  ],
  "u_ref_used_t": [
    0.00339508056640625,
    0.003376007080078125,
    0.00335693359375,
    0.003337860107421875,
    0.00335693359375,
    0.003528594970703125,
    0.003528594970703125,
    0.003509521484375,
    0.003509521484375,
    0.003490447998046875,
    0.00347137451171875,
    0.0034332275390625,
    0.00339508056640625,
    0.00331878662109375,
    0.00324249267578125,
    0.00308990478515625,
    0.002288818359375,
    0.001983642578125,
    0.0,
    0.0
  ],
  "theta_used_t": [
    0.008921552933749162,
    0.008926794947431167,
    0.008944535016910489,
    0.00897767647561598,
    0.009001599530535483,
    0.00862893626864118,
    0.008653492536001174,
    0.008643003820319652,
    0.008694871691353087,
    0.008720036658487881,
    0.00877308862878385,
    0.008817004506968913,
    0.00891844966789098,
    0.009008089831835613,
    0.009247353193000714,
    0.009548498638936207,
    0.008185691132139164,
    0.010050198986655788,
    0.0,
    0.0
  ],
  "beta_used_t": [
    0.016008259897528496,
    0.0165972048481949,
    0.017278726373454806,
    0.01807382758437048,
    0.018952891387689626,
    0.019093638535132858,
    0.020216744503235046,
    0.021433782835469633,
    0.023031838648817964,
    0.024855872509604405,
    0.027149856457567876,
    0.029947335208394953,
    0.0337011780083282,
    0.03853756660921973,
    0.04598698800559419,
    0.05705589758452579,
    0.06184731960222978,
    0.10440224095394737,
    0.0,
    0.0
  ],
  "trust_clip_active_t": [
    true,
    true,
    true,
    true,
    true,
    true,
    true,
    true,
    true,
    true,
    true,
    true,
    true,
    true,
    true,
    true,
    true,
    true,
    true,
    true
  ],
  "safe_clip_active_t": [
    false,
    false,
    false,
    false,
    false,
    false,
    false,
    false,
    false,
    false,
    false,
    false,
    false,
    false,
    false,
    false,
    false,
    false,
    false,
    false
  ],
  "source_phase": "phase4_diagnostic_sweep",
  "notes": "Phase IV-B diagnostic sweep (u_max=0.0050) stagewise schedule from classical pilot",
  "provenance": {
    "git_sha": "01a22b9945b1a74a643b82b1f38fefc5e36ee5f8",
    "calibration_code_version": "v3.0",
    "input_hashes": {
      "margins": "a86415b111926c48",
      "p_align": "071c86d5d2228b8c",
      "n_by_stage": "35d6f04339c16583"
    }
  }
}