{
  "total_s": 0.671593875013059,
  "step_s": 0.0,
  "fit_s": 0.0,
  "eval_s": 0.15098008302447852,
  "plot_s": 0.0,
  "other_s": 0.0,
  "train_s": 0.6558258330042008,
  "post_s": 0.015733457999886014,
  "steps_per_s": null,
  "updates_per_s": null
}
