{
  "total_s": 4.403803624998545,
  "step_s": 0.0,
  "fit_s": 0.0,
  "eval_s": 0.6184805830416735,
  "plot_s": 0.0,
  "other_s": 0.0,
  "train_s": 3.65510033298051,
  "eval_final_s": 0.5331081670010462,
  "post_s": 0.2041528340196237,
  "steps_per_s": null,
  "updates_per_s": null
}
