{
  "schema_version": "1.0.0",
  "created_at": "2026-04-19T06:08:04Z",
  "phase": "phase2",
  "task": "grid_regime_shift",
  "algorithm": "QLearning",
  "seed": 11,
  "train_steps": 250000,
  "n_transitions": 250000,
  "steps_to_threshold": 40000,
  "auc_disc_return": 0.8339951596728645,
  "final_disc_return_mean": 0.9172781765280602,
  "final_10pct_success_rate": 1.0,
  "adaptation_metrics": {
    "change_at_episode": 200,
    "pre_change_auc": 0.5071844551002865,
    "post_change_auc": 0.8618503172027445,
    "lag_to_50pct_recovery": 1,
    "lag_to_75pct_recovery": 178,
    "lag_to_90pct_recovery": 658,
    "post_change_optimum": 0.970299
  },
  "shortcut_risky_path_fraction": 0.0,
  "episode_returns": [
    0.9135172474836408,
    0.9135172474836408,
    0.9227446944279201,
    0.9227446944279201,
    0.9135172474836408,
    0.9227446944279201,
    0.9135172474836408,
    0.9227446944279201,
    0.9227446944279201,
    0.9227446944279201,
    0.9135172474836408,
    0.9043820750088044,
    0.9227446944279201,
    0.9043820750088044,
    0.9135172474836408,
    0.9135172474836408,
    0.9135172474836408,
    0.9227446944279201,
    0.9043820750088044,
    0.9227446944279201,
    0.9227446944279201,
    0.9227446944279201,
    0.9135172474836408,
    0.9227446944279201,
    0.9227446944279201,
    0.9135172474836408,
    0.9227446944279201,
    0.9227446944279201,
    0.9135172474836408,
    0.9227446944279201,
    0.9227446944279201,
    0.9227446944279201,
    0.9043820750088044,
    0.9227446944279201,
    0.9227446944279201,
    0.9135172474836408,
    0.9135172474836408,
    0.9043820750088044,
    0.9227446944279201,
    0.9227446944279201,
    0.9227446944279201,
    0.9227446944279201,
    0.9227446944279201,
    0.9227446944279201,
    0.9043820750088044,
    0.9135172474836408,
    0.9227446944279201,
    0.9135172474836408,
    0.9227446944279201,
    0.9227446944279201,
    0.9135172474836408,
    0.8953382542587164,
    0.9227446944279201,
    0.9043820750088044,
    0.9227446944279201,
    0.9227446944279201,
    0.9227446944279201,
    0.9135172474836408,
    0.9227446944279201,
    0.9227446944279201,
    0.9227446944279201,
    0.9135172474836408,
    0.9135172474836408,
    0.9227446944279201,
    0.9227446944279201,
    0.9227446944279201,
    0.9227446944279201,
    0.9227446944279201,
    0.9135172474836408,
    0.9227446944279201,
    0.9227446944279201,
    0.9227446944279201,
    0.9227446944279201,
    0.9227446944279201,
    0.9135172474836408,
    0.9227446944279201,
    0.9135172474836408,
    0.9227446944279201,
    0.9135172474836408,
    0.9227446944279201,
    0.9135172474836408,
    0.9227446944279201,
    0.9227446944279201,
    0.9227446944279201,
    0.9227446944279201,
    0.9043820750088044,
    0.9135172474836408,
    0.9227446944279201,
    0.9227446944279201,
    0.9227446944279201,
    0.9227446944279201,
    0.9135172474836408,
    0.9227446944279201,
    0.9135172474836408,
    0.9227446944279201,
    0.9227446944279201,
    0.9043820750088044,
    0.9135172474836408,
    0.9043820750088044,
    0.9227446944279201,
    0.9227446944279201,
    0.9135172474836408,
    0.8953382542587164,
    0.9227446944279201,
    0.9227446944279201,
    0.9227446944279201,
    0.9043820750088044,
    0.9227446944279201,
    0.9227446944279201,
    0.9135172474836408,
    0.9043820750088044,
    0.9227446944279201,
    0.9135172474836408,
    0.9227446944279201,
    0.9227446944279201,
    0.9227446944279201,
    0.9227446944279201,
    0.9227446944279201,
    0.9135172474836408,
    0.9135172474836408,
    0.9227446944279201,
    0.9043820750088044,
    0.9227446944279201,
    0.9227446944279201,
    0.9227446944279201,
    0.9227446944279201,
    0.9227446944279201,
    0.9135172474836408,
    0.9227446944279201,
    0.9227446944279201,
    0.9135172474836408,
    0.9227446944279201,
    0.9227446944279201,
    0.9135172474836408,
    0.9227446944279201,
    0.9227446944279201,
    0.9227446944279201,
    0.9135172474836408,
    0.8953382542587164,
    0.9227446944279201,
    0.9227446944279201,
    0.9227446944279201,
    0.9135172474836408,
    0.9227446944279201,
    0.9227446944279201,
    0.9227446944279201,
    0.9227446944279201,
    0.9227446944279201,
    0.9227446944279201,
    0.9135172474836408,
    0.9227446944279201,
    0.9227446944279201,
    0.9227446944279201,
    0.9227446944279201,
    0.9227446944279201,
    0.9043820750088044,
    0.9227446944279201,
    0.9227446944279201,
    0.9227446944279201,
    0.9227446944279201,
    0.9227446944279201,
    0.9227446944279201,
    0.9227446944279201,
    0.9227446944279201,
    0.9227446944279201,
    0.9227446944279201,
    0.9227446944279201,
    0.9227446944279201,
    0.9227446944279201,
    0.9227446944279201,
    0.9135172474836408,
    0.9227446944279201,
    0.9227446944279201,
    0.9043820750088044,
    0.9135172474836408,
    0.9135172474836408,
    0.9043820750088044,
    0.9135172474836408,
    0.9227446944279201,
    0.9227446944279201,
    0.9135172474836408,
    0.9227446944279201,
    0.9227446944279201,
    0.9227446944279201,
    0.9227446944279201,
    0.9227446944279201,
    0.9227446944279201,
    0.9227446944279201,
    0.9227446944279201,
    0.9227446944279201,
    0.9227446944279201,
    0.9227446944279201,
    0.9227446944279201,
    0.9227446944279201,
    0.9227446944279201,
    0.9227446944279201,
    0.9043820750088044,
    0.9227446944279201,
    0.9227446944279201,
    0.9227446944279201
  ],