{
  "total_s": 5.8991766670078505,
  "step_s": 0.0,
  "fit_s": 0.0,
  "eval_s": 0.20160416496219113,
  "plot_s": 0.0,
  "other_s": 0.0,
  "train_s": 5.564072667009896,
  "eval_final_s": 0.04223345799255185,
  "post_s": 0.29199625001638196,
  "steps_per_s": null,
  "updates_per_s": null
}
