{
  "total_s": 5.839490291982656,
  "step_s": 0.0,
  "fit_s": 0.0,
  "eval_s": 0.667119666992221,
  "plot_s": 0.0,
  "other_s": 0.0,
  "train_s": 5.198999499989441,
  "eval_final_s": 0.2548425830027554,
  "post_s": 0.38083979199291207,
  "steps_per_s": null,
  "updates_per_s": null
}
