{
  "total_s": 8.475743999995757,
  "step_s": 0.0,
  "fit_s": 0.0,
  "eval_s": 0.2642652920621913,
  "plot_s": 0.0,
  "other_s": 0.0,
  "train_s": 7.856978583993623,
  "eval_final_s": 0.10902570898178965,
  "post_s": 0.5079227499954868,
  "steps_per_s": null,
  "updates_per_s": null
}
