{
  "total_s": 8.380389791011112,
  "step_s": 0.0,
  "fit_s": 0.0,
  "eval_s": 1.2863533728814218,
  "plot_s": 0.0,
  "other_s": 0.0,
  "train_s": 7.440240666008322,
  "eval_final_s": 0.4922058329975698,
  "post_s": 0.4400630409945734,
  "steps_per_s": null,
  "updates_per_s": null
}
