{
  "schema_version": "1.0.0",
  "created_at": "2026-04-19T05:30:18Z",
  "phase": "phase2",
  "task": "chain_catastrophe",
  "algorithm": "QLearning",
  "seed": 47,
  "train_steps": 120000,
  "n_transitions": 120000,
  "steps_to_threshold": null,
  "auc_disc_return": 2.2610897867007305,
  "final_disc_return_mean": 0.10959232883535008,
  "final_10pct_success_rate": 0.0,
  "tail_risk_metrics": {
    "return_q05": 0.0,
    "return_q25": 0.0,
    "return_q50": 0.0,
    "return_q75": 0.5639051904523875,
    "return_q95": 1.1165886676147725,
    "cvar_5pct": -3.9918501171748937,
    "cvar_10pct": -1.9959250585874468,
    "top5pct_mean": 1.1165886676147725,
    "top10pct_mean": 1.1165886676147725,
    "event_rate": 0.034,
    "event_conditioned_return": -5.870367819374844
  },
  "shortcut_risky_path_fraction": 0.536,
  "episode_returns": [
    0.0,
    0.0,
    0.0,
    0.0,
    0.0,
    0.0,
    1.1165886676147725,
    1.1165886676147725,
    -5.870367819374844,
    1.1165886676147725,
    0.0,
    1.1165886676147725,
    1.1165886676147725,
    1.1165886676147725,
    0.0,
    0.5582661385478637,
    0.5582661385478637,
    0.5582661385478637,
    0.0,
    0.0,
    1.1165886676147725,
    0.0,
    0.0,
    0.0,
    0.0,
    0.0,
    0.0,
    1.1165886676147725,
    0.0,
    1.1165886676147725,
    0.0,
    0.5582661385478637,
    1.1165886676147725,
    0.0,
    0.0,
    0.0,
    0.0,
    1.1165886676147725,
    1.1165886676147725,
    0.5582661385478637,
    0.0,
    0.0,
    0.5639051904523875,
    0.0,
    0.0,
    1.1165886676147725,
    0.0,
    0.0,
    0.0,
    0.0,
    0.0,
    0.0,
    0.0,
    0.0,
    0.0,
    0.5639051904523875,
    1.1165886676147725,
    1.1165886676147725,
    0.0,
    0.0,
    0.0,
    0.0,
    0.5526834771623851,
    1.1165886676147725,
    1.1165886676147725,
    0.5582661385478637,
    0.0,
    0.0,
    0.0,
    0.0,
    0.0,
    0.0,
    0.0,
    0.0,
    0.0,
    0.0,
    1.1165886676147725,
    0.0,
    0.5582661385478637,
    0.0,
    0.5526834771623851,
    0.5582661385478637,
    1.1165886676147725,
    0.0,
    1.1165886676147725,
    0.0,
    0.0,
    0.0,
    0.0,
    1.1165886676147725,
    0.5582661385478637,
    0.0,
    1.1165886676147725,
    0.0,
    0.0,
    0.0,
    -5.870367819374844,
    0.5526834771623851,
    0.0,
    0.5639051904523875,
    0.0,
    0.5582661385478637,
    0.0,
    0.0,
    0.0,
    1.1165886676147725,
    1.1165886676147725,
    0.0,
    0.0,
    0.5582661385478637,
    0.0,
    0.0,
    0.0,
    0.0,
    0.0,
    -5.870367819374844,
    1.1165886676147725,
    1.1165886676147725,
    0.0,
    0.5526834771623851,
    0.0,
    1.1165886676147725,
    0.0,
    0.0,
    0.5582661385478637,
    -5.870367819374844,
    1.1165886676147725,
    0.0,
    1.1165886676147725,
    0.0,
    0.0,
    0.0,
    0.0,
    1.1165886676147725,
    0.5582661385478637,
    0.5582661385478637,
    0.0,
    -5.870367819374844,
    1.1165886676147725,
    1.1165886676147725,
    0.5582661385478637,
    1.1165886676147725,
    0.5582661385478637,
    1.1165886676147725,
    0.5639051904523875,
    1.1165886676147725,
    0.0,
    0.5582661385478637,
    0.0,
    0.0,
    0.0,
    0.0,
    0.0,
    0.0,
    1.1165886676147725,
    0.0,
    -5.870367819374844,
    1.1165886676147725,
    0.0,
    0.0,
    0.5639051904523875,
    0.5639051904523875,
    0.0,
    0.0,
    0.5639051904523875,
    0.0,
    0.0,
    1.1165886676147725,
    0.5639051904523875,
    0.5582661385478637,
    1.1165886676147725,
    0.5526834771623851,
    0.0,
    0.5582661385478637,
    0.0,
    0.0,
    0.0,
    0.0,
    0.0,
    1.1165886676147725,
    0.0,
    1.1165886676147725,
    1.1165886676147725,
    0.0,
    0.5582661385478637,
    1.1165886676147725,
    1.1165886676147725,
    1.1165886676147725,
    1.1165886676147725,
    0.5582661385478637,
    0.0,
    0.0,
    1.1165886676147725,
    0.5639051904523875,
    1.1165886676147725,
    1.1165886676147725,
    0.0,
    0.0,
    1.1165886676147725,
    0.0,
    0.5582661385478637,
    0.0,
    1.1165886676147725,
    0.0,
    0.0,
    1.1165886676147725,
    0.0,
    0.0,
    0.0,
    0.0,
    1.1165886676147725,
    0.0,
    1.1165886676147725,
    0.5639051904523875,
    0.5526834771623851,
    0.0,
    0.0,
    0.0,
    0.0,
    1.1165886676147725,
    -5.870367819374844,
    -5.870367819374844,
    0.0,
    0.5582661385478637,
    0.5582661385478637,
    0.0,
    1.1165886676147725,
    -5.870367819374844,
    0.0,
    0.5582661385478637,
    0.0,
    0.0,
    0.0,
    1.1165886676147725,
    0.0,
    0.0,
    1.1165886676147725,
    0.0,
    0.0,
    0.5582661385478637,
    0.5582661385478637,
    0.0,
    -5.870367819374844,
    0.5639051904523875,
    0.5582661385478637,
    1.1165886676147725,
    1.1165886676147725,
    0.0,
    1.1165886676147725,
    0.5582661385478637,
    0.5526834771623851,
    1.1165886676147725,
    0.5639051904523875,
    1.1165886676147725,
    0.0,
    0.0,
    0.0,
    0.0,
    1.1165886676147725,
    0.0,
    0.0,
    1.1165886676147725,
    0.0,
    0.0,
    -5.870367819374844,
    0.5526834771623851,
    0.0,
    0.0,
    1.1165886676147725,
    0.5639051904523875,
    1.1165886676147725,
    0.0,
    1.1165886676147725,
    0.0,
    0.0,
    0.0,
    0.5582661385478637,
    0.0,
    0.0,
    0.0,
    0.0,
    0.0,
    0.0,
    0.0,
    0.0,
    0.0,
    1.1165886676147725,
    0.0,
    1.1165886676147725,
    -5.870367819374844,
    0.0,
    0.0,
    0.5639051904523875,
    0.0,
    0.0,
    0.0,
    0.0,
    0.0,
    1.1165886676147725,
    1.1165886676147725,
    0.0,
    1.1165886676147725,
    0.5639051904523875,
    0.5526834771623851,
    1.1165886676147725,
    0.0,
    0.0,
    0.0,
    1.1165886676147725,
    0.5582661385478637,
    1.1165886676147725,
    0.0,
    0.0,
    0.0,
    0.0,
    0.0,
    0.0,
    0.0,
    1.1165886676147725,
    0.0,
    0.0,
    0.0,
    0.0,
    0.0,
    1.1165886676147725,
    0.0,
    0.0,
    -5.870367819374844,
    0.0,
    1.1165886676147725,
    0.0,
    0.0,
    0.0,
    0.5639051904523875,
    -5.870367819374844,
    0.0,
    0.0,
    0.0,
    0.5582661385478637,
    0.5582661385478637,
    0.0,
    1.1165886676147725,
    1.1165886676147725,
    1.1165886676147725,
    0.0,
    0.0,
    0.0,
    0.5639051904523875,
    0.0,
    0.0,
    0.0,
    1.1165886676147725,
    0.5639051904523875,
    0.0,
    0.0,
    1.1165886676147725,
    0.0,
    1.1165886676147725,
    0.0,
    0.0,
    0.5639051904523875,
    1.1165886676147725,
    0.5582661385478637,
    0.0,
    0.5582661385478637,
    0.0,
    1.1165886676147725,
    0.0,
    1.1165886676147725,
    0.0,
    0.0,
    0.0,
    0.5526834771623851,
    0.5582661385478637,
    0.0,
    0.5526834771623851,
    0.0,
    0.0,
    0.5526834771623851,
    0.0,
    0.0,
    1.1165886676147725,
    0.0,
    0.5526834771623851,
    0.0,
    0.5526834771623851,
    0.5582661385478637,
    0.0,
    0.0,
    0.5582661385478637,
    1.1165886676147725,
    0.5639051904523875,
    0.5582661385478637,
    0.0,
    0.5582661385478637,
    0.5639051904523875,
    0.0,
    1.1165886676147725,
    1.1165886676147725,
    1.1165886676147725,
    1.1165886676147725,
    0.0,
    0.5639051904523875,
    0.0,
    1.1165886676147725,
    1.1165886676147725,
    0.0,
    0.5582661385478637,
    0.0,
    0.0,
    0.5582661385478637,
    0.0,
    1.1165886676147725,
    0.0,
    0.0,
    0.0,
    0.0,
    0.0,
    1.1165886676147725,
    1.1165886676147725,
    1.1165886676147725,
    1.1165886676147725,
    0.0,
    1.1165886676147725,
    0.0,
    0.0,
    0.0,
    1.1165886676147725,
    0.0,
    0.5639051904523875,
    0.5582661385478637,
    0.5582661385478637,
    0.0,
    0.5582661385478637,
    0.0,
    1.1165886676147725,
    0.0,
    0.5582661385478637,
    -5.870367819374844,
    0.5639051904523875,
    1.1165886676147725,
    1.1165886676147725,
    0.0,
    0.0,
    0.5639051904523875,
    0.5582661385478637,
    0.5582661385478637,
