{
  "total_s": 6.70469683400006,
  "step_s": 0.0,
  "fit_s": 0.0,
  "eval_s": 0.6418917090340983,
  "plot_s": 0.0,
  "other_s": 0.0,
  "train_s": 6.131543750001583,
  "eval_final_s": 0.2214342920051422,
  "post_s": 0.34703737500240095,
  "steps_per_s": null,
  "updates_per_s": null
}
