{
  "total_s": 4.221684457996162,
  "step_s": 0.0,
  "fit_s": 0.0,
  "eval_s": 0.624342416995205,
  "plot_s": 0.0,
  "other_s": 0.0,
  "train_s": 3.4948210409784224,
  "eval_final_s": 0.6000057919882238,
  "post_s": 0.11565758299548179,
  "steps_per_s": null,
  "updates_per_s": null
}
