{
  "total_s": 4.486460290994728,
  "step_s": 0.0,
  "fit_s": 0.0,
  "eval_s": 0.6146845430484973,
  "plot_s": 0.0,
  "other_s": 0.0,
  "train_s": 3.740945666009793,
  "eval_final_s": 0.5289185419969726,
  "post_s": 0.20532912499038503,
  "steps_per_s": null,
  "updates_per_s": null
}
