{
  "total_s": 4.756125208979938,
  "step_s": 0.0,
  "fit_s": 0.0,
  "eval_s": 0.649969752994366,
  "plot_s": 0.0,
  "other_s": 0.0,
  "train_s": 3.9643099590030033,
  "eval_final_s": 0.5591922499879729,
  "post_s": 0.22092254197923467,
  "steps_per_s": null,
  "updates_per_s": null
}
