{
  "total_s": 5.34849566599587,
  "step_s": 0.0,
  "fit_s": 0.0,
  "eval_s": 0.6856669999979204,
  "plot_s": 0.0,
  "other_s": 0.0,
  "train_s": 4.899144582996087,
  "eval_final_s": 0.22311058399645844,
  "post_s": 0.22128145799797494,
  "steps_per_s": null,
  "updates_per_s": null
}
