{
  "total_s": 7.029180291021476,
  "step_s": 0.0,
  "fit_s": 0.0,
  "eval_s": 0.6760400040948298,
  "plot_s": 0.0,
  "other_s": 0.0,
  "train_s": 6.394821083027637,
  "eval_final_s": 0.23519741700147279,
  "post_s": 0.394457832997432,
  "steps_per_s": null,
  "updates_per_s": null
}
