{
  "phase": "phase4",
  "schedule_version": 3,
  "task_family": "dense_chain_cost",
  "scheduler_mode": "stagewise_u",
  "gamma_eval": 0.95,
  "gamma_base": 0.95,
  "sign_family": 1,
  "reward_bound": 0.05,
  "alpha_t": [
    0.2464678484356346,
    0.24534240282389577,
    0.243967859374845,
    0.2422940831791856,
    0.2428333150291331,
    0.26,
    0.2594466428305939,
    0.2586302750664526,
    0.25747520452696404,
    0.25587670236484855,
    0.2536857122570862,
    0.25068276162389924,
    0.24653099203114479,
    0.24068580954582366,
    0.3,
    0.28510577011879834,
    0.2879946360166682,
    0.3,
    0.14280500000000002,
    0.14280500000000002
  ],
  "kappa_t": [
    0.9623233924217817,
    0.9622671201411948,
    0.9621983929687422,
    0.9621147041589593,
    0.9621416657514567,
    0.963,
    0.9629723321415297,
    0.9629315137533226,
    0.9628737602263482,
    0.9627938351182423,
    0.9626842856128542,
    0.9625341380811949,
    0.9623265496015572,
    0.9620342904772912,
    0.965,
    0.9642552885059399,
    0.9643997318008334,
    0.9618300645341439,
    0.9554925,
    0.9554925
  ],
  "Bhat_t": [
    1.39016339352829,
    1.3432733774403791,
    1.2946232406419387,
    1.2441542714994207,
    1.1918062020492435,
    1.1373649442720715,
    1.0798182183510607,
    1.020089763292065,
    0.9581052755205681,
    0.8937882732605162,
    0.8270600041417202,
    0.7578393197488158,
    0.6860424930643994,
    0.6115829323300704,
    0.5343706949104902,
    0.4527157460212333,
    0.3683835082425323,
    0.28088301905342583,
    0.19066051875,
    0.0975,
    0.0
  ],
  "A_t": [
    1.3932733774403792,
    1.3446232406419387,
    1.2941542714994207,
    1.2418062020492435,
    1.1873649442720715,
    1.1298182183510608,
    1.070089763292065,
    1.0081052755205682,
    0.9437882732605163,
    0.8770600041417203,
    0.8078393197488158,
    0.7360424930643994,
    0.6615829323300705,
    0.5843706949104902,
    0.5027157460212334,
    0.4183835082425323,
    0.3308830190534258,
    0.24066051875,
    0.14750000000000002,
    0.05
  ],
  "xi_ref_t": [
    0.3805481614712018,
    0.37818803948774776,
    0.3753055454982734,
    0.3717955438122263,
    0.37292634296410465,
    0.4089258352187112,
    0.4077654144870513,
    0.4060534459239892,
    0.4036311988209282,
    0.4002790509658411,
    0.395684422967007,
    0.38938706862958894,
    0.38068057709957476,
    0.36842290463898125,
    0.3506400813408403,
    0.32360111280284953,
    0.27961210879170606,
    0.19737346302882097,
    0.02,
    0.02
  ],
  "u_target_t": [
    0.018750878317135497,
    0.018646991029898065,
    0.018520110096139533,
    0.018365607678078676,
    0.018415382925766124,
    0.020000000000000004,
    0.019948920876670204,
    0.019873563852287925,
    0.01976694195633514,
    0.019619387910601402,
    0.019417142669884875,
    0.01913994722682147,
    0.018756706956721055,
    0.01821715165038372,
    0.017434391570685312,
    0.016244196694825914,
    0.011730248667273636,
    0.008923147420093508,
    0.002,
    0.002
  ],
  "u_tr_cap_t": [
    0.0056552886962890625,
    0.005626678466796875,
    0.005588531494140625,
    0.00553131103515625,
    0.005550384521484375,
    0.0060272216796875,
    0.006008148193359375,
    0.00598907470703125,
    0.0059604644775390625,
    0.00591278076171875,
    0.005855560302734375,
    0.0057697296142578125,
    0.0056552886962890625,
    0.0054931640625,
    0.0052547454833984375,
    0.004901885986328125,
    0.003147125244140625,
    0.00240325927734375,
    0.0,
    0.0
  ],
  "U_safe_ref_t": [
    0.00962350413763392,
    0.009520158339081462,
    0.009394677877782491,
    0.009242978262273549,
    0.009291718954718598,
    0.010908778232492328,
    0.010854676005660946,
    0.010775099509327991,
    0.010662997315317155,
    0.010508805821235954,
    0.0102992487856258,
    0.010015386666519278,
    0.009629318539892169,
    0.009098350711863611,
    0.01079261564062262,
    0.009465969478582692,
    0.00826206183058189,
    0.004791516928403238,
    0.00022545137999577944,
    0.00022545137999577944
  ],
  "u_ref_used_t": [
    0.0056552886962890625,
    0.005626678466796875,
    0.005588531494140625,
    0.00553131103515625,
    0.005550384521484375,
    0.0060272216796875,
    0.006008148193359375,
    0.00598907470703125,
    0.0059604644775390625,
    0.00591278076171875,
    0.005855560302734375,
    0.0057697296142578125,
    0.0056552886962890625,
    0.0054931640625,
    0.0052547454833984375,
    0.004901885986328125,
    0.003147125244140625,
    0.00240325927734375,
    0.0,
    0.0
  ],
  "theta_used_t": [
    0.014860901375599025,
    0.014877991579051944,
    0.014890617954288489,
    0.014877292445306483,
    0.014883326496510377,
    0.01473915600481413,
    0.014734325128866872,
    0.014749473910762895,
    0.014767105454064355,
    0.014771646798531391,
    0.014798561588113424,
    0.014817465907544982,
    0.014855732171515035,
    0.014909941790624468,
    0.014986151792186453,
    0.01514792685312719,
    0.011255325306691353,
    0.012176202618448357,
    0.0,
    0.0
  ],
  "beta_used_t": [
    0.01066617766206112,
    0.01106480323212993,
    0.01150606097141422,
    0.011980365713068429,
    0.012534753167767455,
    0.013045599518058339,
    0.01376924220220333,
    0.014630886544211883,
    0.01564662951686003,
    0.016842230552955993,
    0.018318694357084265,
    0.020131264223421052,
    0.02245482984150407,
    0.025514526858517895,
    0.02981038869539105,
    0.03620584118326697,
    0.03401602578122638,
    0.05059493215460526,
    0.0,
    0.0
  ],
  "trust_clip_active_t": [
    true,
    true,
    true,
    true,
    true,
    true,
    true,
    true,
    true,
    true,
    true,
    true,
    true,
    true,
    true,
    true,
    true,
    true,
    true,
    true
  ],
  "safe_clip_active_t": [
    false,
    false,
    false,
    false,
    false,
    false,
    false,
    false,
    false,
    false,
    false,
    false,
    false,
    false,
    false,
    false,
    false,
    false,
    false,
    false
  ],
  "source_phase": "phase4C_ablation_trust_region_tighter",
  "notes": "Phase IV-C ablation: trust_region_tighter",
  "provenance": {
    "git_sha": "fa077e0a75d850a63da597f54fff569ff627e6ec",
    "calibration_code_version": "v3.0",
    "input_hashes": {
      "margins": "e7d6b71300293fae",
      "p_align": "071c86d5d2228b8c",
      "n_by_stage": "35d6f04339c16583"
    }
  }
}