{
  "total_s": 6.964339875004953,
  "step_s": 0.0,
  "fit_s": 0.0,
  "eval_s": 0.6647369140118826,
  "plot_s": 0.0,
  "other_s": 0.0,
  "train_s": 6.3295286250067875,
  "eval_final_s": 0.23257254099007696,
  "post_s": 0.39743866698700003,
  "steps_per_s": null,
  "updates_per_s": null
}
