{
  "total_s": 6.0693280000123195,
  "step_s": 0.0,
  "fit_s": 0.0,
  "eval_s": 0.2821682100184262,
  "plot_s": 0.0,
  "other_s": 0.0,
  "train_s": 5.467731375014409,
  "eval_final_s": 0.175771457987139,
  "post_s": 0.42268404201604426,
  "steps_per_s": null,
  "updates_per_s": null
}
