{
  "schema_version": "1.0.0",
  "created_at": "2026-04-19T05:43:10Z",
  "phase": "phase2",
  "task": "chain_regime_shift",
  "algorithm": "QLearning",
  "seed": 11,
  "train_steps": 180000,
  "n_transitions": 180000,
  "steps_to_threshold": null,
  "auc_disc_return": 13.436984200804222,
  "final_disc_return_mean": 17.601267785320733,
  "final_10pct_success_rate": 0.0,
  "adaptation_metrics": {
    "change_at_episode": 300,
    "pre_change_auc": 0.0,
    "post_change_auc": 15.789807490217969,
    "lag_to_50pct_recovery": 15,
    "lag_to_75pct_recovery": 23,
    "lag_to_90pct_recovery": 2094,
    "post_change_optimum": 19.592640642769965
  },
  "shortcut_risky_path_fraction": 0.0,
  "episode_returns": [
    17.859151411903607,
    15.357442990227161,
    18.6926649007275,
    17.118851177781284,
    16.997263964481913,
    18.697155416305716,
    18.682599117490746,
    17.475450272369095,
    17.908203026219045,
    16.616486790417863,
    17.141820678047356,
    17.27075035328091,
    19.29437355284643,
    18.712694730972114,
    17.527202780211038,
    15.102805857760101,
    17.83231413785257,
    15.91522887571105,
    18.63954297911549,
    18.69234995710198,
    17.18835169092437,
    17.68483532599367,
    17.75728162928061,
    16.408045581655973,
    17.658761838827704,
    16.160167672294317,
    18.706794008306517,
    16.904134663227612,
    16.42073414906342,
    19.310323613517806,
    16.834788592419958,
    17.836361029743948,
    19.27212998931269,
    18.38915396893741,
    18.67174604966447,
    18.085331341566,
    18.393958681916995,
    16.805837934091667,
    18.46325838067551,
    16.084242129836426,
    17.795426597947394,
    18.740898528004895,
    15.725006195551838,
    16.25990747518252,
    18.042705719913016,
    17.1939834819742,
    15.783568651553768,
    16.987737531861764,
    18.648408153850575,
    16.482043619377283,
    18.67633878470665,
    17.129400050440125,
    19.28341659319053,
    19.258404983792854,
    17.004003521730247,
    16.861933612410883,
    19.288200651437005,
    15.702108696737358,
    16.89189034847725,
    16.4957814369839,
    18.50208684350753,
    17.707334856075533,
    19.30118844104297,
    16.88020534396799,
    15.746577752348186,
    19.250980967141075,
    16.2481525614296,
    17.40697011437163,
    17.301302429698886,
    18.129330073386832,
    17.137681528659318,
    17.27898252538307,
    17.204861419659757,
    18.714914516445997,
    17.494231900852224,
    16.296938986556448,
    18.319273902634947,
    17.148687711102024,
    17.096600316708596,
    17.23137898184751,
    17.80207253101477,
    18.681438797937496,
    18.42391911829766,
    17.45912810364834,
    16.11094977937966,
    19.225498815982014,
    17.823412597066348,
    18.31979745456095,
    16.99108663210234,
    16.430141305470585,
    16.272764720270917,
    18.09612582700823,
    17.758983073610942,
    16.61917748574447,
    19.245983022107094,
    16.478230226468884,
    18.654684230490453,
    17.86972973469968,
    19.316253277981822,
    16.438043512792085,
    17.31793558191642,
    17.244255646050835,
    17.766473226818704,
    16.883894527020846,
    14.95705111082146,
    17.462674356115283,
    19.316253277981822,
    17.980756983778008,
    18.539091986152513,
    17.608161309353427,
    18.693033472575518,
    18.363037543311243,
    17.16841581375668,
    18.112604075132655,
    17.563652269954435,
    16.68427391380988,
    19.27961112702233,
    18.10340598194817,
    17.380523948898777,
    15.55561673852026,
    18.08714445226992,
    17.49888277807652,
    18.48148662505914,
    19.243408187946876,
    17.280241916889203,
    16.865102938862798,
    17.73256961402086,
    17.562370412545437,
    18.72640907904495,
    17.237183289136183,
    17.830754107725937,
    18.5734813899544,
    17.155357080951372,
    16.799135973996616,
    18.717957160360026,
    19.280804360679927,
    17.696326721561523,
    17.983970057234036,
    18.415291375185433,
    17.214518811414102,
    18.340096295045534,
    18.065097463620205,
    16.006941976730793,
    18.09871461693589,
    15.475707703217418,
    17.79782149063432,
    16.132779756678037,
    16.231997285055773,
    17.15204674962079,
    17.65244147263043,
    18.34811007510978,
    19.228084759066654,
    17.743135838083212,
    16.35731857138963,
    17.2273193421384,
    18.15771456421514,
    17.717340928728863,
    17.709454804209884,
    18.480328506440063,
    19.295138380371593,
    16.468015945464163,
    16.852150508053096,
    17.831187882222903,
    19.282079320805565,
    17.44330287313087,
    17.921078403221152,
    16.979777025852062,
    17.578724397450536,
    17.141923795952458,
    19.260915949277216,
    15.792873992649396,
    18.69833951716664,
    18.652967542835704,
    18.31564522458561,
    18.301410172129668,
    17.78163334912792,
    17.60716397940957,
    17.135911325877867,
    18.085451772965463,
    16.06638867431955,
    16.57431114923629,
    17.035118368858726,
    18.42986840626569,
    16.296029887388432,
    17.36223132887479,
    18.66876123327082,
    18.004318455627022,
    14.653043491945352,
    16.196291927506046,
    17.085470571478957,
    16.603572230603273,
    15.783609225616082,
    17.52305733129209,
    18.64338036363025,
    19.316253277981822,
    17.25859779492723,
    17.28667672903438,
    17.491312374080625,
    18.63978590565503,
    16.083531514636427
  ],