{
  "phase": "III",
  "task": "chain_regime_shift_pre_shift",
  "algorithm": "SafePE",
  "n_seeds": 5,
  "seeds": [
    "seed_11",
    "seed_29",
    "seed_47",
    "seed_67",
    "seed_83"
  ],
  "metrics": {
    "beta_used_max": {
      "mean": 0.002010091534276668,
      "std": 0.0,
      "median": 0.002010091534276668,
      "q25": 0.002010091534276668,
      "q75": 0.002010091534276668,
      "iqr": 0.0,
      "ci_low": 0.002010091534276668,
      "ci_high": 0.002010091534276668
    },
    "beta_used_min": {
      "mean": 0.0,
      "std": 0.0,
      "median": 0.0,
      "q25": 0.0,
      "q75": 0.0,
      "iqr": 0.0,
      "ci_low": 0.0,
      "ci_high": 0.0
    },
    "clip_fraction": {
      "mean": 0.18333333333333332,
      "std": 0.0,
      "median": 0.18333333333333332,
      "q25": 0.18333333333333332,
      "q75": 0.18333333333333332,
      "iqr": 0.0,
      "ci_low": 0.18333333333333332,
      "ci_high": 0.18333333333333332
    },
    "final_bellman_residual": {
      "mean": 0.9988901942916598,
      "std": 1.2412670766236366e-16,
      "median": 0.9988901942916599,
      "q25": 0.9988901942916599,
      "q75": 0.9988901942916599,
      "iqr": 0.0,
      "ci_low": 0.9988901942916598,
      "ci_high": 0.9988901942916598
    },
    "n_stages_clipped": {
      "mean": 11.0,
      "std": 0.0,
      "median": 11.0,
      "q25": 11.0,
      "q75": 11.0,
      "iqr": 0.0,
      "ci_low": 11.0,
      "ci_high": 11.0
    },
    "n_states": {
      "mean": 25.0,
      "std": 0.0,
      "median": 25.0,
      "q25": 25.0,
      "q75": 25.0,
      "iqr": 0.0,
      "ci_low": 25.0,
      "ci_high": 25.0
    },
    "n_sweeps": {
      "mean": 1.0,
      "std": 0.0,
      "median": 1.0,
      "q25": 1.0,
      "q75": 1.0,
      "iqr": 0.0,
      "ci_low": 1.0,
      "ci_high": 1.0
    },
    "schedule_sign": {
      "mean": 1.0,
      "std": 0.0,
      "median": 1.0,
      "q25": 1.0,
      "q75": 1.0,
      "iqr": 0.0,
      "ci_low": 1.0,
      "ci_high": 1.0
    },
    "seed": {
      "mean": 47.4,
      "std": 28.788886744714528,
      "median": 47.0,
      "q25": 29.0,
      "q75": 67.0,
      "iqr": 38.0,
      "ci_low": 25.4,
      "ci_high": 69.4
    },
    "wall_clock_s": {
      "mean": 0.000952625198988244,
      "std": 0.00028315567724599366,
      "median": 0.0008287919918075204,
      "q25": 0.0008254589920397848,
      "q75": 0.000850209005875513,
      "iqr": 2.475001383572817e-05,
      "ci_low": 0.0008154754003044217,
      "ci_high": 0.0012064163922332228
    }
  },
  "provenance": {
    "schedule_path": "/Users/liq/Documents/Claude/Projects/LSE_RL/results/weighted_lse_dp/phase3/calibration/chain_regime_shift/schedule.json",
    "calibration_hash": "e5bbaea13fe72a1304efd145532cc89d8dbafeb50e5927168df48c2c6b7b1686",
    "source_phase": "phase2"
  }
}
