{
  "total_s": 6.709979792009108,
  "step_s": 0.0,
  "fit_s": 0.0,
  "eval_s": 0.24072758495458402,
  "plot_s": 0.0,
  "other_s": 0.0,
  "train_s": 6.109765500004869,
  "eval_final_s": 0.0872053750208579,
  "post_s": 0.511594250012422,
  "steps_per_s": null,
  "updates_per_s": null
}
