{
  "total_s": 4.900314041005913,
  "step_s": 0.0,
  "fit_s": 0.0,
  "eval_s": 0.6227912059403025,
  "plot_s": 0.0,
  "other_s": 0.0,
  "train_s": 4.186028875003103,
  "eval_final_s": 0.5904632910096552,
  "post_s": 0.11249625001801178,
  "steps_per_s": null,
  "updates_per_s": null
}
