{
  "total_s": 4.020691458979854,
  "step_s": 0.0,
  "fit_s": 0.0,
  "eval_s": 0.6231815819919575,
  "plot_s": 0.0,
  "other_s": 0.0,
  "train_s": 3.3876835419796407,
  "eval_final_s": 0.5070812500198372,
  "post_s": 0.11447512498125434,
  "steps_per_s": null,
  "updates_per_s": null
}
