{
  "total_s": 5.165081334002025,
  "step_s": 0.0,
  "fit_s": 0.0,
  "eval_s": 0.6558525010041194,
  "plot_s": 0.0,
  "other_s": 0.0,
  "train_s": 4.464352625000174,
  "eval_final_s": 0.5648860839937697,
  "post_s": 0.12374054200336104,
  "steps_per_s": null,
  "updates_per_s": null
}
