{
  "phase": "phase4",
  "schedule_version": 3,
  "task_family": "dense_chain_cost",
  "scheduler_mode": "stagewise_u",
  "gamma_eval": 0.95,
  "gamma_base": 0.95,
  "sign_family": 1,
  "reward_bound": 0.02,
  "alpha_t": [
    0.3,
    0.3,
    0.3,
    0.3,
    0.3,
    0.3,
    0.3,
    0.3,
    0.3,
    0.3,
    0.3,
    0.3,
    0.3,
    0.3,
    0.3,
    0.3,
    0.3,
    0.29381733372335617,
    0.14280500000000002,
    0.14280500000000002
  ],
  "kappa_t": [
    0.965,
    0.965,
    0.965,
    0.965,
    0.965,
    0.965,
    0.965,
    0.965,
    0.965,
    0.965,
    0.965,
    0.965,
    0.965,
    0.965,
    0.965,
    0.965,
    0.9637882552509901,
    0.9613006666816675,
    0.9554925,
    0.9554925
  ],
  "Bhat_t": [
    0.5674190911994128,
    0.5475845504657127,
    0.5270306222442619,
    0.5057312147608931,
    0.4836592899076612,
    0.46078682891985623,
    0.4370847968081412,
    0.4125231055006645,
    0.38707057564835706,
    0.36069489704492963,
    0.3333625876113261,
    0.30503895089256594,
    0.2756880320130217,
    0.24527257203421943,
    0.21375396065722221,
    0.1810921872095567,
    0.1472457898544629,
    0.11231283351369903,
    0.0762642075,
    0.039,
    0.0
  ],
  "A_t": [
    0.5675845504657128,
    0.5470306222442619,
    0.5257312147608931,
    0.5036592899076612,
    0.48078682891985625,
    0.45708479680814124,
    0.43252310550066453,
    0.4070705756483571,
    0.38069489704492965,
    0.3533625876113261,
    0.32503895089256596,
    0.29568803201302174,
    0.26527257203421944,
    0.2337539606572222,
    0.20109218720955668,
    0.1672457898544629,
    0.13231283351369902,
    0.0962642075,
    0.059,
    0.02
  ],
  "xi_ref_t": [
    0.3898040377500368,
    0.38694567949899816,
    0.3835539039810556,
    0.3795236701921821,
    0.37472260539809865,
    0.3689815670213428,
    0.36208100401867827,
    0.38387792186724073,
    0.4095603460515429,
    0.4056672938976539,
    0.40052813395139114,
    0.3936856875314347,
    0.3844379521351948,
    0.37164922463578165,
    0.35335446585119723,
    0.3258339236752362,
    0.28059868516245146,
    0.19737346302882094,
    0.02,
    0.02
  ],
  "u_target_t": [
    0.019131718798327327,
    0.01900609518995138,
    0.018857028123494504,
    0.01867990109227896,
    0.018468896371908336,
    0.018216580219287938,
    0.017913303461063082,
    0.01887126856939597,
    0.020000000000000004,
    0.019828902042286135,
    0.01960303818626457,
    0.019302315626703793,
    0.018895881657358123,
    0.018333822617197855,
    0.01752977588440923,
    0.01632025996339046,
    0.011062272463530465,
    0.008344833880747431,
    0.002,
    0.002
  ],
  "u_tr_cap_t": [
    0.013527870178222656,
    0.013437271118164062,
    0.013332366943359375,
    0.013208389282226562,
    0.013055801391601562,
    0.012879371643066406,
    0.012664794921875,
    0.013341903686523438,
    0.014142990112304688,
    0.014019012451171875,
    0.013861656188964844,
    0.013647079467773438,
    0.013360977172851562,
    0.012960433959960938,
    0.01239776611328125,
    0.011539459228515625,
    0.0067043304443359375,
    0.0050449371337890625,
    0.0,
    0.0
  ],
  "U_safe_ref_t": [
    0.011998072606278776,
    0.011910093040883125,
    0.011805695022937069,
    0.0116816454161185,
    0.011533869820156613,
    0.011357162068032405,
    0.011144764432522887,
    0.0118156682139451,
    0.01260616692670113,
    0.01248633973693676,
    0.012328157655174745,
    0.012117548833816527,
    0.011832905808135787,
    0.011439271914640134,
    0.010876163729617801,
    0.010029088196236397,
    0.007939211447981077,
    0.004577139630947213,
    0.00022545137999577944,
    0.00022545137999577944
  ],
  "u_ref_used_t": [
    0.011998072606278776,
    0.011910093040883125,
    0.011805695022937069,
    0.0116816454161185,
    0.011533869820156613,
    0.011357162068032405,
    0.011144764432522887,
    0.0118156682139451,
    0.01260616692670113,
    0.01248633973693676,
    0.012328157655174745,
    0.012117548833816527,
    0.011832905808135787,
    0.011439271914640134,
    0.010876163729617801,
    0.010029088196236397,
    0.0067043304443359375,
    0.004577139630947213,
    0.0,
    0.0
  ],
  "theta_used_t": [
    0.03077975455444764,
    0.03077975455444764,
    0.03077975455444764,
    0.03077975455444764,
    0.03077975455444764,
    0.030779754554447643,
    0.03077975455444764,
    0.030779754554447643,
    0.03077975455444764,
    0.03077975455444764,
    0.03077975455444764,
    0.03077975455444764,
    0.03077975455444764,
    0.030779754554447637,
    0.03077975455444764,
    0.03077975455444764,
    0.02389295031961569,
    0.02319024837841979,
    0.0,
    0.0
  ],
  "beta_used_t": [
    0.05422937345491932,
    0.0562669680687524,
    0.05854656084753599,
    0.06111225419884675,
    0.06401954609197168,
    0.06733926564476672,
    0.07116326079000732,
    0.07561282095966661,
    0.08085150285272936,
    0.08710530099554058,
    0.09469558792854081,
    0.10409536816522942,
    0.11603067108829154,
    0.13167586323631622,
    0.15306290603111442,
    0.18403903967467372,
    0.1805792354763677,
    0.240902085839327,
    0.0,
    0.0
  ],
  "trust_clip_active_t": [
    false,
    false,
    false,
    false,
    false,
    false,
    false,
    false,
    false,
    false,
    false,
    false,
    false,
    false,
    false,
    false,
    true,
    false,
    true,
    true
  ],
  "safe_clip_active_t": [
    true,
    true,
    true,
    true,
    true,
    true,
    true,
    true,
    true,
    true,
    true,
    true,
    true,
    true,
    true,
    true,
    false,
    true,
    false,
    false
  ],
  "source_phase": "phase4_rl",
  "notes": "Phase IV-B stagewise schedule from classical pilot",
  "provenance": {
    "git_sha": "6202151f2786771ab9339e76dffb5bd4f02d731b",
    "calibration_code_version": "v3.0",
    "input_hashes": {
      "margins": "ad022def185cf1b1",
      "p_align": "ed6399bbaa8804c5",
      "n_by_stage": "35d6f04339c16583"
    }
  }
}