{
  "total_s": 0.819610417005606,
  "step_s": 0.0,
  "fit_s": 0.0,
  "eval_s": 0.15503646001161542,
  "plot_s": 0.0,
  "other_s": 0.0,
  "train_s": 0.8045639170013601,
  "post_s": 0.014944375012419187,
  "steps_per_s": null,
  "updates_per_s": null
}
