{
  "total_s": 4.90977725002449,
  "step_s": 0.0,
  "fit_s": 0.0,
  "eval_s": 0.6253147931420244,
  "plot_s": 0.0,
  "other_s": 0.0,
  "train_s": 4.192278125003213,
  "eval_final_s": 0.592301958007738,
  "post_s": 0.1138952920155134,
  "steps_per_s": null,
  "updates_per_s": null
}
