{
  "total_s": 8.84236941699055,
  "step_s": 0.0,
  "fit_s": 0.0,
  "eval_s": 0.17318662707111798,
  "plot_s": 0.0,
  "other_s": 0.0,
  "train_s": 8.222938624996459,
  "eval_final_s": 0.07375670899637043,
  "post_s": 0.5446602079900913,
  "steps_per_s": null,
  "updates_per_s": null
}
