{
  "total_s": 5.448764333006693,
  "step_s": 0.0,
  "fit_s": 0.0,
  "eval_s": 0.6154860849201214,
  "plot_s": 0.0,
  "other_s": 0.0,
  "train_s": 4.538801499991678,
  "eval_final_s": 0.658023249998223,
  "post_s": 0.2401527920155786,
  "steps_per_s": null,
  "updates_per_s": null
}
