{
  "total_s": 7.318699459021445,
  "step_s": 0.0,
  "fit_s": 0.0,
  "eval_s": 0.20683549693785608,
  "plot_s": 0.0,
  "other_s": 0.0,
  "train_s": 6.980081750021782,
  "eval_final_s": 0.04545808301190846,
  "post_s": 0.2922324590035714,
  "steps_per_s": null,
  "updates_per_s": null
}
