{
  "total_s": 5.059760000003735,
  "step_s": 0.0,
  "fit_s": 0.0,
  "eval_s": 0.3391585029021371,
  "plot_s": 0.0,
  "other_s": 0.0,
  "train_s": 4.664729375013849,
  "eval_final_s": 0.18957779198535718,
  "post_s": 0.20137554200482555,
  "steps_per_s": null,
  "updates_per_s": null
}
