{
  "total_s": 6.9668735840241425,
  "step_s": 0.0,
  "fit_s": 0.0,
  "eval_s": 0.10820121201686561,
  "plot_s": 0.0,
  "other_s": 0.0,
  "train_s": 6.397353542008204,
  "eval_final_s": 0.019932249997509643,
  "post_s": 0.5490235840261448,
  "steps_per_s": null,
  "updates_per_s": null
}
