{
  "total_s": 5.559661708015483,
  "step_s": 0.0,
  "fit_s": 0.0,
  "eval_s": 0.6473560000886209,
  "plot_s": 0.0,
  "other_s": 0.0,
  "train_s": 4.68018879200099,
  "eval_final_s": 0.6330251659965143,
  "post_s": 0.23473962501157075,
  "steps_per_s": null,
  "updates_per_s": null
}
