{
  "schema_version": "1.0.0",
  "created_at": "2026-04-18T19:52:18Z",
  "phase": "phase3",
  "task": "chain_regime_shift",
  "algorithm": "SafeExpectedSARSA",
  "seed": 47,
  "train_steps": 180000,
  "n_transitions": 180000,
  "steps_to_threshold": null,
  "auc_disc_return": 16.80214622330495,
  "final_disc_return_mean": 18.15987122540014,
  "final_10pct_success_rate": 0.0,
  "adaptation_metrics": {
    "change_at_episode": 300,
    "pre_change_auc": 4.779027311054302,
    "post_change_auc": 16.19308497073684,
    "lag_to_50pct_recovery": 0,
    "lag_to_75pct_recovery": 12,
    "lag_to_90pct_recovery": null,
    "post_change_optimum": 20.582596452248893
  },
  "shortcut_risky_path_fraction": 0.0,
  "episode_returns": [
    17.174345681462746,
    19.42946568506992,
    19.621210184712066,
    18.633342136410548,
    19.62079149233992,
    18.1904628050276,
    19.661790841892305,
    18.92989197742574,
    17.92663325452057,
    21.189463699985282,
    18.064412743015588,
    17.733141949535632,
    19.83964843374445,
    17.60968468522308,
    19.24575724058208,
    18.21237862203246,
    19.533759531191954,
    18.050114601807113,
    18.656655940163915,
    19.73876869876287,
    17.63602239854287,
    19.54516928012643,
    17.594988645086893,
    17.900510374803613,
    19.0039604055762,
    18.40077394639809,
    19.581164938305555,
    18.07548125164315,
    18.17994085010379,
    17.91938345116099,
    18.104960838851134,
    18.091275324891477,
    18.074073339799575,
    16.83406915692819,
    18.806643944031432,
    18.511124131918717,
    18.89653403433465,
    17.96692005912843,
    18.034392778494325,
    19.448840289579607,
    16.50610493609422,
    19.793100610741632,
    17.818689416295612,
    16.958631061654323,
    16.88270669407756,
    18.502533422303603,
    19.612111864831263,
    18.72251720845212,
    19.06587196870582,
    17.321996034522925,
    18.61751992635044,
    17.55646923181487,
    19.934688177726205,
    20.343650137129444,
    18.749255681310302,
    19.375298875578345,
    21.181527557148843,
    17.521609207403003,
    19.485828579304265,
    16.066210013047,
    19.517071228095546,
    19.896898973619496,
    18.655222814682606,
    17.44483348343092,
    18.8317547061161,
    19.02182877164434,
    18.83526427774106,
    16.530530876989758,
    19.300229046757117,
    20.46581919643195,
    17.825310182539887,
    19.122601167142758,
    18.24723121002141,
    18.12510654737252,
    18.130268408307188,
    18.091879356300375,
    17.088837138227795,
    17.96587678564316,
    17.134608399732144,
    19.55657238219896,
    19.56645565294044,
    16.163035311140632,
    19.241257410454736,
    19.932329272251273,
    16.796079507636566,
    19.60922081523797,
    17.689943081407577,
    17.91543797774544,
    18.115372446658593,
    17.9070201724885,
    19.7108913214784,
    18.327617739407817,
    17.834574862273133,
    17.390617164802123,
    19.504680671368853,
    19.435827539930557,
    17.168669794470148,
    20.558503440399264,
    14.987190338110665,
    18.092822444390556,
    17.9677627570739,
    17.106020220242684,
    20.413370493508747,
    19.510902266892742,
    19.5371816590013,
    19.021658879284836,
    16.630324046275767,
    20.630106703201893,
    17.095487107828934,
    18.686972717708514,
    17.950586748117885,
    18.823861261005433,
    17.96524993819215,
    18.622521918154312,
    17.16276181606519,
    18.795363538842565,
    21.190867619096597,
    18.307450373909834,
    18.367072475365912,
    18.67858050998217,
    17.908877821110682,
    17.886722397845517,
    17.166974507974157,
    16.553410613269595,
    18.7192307704953,
    19.773884032069603,
    19.48097690005747,
    18.751637003264406,
    17.15616008654877,
    16.489239670353193,
    19.548041014402003,
    20.424197750604822,
    20.474686558825425,
    19.849129291116103,
    18.897631088789105,
    20.278571172644416,
    17.39601892567108,
    17.4250918110925,
    20.315874543908528,
    20.3089379811479,
    17.223027955459255,
    18.186779393362063,
    17.3750785638694,
    18.43757725928825,
    17.26625463294255,
    18.96483459531255,
    18.679648030070986,
    17.127483133393277,
    18.591828296481268,
    18.475107824487,
    17.870967123092214,
    17.204471626591257,
    19.37226198251137,
    19.97150625750685,
    17.880304686984893,
    16.802321011727308,
    18.778758794705666,
    20.43116188278532,
    18.636477895858015,
    19.48889136676961,
    17.954860271601696,
    16.671054237553516,
    19.579344790890396,
    17.80833185356485,
    19.513063473860285,
    18.114420730435697,
    19.18856747254414,
    19.599071093352464,
    18.87506222949384,
    19.70616798967128,
    17.81874322555924,
    19.859023396872544,
    17.475786385897045,
    18.08832247435231,
    18.040568820086882,
    18.693003992197987,
    19.073483440749907,
    18.81946547531159,
    18.764170909073286,
    15.870046804281865,
    18.261306512920548,
    17.360831792611116,
    21.188005642461068,
    17.200879967995903,
    19.876010874947884,
    18.910086182350803,
    17.325616336829885,
    19.447336237749642,
    17.82511247870378,
    17.837322194376753,
    17.809748326854862,
    17.212770152045813,
    18.03755342357908,
    16.794769720568745,
    18.804818757662268,
    20.442238582041263,
    18.772362146185742,
    20.21918714830158,
    17.045468997020954,
    19.38295709722945
  ],