{
  "total_s": 7.056218791985884,
  "step_s": 0.0,
  "fit_s": 0.0,
  "eval_s": 0.6708586240711156,
  "plot_s": 0.0,
  "other_s": 0.0,
  "train_s": 6.418516292003915,
  "eval_final_s": 0.23675712500698864,
  "post_s": 0.39628508299938403,
  "steps_per_s": null,
  "updates_per_s": null
}
