{
  "schema_version": "1.0.0",
  "created_at": "2026-04-19T05:44:14Z",
  "phase": "phase2",
  "task": "chain_regime_shift",
  "algorithm": "QLearning",
  "seed": 29,
  "train_steps": 180000,
  "n_transitions": 180000,
  "steps_to_threshold": null,
  "auc_disc_return": 15.267232948688962,
  "final_disc_return_mean": 19.586615744343973,
  "final_10pct_success_rate": 0.0,
  "adaptation_metrics": {
    "change_at_episode": 300,
    "pre_change_auc": 0.0,
    "post_change_auc": 16.836293261422092,
    "lag_to_50pct_recovery": 17,
    "lag_to_75pct_recovery": 265,
    "lag_to_90pct_recovery": null,
    "post_change_optimum": 21.793420281960437
  },
  "shortcut_risky_path_fraction": 0.0,
  "episode_returns": [
    21.1639820344884,
    19.36629539402958,
    20.96639985483278,
    18.703149143054034,
    19.342411760362477,
    19.64626872771652,
    19.636078435295126,
    19.660299028739065,
    20.40320319948865,
    19.786660695372014,
    20.246483834603872,
    20.37422029882694,
    17.944373495209685,
    19.71858482001693,
    18.75740048274577,
    21.294497360860074,
    20.178773087749285,
    20.349345784512362,
    18.701060163901275,
    20.43542679850743,
    20.457809961377617,
    18.600596012138006,
    19.80699891386472,
    21.854633908181,
    20.05443840044247,
    20.986978655812084,
    19.630706816209877,
    21.08712677516196,
    18.583382179088115,
    19.15025287081938,
    21.022050602035552,
    21.330169937006925,
    20.931096567285255,
    20.466441709430057,
    19.52788873233521,
    20.455571968278235,
    19.358556356232526,
    18.906136330910712,
    18.887279247726738,
    21.05689511891276,
    18.381819943026997,
    21.086809133413773,
    19.11265778370068,
    19.68598276652046,
    20.94866551331475,
    19.473232509794485,
    20.86262118504541,
    18.623934824325534,
    20.291581057078787,
    20.448260846053643,
    20.615321277945245,
    20.44399222117216,
    20.481274058087564,
    20.47402464704269,
    21.02079031295073,
    18.25417081639186,
    18.77064209635658,
    20.0559125327277,
    19.435165403858925,
    20.518354357884117,
    19.52419018354289,
    19.602606830478493,
    19.70871054013631,
    20.594208219774583,
    19.806840899745698,
    21.31819021187153,
    19.327573613490568,
    19.391291502387105,
    19.613432536832722,
    21.13787518683987,
    20.561444434111305,
    19.04142538557582,
    18.77494621169142,
    20.187033061300813,
    20.498100724018677,
    21.180829537420543,
    18.60166337538889,
    19.392856793207265,
    20.06798075238083,
    18.9223949084251,
    21.714336982334135,
    19.719517376672904,
    19.58966603886659,
    19.41859408976513,
    21.16017413264827,
    21.82984551132659,
    19.328605090775334,
    18.645522891399214,
    19.63412648452346,
    20.95314527799644,
    21.004129623280143,
    20.5271460518306,
    19.451999795963903,
    19.425838682910424,
    19.254288719611896,
    18.73800751105512,
    19.51081926924898,
    19.383203709346343,
    20.273556608443453,
    17.876645162445737,
    19.525529007067753,
    18.59840733172495,
    18.568539182537183,
    20.168124728261578,
    20.13777947512471,
    20.44181864601041,
    19.425777419574054,
    19.8876608253696,
    20.41011493028521,
    19.362941071603608,
    19.663338787182504,
    20.300514796058973,
    20.976137346033884,
    18.67161263660288,
    19.39069526386743,
    20.394926746581707,
    18.83362947864733,
    20.47952741697997,
    19.62743603710685,
    21.816758065534337,
    19.484225816298075,
    20.19274377740454,
    21.112245560926276,
    19.815865675275116,
    19.426174701141047,
    20.362271216334964,
    21.326947527061595,
    20.452485903566874,
    18.696903065347108,
    20.397308512425006,
    18.662273682829188,
    20.390235199073295,
    17.726253980626783,
    19.78898286237958,
    20.93604483018294,
    20.5194524569496,
    21.890852717513983,
    19.87996139576389,
    19.733836302780816,
    20.14402373441394,
    19.60779346227665,
    19.752459695726564,
    19.846085769981435,
    20.348114824536417,
    19.340868988639272,
    20.377568373902083,
    19.53825916713842,
    19.584332518821913,
    19.542569205032486,
    20.49272774012193,
    21.328804295822124,
    17.25954863498146,
    18.569864171469195,
    19.39748712679577,
    19.343087612613907,
    18.707811483725827,
    21.793420281960437,
    18.696548702310263,
    21.040202328258157,
    20.07327548293065,
    20.577837555414455,
    21.118801829786488,
    19.680834559281685,
    19.621532828072073,
    21.169398643625886,
    21.14848942357279,
    16.995995843368256,
    19.423276596391005,
    18.864479727907707,
    20.516345818566183,
    21.13050964824273,
    20.98510004364721,
    18.86681616753556,
    20.108238377270936,
    20.371646982820916,
    21.119456683831324,
    20.590524909956198,
    20.085837116707914,
    17.14121200126312,
    18.142121905558774,
    20.519842219279365,
    18.97283633326234,
    20.999555415937643,
    20.711742564042037,
    19.85674635931007,
    21.26355354394456,
    18.09123976899161,
    19.33606267973494,
    20.969928545432047,
    19.686276709113347,
    19.678968692437177,
    19.38264098296093,
    20.409768963591787,
    19.572155886208172,
    19.71253156275981,
    19.70402981305336,
    21.151574823102948,
    20.947510363648718,
    17.512270521332084,
    21.05965085273525
  ],