{
  "total_s": 5.969495541998185,
  "step_s": 0.0,
  "fit_s": 0.0,
  "eval_s": 0.6404012500715908,
  "plot_s": 0.0,
  "other_s": 0.0,
  "train_s": 5.548879249981837,
  "eval_final_s": 0.20855095799197443,
  "post_s": 0.20742500000051223,
  "steps_per_s": null,
  "updates_per_s": null
}
