{
  "total_s": 6.643668749980861,
  "step_s": 0.0,
  "fit_s": 0.0,
  "eval_s": 1.0206856250588316,
  "plot_s": 0.0,
  "other_s": 0.0,
  "train_s": 6.073079166992102,
  "eval_final_s": 0.1611375409993343,
  "post_s": 0.4065472499933094,
  "steps_per_s": null,
  "updates_per_s": null
}
