{
  "total_s": 6.247121874999721,
  "step_s": 0.0,
  "fit_s": 0.0,
  "eval_s": 0.9523020441411063,
  "plot_s": 0.0,
  "other_s": 0.0,
  "train_s": 5.729292542004259,
  "eval_final_s": 0.14545354200527072,
  "post_s": 0.369745417003287,
  "steps_per_s": null,
  "updates_per_s": null
}
