{
  "total_s": 4.201367000001483,
  "step_s": 0.0,
  "fit_s": 0.0,
  "eval_s": 0.6307739999028854,
  "plot_s": 0.0,
  "other_s": 0.0,
  "train_s": 3.4902451249945443,
  "eval_final_s": 0.5864702909893822,
  "post_s": 0.1131197499926202,
  "steps_per_s": null,
  "updates_per_s": null
}
