{
  "total_s": 10.929933542007348,
  "step_s": 0.0,
  "fit_s": 0.0,
  "eval_s": 0.3467604610195849,
  "plot_s": 0.0,
  "other_s": 0.0,
  "train_s": 10.019531458994607,
  "eval_final_s": 0.26439962501171976,
  "post_s": 0.6408988750190474,
  "steps_per_s": null,
  "updates_per_s": null
}
