{
  "schema_version": "1.0.0",
  "created_at": "2026-04-19T05:43:40Z",
  "phase": "phase2",
  "task": "chain_regime_shift",
  "algorithm": "QLearning",
  "seed": 29,
  "train_steps": 180000,
  "n_transitions": 180000,
  "steps_to_threshold": null,
  "auc_disc_return": 14.455475718642191,
  "final_disc_return_mean": 17.929451745363966,
  "final_10pct_success_rate": 0.0,
  "adaptation_metrics": {
    "change_at_episode": 300,
    "pre_change_auc": 0.0,
    "post_change_auc": 16.778030637207443,
    "lag_to_50pct_recovery": 12,
    "lag_to_75pct_recovery": 26,
    "lag_to_90pct_recovery": null,
    "post_change_optimum": 21.221586563018292
  },
  "shortcut_risky_path_fraction": 0.0,
  "episode_returns": [
    17.52086687333069,
    16.511177079693223,
    17.43084675639847,
    18.526442730024648,
    16.34618052934449,
    15.990272545533445,
    18.939268282399386,
    16.52449291587177,
    18.05834215140076,
    18.67374745241268,
    18.301699465595284,
    17.654528940326536,
    18.661641028949848,
    18.74000755234449,
    17.318068301875734,
    17.36909355594959,
    19.200057346553997,
    15.672723496657635,
    19.840385306717696,
    18.284694828415986,
    19.854753402051617,
    15.809159307198366,
    19.584809766630343,
    16.22286516478788,
    19.57526447405801,
    19.253004029247275,
    16.93957636109248,
    19.51817489157307,
    16.79782628906332,
    18.246171524815054,
    18.04818109695558,
    19.978463095034325,
    17.969513878278562,
    17.331831776136678,
    18.284412458770333,
    18.830065394635547,
    16.438860647103855,
    17.01630618781653,
    17.18405892547492,
    19.02386267156328,
    16.312054120662633,
    17.744696373298158,
    16.83533273059777,
    17.304114109913414,
    14.984312278537216,
    16.457431954649305,
    16.53678303202937,
    17.269576313727956,
    18.98967050053107,
    17.515818043346137,
    17.466854751569993,
    18.15192860024675,
    15.990327956963252,
    17.432576117633584,
    16.53091340798085,
    19.778658193038343,
    19.214582116471664,
    16.23883134333658,
    18.153687337393922,
    18.49971537441018,
    18.17000926514578,
    19.75048900729772,
    19.847537237887387,
    17.890727800802537,
    17.891895302715525,
    17.16337862516621,
    19.027292658364996,
    17.485010283103524,
    15.418265359117234,
    15.899325703878773,
    16.766532458762928,
    17.39737086842825,
    15.319969770204413,
    16.860211209193416,
    18.85171108342132,
    16.867950731061896,
    17.901736453699346,
    16.310732790595395,
    19.183185399667078,
    16.983947886722333,
    17.740300942330336,
    18.13818175239841,
    19.101755004283117,
    15.770328801893442,
    17.590041583844194,
    19.534725693636236,
    18.898236797391686,
    16.527826246931074,
    19.692670994051383,
    20.66254123099527,
    18.54241258948926,
    16.161842611704493,
    17.68912337301727,
    18.12222897180102,
    20.552547231543706,
    18.845232513632457,
    17.408757048812717,
    16.996846586912543,
    15.828803243828096,
    19.659383108416453,
    15.548113978429644,
    18.591359070879708,
    17.955030985558356,
    18.007827966817285,
    19.50950024351059,
    19.741040898589254,
    17.021393450189784,
    15.780333536322221,
    17.682151378823352,
    18.35890269857883,
    12.52682092950342,
    17.983447916288192,
    18.01844814200285,
    18.538853067411385,
    17.151792243374672,
    16.00624809570241,
    16.16581031801058,
    14.942807834555508,
    17.631719985548973,
    20.386988507248866,
    16.667529558840457,
    17.50044022143144,
    17.67709105921849,
    19.03350519891504,
    15.655837260523425,
    17.351385240401324,
    16.16086495883971,
    18.60033878293638,
    20.31711313628474,
    16.566180619112487,
    19.706520436551614,
    18.191512511295006,
    15.60878133890788,
    14.483872757828365,
    20.35275299814701,
    18.169754969721836,
    20.35535530696758,
    16.935024564240514,
    17.606932313589127,
    17.479359344730568,
    16.704405391624515,
    17.408918061734695,
    18.66280211615102,
    17.922335148956833,
    18.105823611705336,
    17.987803775488644,
    17.897309179746678,
    17.06935333122663,
    15.56019507958341,
    18.989350430157074,
    18.376507935429334,
    18.372882573461776,
    17.499847110957607,
    20.497494175559382,
    16.695808241026803,
    17.350181826425814,
    17.67450995734732,
    18.249887226063766,
    18.589770183379215,
    18.74086879406475,
    18.40092603789968,
    14.986965534704257,
    14.954266136052643,
    17.355884699593496,
    16.453785558856804,
    19.669570958180728,
    18.6396777921413,
    18.994586291976216,
    18.00541890559181,
    15.230680965042968,
    18.82108905143414,
    18.027145646484403,
    18.83967252489859,
    17.854574634214735,
    18.07338512048357,
    15.600538007014412,
    16.612504054096433,
    19.624546831383263,
    17.354216202119517,
    17.181396771637626,
    15.48021392864216,
    18.127320720650506,
    19.8775065317158,
    18.335314364136405,
    18.44961700825648,
    18.659756588592618,
    18.873174388415784,
    17.258288971917526,
    17.47610556223308,
    19.696817446551613,
    16.507663354699698,
    18.79447631624131,
    18.013796733958987,
    17.783957140258604,
    17.348406911138532,
    17.790182600471994,
    17.987170313267104,
    18.928969131407317,
    19.83687305431655,
    17.866873535435143
  ],