{
  "total_s": 5.734870290994877,
  "step_s": 0.0,
  "fit_s": 0.0,
  "eval_s": 0.6668504619447049,
  "plot_s": 0.0,
  "other_s": 0.0,
  "train_s": 5.121773749997374,
  "eval_final_s": 0.23161337498459034,
  "post_s": 0.3767339159967378,
  "steps_per_s": null,
  "updates_per_s": null
}
