{
  "total_s": 5.798374167003203,
  "step_s": 0.0,
  "fit_s": 0.0,
  "eval_s": 0.6821223330625799,
  "plot_s": 0.0,
  "other_s": 0.0,
  "train_s": 5.182566584000597,
  "eval_final_s": 0.23504100000718608,
  "post_s": 0.37587579200044274,
  "steps_per_s": null,
  "updates_per_s": null
}
