{
  "phase": "phase4",
  "schedule_version": 3,
  "task_family": "dense_chain_cost",
  "scheduler_mode": "stagewise_u",
  "gamma_eval": 0.95,
  "gamma_base": 0.95,
  "sign_family": 1,
  "reward_bound": 0.02,
  "alpha_t": [
    0.3,
    0.3,
    0.3,
    0.3,
    0.3,
    0.3,
    0.3,
    0.3,
    0.3,
    0.3,
    0.3,
    0.3,
    0.3,
    0.3,
    0.3,
    0.3,
    0.3,
    0.3,
    0.14280500000000002,
    0.14280500000000002
  ],
  "kappa_t": [
    0.965,
    0.965,
    0.965,
    0.965,
    0.965,
    0.965,
    0.965,
    0.965,
    0.965,
    0.965,
    0.965,
    0.965,
    0.965,
    0.965,
    0.965,
    0.965,
    0.9642686255013667,
    0.9617165021875173,
    0.9554925,
    0.9554925
  ],
  "Bhat_t": [
    0.5674668945002905,
    0.5476340875650679,
    0.5270819560259771,
    0.5057844103896135,
    0.4837144149115166,
    0.46084395327618305,
    0.4371439930323141,
    0.41258444873814937,
    0.387134143770103,
    0.36076077074622076,
    0.33343085051421845,
    0.3051096896520399,
    0.27576133642698436,
    0.24534853515749674,
    0.21383267891968574,
    0.18117376053853446,
    0.14733032180159011,
    0.11234454687900303,
    0.0762642075,
    0.039,
    0.0
  ],
  "A_t": [
    0.567634087565068,
    0.5470819560259771,
    0.5257844103896135,
    0.5037144149115166,
    0.48084395327618307,
    0.4571439930323141,
    0.4325844487381494,
    0.40713414377010304,
    0.3807607707462208,
    0.35343085051421846,
    0.3251096896520399,
    0.2957613364269844,
    0.26534853515749673,
    0.23383267891968573,
    0.20117376053853445,
    0.1673303218015901,
    0.13234454687900302,
    0.0962642075,
    0.059,
    0.02
  ],
  "xi_ref_t": [
    0.3897727193049543,
    0.38691214555456216,
    0.3835179492313423,
    0.37948506655136177,
    0.3801871145621395,
    0.41638704362523343,
    0.4147023705296159,
    0.4124571233222428,
    0.4094934811747985,
    0.4055931384908933,
    0.40044541434247477,
    0.39359280719132195,
    0.38433289731933395,
    0.3715294669298178,
    0.3532169484123328,
    0.32567552575734987,
    0.2805231478571377,
    0.19737346302882094,
    0.02,
    0.02
  ],
  "u_target_t": [
    0.018849489086898208,
    0.018725829313388537,
    0.018579101563922472,
    0.018404764035051174,
    0.01843511287608133,
    0.020000000000000004,
    0.019927173248578775,
    0.019830113432834147,
    0.019701998114476614,
    0.01953339015852522,
    0.019310859135790205,
    0.019014627707341226,
    0.01861433096360824,
    0.018060851333202843,
    0.0172692192726928,
    0.016078630815680464,
    0.011587028312826703,
    0.008799092057369767,
    0.002,
    0.002
  ],
  "u_tr_cap_t": [
    0.013327598571777344,
    0.013241767883300781,
    0.013136863708496094,
    0.013012886047363281,
    0.013036727905273438,
    0.014142990112304688,
    0.014090538024902344,
    0.014019012451171875,
    0.013933181762695312,
    0.0138092041015625,
    0.0136566162109375,
    0.013446807861328125,
    0.01316070556640625,
    0.012769699096679688,
    0.012211799621582031,
    0.0113677978515625,
    0.00728607177734375,
    0.005550384521484375,
    0.0,
    0.0
  ],
  "U_safe_ref_t": [
    0.011997108632226108,
    0.011909060874304142,
    0.011804588344565827,
    0.011680457205529144,
    0.01170206607098632,
    0.012816291002436767,
    0.012764437178049178,
    0.012695329020092176,
    0.012604108842206623,
    0.012484057251717785,
    0.01232561156591546,
    0.012114689999744924,
    0.011829672246688827,
    0.011435585801844563,
    0.010871930976602598,
    0.01002421274720192,
    0.008213529681808704,
    0.004745530632297898,
    0.00022545137999577944,
    0.00022545137999577944
  ],
  "u_ref_used_t": [
    0.011997108632226108,
    0.011909060874304142,
    0.011804588344565827,
    0.011680457205529144,
    0.01170206607098632,
    0.012816291002436767,
    0.012764437178049178,
    0.012695329020092176,
    0.012604108842206623,
    0.012484057251717785,
    0.01232561156591546,
    0.012114689999744924,
    0.011829672246688827,
    0.011435585801844563,
    0.010871930976602598,
    0.01002421274720192,
    0.00728607177734375,
    0.004745530632297898,
    0.0,
    0.0
  ],
  "theta_used_t": [
    0.03077975455444764,
    0.030779754554447637,
    0.03077975455444764,
    0.030779754554447643,
    0.03077975455444764,
    0.03077975455444764,
    0.03077975455444764,
    0.03077975455444764,
    0.03077975455444764,
    0.03077975455444764,
    0.03077975455444764,
    0.03077975455444764,
    0.03077975455444764,
    0.030779754554447637,
    0.03077975455444764,
    0.03077975455444764,
    0.025973157056737202,
    0.024043407657112163,
    0.0,
    0.0
  ],
  "beta_used_t": [
    0.0542246408887827,
    0.05626168842787811,
    0.05854063746705501,
    0.06110556625593983,
    0.06401194055729058,
    0.06733054578772932,
    0.07115316938515083,
    0.07560101510874039,
    0.08083751509937594,
    0.08708847716509506,
    0.09467498365671831,
    0.10406956813993956,
    0.1159974542018045,
    0.1316315354066466,
    0.15300084102445277,
    0.18394606681593764,
    0.19625407823174879,
    0.249764770120942,
    0.0,
    0.0
  ],
  "trust_clip_active_t": [
    false,
    false,
    false,
    false,
    false,
    false,
    false,
    false,
    false,
    false,
    false,
    false,
    false,
    false,
    false,
    false,
    true,
    false,
    true,
    true
  ],
  "safe_clip_active_t": [
    true,
    true,
    true,
    true,
    true,
    true,
    true,
    true,
    true,
    true,
    true,
    true,
    true,
    true,
    true,
    true,
    false,
    true,
    false,
    false
  ],
  "source_phase": "phase4C_geometry_dp",
  "notes": "Phase IV-C geometry-priority DP schedule",
  "provenance": {
    "git_sha": "6202151f2786771ab9339e76dffb5bd4f02d731b",
    "calibration_code_version": "v3.0",
    "input_hashes": {
      "margins": "a86415b111926c48",
      "p_align": "071c86d5d2228b8c",
      "n_by_stage": "35d6f04339c16583"
    }
  }
}