{
  "total_s": 4.841981207981007,
  "step_s": 0.0,
  "fit_s": 0.0,
  "eval_s": 0.6388001700106543,
  "plot_s": 0.0,
  "other_s": 0.0,
  "train_s": 4.428644749976229,
  "eval_final_s": 0.20343316701473668,
  "post_s": 0.20534420799231157,
  "steps_per_s": null,
  "updates_per_s": null
}
