{
  "phase": "phase4",
  "schedule_version": 3,
  "task_family": "dense_chain_cost",
  "scheduler_mode": "stagewise_u",
  "gamma_eval": 0.95,
  "gamma_base": 0.95,
  "sign_family": 1,
  "reward_bound": 0.02,
  "alpha_t": [
    0.3,
    0.3,
    0.3,
    0.3,
    0.3,
    0.3,
    0.3,
    0.3,
    0.3,
    0.3,
    0.3,
    0.3,
    0.3,
    0.3,
    0.3,
    0.3,
    0.3,
    0.2899013689677747,
    0.14280500000000002,
    0.14280500000000002
  ],
  "kappa_t": [
    0.965,
    0.965,
    0.965,
    0.965,
    0.965,
    0.965,
    0.965,
    0.965,
    0.965,
    0.965,
    0.965,
    0.965,
    0.965,
    0.965,
    0.965,
    0.965,
    0.9636138117235094,
    0.9611500526526067,
    0.9554925,
    0.9554925
  ],
  "Bhat_t": [
    0.567401752364961,
    0.5475665827616176,
    0.5270120028617798,
    0.5057119200640205,
    0.48363929540313016,
    0.46076610922604166,
    0.4370633256228411,
    0.41250085556771104,
    0.3870475187230167,
    0.3606710038580484,
    0.3333378278321745,
    0.3050132930903363,
    0.27566144361692885,
    0.24524501929215428,
    0.21372540859290598,
    0.18106259957814091,
    0.14721512909651907,
    0.11230134705413433,
    0.0762642075,
    0.039,
    0.0
  ],
  "A_t": [
    0.5675665827616176,
    0.5470120028617799,
    0.5257119200640206,
    0.5036392954031301,
    0.4807661092260417,
    0.45706332562284113,
    0.43250085556771106,
    0.4070475187230167,
    0.3806710038580484,
    0.35333782783217454,
    0.32501329309033633,
    0.29566144361692887,
    0.26524501929215427,
    0.23372540859290597,
    0.2010625995781409,
    0.16721512909651906,
    0.13230134705413432,
    0.0962642075,
    0.059,
    0.02
  ],
  "xi_ref_t": [
    0.3898101630107252,
    0.3869522381165479,
    0.38356093612272923,
    0.3795312204842063,
    0.37473072325508017,
    0.3689903067846446,
    0.38910473695291875,
    0.41252957703045223,
    0.4095734247790615,
    0.4056817989871202,
    0.4005443146916264,
    0.3937038564458425,
    0.3844585034940837,
    0.371672653621006,
    0.35338137144364473,
    0.32586491817417174,
    0.28061462388080816,
    0.19737346302882094,
    0.02,
    0.02
  ],
  "u_target_t": [
    0.019008678467859537,
    0.0188839779591942,
    0.01873600448216948,
    0.018560174952525696,
    0.018350713728566254,
    0.01810024078742193,
    0.018977898446868265,
    0.020000000000000004,
    0.01987101351396895,
    0.019701209291059202,
    0.019477044231223838,
    0.019178572908729985,
    0.018775168250257768,
    0.01821728025742081,
    0.017419172442794464,
    0.01621854056952165,
    0.010871710576432613,
    0.008180303307353715,
    0.002,
    0.002
  ],
  "u_tr_cap_t": [
    0.013442039489746094,
    0.0133514404296875,
    0.013246536254882812,
    0.01312255859375,
    0.012974739074707031,
    0.012798309326171875,
    0.013418197631835938,
    0.014142990112304688,
    0.014047622680664062,
    0.013928413391113281,
    0.01377105712890625,
    0.013561248779296875,
    0.013275146484375,
    0.012879371643066406,
    0.012316703796386719,
    0.011467933654785156,
    0.006542205810546875,
    0.004901885986328125,
    0.0,
    0.0
  ],
  "U_safe_ref_t": [
    0.011998261140299345,
    0.011910294913521522,
    0.011805911470531776,
    0.01168187781225382,
    0.011534119685802011,
    0.011357431075801698,
    0.011976548299383752,
    0.012697559127447421,
    0.012606569486724036,
    0.012486786200030325,
    0.012328655694387696,
    0.01211810806854252,
    0.011833538373918148,
    0.011439993053054799,
    0.010876991877149477,
    0.01003004219930617,
    0.007839235789885466,
    0.004516148559838249,
    0.00022545137999577944,
    0.00022545137999577944
  ],
  "u_ref_used_t": [
    0.011998261140299345,
    0.011910294913521522,
    0.011805911470531776,
    0.01168187781225382,
    0.011534119685802011,
    0.011357431075801698,
    0.011976548299383752,
    0.012697559127447421,
    0.012606569486724036,
    0.012486786200030325,
    0.012328655694387696,
    0.01211810806854252,
    0.011833538373918148,
    0.011439993053054799,
    0.010876991877149477,
    0.01003004219930617,
    0.006542205810546875,
    0.004516148559838249,
    0.0,
    0.0
  ],
  "theta_used_t": [
    0.030779754554447637,
    0.03077975455444764,
    0.03077975455444764,
    0.03077975455444764,
    0.03077975455444764,
    0.03077975455444764,
    0.03077975455444764,
    0.03077975455444764,
    0.03077975455444764,
    0.03077975455444764,
    0.03077975455444764,
    0.030779754554447637,
    0.03077975455444764,
    0.03077975455444764,
    0.03077975455444764,
    0.03077975455444764,
    0.023313844874049385,
    0.022881234845531336,
    0.0,
    0.0
  ],
  "beta_used_t": [
    0.05423109021796544,
    0.056268883303142316,
    0.05854870962541484,
    0.06111468035831174,
    0.06402230515790357,
    0.0673424290004104,
    0.07116692177185498,
    0.07561710399564507,
    0.0808565775761722,
    0.0871114048085085,
    0.09470306356328789,
    0.10410472930764403,
    0.11604272395609157,
    0.13169194885464355,
    0.15308543020446427,
    0.18407278528416593,
    0.17621774375819438,
    0.237692029465171,
    0.0,
    0.0
  ],
  "trust_clip_active_t": [
    false,
    false,
    false,
    false,
    false,
    false,
    false,
    false,
    false,
    false,
    false,
    false,
    false,
    false,
    false,
    false,
    true,
    false,
    true,
    true
  ],
  "safe_clip_active_t": [
    true,
    true,
    true,
    true,
    true,
    true,
    true,
    true,
    true,
    true,
    true,
    true,
    true,
    true,
    true,
    true,
    false,
    true,
    false,
    false
  ],
  "source_phase": "phase4C_advanced_rl",
  "notes": "Phase IV-C advanced estimator schedule",
  "provenance": {
    "git_sha": "6202151f2786771ab9339e76dffb5bd4f02d731b",
    "calibration_code_version": "v3.0",
    "input_hashes": {
      "margins": "5977ae147dbd30a9",
      "p_align": "9d64868be6ade0c3",
      "n_by_stage": "35d6f04339c16583"
    }
  }
}