{
  "phase": "phase4",
  "schedule_version": 3,
  "task_family": "dense_chain_cost",
  "scheduler_mode": "stagewise_u",
  "gamma_eval": 0.95,
  "gamma_base": 0.95,
  "sign_family": 1,
  "reward_bound": 0.02,
  "alpha_t": [
    0.48266975034937776,
    0.4812621272534118,
    0.4792826034854129,
    0.4766095232397926,
    0.4730892245443007,
    0.4685249837606945,
    0.4923291585998799,
    0.4,
    0.5,
    0.5,
    0.5,
    0.5,
    0.49842837374862886,
    0.48585596928390334,
    0.4668740719716459,
    0.4371234301855068,
    0.40371197785250673,
    0.4021065745919799,
    0.14280500000000002,
    0.14280500000000002
  ],
  "kappa_t": [
    0.9741334875174689,
    0.9740631063626706,
    0.9739641301742706,
    0.9738304761619896,
    0.973654461227215,
    0.9734262491880347,
    0.974616457929994,
    0.97,
    0.975,
    0.975,
    0.975,
    0.975,
    0.9749214186874314,
    0.9742927984641951,
    0.9733437035985822,
    0.9718561715092753,
    0.9701855988926253,
    0.970105328729599,
    0.9554925,
    0.9554925
  ],
  "Bhat_t": [
    0.612867158947262,
    0.589105257442421,
    0.5647532011520429,
    0.5398075605289183,
    0.5142656476542767,
    0.4881255790223995,
    0.4613863447765347,
    0.433387248224444,
    0.40658479198396297,
    0.37701004306047486,
    0.3466769672415127,
    0.31556612024770536,
    0.2836575592284158,
    0.25095105568385834,
    0.21754349002472634,
    0.1834331381244129,
    0.14861575442805575,
    0.11298431408708984,
    0.0762642075,
    0.039,
    0.0
  ],
  "A_t": [
    0.609105257442421,
    0.5847532011520429,
    0.5598075605289183,
    0.5342656476542768,
    0.5081255790223995,
    0.4813863447765347,
    0.45338724822444404,
    0.426584791983963,
    0.3970100430604749,
    0.3666769672415127,
    0.3355661202477054,
    0.3036575592284158,
    0.27095105568385836,
    0.23754349002472633,
    0.20343313812441288,
    0.16861575442805574,
    0.13298431408708983,
    0.0962642075,
    0.059,
    0.02
  ],
  "xi_ref_t": [
    0.3598998175354047,
    0.35868688963010864,
    0.35698116341384845,
    0.3546778098866862,
    0.3516444208104654,
    0.3477114823493165,
    0.36822318609141746,
    0.392066738952557,
    0.3909445459718401,
    0.38892276642099477,
    0.38568758364581135,
    0.38077643376454906,
    0.37347878915414273,
    0.3626453350458406,
    0.34628891619232605,
    0.32065323024323333,
    0.277824431135016,
    0.19737346302882094,
    0.02,
    0.02
  ],
  "u_target_t": [
    0.09195963853678905,
    0.09165645817765791,
    0.09123009921224277,
    0.09065435885164765,
    0.08989614067108015,
    0.08891307342538035,
    0.09404012646766645,
    0.1,
    0.0997194995107107,
    0.09921414066157144,
    0.09840548264376817,
    0.09717790417167047,
    0.09535380357662775,
    0.09264590107653303,
    0.08855749242466218,
    0.08214966188610916,
    0.05488719159686502,
    0.03924708278823594,
    0.002,
    0.002
  ],
  "u_tr_cap_t": [
    0.09195923805236816,
    0.09165644645690918,
    0.09122967720031738,
    0.09065449237823486,
    0.08989572525024414,
    0.0889134407043457,
    0.09404003620147705,
    0.09999990463256836,
    0.09971976280212402,
    0.09921431541442871,
    0.09840548038482666,
    0.09717822074890137,
    0.09535372257232666,
    0.09264588356018066,
    0.08855760097503662,
    0.08214950561523438,
    0.047893524169921875,
    0.03409862518310547,
    0.0,
    0.0
  ],
  "U_safe_ref_t": [
    0.01782073905197432,
    0.01770889567276182,
    0.01755220420391519,
    0.017341712592336796,
    0.01706643361112365,
    0.016712781881665754,
    0.018597679586452424,
    0.016089162087044293,
    0.02005283368574094,
    0.0199491299520527,
    0.01978318676956768,
    0.01953127771292671,
    0.019096755523626763,
    0.018075195194679882,
    0.016585770834289765,
    0.014379499500166402,
    0.01150679880605152,
    0.008142219584651743,
    0.00022545137999577944,
    0.00022545137999577944
  ],
  "u_ref_used_t": [
    0.01782073905197432,
    0.01770889567276182,
    0.01755220420391519,
    0.017341712592336796,
    0.01706643361112365,
    0.016712781881665754,
    0.018597679586452424,
    0.016089162087044293,
    0.02005283368574094,
    0.0199491299520527,
    0.01978318676956768,
    0.01953127771292671,
    0.019096755523626763,
    0.018075195194679882,
    0.016585770834289765,
    0.014379499500166402,
    0.01150679880605152,
    0.008142219584651743,
    0.0,
    0.0
  ],
  "theta_used_t": [
    0.04951583241695094,
    0.049371460693821,
    0.049168432407081686,
    0.04889426997949827,
    0.04853321310143116,
    0.04806508479025673,
    0.05050654138285372,
    0.04103679422036155,
    0.051293294387550696,
    0.051293294387550696,
    0.05129329438755069,
    0.05129329438755069,
    0.051132101951163605,
    0.04984262431611058,
    0.04789576003951037,
    0.04484439308239231,
    0.0414175195429789,
    0.04125285871618312,
    0.0,
    0.0
  ],
  "beta_used_t": [
    0.08129273522422632,
    0.08443127903627128,
    0.08783095455271502,
    0.09151677670868659,
    0.09551420968573536,
    0.09984721276746875,
    0.11139823976225077,
    0.09619844633820018,
    0.12919898446936115,
    0.1398868731063935,
    0.15285599854266407,
    0.16891821997741574,
    0.18871342583298062,
    0.2098252589911951,
    0.23543735539398172,
    0.2659561274953482,
    0.3114466531432802,
    0.4285378728764076,
    0.0,
    0.0
  ],
  "trust_clip_active_t": [
    true,
    true,
    true,
    true,
    true,
    true,
    true,
    true,
    true,
    true,
    true,
    true,
    true,
    true,
    true,
    true,
    true,
    true,
    true,
    true
  ],
  "safe_clip_active_t": [
    false,
    false,
    false,
    false,
    false,
    false,
    false,
    false,
    false,
    false,
    false,
    false,
    false,
    false,
    false,
    false,
    false,
    false,
    false,
    false
  ],
  "source_phase": "phase4C_ablation_raw_unclipped",
  "notes": "Phase IV-C ablation: raw_unclipped",
  "provenance": {
    "git_sha": "fbfc9b1e68f00da6c711fb85148cb8edfd458e85",
    "calibration_code_version": "v3.0",
    "input_hashes": {
      "margins": "b6e0b602313d9829",
      "p_align": "d96e305f37d4ed27",
      "n_by_stage": "35d6f04339c16583"
    }
  }
}