{
  "total_s": 4.7627494579937775,
  "step_s": 0.0,
  "fit_s": 0.0,
  "eval_s": 0.6208813739940524,
  "plot_s": 0.0,
  "other_s": 0.0,
  "train_s": 4.118163583014393,
  "eval_final_s": 0.520288708008593,
  "post_s": 0.11286287498660386,
  "steps_per_s": null,
  "updates_per_s": null
}
