{
  "total_s": 8.293887166975765,
  "step_s": 0.0,
  "fit_s": 0.0,
  "eval_s": 1.0962595810415223,
  "plot_s": 0.0,
  "other_s": 0.0,
  "train_s": 7.654600499983644,
  "eval_final_s": 0.2295570420101285,
  "post_s": 0.4055985829909332,
  "steps_per_s": null,
  "updates_per_s": null
}
