{
  "total_s": 4.592126083007315,
  "step_s": 0.0,
  "fit_s": 0.0,
  "eval_s": 0.61362254206324,
  "plot_s": 0.0,
  "other_s": 0.0,
  "train_s": 3.7605871249979828,
  "eval_final_s": 0.6104047909902874,
  "post_s": 0.20989279198693112,
  "steps_per_s": null,
  "updates_per_s": null
}
