{
  "total_s": 5.087637791992165,
  "step_s": 0.0,
  "fit_s": 0.0,
  "eval_s": 0.6841677939519286,
  "plot_s": 0.0,
  "other_s": 0.0,
  "train_s": 4.129824083996937,
  "eval_final_s": 0.6933400410052855,
  "post_s": 0.2523733749985695,
  "steps_per_s": null,
  "updates_per_s": null
}
