{
  "total_s": 5.120721249986673,
  "step_s": 0.0,
  "fit_s": 0.0,
  "eval_s": 0.4327688770426903,
  "plot_s": 0.0,
  "other_s": 0.0,
  "train_s": 4.685338041977957,
  "eval_final_s": 0.23370795798837207,
  "post_s": 0.19648187499842606,
  "steps_per_s": null,
  "updates_per_s": null
}
