{
  "total_s": 5.755712166981539,
  "step_s": 0.0,
  "fit_s": 0.0,
  "eval_s": 0.6578609570569824,
  "plot_s": 0.0,
  "other_s": 0.0,
  "train_s": 4.840407166979276,
  "eval_final_s": 0.6633433339884505,
  "post_s": 0.24001929198857397,
  "steps_per_s": null,
  "updates_per_s": null
}
