{
  "total_s": 5.748267333001422,
  "step_s": 0.0,
  "fit_s": 0.0,
  "eval_s": 0.6627339179904084,
  "plot_s": 0.0,
  "other_s": 0.0,
  "train_s": 4.841990166001779,
  "eval_final_s": 0.6663725420003175,
  "post_s": 0.2280672080014483,
  "steps_per_s": null,
  "updates_per_s": null
}
