{
  "total_s": 6.840342832991155,
  "step_s": 0.0,
  "fit_s": 0.0,
  "eval_s": 0.9843039571132977,
  "plot_s": 0.0,
  "other_s": 0.0,
  "train_s": 6.506207208003616,
  "eval_final_s": 0.13440187499509193,
  "post_s": 0.19706470798701048,
  "steps_per_s": null,
  "updates_per_s": null
}
