{
  "total_s": 8.415575375023764,
  "step_s": 0.0,
  "fit_s": 0.0,
  "eval_s": 1.2903059569653124,
  "plot_s": 0.0,
  "other_s": 0.0,
  "train_s": 7.4718739580130205,
  "eval_final_s": 0.4956336249888409,
  "post_s": 0.44026358300470747,
  "steps_per_s": null,
  "updates_per_s": null
}
