{
  "total_s": 5.501243542006705,
  "step_s": 0.0,
  "fit_s": 0.0,
  "eval_s": 0.6459279139817227,
  "plot_s": 0.0,
  "other_s": 0.0,
  "train_s": 4.639232958987122,
  "eval_final_s": 0.6157113750232384,
  "post_s": 0.23456566702225246,
  "steps_per_s": null,
  "updates_per_s": null
}
