{
  "total_s": 5.208754083985696,
  "step_s": 0.0,
  "fit_s": 0.0,
  "eval_s": 0.6171545840625186,
  "plot_s": 0.0,
  "other_s": 0.0,
  "train_s": 4.411383250000654,
  "eval_final_s": 0.5880871250119526,
  "post_s": 0.1980561249947641,
  "steps_per_s": null,
  "updates_per_s": null
}
