{
  "total_s": 8.541071457992075,
  "step_s": 0.0,
  "fit_s": 0.0,
  "eval_s": 0.17594437193474732,
  "plot_s": 0.0,
  "other_s": 0.0,
  "train_s": 8.004266792006092,
  "eval_final_s": 0.020443082990823314,
  "post_s": 0.5157465829979628,
  "steps_per_s": null,
  "updates_per_s": null
}
