{
  "total_s": 8.722417540993774,
  "step_s": 0.0,
  "fit_s": 0.0,
  "eval_s": 0.12742025207262486,
  "plot_s": 0.0,
  "other_s": 0.0,
  "train_s": 8.149905375001254,
  "eval_final_s": 0.02703420800389722,
  "post_s": 0.5447898750135209,
  "steps_per_s": null,
  "updates_per_s": null
}
