{
  "total_s": 8.803415417001816,
  "step_s": 0.0,
  "fit_s": 0.0,
  "eval_s": 1.3135780810262077,
  "plot_s": 0.0,
  "other_s": 0.0,
  "train_s": 8.138656750001246,
  "eval_final_s": 0.4261238750186749,
  "post_s": 0.23075029198662378,
  "steps_per_s": null,
  "updates_per_s": null
}
