{
  "total_s": 7.147460040985607,
  "step_s": 0.0,
  "fit_s": 0.0,
  "eval_s": 0.6850552079849876,
  "plot_s": 0.0,
  "other_s": 0.0,
  "train_s": 6.388086165999994,
  "eval_final_s": 0.31147095799678937,
  "post_s": 0.4418907079962082,
  "steps_per_s": null,
  "updates_per_s": null
}
