{
  "schema_version": "1.0.0",
  "created_at": "2026-04-19T05:44:34Z",
  "phase": "phase2",
  "task": "chain_regime_shift",
  "algorithm": "QLearning",
  "seed": 47,
  "train_steps": 180000,
  "n_transitions": 180000,
  "steps_to_threshold": null,
  "auc_disc_return": 13.832983442862524,
  "final_disc_return_mean": 17.287485477800352,
  "final_10pct_success_rate": 0.0,
  "adaptation_metrics": {
    "change_at_episode": 300,
    "pre_change_auc": 0.00377873629508264,
    "post_change_auc": 15.123284080652127,
    "lag_to_50pct_recovery": 20,
    "lag_to_75pct_recovery": 41,
    "lag_to_90pct_recovery": null,
    "post_change_optimum": 19.600052525465898
  },
  "shortcut_risky_path_fraction": 0.0,
  "episode_returns": [
    17.257825824999745,
    17.94358624469556,
    16.947314789195378,
    17.05414996822986,
    16.15349782882318,
    17.171320437544054,
    18.50839559546019,
    17.66286121841692,
    19.3417989858471,
    17.628376684493464,
    17.747286499295747,
    17.217110086911237,
    16.30059073712359,
    17.5844049800175,
    16.391167198987908,
    19.12542264180884,
    16.89291466377269,
    17.297664361654533,
    17.430219731223463,
    17.737427219116125,
    18.6964728628604,
    17.12636414020476,
    18.18420885036615,
    17.011554429923326,
    16.589115899561495,
    17.711055583340993,
    17.95168831808194,
    16.85918359541463,
    16.20809642529358,
    18.383416349257296,
    18.638040053692897,
    18.717432355609045,
    17.058662859904683,
    17.808572578998863,
    17.783998886753825,
    17.579212965218982,
    17.730555659450197,
    17.730231229916665,
    18.581124501726652,
    16.425739987759588,
    17.818147833667645,
    15.604119410819212,
    17.087291211117666,
    18.726365317440557,
    17.313129117241907,
    18.538731482447474,
    18.549444260857996,
    18.51870326462116,
    17.32249909271066,
    17.684341259679258,
    17.14623221280462,
    13.752716545846766,
    16.993332812377584,
    17.08913817675801,
    16.196763107451158,
    17.73245157593324,
    18.650976772038327,
    19.10790572686897,
    18.478316743794586,
    19.288126402709608,
    16.420767774325924,
    17.937505792979813,
    19.06547748841952,
    18.582563226517248,
    17.611566645581984,
    16.39919379128074,
    19.116608372241217,
    17.447216522799973,
    16.166900545168215,
    17.54766866915294,
    17.833060677018906,
    17.028769931722454,
    18.667692331259108,
    17.75889097216544,
    16.367035454640412,
    16.18737072220221,
    17.006401613569885,
    17.600383713664467,
    17.661308789743984,
    18.563323811887543,
    17.070360923708023,
    17.036124631302087,
    17.73642381542109,
    17.909666615083715,
    19.278758182043454,
    19.90953631640802,
    17.69306542116203,
    17.760802076142152,
    17.17826160070024,
    17.73360555204024,
    17.06669243349454,
    17.08836780937569,
    19.280750774055125,
    16.33822553407861,
    18.29050549448005,
    17.710240251767317,
    15.833647357222015,
    19.154817029204384,
    17.922887866375888,
    17.997093978515583,
    15.70428280228585,
    16.933693160786962,
    17.022053630403157,
    16.229721886793588,
    17.73185420925374,
    16.39749932023528,
    18.495752627271088,
    18.4194633382862,
    18.5598456248785,
    19.286010921516816,
    16.452208455246367,
    18.537533386912187,
    15.662593130502206,
    18.523790653042283,
    16.7187282659978,
    18.571554115173967,
    17.757020933307363,
    17.774362195847633,
    17.896909751891982,
    19.263048203803802,
    16.04863153307315,
    17.71506943635197,
    16.79951764556118,
    15.643243073456258,
    17.73093699795283,
    17.08630938217227,
    16.2027148871023,
    18.466533049977947,
    18.481174421323015,
    17.051002686111385,
    17.675827424563668,
    19.314864856984222,
    17.776543086781963,
    15.89994546645937,
    17.772829505731433,
    18.60586167436737,
    18.702884346131693,
    16.97605366024416,
    15.46342364250389,
    17.826793235455774,
    16.9025878982936,
    17.025922269478926,
    18.604953309469167,
    17.612874928947026,
    17.805750868270323,
    17.871699339200717,
    17.021011785078784,
    17.197786545000593,
    17.169027111449573,
    16.26655366646964,
    17.34158781292624,
    15.75732800345946,
    17.706710587544002,
    17.68197067068818,
    17.925727886425662,
    17.112633731507245,
    16.73718451744547,
    19.29187202873698,
    19.28991484681093,
    15.365713920312935,
    14.707653317427706,
    17.168798498235777,
    18.57620137165661,
    17.80090832101206,
    17.912427719625164,
    17.772827162691797,
    17.90896732097572,
    18.52610326408383,
    17.2583026883845,
    17.02017499458687,
    15.763469794206946,
    18.501571626109563,
    16.914579877599902,
    17.66119915014595,
    16.61446591481376,
    18.679832190116198,
    19.298233883597618,
    17.550350468391247,
    19.35121378734111,
    18.47165398107024,
    18.441209227630583,
    18.615259224373577,
    15.857415153100302,
    19.34546023984134,
    19.900848858280327,
    17.8093926595448,
    17.088904153082485,
    16.148566298423365,
    18.57888102475367,
    18.573253547639762,
    18.5176494223438,
    18.46139690669103,
    19.33677278171365,
    17.668283043012003,
    17.613221637018317,
    17.61288224510596,
    18.00614064560644,
    16.254219967175942,
    17.57583234817688,
    15.169226263745543
  ],