{
  "total_s": 7.4293290409841575,
  "step_s": 0.0,
  "fit_s": 0.0,
  "eval_s": 1.3034792509570252,
  "plot_s": 0.0,
  "other_s": 0.0,
  "train_s": 6.737107499997364,
  "eval_final_s": 0.455497250019107,
  "post_s": 0.2289099579793401,
  "steps_per_s": null,
  "updates_per_s": null
}
