{
  "phase": "phase4",
  "schedule_version": 3,
  "task_family": "dense_chain_cost",
  "scheduler_mode": "stagewise_u",
  "gamma_eval": 0.95,
  "gamma_base": 0.95,
  "sign_family": 1,
  "reward_bound": 0.05,
  "alpha_t": [
    0.4876009011388142,
    0.4863954657901407,
    0.48470035254738725,
    0.4824113984823652,
    0.4999348764985319,
    0.4982757210698733,
    0.4,
    0.5,
    0.5,
    0.5,
    0.5,
    0.5,
    0.5,
    0.4903191591524541,
    0.47406510788787976,
    0.4485906359638416,
    0.4483807372397272,
    0.473713887372752,
    0.28561000000000003,
    0.28561000000000003
  ],
  "kappa_t": [
    0.9743800450569406,
    0.974319773289507,
    0.9742350176273693,
    0.9741205699241182,
    0.9749967438249266,
    0.9749137860534937,
    0.97,
    0.975,
    0.975,
    0.975,
    0.975,
    0.975,
    0.975,
    0.9745159579576227,
    0.973703255394394,
    0.972429531798192,
    0.9724190368619864,
    0.9736856943686376,
    0.960985,
    0.960985
  ],
  "Bhat_t": [
    1.5380655557943577,
    1.478443204068464,
    1.417340838117358,
    1.354745840825625,
    1.2906470509328858,
    1.2237446519586848,
    1.1552248702090746,
    1.0904380105248193,
    1.0183979595126351,
    0.9445107277052668,
    0.8687289514925813,
    0.7910040528129039,
    0.7112862080132347,
    0.62952431591101,
    0.5459369973027628,
    0.46054790801857337,
    0.3733410968579228,
    0.2836648465337196,
    0.1911960375,
    0.0975,
    0.0
  ],
  "A_t": [
    1.5284432040684641,
    1.467340838117358,
    1.404745840825625,
    1.3406470509328858,
    1.2737446519586848,
    1.2052248702090747,
    1.1404380105248193,
    1.0683979595126352,
    0.9945107277052668,
    0.9187289514925814,
    0.8410040528129039,
    0.7612862080132348,
    0.67952431591101,
    0.5959369973027628,
    0.5105479080185734,
    0.4233410968579228,
    0.3336648465337196,
    0.24119603750000002,
    0.14750000000000002,
    0.05
  ],
  "xi_ref_t": [
    0.3598962280619955,
    0.35868305540561063,
    0.35697706176783706,
    0.3546734156316412,
    0.3723093713030659,
    0.37063956628120714,
    0.39250328647715915,
    0.3920598936410036,
    0.3909370058131612,
    0.3889144176120006,
    0.38567828505036883,
    0.38076600869076616,
    0.3734670151623556,
    0.36263193371288405,
    0.34627355284131056,
    0.3206355683504,
    0.27806998271637484,
    0.19693524193986808,
    0.02,
    0.02
  ],
  "u_target_t": [
    0.01850465697563758,
    0.018449021498006493,
    0.018370785502187105,
    0.018265141468416853,
    0.019073917376855314,
    0.018997340972455687,
    0.020000000000000004,
    0.019979666231275582,
    0.01992817116971171,
    0.019835416309115124,
    0.01968700892472814,
    0.019461734442910536,
    0.019127006332247863,
    0.018630115037805574,
    0.01787992805636368,
    0.016704183198331148,
    0.011918842742238835,
    0.008937111170853489,
    0.002,
    0.002
  ],
  "u_tr_cap_t": [
    0.01308441162109375,
    0.0130462646484375,
    0.012989044189453125,
    0.012912750244140625,
    0.013484954833984375,
    0.013432502746582031,
    0.014142990112304688,
    0.014128684997558594,
    0.014090538024902344,
    0.014023780822753906,
    0.013918876647949219,
    0.013761520385742188,
    0.013523101806640625,
    0.013170242309570312,
    0.012640953063964844,
    0.011811256408691406,
    0.0074291229248046875,
    0.00553131103515625,
    0.0,
    0.0
  ],
  "U_safe_ref_t": [
    0.01800258219927092,
    0.017897551789722303,
    0.017750362922508686,
    0.017552551399618675,
    0.01909448740704191,
    0.018945777103246252,
    0.0161070765979788,
    0.02011004354207981,
    0.020052446926162093,
    0.019948701714135174,
    0.01978270981397426,
    0.01953074297654815,
    0.019156353552762562,
    0.01824052680462835,
    0.016840426922520284,
    0.014755817793770812,
    0.012790940762678142,
    0.009570517331341368,
    0.0004508519230449306,
    0.0004508519230449306
  ],
  "u_ref_used_t": [
    0.01308441162109375,
    0.0130462646484375,
    0.012989044189453125,
    0.012912750244140625,
    0.013484954833984375,
    0.013432502746582031,
    0.014142990112304688,
    0.014128684997558594,
    0.014090538024902344,
    0.014023780822753906,
    0.013918876647949219,
    0.013761520385742188,
    0.013523101806640625,
    0.013170242309570312,
    0.012640953063964844,
    0.011811256408691406,
    0.0074291229248046875,
    0.00553131103515625,
    0.0,
    0.0
  ],
  "theta_used_t": [
    0.03635606766859428,
    0.036372681819843294,
    0.03638621519581181,
    0.0364074375891528,
    0.03621975666846001,
    0.03624141610502179,
    0.03603279411808876,
    0.036037057670825594,
    0.036042988551553426,
    0.036058783597847206,
    0.03608934489565945,
    0.036141672501335105,
    0.03620962831419473,
    0.03631848462633721,
    0.03650568448049485,
    0.036837012404636646,
    0.0267167381830718,
    0.028086953765467597,
    0.0,
    0.0
  ],
  "beta_used_t": [
    0.023786338656104734,
    0.02478816160157481,
    0.025902347697592174,
    0.027156616324795383,
    0.02843564965141446,
    0.030070252449017967,
    0.03159557449466876,
    0.033729994848796234,
    0.03624193037587336,
    0.039248554798741835,
    0.04291221281865589,
    0.04747448741473429,
    0.053286729358095135,
    0.060943497031928334,
    0.0715029557601611,
    0.08701496896484748,
    0.08007058118533879,
    0.11644865337171054,
    0.0,
    0.0
  ],
  "trust_clip_active_t": [
    true,
    true,
    true,
    true,
    true,
    true,
    true,
    true,
    true,
    true,
    true,
    true,
    true,
    true,
    true,
    true,
    true,
    true,
    true,
    true
  ],
  "safe_clip_active_t": [
    false,
    false,
    false,
    false,
    false,
    false,
    false,
    false,
    false,
    false,
    false,
    false,
    false,
    false,
    false,
    false,
    false,
    false,
    false,
    false
  ],
  "source_phase": "phase4C_scheduler_state_bin_hazard_proximity",
  "notes": "Phase IV-C scheduler ablation: state_bin_hazard_proximity",
  "provenance": {
    "git_sha": "fbfc9b1e68f00da6c711fb85148cb8edfd458e85",
    "calibration_code_version": "v3.0",
    "input_hashes": {
      "margins": "3942a14d56617985",
      "p_align": "8bb2e1a18e96a781",
      "n_by_stage": "35d6f04339c16583"
    }
  }
}