{
  "total_s": 4.173103457986144,
  "step_s": 0.0,
  "fit_s": 0.0,
  "eval_s": 0.6294365820067469,
  "plot_s": 0.0,
  "other_s": 0.0,
  "train_s": 3.4580557080043945,
  "eval_final_s": 0.5893109999888111,
  "post_s": 0.11435495800105855,
  "steps_per_s": null,
  "updates_per_s": null
}
