{
  "total_s": 5.257650749990717,
  "step_s": 0.0,
  "fit_s": 0.0,
  "eval_s": 0.6156845390214585,
  "plot_s": 0.0,
  "other_s": 0.0,
  "train_s": 4.476989582995884,
  "eval_final_s": 0.5633110830094665,
  "post_s": 0.20591216697357595,
  "steps_per_s": null,
  "updates_per_s": null
}
