{
  "total_s": 4.743485415994655,
  "step_s": 0.0,
  "fit_s": 0.0,
  "eval_s": 0.6429628350306302,
  "plot_s": 0.0,
  "other_s": 0.0,
  "train_s": 3.865572290989803,
  "eval_final_s": 0.6337386250088457,
  "post_s": 0.23234612500527874,
  "steps_per_s": null,
  "updates_per_s": null
}
