{
  "total_s": 5.872098124993499,
  "step_s": 0.0,
  "fit_s": 0.0,
  "eval_s": 0.6663453749788459,
  "plot_s": 0.0,
  "other_s": 0.0,
  "train_s": 5.23624316698988,
  "eval_final_s": 0.25350299998535775,
  "post_s": 0.37761875000433065,
  "steps_per_s": null,
  "updates_per_s": null
}
