{
  "total_s": 7.353570916020544,
  "step_s": 0.0,
  "fit_s": 0.0,
  "eval_s": 1.288461664924398,
  "plot_s": 0.0,
  "other_s": 0.0,
  "train_s": 6.671602625021478,
  "eval_final_s": 0.44231808398035355,
  "post_s": 0.23192150000249967,
  "steps_per_s": null,
  "updates_per_s": null
}
