{
  "total_s": 5.4355093330086675,
  "step_s": 0.0,
  "fit_s": 0.0,
  "eval_s": 0.6284463340125512,
  "plot_s": 0.0,
  "other_s": 0.0,
  "train_s": 4.869223874993622,
  "eval_final_s": 0.21543095901142806,
  "post_s": 0.3461692499986384,
  "steps_per_s": null,
  "updates_per_s": null
}
