{
  "total_s": 5.154063083988149,
  "step_s": 0.0,
  "fit_s": 0.0,
  "eval_s": 0.3667490019579418,
  "plot_s": 0.0,
  "other_s": 0.0,
  "train_s": 4.766791749978438,
  "eval_final_s": 0.18885074998252094,
  "post_s": 0.1942160420003347,
  "steps_per_s": null,
  "updates_per_s": null
}
