{
  "total_s": 6.562224208995758,
  "step_s": 0.0,
  "fit_s": 0.0,
  "eval_s": 0.6827834580108174,
  "plot_s": 0.0,
  "other_s": 0.0,
  "train_s": 6.106480833994283,
  "eval_final_s": 0.23141449999820907,
  "post_s": 0.21939066699997056,
  "steps_per_s": null,
  "updates_per_s": null
}
