{
  "total_s": 10.69134612500784,
  "step_s": 0.0,
  "fit_s": 0.0,
  "eval_s": 0.5034435420529917,
  "plot_s": 0.0,
  "other_s": 0.0,
  "train_s": 9.726861333008856,
  "eval_final_s": 0.34976041701156646,
  "post_s": 0.6075322499964386,
  "steps_per_s": null,
  "updates_per_s": null
}
