{
  "total_s": 8.831647290993715,
  "step_s": 0.0,
  "fit_s": 0.0,
  "eval_s": 1.3048097929859068,
  "plot_s": 0.0,
  "other_s": 0.0,
  "train_s": 8.154246207996039,
  "eval_final_s": 0.4396442500001285,
  "post_s": 0.23024533299030736,
  "steps_per_s": null,
  "updates_per_s": null
}
