{
  "phase": "phase4",
  "schedule_version": 3,
  "task_family": "dense_chain_cost",
  "scheduler_mode": "stagewise_u",
  "gamma_eval": 0.95,
  "gamma_base": 0.95,
  "sign_family": 1,
  "reward_bound": 0.05,
  "alpha_t": [
    0.4876163375786208,
    0.4864089930988864,
    0.484711750162071,
    0.48242041559418064,
    0.4845379413951726,
    0.5,
    0.4,
    0.5,
    0.5,
    0.5,
    0.5,
    0.5,
    0.5,
    0.49026398335786825,
    0.47399387355877887,
    0.44849984855982966,
    0.4529071180004961,
    0.48325337585180056,
    0.28561000000000003,
    0.28561000000000003
  ],
  "kappa_t": [
    0.974380816878931,
    0.9743204496549442,
    0.9742355875081036,
    0.974121020779709,
    0.9742268970697586,
    0.975,
    0.97,
    0.975,
    0.975,
    0.975,
    0.975,
    0.975,
    0.975,
    0.9745131991678934,
    0.973699693677939,
    0.9724249924279914,
    0.9726453559000248,
    0.9741626687925901,
    0.960985,
    0.960985
  ],
  "Bhat_t": [
    1.5374047783916138,
    1.477763881891494,
    1.4166426275670543,
    1.3540283730972638,
    1.2899099252488253,
    1.2239550445951648,
    1.1553385072770923,
    1.0905551621413323,
    1.018518115016751,
    0.9446339641197448,
    0.8688553478151229,
    0.7911336900667927,
    0.7114191692992745,
    0.6296606864607943,
    0.546078479917142,
    0.46069489682464027,
    0.37349399660923976,
    0.28375604215356814,
    0.1911960375,
    0.0975,
    0.0
  ],
  "A_t": [
    1.527763881891494,
    1.4666426275670543,
    1.4040283730972638,
    1.3399099252488254,
    1.2739550445951648,
    1.2053385072770924,
    1.1405551621413323,
    1.068518115016751,
    0.9946339641197448,
    0.9188553478151229,
    0.8411336900667927,
    0.7614191692992746,
    0.6796606864607944,
    0.596078479917142,
    0.5106948968246403,
    0.42349399660923975,
    0.33375604215356813,
    0.24119603750000002,
    0.14750000000000002,
    0.05
  ],
  "xi_ref_t": [
    0.35987010939112063,
    0.3586551559778156,
    0.3569472166664558,
    0.35464144163620537,
    0.35677231252091146,
    0.3923844575014041,
    0.3924578603226753,
    0.39201008706991575,
    0.39088214435559016,
    0.3888536735894393,
    0.38561063207868823,
    0.3806901619520035,
    0.37338135742475204,
    0.36253444117936623,
    0.34616179379740314,
    0.32050710020227396,
    0.2779849889444534,
    0.19693524193986808,
    0.02,
    0.02
  ],
  "u_target_t": [
    0.018505369426705574,
    0.01844964583533322,
    0.018371311545941738,
    0.018265557642808336,
    0.01836328960285412,
    0.019996633394520895,
    0.020000000000000004,
    0.01997946297076826,
    0.019927730107420417,
    0.01983469470800022,
    0.01968595326823004,
    0.019460276905913065,
    0.019125060071722613,
    0.018627568462670836,
    0.017876640318097485,
    0.016699993010453676,
    0.012079542650905184,
    0.009197634297272658,
    0.002,
    0.002
  ],
  "u_tr_cap_t": [
    0.01308441162109375,
    0.0130462646484375,
    0.012989044189453125,
    0.012912750244140625,
    0.012984275817871094,
    0.014138221740722656,
    0.014142990112304688,
    0.014123916625976562,
    0.014090538024902344,
    0.014023780822753906,
    0.013918876647949219,
    0.013761520385742188,
    0.013523101806640625,
    0.013170242309570312,
    0.012640953063964844,
    0.011806488037109375,
    0.00759124755859375,
    0.0058078765869140625,
    0.0,
    0.0
  ],
  "U_safe_ref_t": [
    0.018001845457217336,
    0.01789665726950972,
    0.017749296168318465,
    0.017551297011868444,
    0.017734238992806153,
    0.020126691491718893,
    0.016105212454225023,
    0.020107488798966566,
    0.02004963290126837,
    0.019945585953103653,
    0.019779239670181654,
    0.019526852547448466,
    0.01915195988521109,
    0.018233571289248407,
    0.01683246261898839,
    0.014746921190090724,
    0.012916084875031987,
    0.009763200797632966,
    0.0004508519230449306,
    0.0004508519230449306
  ],
  "u_ref_used_t": [
    0.01308441162109375,
    0.0130462646484375,
    0.012989044189453125,
    0.012912750244140625,
    0.012984275817871094,
    0.014138221740722656,
    0.014142990112304688,
    0.014123916625976562,
    0.014090538024902344,
    0.014023780822753906,
    0.013918876647949219,
    0.013761520385742188,
    0.013523101806640625,
    0.013170242309570312,
    0.012640953063964844,
    0.011806488037109375,
    0.00759124755859375,
    0.0058078765869140625,
    0.0,
    0.0
  ],
  "theta_used_t": [
    0.036358706321099624,
    0.03637551121457869,
    0.03638925752316638,
    0.036410720034763026,
    0.03639373169438435,
    0.036031553927367434,
    0.036036964836623345,
    0.03602947243410483,
    0.03604804729090928,
    0.03606441645080236,
    0.036095676545321274,
    0.03614887318122292,
    0.0362179351960976,
    0.036328251370341534,
    0.036517470415476205,
    0.03683690011752697,
    0.02730812043995161,
    0.029491301453740976,
    0.0,
    0.0
  ],
  "beta_used_t": [
    0.023798642415924005,
    0.024801891429352727,
    0.0259177508235765,
    0.02717400576609763,
    0.028567516451060863,
    0.02989330690908079,
    0.03159598591353165,
    0.033719103052866815,
    0.03624252598573984,
    0.039249286121648234,
    0.042913126618974194,
    0.04747565419779268,
    0.053288259741336094,
    0.06094541674343175,
    0.07150545392666295,
    0.08698328763209502,
    0.08182060244885866,
    0.12227108604029606,
    0.0,
    0.0
  ],
  "trust_clip_active_t": [
    true,
    true,
    true,
    true,
    true,
    true,
    true,
    true,
    true,
    true,
    true,
    true,
    true,
    true,
    true,
    true,
    true,
    true,
    true,
    true
  ],
  "safe_clip_active_t": [
    false,
    false,
    false,
    false,
    false,
    false,
    false,
    false,
    false,
    false,
    false,
    false,
    false,
    false,
    false,
    false,
    false,
    false,
    false,
    false
  ],
  "source_phase": "phase4C_scheduler_state_bin_hazard_proximity",
  "notes": "Phase IV-C scheduler ablation: state_bin_hazard_proximity",
  "provenance": {
    "git_sha": "01a22b9945b1a74a643b82b1f38fefc5e36ee5f8",
    "calibration_code_version": "v3.0",
    "input_hashes": {
      "margins": "e7d6b71300293fae",
      "p_align": "071c86d5d2228b8c",
      "n_by_stage": "35d6f04339c16583"
    }
  }
}