{
  "total_s": 4.062034875008976,
  "step_s": 0.0,
  "fit_s": 0.0,
  "eval_s": 0.6312347469793167,
  "plot_s": 0.0,
  "other_s": 0.0,
  "train_s": 3.4160969160147943,
  "eval_final_s": 0.5190308339952026,
  "post_s": 0.11526895899442025,
  "steps_per_s": null,
  "updates_per_s": null
}
