{
  "phase": "III",
  "task": "taxi_bonus_shock",
  "algorithm": "SafeQLearning",
  "n_seeds": 3,
  "seeds": [
    "seed_11",
    "seed_29",
    "seed_47"
  ],
  "metrics": {
    "auc_disc_return": {
      "mean": 0.8595437411180168,
      "std": 0.01327761447847862,
      "median": 0.8526340637985337,
      "q25": 0.8518899545251304,
      "q75": 0.8637426890511616,
      "iqr": 0.011852734526031194,
      "ci_low": 0.8511458452517272,
      "ci_high": 0.8748513143037894
    },
    "final_10pct_success_rate": {
      "mean": 0.9977777777777778,
      "std": 0.0038490017945975296,
      "median": 1.0,
      "q25": 0.9966666666666666,
      "q75": 1.0,
      "iqr": 0.0033333333333334103,
      "ci_low": 0.9933333333333333,
      "ci_high": 1.0
    },
    "final_disc_return_mean": {
      "mean": 0.9227824921468408,
      "std": 0.029872531519114523,
      "median": 0.929701937135039,
      "q25": 0.9098796921513825,
      "q75": 0.9391450146363982,
      "iqr": 0.029265322485015677,
      "ci_low": 0.890057447167726,
      "ci_high": 0.9485880921377573
    },
    "n_transitions": {
      "mean": 300000.0,
      "std": 0.0,
      "median": 300000.0,
      "q25": 300000.0,
      "q75": 300000.0,
      "iqr": 0.0,
      "ci_low": 300000.0,
      "ci_high": 300000.0
    },
    "seed": {
      "mean": 29.0,
      "std": 18.0,
      "median": 29.0,
      "q25": 20.0,
      "q75": 38.0,
      "iqr": 18.0,
      "ci_low": 11.0,
      "ci_high": 47.0
    },
    "shortcut_risky_path_fraction": {
      "mean": 0.0,
      "std": 0.0,
      "median": 0.0,
      "q25": 0.0,
      "q75": 0.0,
      "iqr": 0.0,
      "ci_low": 0.0,
      "ci_high": 0.0
    },
    "steps_to_threshold": {
      "mean": 46666.666666666664,
      "std": 5773.502691896258,
      "median": 50000.0,
      "q25": 45000.0,
      "q75": 50000.0,
      "iqr": 5000.0,
      "ci_low": 40000.0,
      "ci_high": 50000.0
    },
    "tail_risk_metrics_cvar_10pct": {
      "mean": 0.6331204548297622,
      "std": 0.027281690398704622,
      "median": 0.6424509964030293,
      "q25": 0.6224243107668816,
      "q75": 0.6484818696792763,
      "iqr": 0.026057558912394696,
      "ci_low": 0.6023976251307339,
      "ci_high": 0.6545127429555234
    },
    "tail_risk_metrics_cvar_5pct": {
      "mean": 0.5889643618049566,
      "std": 0.058833352578986496,
      "median": 0.6195604374348674,
      "q25": 0.5703489870742788,
      "q75": 0.6228777743505898,
      "iqr": 0.05252878727631094,
      "ci_low": 0.5211375367136903,
      "ci_high": 0.6261951112663121
    },
    "tail_risk_metrics_event_conditioned_return": {
      "mean": 4.559729195689765,
      "std": 0.23590334631801227,
      "median": 4.639193104598359,
      "q25": 4.466773960162218,
      "q75": 4.692416385671609,
      "iqr": 0.22564242550939095,
      "ci_low": 4.294354815726077,
      "ci_high": 4.745639666744859
    },
    "tail_risk_metrics_event_rate": {
      "mean": 0.04,
      "std": 0.0020000000000000018,
      "median": 0.04,
      "q25": 0.039,
      "q75": 0.041,
      "iqr": 0.0020000000000000018,
      "ci_low": 0.038,
      "ci_high": 0.042
    },
    "tail_risk_metrics_return_q05": {
      "mean": 0.6735894701983058,
      "std": 0.015528051670720876,
      "median": 0.682554595010387,
      "q25": 0.6691069077922653,
      "q75": 0.682554595010387,
      "iqr": 0.013447687218121618,
      "ci_low": 0.6556592205741436,
      "ci_high": 0.682554595010387
    },
    "tail_risk_metrics_return_q25": {
      "mean": 0.7036142132921682,
      "std": 0.01882838767873352,
      "median": 0.6964132180495735,
      "q25": 0.6929311519593255,
      "q75": 0.7106967770037134,
      "iqr": 0.017765625044387834,
      "ci_low": 0.6894490858690777,
      "ci_high": 0.7249803359578534
    },
    "tail_risk_metrics_return_q50": {
      "mean": 0.7990923652805545,
      "std": 0.018421231457347396,
      "median": 0.8097278682212584,
      "q25": 0.7937746138102025,
      "q75": 0.8097278682212584,
      "iqr": 0.015953254411055884,
      "ci_low": 0.7778213593991467,
      "ci_high": 0.8097278682212584
    },
    "tail_risk_metrics_return_q75": {
      "mean": 0.7990923652805545,
      "std": 0.018421231457347396,
      "median": 0.8097278682212584,
      "q25": 0.7937746138102025,
      "q75": 0.8097278682212584,
      "iqr": 0.015953254411055884,
      "ci_low": 0.7778213593991467,
      "ci_high": 0.8097278682212584
    },
    "tail_risk_metrics_return_q95": {
      "mean": 0.7990923652805545,
      "std": 0.018421231457347396,
      "median": 0.8097278682212584,
      "q25": 0.7937746138102025,
      "q75": 0.8097278682212584,
      "iqr": 0.015953254411055884,
      "ci_low": 0.7778213593991467,
      "ci_high": 0.8097278682212584
    },
    "tail_risk_metrics_top10pct_mean": {
      "mean": 2.3015880483522766,
      "std": 0.0718027722856582,
      "median": 2.265742564982154,
      "q25": 2.260253988019306,
      "q75": 2.324999367000186,
      "iqr": 0.06474537898087984,
      "ci_low": 2.2547654110564577,
      "ci_high": 2.384256169018218
    },
    "tail_risk_metrics_top5pct_mean": {
      "mean": 3.8040837314239977,
      "std": 0.13406714892218147,
      "median": 3.7317094627137686,
      "q25": 3.7267333622284085,
      "q75": 3.845246966264473,
      "iqr": 0.11851360403606437,
      "ci_low": 3.7217572617430488,
      "ci_high": 3.958784469815177
    },
    "train_steps": {
      "mean": 300000.0,
      "std": 0.0,
      "median": 300000.0,
      "q25": 300000.0,
      "q75": 300000.0,
      "iqr": 0.0,
      "ci_low": 300000.0,
      "ci_high": 300000.0
    }
  },
  "provenance": {
    "schedule_path": "results/weighted_lse_dp/phase3/calibration/taxi_bonus_shock/schedule.json",
    "calibration_hash": "5216b6f8e3602afa2f51696e708ad47274d729be23197fbc185660bb52c898b3",
    "source_phase": "phase2"
  }
}
