{
  "total_s": 7.005179040999792,
  "step_s": 0.0,
  "fit_s": 0.0,
  "eval_s": 0.6714526290088543,
  "plot_s": 0.0,
  "other_s": 0.0,
  "train_s": 6.392721415999404,
  "eval_final_s": 0.23212841699569253,
  "post_s": 0.3754348329966888,
  "steps_per_s": null,
  "updates_per_s": null
}
