{
  "total_s": 4.582617292006034,
  "step_s": 0.0,
  "fit_s": 0.0,
  "eval_s": 0.6218461690586992,
  "plot_s": 0.0,
  "other_s": 0.0,
  "train_s": 3.7586482919869013,
  "eval_final_s": 0.6083681249874644,
  "post_s": 0.20332779199816287,
  "steps_per_s": null,
  "updates_per_s": null
}
