{
  "total_s": 7.404299041023478,
  "step_s": 0.0,
  "fit_s": 0.0,
  "eval_s": 1.304755913966801,
  "plot_s": 0.0,
  "other_s": 0.0,
  "train_s": 6.727728041005321,
  "eval_final_s": 0.44089412500034086,
  "post_s": 0.22817300001042895,
  "steps_per_s": null,
  "updates_per_s": null
}
