{
  "total_s": 8.155599916994106,
  "step_s": 0.0,
  "fit_s": 0.0,
  "eval_s": 1.274167458032025,
  "plot_s": 0.0,
  "other_s": 0.0,
  "train_s": 7.223264875006862,
  "eval_final_s": 0.4872876669978723,
  "post_s": 0.43727724999189377,
  "steps_per_s": null,
  "updates_per_s": null
}
