{
  "total_s": 8.705779249983607,
  "step_s": 0.0,
  "fit_s": 0.0,
  "eval_s": 1.3626978299871553,
  "plot_s": 0.0,
  "other_s": 0.0,
  "train_s": 7.695890832983423,
  "eval_final_s": 0.5160980829969049,
  "post_s": 0.4858293339784723,
  "steps_per_s": null,
  "updates_per_s": null
}
