{
  "total_s": 5.639261250005802,
  "step_s": 0.0,
  "fit_s": 0.0,
  "eval_s": 0.6441984200209845,
  "plot_s": 0.0,
  "other_s": 0.0,
  "train_s": 4.793860875011887,
  "eval_final_s": 0.6028582089929841,
  "post_s": 0.23077316701528616,
  "steps_per_s": null,
  "updates_per_s": null
}
