{
  "total_s": 5.802875333989505,
  "step_s": 0.0,
  "fit_s": 0.0,
  "eval_s": 0.6702375850290991,
  "plot_s": 0.0,
  "other_s": 0.0,
  "train_s": 4.96533691699733,
  "eval_final_s": 0.6060244580148719,
  "post_s": 0.2195042090024799,
  "steps_per_s": null,
  "updates_per_s": null
}
