{
  "schema_version": "1.0.0",
  "created_at": "2026-04-19T05:03:11Z",
  "phase": "phase3",
  "task": "grid_regime_shift",
  "algorithm": "SafeExpectedSARSA",
  "seed": 11,
  "train_steps": 250000,
  "n_transitions": 250000,
  "steps_to_threshold": 16000,
  "auc_disc_return": 0.7746971444864917,
  "final_disc_return_mean": 0.7695327993030258,
  "final_10pct_success_rate": 0.995,
  "adaptation_metrics": {
    "change_at_episode": 200,
    "pre_change_auc": 0.46725808100553584,
    "post_change_auc": 0.7162509471970476,
    "lag_to_50pct_recovery": 56,
    "lag_to_75pct_recovery": 77,
    "lag_to_90pct_recovery": null,
    "post_change_optimum": 0.970299
  },
  "shortcut_risky_path_fraction": 0.0,
  "episode_returns": [
    0.7778213593991467,
    0.7778213593991467,
    0.7778213593991467,
    0.7778213593991467,
    0.7778213593991467,
    0.7778213593991467,
    0.7700431458051551,
    0.7778213593991467,
    0.7778213593991467,
    0.6622820409839835,
    0.7778213593991467,
    0.7547192872036326,
    0.7778213593991467,
    0.7778213593991467,
    0.7778213593991467,
    0.7547192872036326,
    0.7778213593991467,
    0.7778213593991467,
    0.7547192872036326,
    0.7778213593991467,
    0.7778213593991467,
    0.7778213593991467,
    0.7778213593991467,
    0.7778213593991467,
    0.7547192872036326,
    0.7778213593991467,
    0.7778213593991467,
    0.7778213593991467,
    0.7700431458051551,
    0.7778213593991467,
    0.7700431458051551,
    0.7778213593991467,
    0.7778213593991467,
    0.7856781408072188,
    0.7778213593991467,
    0.7778213593991467,
    0.7778213593991467,
    0.7778213593991467,
    0.7700431458051551,
    0.7547192872036326,
    0.7778213593991467,
    0.7778213593991467,
    0.7778213593991467,
    0.7778213593991467,
    0.7778213593991467,
    0.7778213593991467,
    0.6622820409839835,
    0.7778213593991467,
    0.7936142836436554,
    0.7778213593991467,
    0.7778213593991467,
    0.7778213593991467,
    0.7778213593991467,
    0.7778213593991467,
    0.7778213593991467,
    0.7778213593991467,
    0.7778213593991467,
    0.7778213593991467,
    0.7778213593991467,
    0.7778213593991467,
    0.7778213593991467,
    0.7778213593991467,
    0.7778213593991467,
    0.6622820409839835,
    0.7778213593991467,
    0.7778213593991467,
    0.7778213593991467,
    0.7778213593991467,
    0.7778213593991467,
    0.7778213593991467,
    0.7547192872036326,
    0.7778213593991467,
    0.7778213593991467,
    0.7778213593991467,
    0.7778213593991467,
    0.7778213593991467,
    0.6491026283684022,
    0.7778213593991467,
    0.7778213593991467,
    0.7856781408072188,
    0.7778213593991467,
    0.7778213593991467,
    0.7778213593991467,
    0.6622820409839835,
    0.7778213593991467,
    0.7778213593991467,
    0.7856781408072188,
    0.7778213593991467,
    0.7778213593991467,
    0.7778213593991467,
    0.6622820409839835,
    0.7778213593991467,
    0.7547192872036326,
    0.7778213593991467,
    0.7778213593991467,
    0.7778213593991467,
    0.7778213593991467,
    0.7547192872036326,
    0.7936142836436554,
    0.7778213593991467,
    0.7778213593991467,
    0.7778213593991467,
    0.7778213593991467,
    0.7778213593991467,
    0.7778213593991467,
    0.7778213593991467,
    0.7856781408072188,
    0.7547192872036326,
    0.7700431458051551,
    0.7778213593991467,
    0.7700431458051551,
    0.7778213593991467,
    0.6622820409839835,
    0.7778213593991467,
    0.7778213593991467,
    0.7547192872036326,
    0.7778213593991467,
    0.7778213593991467,
    0.7778213593991467,
    0.7700431458051551,
    0.7936142836436554,
    0.7778213593991467,
    0.7778213593991467,
    0.7547192872036326,
    0.7778213593991467,
    0.7778213593991467,
    0.7778213593991467,
    0.7778213593991467,
    0.7778213593991467,
    0.7778213593991467,
    0.7700431458051551,
    0.7778213593991467,
    0.7936142836436554,
    0.7936142836436554,
    0.7856781408072188,
    0.7778213593991467,
    0.7778213593991467,
    0.6622820409839835,
    0.7778213593991467,
    0.7778213593991467,
    0.7778213593991467,
    0.7778213593991467,
    0.7778213593991467,
    0.7778213593991467,
    0.0,
    0.7778213593991467,
    0.7778213593991467,
    0.7936142836436554,
    0.7778213593991467,
    0.7547192872036326,
    0.7778213593991467,
    0.7778213593991467,
    0.7936142836436554,
    0.6622820409839835,
    0.7778213593991467,
    0.7778213593991467,
    0.7778213593991467,
    0.7778213593991467,
    0.7778213593991467,
    0.7778213593991467,
    0.7778213593991467,
    0.7778213593991467,
    0.7778213593991467,
    0.7778213593991467,
    0.7936142836436554,
    0.7547192872036326,
    0.7778213593991467,
    0.7778213593991467,
    0.7778213593991467,
    0.7778213593991467,
    0.7936142836436554,
    0.7936142836436554,
    0.7778213593991467,
    0.7778213593991467,
    0.7778213593991467,
    0.7778213593991467,
    0.7778213593991467,
    0.7547192872036326,
    0.7778213593991467,
    0.7778213593991467,
    0.7778213593991467,
    0.7856781408072188,
    0.7778213593991467,
    0.7778213593991467,
    0.7778213593991467,
    0.7778213593991467,
    0.7778213593991467,
    0.7700431458051551,
    0.7778213593991467,
    0.7778213593991467,
    0.7778213593991467,
    0.7778213593991467,
    0.7778213593991467,
    0.7778213593991467,
    0.7778213593991467,
    0.7778213593991467,
    0.7778213593991467,
    0.7547192872036326,
    0.7778213593991467,
    0.7547192872036326
  ],