{
  "total_s": 8.535073792008916,
  "step_s": 0.0,
  "fit_s": 0.0,
  "eval_s": 0.30327950019272976,
  "plot_s": 0.0,
  "other_s": 0.0,
  "train_s": 7.900615666992962,
  "eval_final_s": 0.12098708297708072,
  "post_s": 0.511253000004217,
  "steps_per_s": null,
  "updates_per_s": null
}
