{
  "schema_version": "1.0.0",
  "created_at": "2026-04-20T12:11:00Z",
  "phase": "phase2",
  "task": "grid_regime_shift",
  "algorithm": "QLearning",
  "seed": 47,
  "train_steps": 250000,
  "n_transitions": 250000,
  "steps_to_threshold": 16000,
  "auc_disc_return": 0.8379749384172775,
  "final_disc_return_mean": 0.867816469229016,
  "final_10pct_success_rate": 0.995,
  "adaptation_metrics": {
    "change_at_episode": 200,
    "pre_change_auc": 0.4988682980046613,
    "post_change_auc": 0.8104579952711423,
    "lag_to_50pct_recovery": 0,
    "lag_to_75pct_recovery": 0,
    "lag_to_90pct_recovery": 0,
    "post_change_optimum": 0.9509900498999999
  },
  "shortcut_risky_path_fraction": 0.0,
  "episode_returns": [
    0.8775210229989678,
    0.8775210229989678,
    0.8775210229989678,
    0.8775210229989678,
    0.8687458127689782,
    0.8775210229989678,
    0.8687458127689782,
    0.8687458127689782,
    0.8687458127689782,
    0.8775210229989678,
    0.8775210229989678,
    0.8775210229989678,
    0.8687458127689782,
    0.8775210229989678,
    0.8775210229989678,
    0.8775210229989678,
    0.8775210229989678,
    0.8775210229989678,
    0.8775210229989678,
    0.8775210229989678,
    0.8775210229989678,
    0.8687458127689782,
    0.8687458127689782,
    0.8775210229989678,
    0.8775210229989678,
    0.8775210229989678,
    0.8775210229989678,
    0.8775210229989678,
    0.8687458127689782,
    0.8687458127689782,
    0.8775210229989678,
    0.8687458127689782,
    0.8775210229989678,
    0.8775210229989678,
    0.8775210229989678,
    0.8687458127689782,
    0.8600583546412884,
    0.8775210229989678,
    0.8687458127689782,
    0.8775210229989678,
    0.8775210229989678,
    0.8687458127689782,
    0.8775210229989678,
    0.8775210229989678,
    0.8775210229989678,
    0.8775210229989678,
    0.8775210229989678,
    0.8687458127689782,
    0.8687458127689782,
    0.8775210229989678,
    0.8775210229989678,
    0.8775210229989678,
    0.8687458127689782,
    0.8775210229989678,
    0.8687458127689782,
    0.8775210229989678,
    0.8687458127689782,
    0.8687458127689782,
    0.8600583546412884,
    0.8775210229989678,
    0.8687458127689782,
    0.8775210229989678,
    0.8687458127689782,
    0.8775210229989678,
    0.8775210229989678,
    0.8687458127689782,
    0.8775210229989678,
    0.8514577710948755,
    0.8775210229989678,
    0.8775210229989678,
    0.8775210229989678,
    0.8687458127689782,
    0.8775210229989678,
    0.8775210229989678,
    0.8775210229989678,
    0.8775210229989678,
    0.8775210229989678,
    0.8775210229989678,
    0.8775210229989678,
    0.8775210229989678,
    0.8775210229989678,
    0.8775210229989678,
    0.8775210229989678,
    0.8687458127689782,
    0.8775210229989678,
    0.8775210229989678,
    0.8775210229989678,
    0.8775210229989678,
    0.8775210229989678,
    0.8687458127689782,
    0.8775210229989678,
    0.8775210229989678,
    0.8775210229989678,
    0.8687458127689782,
    0.8775210229989678,
    0.8775210229989678,
    0.8097278682212584,
    0.8775210229989678,
    0.8775210229989678,
    0.8775210229989678,
    0.8775210229989678,
    0.8687458127689782,
    0.8775210229989678,
    0.8775210229989678,
    0.8775210229989678,
    0.5526834771623851,
    0.8775210229989678,
    0.8775210229989678,
    0.8775210229989678,
    0.8687458127689782,
    0.8687458127689782,
    0.8775210229989678,
    0.8775210229989678,
    0.8775210229989678,
    0.8775210229989678,
    0.8687458127689782,
    0.8687458127689782,
    0.8775210229989678,
    0.8775210229989678,
    0.8775210229989678,
    0.8775210229989678,
    0.8775210229989678,
    0.8687458127689782,
    0.8775210229989678,
    0.8687458127689782,
    0.8687458127689782,
    0.8687458127689782,
    0.8775210229989678,
    0.8775210229989678,
    0.8775210229989678,
    0.8775210229989678,
    0.8775210229989678,
    0.8775210229989678,
    0.8687458127689782,
    0.8775210229989678,
    0.8687458127689782,
    0.8775210229989678,
    0.8775210229989678,
    0.8775210229989678,
    0.8775210229989678,
    0.8775210229989678,
    0.8775210229989678,
    0.8600583546412884,
    0.8775210229989678,
    0.8775210229989678,
    0.8775210229989678,
    0.8687458127689782,
    0.8775210229989678,
    0.8775210229989678,
    0.8600583546412884,
    0.8687458127689782,
    0.8775210229989678,
    0.8775210229989678,
    0.8687458127689782,
    0.8775210229989678,
    0.8775210229989678,
    0.8775210229989678,
    0.8687458127689782,
    0.8775210229989678,
    0.8775210229989678,
    0.8775210229989678,
    0.8775210229989678,
    0.8775210229989678,
    0.8775210229989678,
    0.8775210229989678,
    0.8600583546412884,
    0.8775210229989678,
    0.8775210229989678,
    0.8775210229989678,
    0.8097278682212584,
    0.8775210229989678,
    0.8775210229989678,
    0.8775210229989678,
    0.8514577710948755,
    0.8775210229989678,
    0.8775210229989678,
    0.8600583546412884,
    0.8775210229989678,
    0.8775210229989678,
    0.8687458127689782,
    0.8775210229989678,
    0.8775210229989678,
    0.8775210229989678,
    0.8775210229989678,
    0.8600583546412884,
    0.8687458127689782,
    0.8775210229989678,
    0.8775210229989678,
    0.8775210229989678,
    0.8775210229989678,
    0.8687458127689782,
    0.8775210229989678,
    0.8600583546412884,
    0.8514577710948755,
    0.8687458127689782,
    0.8775210229989678,
    0.8775210229989678,
    0.8775210229989678,
    0.8775210229989678,
    0.8775210229989678
  ],