{
  "total_s": 6.499913332998403,
  "step_s": 0.0,
  "fit_s": 0.0,
  "eval_s": 0.2377398360040388,
  "plot_s": 0.0,
  "other_s": 0.0,
  "train_s": 6.121789290999004,
  "eval_final_s": 0.06544066700007534,
  "post_s": 0.31120179199933773,
  "steps_per_s": null,
  "updates_per_s": null
}
