{
  "total_s": 4.920103208976798,
  "step_s": 0.0,
  "fit_s": 0.0,
  "eval_s": 0.6474820409785025,
  "plot_s": 0.0,
  "other_s": 0.0,
  "train_s": 4.503297458984889,
  "eval_final_s": 0.20815987497917376,
  "post_s": 0.20401166699593887,
  "steps_per_s": null,
  "updates_per_s": null
}
