{
  "total_s": 5.532065792009234,
  "step_s": 0.0,
  "fit_s": 0.0,
  "eval_s": 0.6514250389009248,
  "plot_s": 0.0,
  "other_s": 0.0,
  "train_s": 4.645792541996343,
  "eval_final_s": 0.6396102499857079,
  "post_s": 0.23473512500640936,
  "steps_per_s": null,
  "updates_per_s": null
}
