{
  "total_s": 4.707363458001055,
  "step_s": 0.0,
  "fit_s": 0.0,
  "eval_s": 0.6300470000423957,
  "plot_s": 0.0,
  "other_s": 0.0,
  "train_s": 4.069763540988788,
  "eval_final_s": 0.5132689580204897,
  "post_s": 0.11315366701455787,
  "steps_per_s": null,
  "updates_per_s": null
}
