{
  "task_family": "taxi_bonus_shock",
  "gamma": 0.99,
  "sign": 1,
  "source_phase": "phase2",
  "reward_bound": 20.0,
  "ablation_type": "alpha_constant_0.05",
  "alpha_t": [
    0.05,
    0.05,
    0.05,
    0.05,
    0.05,
    0.05,
    0.05,
    0.05,
    0.05,
    0.05,
    0.05,
    0.05,
    0.05,
    0.05,
    0.05,
    0.05,
    0.05,
    0.05,
    0.05,
    0.05,
    0.05,
    0.05,
    0.05,
    0.05,
    0.05,
    0.05,
    0.05,
    0.05,
    0.05,
    0.05,
    0.05,
    0.05,
    0.05,
    0.05,
    0.05,
    0.05,
    0.05,
    0.05,
    0.05,
    0.05
  ],
  "kappa_t": [
    0.9904999999999999,
    0.9904999999999999,
    0.9904999999999999,
    0.9904999999999999,
    0.9904999999999999,
    0.9904999999999999,
    0.9904999999999999,
    0.9904999999999999,
    0.9904999999999999,
    0.9904999999999999,
    0.9904999999999999,
    0.9904999999999999,
    0.9904999999999999,
    0.9904999999999999,
    0.9904999999999999,
    0.9904999999999999,
    0.9904999999999999,
    0.9904999999999999,
    0.9904999999999999,
    0.9904999999999999,
    0.9904999999999999,
    0.9904999999999999,
    0.9904999999999999,
    0.9904999999999999,
    0.9904999999999999,
    0.9904999999999999,
    0.9904999999999999,
    0.9904999999999999,
    0.9904999999999999,
    0.9904999999999999,
    0.9904999999999999,
    0.9904999999999999,
    0.9904999999999999,
    0.9904999999999999,
    0.9904999999999999,
    0.9904999999999999,
    0.9904999999999999,
    0.9904999999999999,
    0.9904999999999999,
    0.9904999999999999
  ],
  "Bhat_t": [
    1329.6539297133754,
    1302.2250678580267,
    1274.5331326178969,
    1246.5756008257415,
    1218.3499251143278,
    1189.853533684329,
    1161.083830069994,
    1132.0381929025687,
    1102.7139756714475,
    1073.1085064830365,
    1043.219087817301,
    1013.0429962819798,
    982.5774823644421,
    951.8197701811632,
    920.7670572247989,
    889.416514108833,
    857.765284309776,
    825.8104839068916,
    793.5492013194263,
    760.9784970413189,
    728.0954033733659,
    694.8969241528177,
    661.3800344803815,
    627.5416804446053,
    593.3787788436198,
    558.8882169042099,
    524.0668519981929,
    488.9115113560756,
    453.4189917779663,
    417.5860593417126,
    381.4094491082409,
    344.8858648240696,
    308.0119786209688,
    270.78443071273983,
    233.19982908908617,
    195.2547492065484,
    156.94573367647496,
    118.26929194999998,
    79.22189999999999,
    39.8,
    0.0
  ],
  "margin_quantile": 0.75,
  "informativeness_t": [
    0.0,
    0.30650683455174665,
    0.4007831608624911,
    0.49302953167756997,
    0.5823197117497484,
    0.6671486372073923,
    0.7457742748742596,
    0.816416628103997,
    0.8773968524042288,
    0.9272437432498373,
    0.9647771480633132,
    0.9891714626552138,
    0.9999999999314041,
    0.9972602785547287,
    0.9813802730196901,
    0.9532060103652414,
    0.9139714060925337,
    0.8652517992927802,
    0.8089032092500023,
    0.7469898473231894,
    0.6817028450558558,
    0.6152734770146384,
    0.5498843466564642,
    0.48758205374497143,
    0.43019476652973526,
    0.37925788039123887,
    0.33595056058406014,
    0.3010454464307856,
    0.2748731441436786,
    0.25730235684996056,
    0.24773558113100524,
    0.24511919609130847,
    0.24796537244776087,
    0.25438127298927365,
    0.2620978834192797,
    0.26848497698733886,
    0.27052608331027456,
    0.26469552971462856,
    0.24658441570531225,
    0.025698828359085504
  ],
  "d_target_t": [
    0.891,
    0.7696232935175084,
    0.7322898682984534,
    0.6957603054556822,
    0.6604013941470996,
    0.6268091396658727,
    0.5956733871497932,
    0.5676990152708172,
    0.5435508464479254,
    0.5238114776730645,
    0.508948249366928,
    0.4992881007885353,
    0.495000000027164,
    0.4960849296923274,
    0.5023734118842027,
    0.5135304198953644,
    0.5290673231873566,
    0.548360287480059,
    0.5706743291369991,
    0.595192020460017,
    0.6210456733578811,
    0.6473517031022032,
    0.6732457987240401,
    0.6979175067169913,
    0.7206428724542248,
    0.7408138793650694,
    0.7579635780087122,
    0.7717860032134088,
    0.7821502349191033,
    0.7891082666874155,
    0.7928967098721219,
    0.7939327983478418,
    0.7928057125106867,
    0.7902650158962475,
    0.7872092381659652,
    0.7846799491130138,
    0.7838716710091312,
    0.7861805702330071,
    0.7933525713806964,
    0.8808232639698022
  ],
  "beta_raw_t": [
    0.0,
    0.20873958957509087,
    0.22913133250257728,
    0.24774512287002567,
    0.26520667813831583,
    0.2818206431256972,
    0.2977076945045951,
    0.31286552326260203,
    0.3272040042138845,
    0.3405741532016906,
    0.3527990671097559,
    0.3637085872160094,
    0.37317455740122923,
    0.3811403898625939,
    0.3876383205711117,
    0.3927905803582968,
    0.3967953702482224,
    0.39990255900176347,
    0.40238548833355,
    0.40451388912606007,
    0.40652977764381426,
    0.40862475782294333,
    0.4109144908407653,
    0.41340508872713305,
    0.4159482753165287,
    0.4181898441948257,
    0.4195314765672798,
    0.4191458089916478,
    0.41609090403237775,
    0.4095336709219556,
    0.39900748224322397,
    0.38456174119066255,
    0.3667025119233963,
    0.34616116532323227,
    0.32362851545748206,
    0.2995689357130358,
    0.27413630875903255,
    0.24713948454249998,
    0.21796233525112155,
    0.0
  ],
  "beta_cap_t": [
    7.601187393008549e-07,
    7.763787780539468e-07,
    7.935160372558822e-07,
    8.116026264219637e-07,
    8.30718780141584e-07,
    8.509540356611849e-07,
    8.724086213843351e-07,
    8.951951017187205e-07,
    9.194403352379615e-07,
    9.452878180690956e-07,
    9.729005039185148e-07,
    1.0024642178098415e-06,
    1.0341918146662864e-06,
    1.068328279496793e-06,
    1.1051570276762678e-06,
    1.1450077482188674e-06,
    1.1882662496801922e-06,
    1.2353869317580652e-06,
    1.286908737512983e-06,
    1.3434757747744409e-06,
    1.4058642829429626e-06,
    1.4750183462869988e-06,
    1.5520978525462018e-06,
    1.6385438921558556e-06,
    1.7361694750448486e-06,
    1.8472877881844728e-06,
    1.974897461002838e-06,
    2.1229567657978504e-06,
    2.296800892524286e-06,
    2.503797690575085e-06,
    2.754417609837576e-06,
    3.064058989179796e-06,
    3.4563337837200014e-06,
    3.969386769604071e-06,
    4.669109765786554e-06,
    5.679979001301303e-06,
    7.2687726788654525e-06,
    1.012929657315805e-05,
    1.6806823606224593e-05,
    5.025240258261153e-05
  ],
  "beta_used_t": [
    0.0,
    7.763787780539468e-07,
    7.935160372558822e-07,
    8.116026264219637e-07,
    8.30718780141584e-07,
    8.509540356611849e-07,
    8.724086213843351e-07,
    8.951951017187205e-07,
    9.194403352379615e-07,
    9.452878180690956e-07,
    9.729005039185148e-07,
    1.0024642178098415e-06,
    1.0341918146662864e-06,
    1.068328279496793e-06,
    1.1051570276762678e-06,
    1.1450077482188674e-06,
    1.1882662496801922e-06,
    1.2353869317580652e-06,
    1.286908737512983e-06,
    1.3434757747744409e-06,
    1.4058642829429626e-06,
    1.4750183462869988e-06,
    1.5520978525462018e-06,
    1.6385438921558556e-06,
    1.7361694750448486e-06,
    1.8472877881844728e-06,
    1.974897461002838e-06,
    2.1229567657978504e-06,
    2.296800892524286e-06,
    2.503797690575085e-06,
    2.754417609837576e-06,
    3.064058989179796e-06,
    3.4563337837200014e-06,
    3.969386769604071e-06,
    4.669109765786554e-06,
    5.679979001301303e-06,
    7.2687726788654525e-06,
    1.012929657315805e-05,
    1.6806823606224593e-05,
    0.0
  ],