{
  "task_family": "taxi_bonus_shock",
  "gamma": 0.99,
  "sign": 1,
  "source_phase": "phase2",
  "reward_bound": 20.0,
  "ablation_type": "alpha_constant_0.20",
  "alpha_t": [
    0.2,
    0.2,
    0.2,
    0.2,
    0.2,
    0.2,
    0.2,
    0.2,
    0.2,
    0.2,
    0.2,
    0.2,
    0.2,
    0.2,
    0.2,
    0.2,
    0.2,
    0.2,
    0.2,
    0.2,
    0.2,
    0.2,
    0.2,
    0.2,
    0.2,
    0.2,
    0.2,
    0.2,
    0.2,
    0.2,
    0.2,
    0.2,
    0.2,
    0.2,
    0.2,
    0.2,
    0.2,
    0.2,
    0.2,
    0.2
  ],
  "kappa_t": [
    0.992,
    0.992,
    0.992,
    0.992,
    0.992,
    0.992,
    0.992,
    0.992,
    0.992,
    0.992,
    0.992,
    0.992,
    0.992,
    0.992,
    0.992,
    0.992,
    0.992,
    0.992,
    0.992,
    0.992,
    0.992,
    0.992,
    0.992,
    0.992,
    0.992,
    0.992,
    0.992,
    0.992,
    0.992,
    0.992,
    0.992,
    0.992,
    0.992,
    0.992,
    0.992,
    0.992,
    0.992,
    0.992,
    0.992,
    0.992
  ],
  "Bhat_t": [
    1367.0544785139516,
    1337.9581436632577,
    1308.6271609508647,
    1279.0596380553072,
    1249.253667394463,
    1219.207326002483,
    1188.9186754057287,
    1158.3857614977103,
    1127.6066144130145,
    1096.5792484002163,
    1065.3016616937666,
    1033.7718363848455,
    1001.9877382911749,
    969.9473168257812,
    937.6485048646988,
    905.0892186136077,
    872.2673574733949,
    839.1808039046321,
    805.8274232909598,
    772.2050638013708,
    738.311556251382,
    704.1447139630867,
    669.7023326240794,
    634.9821901452414,
    599.9820465173805,
    564.6996436667142,
    529.1327053091878,
    493.2789368036168,
    457.13602500364595,
    420.70163810851403,
    383.97342551261494,
    346.9490176538457,
    309.62602586073154,
    272.00204219831807,
    234.07463931282064,
    195.84137027502078,
    157.2997684224,
    118.4473472,
    79.2816,
    39.8,
    0.0
  ],
  "margin_quantile": 0.75,
  "informativeness_t": [
    0.0,
    0.30650683455174665,
    0.4007831608624911,
    0.49302953167756997,
    0.5823197117497484,
    0.6671486372073923,
    0.7457742748742596,
    0.816416628103997,
    0.8773968524042288,
    0.9272437432498373,
    0.9647771480633132,
    0.9891714626552138,
    0.9999999999314041,
    0.9972602785547287,
    0.9813802730196901,
    0.9532060103652414,
    0.9139714060925337,
    0.8652517992927802,
    0.8089032092500023,
    0.7469898473231894,
    0.6817028450558558,
    0.6152734770146384,
    0.5498843466564642,
    0.48758205374497143,
    0.43019476652973526,
    0.37925788039123887,
    0.33595056058406014,
    0.3010454464307856,
    0.2748731441436786,
    0.25730235684996056,
    0.24773558113100524,
    0.24511919609130847,
    0.24796537244776087,
    0.25438127298927365,
    0.2620978834192797,
    0.26848497698733886,
    0.27052608331027456,
    0.26469552971462856,
    0.24658441570531225,
    0.025698828359085504
  ],
  "d_target_t": [
    0.891,
    0.7696232935175084,
    0.7322898682984534,
    0.6957603054556822,
    0.6604013941470996,
    0.6268091396658727,
    0.5956733871497932,
    0.5676990152708172,
    0.5435508464479254,
    0.5238114776730645,
    0.508948249366928,
    0.4992881007885353,
    0.495000000027164,
    0.4960849296923274,
    0.5023734118842027,
    0.5135304198953644,
    0.5290673231873566,
    0.548360287480059,
    0.5706743291369991,
    0.595192020460017,
    0.6210456733578811,
    0.6473517031022032,
    0.6732457987240401,
    0.6979175067169913,
    0.7206428724542248,
    0.7408138793650694,
    0.7579635780087122,
    0.7717860032134088,
    0.7821502349191033,
    0.7891082666874155,
    0.7928967098721219,
    0.7939327983478418,
    0.7928057125106867,
    0.7902650158962475,
    0.7872092381659652,
    0.7846799491130138,
    0.7838716710091312,
    0.7861805702330071,
    0.7933525713806964,
    0.8808232639698022
  ],
  "beta_raw_t": [
    0.0,
    0.20873958957509087,
    0.22913133250257728,
    0.24774512287002567,
    0.26520667813831583,
    0.2818206431256972,
    0.2977076945045951,
    0.31286552326260203,
    0.3272040042138845,
    0.3405741532016906,
    0.3527990671097559,
    0.3637085872160094,
    0.37317455740122923,
    0.3811403898625939,
    0.3876383205711117,
    0.3927905803582968,
    0.3967953702482224,
    0.39990255900176347,
    0.40238548833355,
    0.40451388912606007,
    0.40652977764381426,
    0.40862475782294333,
    0.4109144908407653,
    0.41340508872713305,
    0.4159482753165287,
    0.4181898441948257,
    0.4195314765672798,
    0.4191458089916478,
    0.41609090403237775,
    0.4095336709219556,
    0.39900748224322397,
    0.38456174119066255,
    0.3667025119233963,
    0.34616116532323227,
    0.32362851545748206,
    0.2995689357130358,
    0.27413630875903255,
    0.24713948454249998,
    0.21796233525112155,
    0.0
  ],
  "beta_cap_t": [
    2.960449735266077e-06,
    3.025805090446272e-06,
    3.0946745700824757e-06,
    3.1673470246203378e-06,
    3.2441438511171696e-06,
    3.3254237102103536e-06,
    3.411588087928637e-06,
    3.5030878843152767e-06,
    3.6004312570471065e-06,
    3.704193008086126e-06,
    3.815025879513171e-06,
    3.933674227473869e-06,
    4.060990679585635e-06,
    4.197956563904721e-06,
    4.345707144804e-06,
    4.505563039192741e-06,
    4.679069654070783e-06,
    4.8680471409992136e-06,
    5.0746542916800635e-06,
    5.3014711351406735e-06,
    5.55160695009262e-06,
    5.8288433092794636e-06,
    6.137826169012074e-06,
    6.484327811575756e-06,
    6.87561018799226e-06,
    7.3209386147320425e-06,
    7.832323788592249e-06,
    8.425619983063707e-06,
    9.12219624180389e-06,
    9.951562585605687e-06,
    1.0955654964316192e-05,
    1.2196145059883235e-05,
    1.3767598324466309e-05,
    1.5822778840829576e-05,
    1.862556201245335e-05,
    2.2674405402113304e-05,
    2.9037514320175465e-05,
    4.049256686949349e-05,
    6.722687001522249e-05,
    0.00020100834134551522
  ],
  "beta_used_t": [
    0.0,
    3.025805090446272e-06,
    3.0946745700824757e-06,
    3.1673470246203378e-06,
    3.2441438511171696e-06,
    3.3254237102103536e-06,
    3.411588087928637e-06,
    3.5030878843152767e-06,
    3.6004312570471065e-06,
    3.704193008086126e-06,
    3.815025879513171e-06,
    3.933674227473869e-06,
    4.060990679585635e-06,
    4.197956563904721e-06,
    4.345707144804e-06,
    4.505563039192741e-06,
    4.679069654070783e-06,
    4.8680471409992136e-06,
    5.0746542916800635e-06,
    5.3014711351406735e-06,
    5.55160695009262e-06,
    5.8288433092794636e-06,
    6.137826169012074e-06,
    6.484327811575756e-06,
    6.87561018799226e-06,
    7.3209386147320425e-06,
    7.832323788592249e-06,
    8.425619983063707e-06,
    9.12219624180389e-06,
    9.951562585605687e-06,
    1.0955654964316192e-05,
    1.2196145059883235e-05,
    1.3767598324466309e-05,
    1.5822778840829576e-05,
    1.862556201245335e-05,
    2.2674405402113304e-05,
    2.9037514320175465e-05,
    4.049256686949349e-05,
    6.722687001522249e-05,
    0.0
  ],
  "clip_active_t": [
    false,
    true,
    true,
    true,
    true,
    true,
    true,
    true,
    true,
    true,
    true,
    true,
    true,
    true,
    true,
    true,
    true,
    true,
    true,
    true,
    true,
    true,
    true,
    true,
    true,
    true,
    true,
    true,
    true,
    true,
    true,
    true,
    true,
    true,
    true,
    true,
    true,
    true,
    true,
    false
  ],
  "calibration_source_path": "/Users/liq/Documents/Claude/Projects/LSE_RL/.claude/worktrees/agent-a54130c9/results/weighted_lse_dp/phase2/calibration/taxi_bonus_shock.json",
  "calibration_hash": "c24ad1c01696de728aa72874f751ffb51d75fe8517ee99c5f07ac6d7b1936d1b",
  "notes": "Constant alpha=0.20 schedule. Recomputes certification from constant alpha, re-clips main beta_raw_t. alpha=0.00 collapses to classical (beta_cap=0, beta_used=0).",
  "constant_alpha": 0.2
}