{
  "total_s": 7.4091420419863425,
  "step_s": 0.0,
  "fit_s": 0.0,
  "eval_s": 0.24456870899302885,
  "plot_s": 0.0,
  "other_s": 0.0,
  "train_s": 7.0463055839936715,
  "eval_final_s": 0.0651883750106208,
  "post_s": 0.2962575419805944,
  "steps_per_s": null,
  "updates_per_s": null
}
