{
  "total_s": 8.810066334001021,
  "step_s": 0.0,
  "fit_s": 0.0,
  "eval_s": 1.3076251670427155,
  "plot_s": 0.0,
  "other_s": 0.0,
  "train_s": 8.130755124991992,
  "eval_final_s": 0.44071620897739194,
  "post_s": 0.23068095900816843,
  "steps_per_s": null,
  "updates_per_s": null
}
