{
  "schema_version": "1.0.0",
  "created_at": "2026-04-19T05:27:48Z",
  "phase": "phase2",
  "task": "chain_catastrophe",
  "algorithm": "ExpectedSARSA",
  "seed": 83,
  "train_steps": 120000,
  "n_transitions": 120000,
  "steps_to_threshold": null,
  "auc_disc_return": 1.3108557581560671,
  "final_disc_return_mean": 0.36143559410303916,
  "final_10pct_success_rate": 0.0,
  "tail_risk_metrics": {
    "return_q05": 0.0,
    "return_q25": 0.0,
    "return_q50": 0.0,
    "return_q75": 4.20062123834062,
    "return_q95": 4.981336448507541,
    "cvar_5pct": -3.2939862431724,
    "cvar_10pct": -1.6469931215862,
    "top5pct_mean": 5.451476234764653,
    "top10pct_mean": 5.196528994549625,
    "event_rate": 0.022,
    "event_conditioned_return": -7.486332370846364
  },
  "shortcut_risky_path_fraction": 0.364,
  "episode_returns": [
    0.0,
    0.0,
    4.338552234186166,
    4.903145628785522,
    4.328668932253109,
    0.0,
    0.0,
    4.981336448507541,
    0.0,
    0.0,
    0.0,
    4.416106177779183,
    -7.936142836436554,
    -7.249803359578534,
    0.0,
    0.0,
    4.188132775713282,
    0.0,
    4.903409230350372,
    0.0,
    0.0,
    0.0,
    0.0,
    4.338224371461108,
    4.255389627821071,
    0.0,
    0.0,
    2.9603342590518205,
    0.0,
    0.0,
    0.0,
    0.0,
    0.0,
    0.0,
    4.249459963357056,
    3.636401104262714,
    3.716178894619956,
    0.0,
    0.0,
    0.0,
    0.0,
    0.0,
    0.0,
    0.0,
    0.0,
    0.0,
    0.0,
    0.0,
    0.0,
    4.843245759524878,
    0.0,
    0.0,
    0.0,
    0.0,
    0.0,
    4.975225276112213,
    5.532694845393955,
    0.0,
    0.0,
    3.655099599254736,
    0.0,
    0.0,
    0.0,
    4.897047375489733,
    4.20062123834062,
    4.255389627821071,
    0.0,
    0.0,
    2.901838767667247,
    0.0,
    5.526583672998626,
    3.636401104262714,
    0.0,
    0.0,
    4.909835346371219,
    0.0,
    0.0,
    5.53965897757445,
    0.0,
    4.836556041939181,
    3.66073865115926,
    5.532969259988754,
    4.328668932253109,
    0.0,
    0.0,
    0.0,
    4.283872564776796,
    0.0,
    0.0,
    0.0,
    0.0,
    0.0,
    0.0,
    0.0,
    5.547687814401841,
    0.0,
    0.0,
    0.0,
    4.968261143931717,
    0.0,
    0.0,
    4.9518028458706445,
    5.553798986797169,
    0.0,
    0.0,
    0.0,
    4.30384012451228,
    0.0,
    4.316049550203397,
    0.0,
    4.958492563456341,
    4.843245759524878,
    0.0,
    4.277761392381467,
    0.0,
    -7.249803359578534,
    0.0,
    4.909835346371219,
    4.843245759524878,
    0.0,
    0.0,
    5.53965897757445,
    1.703625449552257,
    0.0,
    4.271610692462432,
    3.625565996617839,
    0.0,
    0.0,
    3.6196363321538234,
    0.0,
    0.0,
    0.0,
    0.0,
    2.9318513220960964,
    0.0,
    0.0,
    3.641983765648192,
    4.357151869208834,
    4.830444869543852,
    0.0,
    4.952562898992326,
    0.0,
    0.0,
    0.0,
    0.0,
    4.836556041939181,
    0.0,
    0.0,
    0.0,
    4.9518028458706445,
    3.7084290947287863,
    0.0,
    0.0,
    5.533547805179122,
    0.0,
    0.0,
    4.193944439854462,
    4.843245759524878,
    4.324091306130327,
    0.0,
    4.836556041939181,
    -7.936142836436554,
    0.0,
    0.0,
    0.0,
    0.0,
    0.0,
    0.0,
    4.193683474305262,
    0.0,
    -7.177305325982749,
    0.0,
    0.0,
    0.0,
    5.547687814401841,
    3.7703464031862,
    0.0,
    4.923975355593938,
    4.836556041939181,
    0.0,
    4.180765027238881,
    4.399879421829941,
    0.0,
    4.249459963357056,
    5.53965897757445,
    0.0,
    5.53965897757445,
    4.213422128321645,
    0.0,
    4.193944439854462,
    0.0,
    0.0,
    0.0,
    0.0,
    0.0,
    0.0,
    0.0,
    4.284750618221311,
    0.0,
    4.249459963357056,
    2.970220401727952,
    0.0,
    0.0,
    0.0,
    0.0,
    0.0,
    0.0,
    0.0,
    0.0,
    0.0,
    2.9491125457618184,
    0.0,
    0.0,
    -7.249803359578534,
    0.0,
    0.0,
    0.0,
    0.0,
    4.909835346371219,
    3.6492879351135548,
    5.532969259988754,
    0.0,
    0.0,
    0.0,
    0.0,
    0.0,
    0.0,
    4.408380379148136,
    0.0,
    0.0,
    0.0,
    1.691943417591701,
    4.829933221529341,
    0.0,
    0.0,
    4.322739267789094,
    0.0,
    4.836556041939181,
    4.1873216194446226,
    0.0,
    0.0,
    4.890936203094404,
    3.6068483612723377,
    0.0,
    4.909835346371219,
    4.952562898992326,
    4.939762009011301,
    0.0,
    0.0,
    0.0,
    0.0,
    0.0,
    0.0,
    4.909835346371219,
    0.0,
    0.0,
    -7.936142836436554,
    4.347375323923476,
    0.0,
    0.0,
    5.53965897757445,
    3.055562552869662,
    4.283872564776796,
    0.0,
    4.829933221529341,
    0.0,
    0.0,
    0.0,
    0.0,
    0.0,
    0.0,
    4.830444869543852,
    5.533847313433269,
    0.0,
    0.0,
    2.3491552905048616,
    0.0,
    4.283872564776796,
    3.5130177362142057,
    0.0,
    0.0,
    0.0,
    0.0,
    0.0,
    0.0,
    3.61971842578736,
    0.0,
    0.0,
    4.952562898992326,
    0.0,
    0.0,
    0.0,
    0.0,
    0.0,
    0.0,
    0.0,
    2.8960271035260656,
    0.0,
    4.836556041939181,
    4.836556041939181,
    0.0,
    5.53965897757445,
    4.207310955926316,
    4.836556041939181,
    0.0,
    0.0,
    0.0,
    0.0,
    0.0,
    0.0,
    0.0,
    4.290562282362493,
    0.0,
    0.0,
    0.0,
    4.836556041939181,
    0.0,
    4.986975500412065,
    0.0,
    0.0,
    4.843245759524878,
    0.0,
    0.0,
    0.0,
    0.0,
    2.901838767667247,
    0.0,
    0.0,
    4.278233512872272,
    5.553798986797169,
    0.0,
    0.0,
    0.0,
    0.0,
    0.0,
    5.547687814401841,
    0.0,
    4.345086701283463,
    0.0,
    0.0,
    0.0,
    0.0,
    0.0,
    0.0,
    5.533547805179122,
    0.0,
    4.97263257267906,
    0.0,
    4.843245759524878,
    0.0,
    0.0,
    0.0,
    3.6076547919391206,
    0.0,
    0.0,
    3.697067098754162,
    5.53965897757445,
    0.0,
    0.0,
    0.0,
    0.0,
    0.0,
    0.0,
    0.0,
    0.0,
    0.0,
    4.407908258657331,
    2.9991754591744813,
    0.0,
    0.0,
    2.901838767667247,
    0.0,
    0.0,
    0.0,
    4.843245759524878,
    0.0,
    -7.323033696543975,
    4.1873216194446226,
    4.357151869208834,
    4.843245759524878,
    4.9518028458706445,
    4.20062123834062,
    0.0,
    0.0,
    3.5130177362142057,
    4.290562282362493,
    0.0,
    0.0,
    0.0,
    0.0,
    0.0,
    0.0,
    4.278233512872272,
    0.0,
    0.0,
    0.0,
    3.696776486194671,
    3.6965949782633576,
    0.0,
    0.0,
    0.0,
    0.0,
    4.903409230350372,
    4.2672237442865,
    4.2428371429472165,
    4.98001136823157,
    0.0,
    0.0,
    0.0,
    0.0,
    5.53965897757445,
    0.0,
    0.0,
    4.2003062947151015,
    4.980864328016737,
    0.0,
    0.0,
    0.0,
    0.0,
    4.213422128321645,
    4.903409230350372,
    0.0,
    0.0,
    1.7564201600182132,
    0.0,
    4.830444869543852,
    4.829933221529341,
    4.897047375489733,
    4.952562898992326,
    0.0,
    2.901838767667247,
    -7.936142836436554,
    4.180765027238881,
    0.0,
    0.0,
    0.0,
    0.0,
    0.0,
    4.989365285334932,
    0.0,
    0.0,
    4.207310955926316,
    4.890936203094404,
    -7.105532272722921,
    4.41401943105266,
    0.0,
    3.7668629141640966,
    5.53965897757445,
    4.933918236336053,
    0.0,
    0.0,
    0.0,
    0.0,
    0.0,
    4.2561496809427535,
    0.0,
    4.41401943105266,
    0.0,
    0.0,
    0.0,
    -7.249803359578534,
    0.0,
    0.0,
    4.316313151768247,
    0.0,
    4.830444869543852,
    3.7639202871653525,
    0.0,
    0.0,
    2.948883543006116,
    0.0,
    4.981336448507541,
    0.0,
    3.7780602963880714,
    0.0,
    0.0,
    0.0,
    0.0,
    0.0,
    0.0,
    0.0,
    0.0,
    0.0,
    4.394058861994104,
    0.0,
    3.06724346755093,
    4.99547645773026,
    0.0,
    4.338252725932019,
    0.0,
    0.0,
    0.0,
    0.0,
    0.0,
    0.0,
    4.242655635015902,
    4.290562282362493,
    0.0,
    0.0,
    0.0
  ],