{
  "total_s": 4.773829833982745,
  "step_s": 0.0,
  "fit_s": 0.0,
  "eval_s": 0.6439534159726463,
  "plot_s": 0.0,
  "other_s": 0.0,
  "train_s": 3.890186292002909,
  "eval_final_s": 0.6403266249981243,
  "post_s": 0.23159399998257868,
  "steps_per_s": null,
  "updates_per_s": null
}
