{
  "total_s": 4.594982290989719,
  "step_s": 0.0,
  "fit_s": 0.0,
  "eval_s": 0.6331527110596653,
  "plot_s": 0.0,
  "other_s": 0.0,
  "train_s": 3.7683736250037327,
  "eval_final_s": 0.6080883750109933,
  "post_s": 0.20697654099785723,
  "steps_per_s": null,
  "updates_per_s": null
}
