{
  "total_s": 4.980255417001899,
  "step_s": 0.0,
  "fit_s": 0.0,
  "eval_s": 0.6701963339291979,
  "plot_s": 0.0,
  "other_s": 0.0,
  "train_s": 4.156842666998273,
  "eval_final_s": 0.5794294160150457,
  "post_s": 0.23165075000724755,
  "steps_per_s": null,
  "updates_per_s": null
}
