{
  "total_s": 4.801616417011246,
  "step_s": 0.0,
  "fit_s": 0.0,
  "eval_s": 0.6468768330232706,
  "plot_s": 0.0,
  "other_s": 0.0,
  "train_s": 4.012914291990455,
  "eval_final_s": 0.5616500419855583,
  "post_s": 0.2152885000105016,
  "steps_per_s": null,
  "updates_per_s": null
}
