{
  "total_s": 6.468441959004849,
  "step_s": 0.0,
  "fit_s": 0.0,
  "eval_s": 1.0006020421569701,
  "plot_s": 0.0,
  "other_s": 0.0,
  "train_s": 5.93688704201486,
  "eval_final_s": 0.1585438339971006,
  "post_s": 0.3702425840019714,
  "steps_per_s": null,
  "updates_per_s": null
}
