{
  "total_s": 4.648882667010184,
  "step_s": 0.0,
  "fit_s": 0.0,
  "eval_s": 0.6572952488786541,
  "plot_s": 0.0,
  "other_s": 0.0,
  "train_s": 3.8688702920044307,
  "eval_final_s": 0.5472802910080645,
  "post_s": 0.22099850000813603,
  "steps_per_s": null,
  "updates_per_s": null
}
