{
  "schema_version": "1.0.0",
  "created_at": "2026-04-19T05:07:19Z",
  "phase": "phase2",
  "task": "chain_catastrophe",
  "algorithm": "QLearning",
  "seed": 83,
  "train_steps": 120000,
  "n_transitions": 120000,
  "steps_to_threshold": null,
  "auc_disc_return": 0.01863226830777868,
  "final_disc_return_mean": 0.029266374342039297,
  "final_10pct_success_rate": 0.0,
  "tail_risk_metrics": {
    "return_q05": 0.0,
    "return_q25": 0.0,
    "return_q50": 0.0,
    "return_q75": 0.0019966781110160375,
    "return_q95": 0.002218531234462264,
    "cvar_5pct": -0.009044547090290601,
    "cvar_10pct": -0.004522273545145301,
    "top5pct_mean": 0.002218531234462264,
    "top10pct_mean": 0.0022185312344622644,
    "event_rate": 0.016,
    "event_conditioned_return": -0.02826420965715813
  },
  "shortcut_risky_path_fraction": 0.192,
  "episode_returns": [
    0.0,
    0.002218531234462264,
    0.0,
    0.0,
    0.002218531234462264,
    0.002218531234462264,
    0.002218531234462264,
    0.0,
    0.0,
    0.0,
    0.0,
    0.002218531234462264,
    0.0,
    0.0,
    0.0,
    0.0,
    0.0,
    0.0,
    0.002218531234462264,
    0.0,
    0.0019966781110160375,
    0.0,
    0.0,
    0.002218531234462264,
    0.0,
    0.002218531234462264,
    0.0,
    0.0019966781110160375,
    0.0,
    0.0,
    -0.02465034704958071,
    0.0,
    0.0,
    0.0,
    0.0,
    0.002218531234462264,
    0.0,
    0.0,
    0.0,
    0.0019966781110160375,
    0.0,
    0.0,
    0.002218531234462264,
    0.002218531234462264,
    0.002218531234462264,
    0.0,
    0.002218531234462264,
    0.0,
    0.0019966781110160375,
    0.0,
    0.0,
    0.0,
    0.0,
    0.0,
    0.0,
    0.0,
    0.0,
    0.002218531234462264,
    0.0,
    -0.03043252722170458,
    0.0019966781110160375,
    0.002218531234462264,
    0.002218531234462264,
    0.0,
    0.0,
    0.0,
    0.0,
    0.0,
    0.0,
    0.0,
    0.0,
    0.0,
    0.0,
    0.0,
    0.002218531234462264,
    0.0,
    0.0,
    0.0,
    0.0,
    0.0,
    0.0019966781110160375,
    0.0,
    0.0,
    0.002218531234462264,
    0.0,
    0.0,
    0.002218531234462264,
    0.0,
    0.0,
    0.0,
    0.0,
    0.002218531234462264,
    0.0,
    0.0019966781110160375,
    0.0,
    0.0,
    0.0,
    0.0,
    0.002218531234462264,
    0.0019966781110160375,
    0.0,
    0.0,
    0.002218531234462264,
    0.002218531234462264,
    0.0,
    0.0019966781110160375,
    0.002218531234462264,
    0.0,
    0.0,
    0.0,
    0.0,
    0.0,
    0.0,
    0.0,
    0.0,
    0.002218531234462264,
    0.0,
    0.002218531234462264,
    0.002218531234462264,
    0.0,
    0.0,
    0.0,
    0.002218531234462264,
    0.0019966781110160375,
    0.0,
    0.0,
    0.0,
    0.0019966781110160375,
    0.0,
    0.0,
    0.0019966781110160375,
    0.0,
    0.0,
    0.0,
    0.0,
    0.0,
    0.0019966781110160375,
    0.002218531234462264,
    0.0,
    0.0,
    0.0,
    0.0,
    0.002218531234462264,
    0.0,
    0.0,
    0.002218531234462264,
    0.0019966781110160375,
    0.0,
    0.0,
    0.002218531234462264,
    0.0,
    0.0,
    -0.03043252722170458,
    0.0,
    0.0,
    0.002218531234462264,
    0.002218531234462264,
    0.0,
    0.0,
    0.0,
    0.0,
    0.0,
    0.002218531234462264,
    0.0,
    0.002218531234462264,
    0.0,
    0.0,
    0.002218531234462264,
    0.0019966781110160375,
    0.0,
    0.0,
    0.0019966781110160375,
    0.0,
    -0.03043252722170458,
    0.0,
    0.002218531234462264,
    0.0,
    0.0,
    0.0,
    0.0,
    0.0,
    0.0,
    0.0,
    0.002218531234462264,
    0.0,
    0.0,
    0.002218531234462264,
    0.0,
    0.0,
    0.0019966781110160375,
    0.0,
    0.0,
    0.0,
    0.0,
    0.0,
    0.0019966781110160375,
    0.0,
    0.0019966781110160375,
    0.0,
    0.0,
    0.0,
    0.0,
    0.0019966781110160375,
    0.0,
    0.0,
    0.002218531234462264,
    0.0,
    0.0,
    0.002218531234462264,
    0.0,
    0.0,
    0.0,
    0.0,
    0.0,
    0.0,
    0.0,
    0.0,
    0.002218531234462264,
    0.0,
    0.0,
    0.002218531234462264,
    0.0,
    0.0019966781110160375,
    0.002218531234462264,
    0.0,
    0.0,
    0.0,
    0.0,
    0.0,
    0.0,
    0.0,
    0.0,
    0.0,
    0.0,
    0.0,
    0.0,
    0.0,
    0.0,
    0.002218531234462264,
    0.002218531234462264,
    0.0,
    -0.03043252722170458,
    0.0,
    0.0,
    0.002218531234462264,
    0.0,
    0.0,
    0.0,
    0.0,
    0.0,
    0.0,
    0.0,
    0.002218531234462264,
    0.002218531234462264,
    0.0,
    0.0,
    0.002218531234462264,
    0.0,
    0.0,
    0.0,
    0.0,
    0.0,
    0.0,
    0.0,
    0.0,
    0.0,
    0.0,
    -0.03043252722170458,
    0.002218531234462264,
    0.0,
    0.0,
    0.002218531234462264,
    0.002218531234462264,
    0.0,
    0.0,
    0.0,
    0.0019966781110160375,
    0.0,
    0.0,
    0.002218531234462264,
    0.0,
    0.0,
    0.0,
    0.0,
    0.0019966781110160375,
    0.0019966781110160375,
    0.0,
    0.0,
    0.0,
    0.0,
    0.002218531234462264,
    0.0,
    0.0019966781110160375,
    0.0,
    0.0,
    0.0,
    0.0,
    0.0,
    0.0,
    0.0,
    0.0,
    0.0,
    0.0019966781110160375,
    0.002218531234462264,
    0.0,
    0.0,
    0.0,
    0.002218531234462264,
    0.0,
    0.002218531234462264,
    0.0,
    0.0,
    0.0,
    0.0,
    0.002218531234462264,
    0.0,
    0.0,
    0.002218531234462264,
    0.0,
    0.0,
    0.002218531234462264,
    0.0,
    0.0,
    0.0,
    0.0019966781110160375,
    0.0,
    0.0,
    0.002218531234462264,
    0.0,
    0.0,
    0.0,
    0.0,
    0.002218531234462264,
    0.0,
    0.002218531234462264,
    0.002218531234462264,
    0.0,
    0.0,
    0.0,
    0.0,
    0.002218531234462264,
    0.0,
    0.0,
    0.002218531234462264,
    0.0,
    0.002218531234462264,
    0.002218531234462264,
    0.002218531234462264,
    0.002218531234462264,
    0.002218531234462264,
    0.002218531234462264,
    0.0,
    0.0,
    0.0019966781110160375,
    0.0,
    0.0,
    0.002218531234462264,
    0.0,
    0.0,
    0.0,
    0.002218531234462264,
    0.0,
    0.0,
    0.0,
    0.0,
    0.0019966781110160375,
    0.0,
    0.0,
    0.0019966781110160375,
    0.0019966781110160375,
    0.0,
    0.002218531234462264,
    0.0,
    0.002218531234462264,
    0.0,
    0.002218531234462264,
    0.0,
    0.0,
    0.0,
    0.0,
    0.0,
    0.002218531234462264,
    0.0,
    0.002218531234462264,
    0.0,
    0.0,
    0.0,
    0.0,
    0.0,
    0.0,
    0.002218531234462264,
    0.002218531234462264,
    0.0019966781110160375,
    0.0,
    0.0,
    0.0,
    0.0,
    0.0,
    0.002218531234462264,
    0.0019966781110160375,
    0.0,
    0.0,
    0.0,
    0.002218531234462264,
    0.002218531234462264,
    0.0,
    0.0,
    0.0,
    0.0,
    0.002218531234462264,
    0.0,
    0.0,
    0.0,
    0.0,
    0.0,
    0.002218531234462264,
    0.0,
    0.0,
    0.0,
    0.002218531234462264,
    0.0,
    0.0,
    0.002218531234462264,
    0.0,
    0.0,
    0.0,
    0.0,
    0.0,
    0.002218531234462264,
    0.002218531234462264,
    0.0019966781110160375,
    0.002218531234462264,
    0.0,
    0.0,
    0.0,
    0.002218531234462264,
    0.0,
    0.002218531234462264,
    -0.02465034704958071,
    0.0,
    0.002218531234462264,
    0.002218531234462264,
    0.0,
    0.0,
    0.0019966781110160375,
    0.0,
    0.0,
    0.002218531234462264,
    0.002218531234462264,
    0.0019966781110160375,
    0.0,
    0.0,
    0.0,
    0.0,
    0.0,
    0.0,
    0.0,
    0.0,
    0.0,
    0.0019966781110160375,
    0.002218531234462264,
    0.0,
    0.002218531234462264,
    0.0,
    0.0,
    0.0,
    0.0,
    -0.02465034704958071,
    0.002218531234462264,
    0.002218531234462264,
    0.0,
    0.0,
    0.0,
    0.0,
    0.0,
    0.002218531234462264,
    0.0,
    0.0,
    0.0,
    0.0,
    0.0019966781110160375,
    0.002218531234462264,
    0.0,
    0.0,
    0.0,
    0.0019966781110160375,
    0.0019966781110160375,
    0.002218531234462264,
    0.0,
    0.0019966781110160375,
    0.0,
    0.0,
    0.0,
    0.0,
    0.0,
