{
  "total_s": 4.079943499993533,
  "step_s": 0.0,
  "fit_s": 0.0,
  "eval_s": 0.6207279109221417,
  "plot_s": 0.0,
  "other_s": 0.0,
  "train_s": 3.4443344580067787,
  "eval_final_s": 0.5096757909923326,
  "post_s": 0.11472062498796731,
  "steps_per_s": null,
  "updates_per_s": null
}
