{
  "schema_version": "1.0.0",
  "created_at": "2026-04-19T06:07:58Z",
  "phase": "phase2",
  "task": "grid_regime_shift",
  "algorithm": "QLearning",
  "seed": 11,
  "train_steps": 250000,
  "n_transitions": 250000,
  "steps_to_threshold": 16000,
  "auc_disc_return": 0.8342803415366072,
  "final_disc_return_mean": 0.9104209977330132,
  "final_10pct_success_rate": 1.0,
  "adaptation_metrics": {
    "change_at_episode": 200,
    "pre_change_auc": 0.46725808100553584,
    "post_change_auc": 0.8105804917830259,
    "lag_to_50pct_recovery": 294,
    "lag_to_75pct_recovery": 354,
    "lag_to_90pct_recovery": 1421,
    "post_change_optimum": 0.9509900498999999
  },
  "shortcut_risky_path_fraction": 0.0,
  "episode_returns": [
    0.9320653479069899,
    0.9320653479069899,
    0.9320653479069899,
    0.9320653479069899,
    0.9320653479069899,
    0.9320653479069899,
    0.9320653479069899,
    0.8600583546412884,
    0.8600583546412884,
    0.9320653479069899,
    0.9320653479069899,
    0.9320653479069899,
    0.8261686238355866,
    0.9320653479069899,
    0.8600583546412884,
    0.9320653479069899,
    0.9320653479069899,
    0.9320653479069899,
    0.9320653479069899,
    0.9320653479069899,
    0.8600583546412884,
    0.9320653479069899,
    0.9320653479069899,
    0.9320653479069899,
    0.9320653479069899,
    0.9320653479069899,
    0.8261686238355866,
    0.9320653479069899,
    0.9320653479069899,
    0.9320653479069899,
    0.8600583546412884,
    0.8600583546412884,
    0.8600583546412884,
    0.9320653479069899,
    0.8179069375972308,
    0.9320653479069899,
    0.9320653479069899,
    0.9320653479069899,
    0.9320653479069899,
    0.9320653479069899,
    0.9320653479069899,
    0.8600583546412884,
    0.8261686238355866,
    0.9320653479069899,
    0.9320653479069899,
    0.9320653479069899,
    0.9320653479069899,
    0.8600583546412884,
    0.9320653479069899,
    0.9320653479069899,
    0.9320653479069899,
    0.9320653479069899,
    0.8600583546412884,
    0.8514577710948755,
    0.9320653479069899,
    0.8600583546412884,
    0.8600583546412884,
    0.9320653479069899,
    0.9320653479069899,
    0.9320653479069899,
    0.9320653479069899,
    0.8600583546412884,
    0.8514577710948755,
    0.9320653479069899,
    0.9320653479069899,
    0.9320653479069899,
    0.9320653479069899,
    0.9320653479069899,
    0.8600583546412884,
    0.9320653479069899,
    0.9320653479069899,
    0.9320653479069899,
    0.9320653479069899,
    0.9320653479069899,
    0.9320653479069899,
    0.8600583546412884,
    0.8600583546412884,
    0.8600583546412884,
    0.9320653479069899,
    0.9320653479069899,
    0.9320653479069899,
    0.9320653479069899,
    0.9320653479069899,
    0.9320653479069899,
    0.9320653479069899,
    0.8097278682212584,
    0.9320653479069899,
    0.9320653479069899,
    0.9320653479069899,
    0.8261686238355866,
    0.9320653479069899,
    0.8600583546412884,
    0.8600583546412884,
    0.8261686238355866,
    0.9320653479069899,
    0.9320653479069899,
    0.9320653479069899,
    0.9320653479069899,
    0.9320653479069899,
    0.9320653479069899,
    0.9320653479069899,
    0.9320653479069899,
    0.9320653479069899,
    0.8600583546412884,
    0.9320653479069899,
    0.9320653479069899,
    0.9320653479069899,
    0.9320653479069899,
    0.9320653479069899,
    0.8261686238355866,
    0.9320653479069899,
    0.8600583546412884,
    0.9320653479069899,
    0.9320653479069899,
    0.8600583546412884,
    0.9320653479069899,
    0.9320653479069899,
    0.9320653479069899,
    0.8261686238355866,
    0.9320653479069899,
    0.8600583546412884,
    0.8600583546412884,
    0.9320653479069899,
    0.9320653479069899,
    0.8514577710948755,
    0.9320653479069899,
    0.9320653479069899,
    0.9320653479069899,
    0.9320653479069899,
    0.9320653479069899,
    0.9320653479069899,
    0.8600583546412884,
    0.9320653479069899,
    0.9320653479069899,
    0.9320653479069899,
    0.9320653479069899,
    0.9320653479069899,
    0.8514577710948755,
    0.9320653479069899,
    0.9320653479069899,
    0.8600583546412884,
    0.9320653479069899,
    0.9320653479069899,
    0.9320653479069899,
    0.9320653479069899,
    0.9320653479069899,
    0.9320653479069899,
    0.9320653479069899,
    0.8600583546412884,
    0.9320653479069899,
    0.9320653479069899,
    0.9320653479069899,
    0.9320653479069899,
    0.9320653479069899,
    0.9320653479069899,
    0.9320653479069899,
    0.9320653479069899,
    0.9320653479069899,
    0.9320653479069899,
    0.9320653479069899,
    0.8600583546412884,
    0.9320653479069899,
    0.9320653479069899,
    0.8261686238355866,
    0.9320653479069899,
    0.9320653479069899,
    0.9320653479069899,
    0.9320653479069899,
    0.8261686238355866,
    0.9320653479069899,
    0.8261686238355866,
    0.8600583546412884,
    0.9320653479069899,
    0.8600583546412884,
    0.8600583546412884,
    0.9320653479069899,
    0.8261686238355866,
    0.9320653479069899,
    0.9320653479069899,
    0.8600583546412884,
    0.9320653479069899,
    0.8514577710948755,
    0.8600583546412884,
    0.9320653479069899,
    0.9320653479069899,
    0.9320653479069899,
    0.9320653479069899,
    0.8600583546412884,
    0.9320653479069899,
    0.9320653479069899,
    0.9320653479069899,
    0.9320653479069899,
    0.8600583546412884,
    0.9320653479069899,
    0.8600583546412884,
    0.9320653479069899,
    0.8261686238355866,
    0.8514577710948755,
    0.9320653479069899,
    0.9320653479069899
  ],