{
  "total_s": 4.03946633299347,
  "step_s": 0.0,
  "fit_s": 0.0,
  "eval_s": 0.630086706019938,
  "plot_s": 0.0,
  "other_s": 0.0,
  "train_s": 3.3962650829926133,
  "eval_final_s": 0.5161891249881592,
  "post_s": 0.11563104199012741,
  "steps_per_s": null,
  "updates_per_s": null
}
