{
  "total_s": 8.881866875017295,
  "step_s": 0.0,
  "fit_s": 0.0,
  "eval_s": 1.3126512928574812,
  "plot_s": 0.0,
  "other_s": 0.0,
  "train_s": 8.194166125002084,
  "eval_final_s": 0.45050825001089834,
  "post_s": 0.22951916701276787,
  "steps_per_s": null,
  "updates_per_s": null
}
