{
  "total_s": 6.764686583017465,
  "step_s": 0.0,
  "fit_s": 0.0,
  "eval_s": 0.9333902091602795,
  "plot_s": 0.0,
  "other_s": 0.0,
  "train_s": 6.444477915996686,
  "eval_final_s": 0.11813029201584868,
  "post_s": 0.19970920801279135,
  "steps_per_s": null,
  "updates_per_s": null
}
