{
  "total_s": 6.153714416985167,
  "step_s": 0.0,
  "fit_s": 0.0,
  "eval_s": 0.3486893320805393,
  "plot_s": 0.0,
  "other_s": 0.0,
  "train_s": 5.510338749998482,
  "eval_final_s": 0.22276337500079535,
  "post_s": 0.41670541698113084,
  "steps_per_s": null,
  "updates_per_s": null
}
