{
  "total_s": 6.037405207986012,
  "step_s": 0.0,
  "fit_s": 0.0,
  "eval_s": 0.45021920997533016,
  "plot_s": 0.0,
  "other_s": 0.0,
  "train_s": 5.390238499996485,
  "eval_final_s": 0.2774277910066303,
  "post_s": 0.364604624977801,
  "steps_per_s": null,
  "updates_per_s": null
}
