{
  "total_s": 4.704952540982049,
  "step_s": 0.0,
  "fit_s": 0.0,
  "eval_s": 0.6256437510019168,
  "plot_s": 0.0,
  "other_s": 0.0,
  "train_s": 4.068719415983651,
  "eval_final_s": 0.5040666249988135,
  "post_s": 0.12070262499037199,
  "steps_per_s": null,
  "updates_per_s": null
}
