{
  "total_s": 8.714324833010323,
  "step_s": 0.0,
  "fit_s": 0.0,
  "eval_s": 1.36155433501699,
  "plot_s": 0.0,
  "other_s": 0.0,
  "train_s": 7.70019091598806,
  "eval_final_s": 0.5199495419801679,
  "post_s": 0.4859419580025133,
  "steps_per_s": null,
  "updates_per_s": null
}
