{
  "total_s": 4.8078605420014355,
  "step_s": 0.0,
  "fit_s": 0.0,
  "eval_s": 0.6261040429235436,
  "plot_s": 0.0,
  "other_s": 0.0,
  "train_s": 4.137444957974367,
  "eval_final_s": 0.5429129999829456,
  "post_s": 0.11621020900201984,
  "steps_per_s": null,
  "updates_per_s": null
}
