{
  "total_s": 6.874317625013646,
  "step_s": 0.0,
  "fit_s": 0.0,
  "eval_s": 1.014846539037535,
  "plot_s": 0.0,
  "other_s": 0.0,
  "train_s": 6.282128624996403,
  "eval_final_s": 0.17977512499783188,
  "post_s": 0.40968162499484606,
  "steps_per_s": null,
  "updates_per_s": null
}
