{
  "total_s": 6.522241041006055,
  "step_s": 0.0,
  "fit_s": 0.0,
  "eval_s": 0.9756721648445819,
  "plot_s": 0.0,
  "other_s": 0.0,
  "train_s": 5.993651833006879,
  "eval_final_s": 0.15019120898796245,
  "post_s": 0.3758077909878921,
  "steps_per_s": null,
  "updates_per_s": null
}
