{
  "total_s": 9.080378749989904,
  "step_s": 0.0,
  "fit_s": 0.0,
  "eval_s": 1.3924293349555228,
  "plot_s": 0.0,
  "other_s": 0.0,
  "train_s": 8.038831583980937,
  "eval_final_s": 0.5263185410003643,
  "post_s": 0.5069122079876252,
  "steps_per_s": null,
  "updates_per_s": null
}
