{
  "total_s": 5.416787499998463,
  "step_s": 0.0,
  "fit_s": 0.0,
  "eval_s": 0.6303658749675378,
  "plot_s": 0.0,
  "other_s": 0.0,
  "train_s": 4.580153833987424,
  "eval_final_s": 0.6183112919970881,
  "post_s": 0.20692037499975413,
  "steps_per_s": null,
  "updates_per_s": null
}
