{
  "total_s": 7.338173166994238,
  "step_s": 0.0,
  "fit_s": 0.0,
  "eval_s": 0.23935037292540073,
  "plot_s": 0.0,
  "other_s": 0.0,
  "train_s": 6.980126500013284,
  "eval_final_s": 0.06611412498750724,
  "post_s": 0.2905413339904044,
  "steps_per_s": null,
  "updates_per_s": null
}
