{
  "total_s": 5.958153667015722,
  "step_s": 0.0,
  "fit_s": 0.0,
  "eval_s": 0.6420979990798514,
  "plot_s": 0.0,
  "other_s": 0.0,
  "train_s": 5.5414077500172425,
  "eval_final_s": 0.20591395802330226,
  "post_s": 0.2063209580082912,
  "steps_per_s": null,
  "updates_per_s": null
}
