{
  "total_s": 8.516319415997714,
  "step_s": 0.0,
  "fit_s": 0.0,
  "eval_s": 0.24609246096224524,
  "plot_s": 0.0,
  "other_s": 0.0,
  "train_s": 7.903717749984935,
  "eval_final_s": 0.08786850000615232,
  "post_s": 0.5233095830189995,
  "steps_per_s": null,
  "updates_per_s": null
}
