{
  "total_s": 8.563461291982094,
  "step_s": 0.0,
  "fit_s": 0.0,
  "eval_s": 0.10750137505237944,
  "plot_s": 0.0,
  "other_s": 0.0,
  "train_s": 7.999333791987738,
  "eval_final_s": 0.019790040998486802,
  "post_s": 0.5438031669764314,
  "steps_per_s": null,
  "updates_per_s": null
}
