{
  "schema_version": "1.0.0",
  "phase": "phase4C",
  "task": "dense_chain_cost_0",
  "algorithm": "safe_double_q",
  "seed": 789,
  "train_steps": 20000,
  "n_transitions": 20000,
  "mean_return": -0.25660563103658307,
  "final_disc_return_mean": -0.25660563103658296,
  "mean_double_gap": 0.0010818250914932915,
  "std_double_gap": 0.0022295707929213997,
  "p5_double_gap": 0.0,
  "p95_double_gap": 0.00571355735675003,
  "mean_natural_shift_double": -0.001487279586615744,
  "std_natural_shift_double": 0.0012067972352174895,
  "p5_natural_shift_double": -0.003911540666299499,
  "p95_natural_shift_double": 0.0,
  "mean_beta_used": 0.08577898092124571,
  "std_beta_used": 0.06119767561236633,
  "p5_beta_used": 0.0,
  "p95_beta_used": 0.19818179225871832,
  "mean_rho": 0.5124489258744798,
  "std_rho": 0.0003015170431669229,
  "p5_rho": 0.5118432228134261,
  "p95_rho": 0.5128205128205129,
  "mean_effective_discount": 0.9507245945447641,
  "std_effective_discount": 0.0005879582341754941,
  "p5_effective_discount": 0.9499999999999998,
  "p95_effective_discount": 0.9519057155138191,
  "stage_mean_double_gap": [
    4.655095470225183e-05,
    0.0006326766033907025,
    0.0007119250981879988,
    0.0008167529894506369,
    0.0013255540204463226,
    0.0014291236649922171,
    0.0015061208818805275,
    0.0015100391937765282,
    0.0011846525262483227,
    0.0012095807462996087,
    0.0014029419153501746,
    0.0013178038436287443,
    0.0013351564309859085,
    0.0012986870766524812,
    0.001254733891290408,
    0.0012885896152971842,
    0.001094698124499715,
    0.0012849201819684374,
    0.00098599407081766,
    0.0
  ],
  "stage_std_double_gap": [
    0.00037201535430591155,
    0.0020973808603477213,
    0.0020561867921827723,
    0.0018041591535598595,
    0.0029220811597672073,
    0.0024370379919570495,
    0.0027038916776494083,
    0.002710308942019562,
    0.0019156284349452026,
    0.0022301829363231885,
    0.002488784279633652,
    0.0025381431732225384,
    0.002454852555594023,
    0.002519985239520856,
    0.002080452661780901,
    0.0021572748401299155,
    0.001788124970933886,
    0.0024030431285069626,
    0.0017435773705567416,
    0.0
  ],
  "stage_mean_natural_shift_double": [
    -0.0008484069001234964,
    -0.000802321749969782,
    -0.0008075421196663531,
    -0.0008439543755113061,
    -0.000903664578453341,
    -0.0009551787994029253,
    -0.0010569322297294106,
    -0.0011229160682334894,
    -0.0012021744367334089,
    -0.0012936589916370043,
    -0.0014284413278312562,
    -0.001501618082749436,
    -0.001660608994276028,
    -0.0018283153624063413,
    -0.002679270090161111,
    -0.0030397286561565213,
    -0.0034361803636372,
    -0.0043346786056364705,
    0.0,
    0.0
  ],
  "stage_std_natural_shift_double": [
    0.00022128708431484002,
    0.0003717423848451993,
    0.00039257350186859975,
    0.0003547739914129297,
    0.00037508351555092434,
    0.00034045642256510904,
    0.00037234731811129645,
    0.0003954618020709504,
    0.0003801973038126177,
    0.00041328767866988367,
    0.0004149776167374534,
    0.00048738445947220377,
    0.0005073088629554241,
    0.0005608977700563554,
    0.0007625177025588778,
    0.0008756209409223208,
    0.0009323130621781891,
    0.0012122022237330765,
    0.0,
    0.0
  ],
  "stage_mean_beta_used": [
    0.045451914000346316,
    0.04688111189674405,
    0.04843610426636002,
    0.050131099917038215,
    0.054239631211261595,
    0.05665790489890363,
    0.06228637852245212,
    0.06590613880641948,
    0.0700804770482183,
    0.07494059245181242,
    0.08066040073143024,
    0.08747353215660698,
    0.0956966564347114,
    0.10575704622276548,
    0.1528589538503577,
    0.17487243050391071,
    0.19557703331497492,
    0.24767221219060065,
    0.0,
    0.0
  ],
  "stage_std_beta_used": [
    2.0816681711721685e-17,
    6.938893903907228e-18,
    1.3877787807814457e-17,
    2.7755575615628914e-17,
    6.938893903907228e-18,
    2.0816681711721685e-17,
    0.0,
    1.3877787807814457e-17,
    2.7755575615628914e-17,
    1.3877787807814457e-17,
    2.7755575615628914e-17,
    1.3877787807814457e-17,
    1.3877787807814457e-17,
    1.3877787807814457e-17,
    2.7755575615628914e-17,
    0.0,
    2.7755575615628914e-17,
    8.326672684688674e-17,
    0.0,
    0.0
  ],
  "stage_mean_rho": [
    0.5126085480964835,
    0.5126200617672704,
    0.5126187574557425,
    0.5126096602760151,
    0.5125947421616229,
    0.512581871848578,
    0.5125564494952682,
    0.512539963869514,
    0.5125201617594414,
    0.5124973048530566,
    0.5124636302598728,
    0.5124453472174192,
    0.5124056239765459,
    0.5123637229310555,
    0.5121511112957459,
    0.5120610489266036,
    0.5119619929043139,
    0.5117374927540222,
    0.5128205128205128,
    0.5128205128205128
  ],
  "stage_std_rho": [
    5.528605310843086e-05,
    9.287516930510773e-05,
    9.807959345713472e-05,
    8.863612752821528e-05,
    9.37103149117487e-05,
    8.505931948431532e-05,
    9.302708557854505e-05,
    9.880199910647554e-05,
    9.498860707243072e-05,
    0.00010325599250181718,
    0.00010367849740565196,
    0.00012176874049549654,
    0.00012674704303315427,
    0.00014013622599478329,
    0.00019051224877152418,
    0.00021877212205921717,
    0.00023293838652646272,
    0.00030287313097217614,
    1.1102230246251565e-16,
    1.1102230246251565e-16
  ],
  "stage_mean_effective_discount": [
    0.9504133312118577,
    0.9503908795538226,
    0.9503934229613024,
    0.9504111624617704,
    0.9504402527848357,
    0.9504653498952725,
    0.9505149234842267,
    0.950547070454448,
    0.9505856845690893,
    0.9506302555365395,
    0.950695920993248,
    0.9507315729260325,
    0.9508090332457353,
    0.9508907402844422,
    0.951305332973295,
    0.951480954593123,
    0.9516741138365878,
    0.9521118891296563,
    0.9499999999999996,
    0.9499999999999996
  ],
  "stage_std_effective_discount": [
    0.00010780780356144452,
    0.00018110658014497055,
    0.0001912552072414037,
    0.00017284044868000247,
    0.00018273511407791758,
    0.0001658656729944251,
    0.00018140281687816827,
    0.00019266389825763958,
    0.00018522778379123918,
    0.0002013491853785442,
    0.00020217306994101431,
    0.00023744904396622802,
    0.00024715673391464266,
    0.0002732656406898235,
    0.0003714988851044608,
    0.00042660563801547914,
    0.00045422985372659875,
    0.0005906026053957258,
    2.220446049250313e-16,
    2.220446049250313e-16
  ]
}