{
  "schema_version": "1.0.0",
  "created_at": "2026-04-19T04:28:49Z",
  "phase": "phase3",
  "task": "chain_catastrophe",
  "algorithm": "SafeExpectedSARSA",
  "seed": 83,
  "train_steps": 120000,
  "n_transitions": 120000,
  "steps_to_threshold": null,
  "auc_disc_return": 2.1482311217660923,
  "final_disc_return_mean": 3.608376024398307,
  "final_10pct_success_rate": 0.0,
  "tail_risk_metrics": {
    "return_q05": 0.0,
    "return_q25": 0.0,
    "return_q50": 0.27634173858119254,
    "return_q75": 6.2034035718189156,
    "return_q95": 7.839824999565381,
    "cvar_5pct": -5.083745490043949,
    "cvar_10pct": -2.5418727450219745,
    "top5pct_mean": 8.254258448631717,
    "top10pct_mean": 7.957644508893378,
    "event_rate": 0.034,
    "event_conditioned_return": -7.4760963088881605
  },
  "shortcut_risky_path_fraction": 0.462,
  "episode_returns": [
    6.526674631330198,
    4.882024903840046,
    6.9209542926740095,
    4.174274000955197,
    6.9257955813021335,
    6.912516744053111,
    6.932418401711973,
    3.5863727945688693,
    0.0,
    0.0,
    4.895744940648841,
    5.0067896057815755,
    5.883479968553939,
    0.0,
    6.201100916523362,
    5.779685153722306,
    5.69642141725066,
    6.347259173665885,
    8.400093885827284,
    5.626898634585749,
    5.513280775475378,
    0.0,
    5.0499435573588825,
    6.195009521901223,
    0.0,
    5.565112134848484,
    4.991890270781793,
    5.59975543643832,
    0.0,
    0.0,
    7.769282263613247,
    5.747384551420577,
    0.0,
    0.0,
    7.191028532347334,
    7.859793449227122,
    0.0,
    0.0,
    0.0,
    5.602144910057201,
    0.0,
    5.649280039618434,
    8.399281485223463,
    0.0,
    7.775098581587065,
    0.0,
    5.662004391951314,
    0.0,
    0.0,
    6.368448711435105,
    0.0,
    7.231041683688438,
    0.0,
    0.0,
    0.0,
    0.0,
    4.167539208686979,
    7.261645101666627,
    0.0,
    0.0,
    0.0,
    6.9196940493790935,
    0.0,
    0.0,
    0.0,
    0.0,
    5.764929601597318,
    0.0,
    -6.235253948912,
    0.0,
    0.0,
    7.7634705994720665,
    0.0,
    5.708965044812505,
    5.662004391951314,
    4.161727544545798,
    4.952747276630536,
    0.0,
    0.0,
    6.912729917198598,
    0.0,
    0.0,
    7.123116451699903,
    6.194999384600323,
    0.0,
    5.596043378134162,
    0.0,
    0.0,
    8.399169513365086,
    0.0,
    0.0,
    0.0,
    6.276426688726813,
    6.374260375576286,
    0.0,
    7.8397712108952335,
    0.0,
    0.0,
    7.004488429933025,
    0.0,
    6.9196940493790935,
    5.642315907437938,
    6.926943852738671,
    6.933045384661711,
    6.201963516780819,
    0.0,
    6.419142350974858,
    4.180263561019859,
    4.349234364895879,
    0.0,
    6.482637421223497,
    0.0,
    3.7205969426400736,
    7.681438980766812,
    0.0,
    5.62079710266271,
    0.0,
    7.780432383084163,
    0.0,
    5.603007510314658,
    4.93314882907375,
    5.637173565005166,
    0.0,
    0.0,
    0.0,
    0.0,
    0.0,
    0.0,
    0.0,
    0.0,
    6.499451314544129,
    0.0,
    3.627580083857474,
    0.0,
    0.0,
    0.0,
    8.393179953300423,
    5.02011559282271,
    5.0075687992567355,
    5.77686667548853,
    0.0,
    5.696631833912904,
    0.0,
    4.398144796592425,
    7.66744920440223,
    0.0,
    0.0,
    0.0,
    5.615731862647538,
    5.64364098771391,
    0.0,
    6.201100916523362,
    0.0,
    0.0,
    6.57285164635743,
    0.0,
    0.0,
    0.0,
    0.0,
    8.406716706237123,
    4.167539208686979,
    7.136997674109933,
    6.284102910741677,
    0.0,
    5.64364098771391,
    6.918618275976151,
    0.0,
    0.0,
    -8.01630589539046,
    0.0,
    0.0,
    7.1884405087984975,
    0.0,
    6.201963516780819,
    0.0,
    7.207479057706554,
    7.840846984298177,
    5.062474573595801,
    0.0,
    -8.01630589539046,
    0.0,
    5.883235188469181,
    0.0,
    0.0,
    0.0,
    7.681663139942304,
    6.508863753054578,
    -8.097278682212584,
    5.659983168424023,
    0.0,
    8.45147694583518,
    6.552158328711725,
    0.0,
    6.367010572216708,
    0.0,
    0.0,
    6.201963516780819,
    5.603007510314658,
    7.846486036202701,
    7.027467620225731,
    0.0,
    3.0102606731539088,
    5.013094553554563,
    0.0,
    6.207723736933203,
    8.399169513365086,
    5.51927033554004,
    5.800179261886533,
    0.0,
    -7.249803359578534,
    6.195340696370979,
    0.0,
    7.769282263613247,
    5.603007510314658,
    0.0,
    -7.249803359578534,
    0.0,
    0.0,
    7.229133542720924,
    -7.249803359578534,
    5.731484270560347,
    7.82789329205302,
    0.0,
    7.058137745051105,
    0.0,
    6.912516744053111,
    6.2307981349281665,
    5.636788827391792,
    0.0,
    6.926943852738671,
    0.0,
    0.0,
    0.0,
    3.6217684197162923,
    7.107819759520739,
    6.301399504520246,
    7.128979662779919,
    6.01871406793484,
    7.811038967066482,
    7.194020659055553,
    0.5526834771623851,
    8.399169513365086,
    0.0,
    3.544197155140541,
    0.0,
    1.6977550817328821,
    8.398513754797523,
    5.678114657765781,
    0.0,
    0.0,
    0.0,
    7.092652937591572,
    0.0,
    0.0,
    0.0,
    5.7096208033800675,
    0.0,
    4.331135396292884,
    0.0,
    0.0,
    0.0,
    4.167539208686979,
    -6.757290490602831,
    0.0,
    5.5908462772479535,
    0.0,
    7.946258861681811,
    0.0,
    0.0,
    0.0,
    6.926943852738671,
    0.0,
    5.578438121889619,
    5.004186754622015,
    4.927278461254375,
    0.0,
    -7.249803359578534,
    7.846486036202701,
    4.167539208686979,
    3.033689317406484,
    0.0,
    5.71600800648219,
    5.636676855533414,
    7.694387492275184,
    -7.6234271434710354,
    0.0,
    5.525100197014229,
    0.0,
    0.0,
    0.0,
    0.0,
    0.0,
    -6.0500606713753635,
    8.398972808976094,
    6.5998424950134735,
    0.0,
    7.9650097809905915,
    4.967561430493489,
    8.406716706237123,
    4.360294990936566,
    0.0,
    0.0,
    6.926943852738671,
    6.486030945527322,
    0.0,
    7.18909626736606,
    0.0,
    5.649280039618434,
    7.1002725666487025,
    6.932418401711973,
    -8.179069375972308,
    -7.249803359578534,
    0.0,
    4.167539208686979,
    0.0,
    0.0,
    0.0,
    0.0,
    7.830727451579857,
    3.5376519589351405,
    0.0,
    0.0,
    5.57207626702898,
    7.854495709093254,
    0.0,
    0.0,
    0.0,
    6.308576809846229,
    8.393357849223905,
    0.0,
    0.0,
    0.0,
    7.0749632362151145,
    6.635432372332753,
    1.6977550817328821,
    4.180263561019859,
    5.723783294931344,
    0.0,
    0.0,
    0.0,
    0.0,
    0.0,
    0.0,
    4.167539208686979,
    5.642315907437938,
    8.411893865697966,
    0.0,
    7.107462262285641,
    5.57207626702898,
    0.0,
    7.12293510895076,
    6.367010572216708,
    0.0,
    0.0,
    0.0,
    5.643818546480816,
    0.0,
    5.062474573595801,
    0.0,
    5.669224702221549,
    0.0,
    0.0,
    7.7820627137675595,
    0.0,
    -7.249803359578534,
    0.0,
    0.0,
    0.0,
    6.320738042912932,
    5.642315907437938,
    0.0,
    6.484314246276158,
    6.320738042912932,
    0.0,
    4.98627534289103,
    0.0,
    0.0,
    8.501030802981996,
    0.0,
    0.0,
    4.908881974238759,
    5.64364098771391,
    0.0,
    0.0,
    0.0,
    6.912516744053111,
    0.0,
    0.0,
    5.703277808394223,
    6.201963516780819,
    0.0,
    0.0,
    5.57862146323438,
    0.0,
    6.243477412578525,
    6.291067042922172,
    7.128979662779919,
    0.0,
    5.886950161785359,
    0.0,
    6.5349243933977075,
    0.0,
    0.0,
    0.0,
    7.108954063098664,
    7.681663139942304,
    0.0,
    0.0,
    5.669773974965481,
    0.0,
    0.0,
    0.0,
    8.779867265935275,
    4.167539208686979,
    5.650782678661312,
    4.960959027496116,
    0.0,
    5.702443498054085,
    0.0,
    7.669861915736462,
    1.6977550817328821,
    7.680542063091115,
    6.9196940493790935,
    7.2288671445078565,
    5.62079710266271,
    7.079710169527918,
    8.399169513365086,
    0.0,
    0.0,
