{
  "total_s": 8.872338916000444,
  "step_s": 0.0,
  "fit_s": 0.0,
  "eval_s": 1.3085655409377068,
  "plot_s": 0.0,
  "other_s": 0.0,
  "train_s": 8.174446749995695,
  "eval_final_s": 0.4554225409810897,
  "post_s": 0.23466916600591503,
  "steps_per_s": null,
  "updates_per_s": null
}
