{
  "total_s": 6.174026624998078,
  "step_s": 0.0,
  "fit_s": 0.0,
  "eval_s": 0.32671237803879194,
  "plot_s": 0.0,
  "other_s": 0.0,
  "train_s": 5.8132786249916535,
  "eval_final_s": 0.16054833299131133,
  "post_s": 0.19657695799833164,
  "steps_per_s": null,
  "updates_per_s": null
}
