{
  "phase": "phase4",
  "schedule_version": 3,
  "task_family": "dense_chain_cost",
  "scheduler_mode": "stagewise_u",
  "gamma_eval": 0.95,
  "gamma_base": 0.95,
  "sign_family": 1,
  "reward_bound": 0.02,
  "alpha_t": [
    0.2469791338534098,
    0.2458511310019141,
    0.244473391703149,
    0.24279564779377028,
    0.2510855137100136,
    0.24969704375430377,
    0.26,
    0.2591827501638644,
    0.2580260706877346,
    0.2564249905315857,
    0.254230102604691,
    0.25122140715174734,
    0.24706121646438628,
    0.24120355491026696,
    0.3,
    0.28571448711466846,
    0.28564221101473003,
    0.3,
    0.14280500000000002,
    0.14280500000000002
  ],
  "kappa_t": [
    0.9623489566926705,
    0.9622925565500957,
    0.9622236695851574,
    0.9621397823896884,
    0.9625542756855007,
    0.9624848521877152,
    0.963,
    0.9629591375081932,
    0.9629013035343867,
    0.9628212495265792,
    0.9627115051302345,
    0.9625610703575873,
    0.9623530608232193,
    0.9620601777455133,
    0.965,
    0.9642857243557333,
    0.9642821105507364,
    0.961618319315287,
    0.9554925,
    0.9554925
  ],
  "Bhat_t": [
    0.5561269457024527,
    0.5373590755266948,
    0.517887280884055,
    0.4976881114247763,
    0.4767374967964865,
    0.45476656003085514,
    0.431972055545418,
    0.40807067034830535,
    0.3832672186935504,
    0.35753115862435436,
    0.33083104343716624,
    0.3031344716272895,
    0.27440801395506753,
    0.24461709900282755,
    0.21372581857059042,
    0.1810630244254823,
    0.14732461638421396,
    0.1123370590400623,
    0.0762642075,
    0.039,
    0.0
  ],
  "A_t": [
    0.5573590755266948,
    0.537887280884055,
    0.5176881114247763,
    0.49673749679648654,
    0.47476656003085516,
    0.451972055545418,
    0.42807067034830537,
    0.4032672186935504,
    0.3775311586243544,
    0.35083104343716626,
    0.32313447162728953,
    0.29440801395506755,
    0.26461709900282754,
    0.2337258185705904,
    0.2010630244254823,
    0.16732461638421395,
    0.1323370590400623,
    0.0962642075,
    0.059,
    0.02
  ],
  "xi_ref_t": [
    0.38056503704979794,
    0.3782060938133854,
    0.3753248876213509,
    0.37181629485297835,
    0.389152530402348,
    0.38624888365478793,
    0.40779500733578267,
    0.4060859283464386,
    0.4036670149338564,
    0.40031874573374404,
    0.3957286722042608,
    0.3894367184385978,
    0.380736692839261,
    0.3684868203447348,
    0.3507134020333168,
    0.32368545660351855,
    0.27966784088974883,
    0.19737346302882094,
    0.02,
    0.02
  ],
  "u_target_t": [
    0.018798073894160904,
    0.018693950554022842,
    0.01856677461875221,
    0.01841190595019418,
    0.01917712434246279,
    0.019048957885012652,
    0.020000000000000004,
    0.019924561553587482,
    0.019817791140406264,
    0.019669999125992522,
    0.01946739408658686,
    0.019189668352468985,
    0.018805650750558726,
    0.01826494353017849,
    0.017480427967578434,
    0.01628741920340841,
    0.011601759363571964,
    0.008691837212876103,
    0.002,
    0.002
  ],
  "u_tr_cap_t": [
    0.005664825439453125,
    0.0056362152099609375,
    0.0055980682373046875,
    0.005550384521484375,
    0.005779266357421875,
    0.005741119384765625,
    0.0060272216796875,
    0.006008148193359375,
    0.005970001220703125,
    0.005931854248046875,
    0.0058746337890625,
    0.005779266357421875,
    0.005664825439453125,
    0.005512237548828125,
    0.0052642822265625,
    0.0049114227294921875,
    0.00308990478515625,
    0.002288818359375,
    0.0,
    0.0
  ],
  "U_safe_ref_t": [
    0.009643890915220717,
    0.009540349935017898,
    0.009414625796458694,
    0.009262624644631328,
    0.010025431831952565,
    0.00989561382868193,
    0.010878611513905354,
    0.010798975484850024,
    0.010686753834454533,
    0.010532363274689873,
    0.010322499538667663,
    0.010038181916594365,
    0.00965144669984573,
    0.00911950000956835,
    0.01079487243354081,
    0.00948864764461986,
    0.00819622387445002,
    0.004705772031621411,
    0.00022545137999577944,
    0.00022545137999577944
  ],
  "u_ref_used_t": [
    0.005664825439453125,
    0.0056362152099609375,
    0.0055980682373046875,
    0.005550384521484375,
    0.005779266357421875,
    0.005741119384765625,
    0.0060272216796875,
    0.006008148193359375,
    0.005970001220703125,
    0.005931854248046875,
    0.0058746337890625,
    0.005779266357421875,
    0.005664825439453125,
    0.005512237548828125,
    0.0052642822265625,
    0.0049114227294921875,
    0.00308990478515625,
    0.002288818359375,
    0.0,
    0.0
  ],
  "theta_used_t": [
    0.014885301822174136,
    0.014902497083354668,
    0.014915259877336823,
    0.01492776029000848,
    0.014850902681903788,
    0.014863782466998097,
    0.014780028129978116,
    0.014795263204081588,
    0.01478942048728294,
    0.014817827821613455,
    0.014845105249361935,
    0.014840065365672723,
    0.01487859075837667,
    0.014959117245146506,
    0.015010211175398447,
    0.01517344270276615,
    0.011048480852592408,
    0.011596383446141294,
    0.0,
    0.0
  ],
  "beta_used_t": [
    0.026706843892526158,
    0.027705613449088035,
    0.028811285305137074,
    0.03005160751157142,
    0.03128043112585399,
    0.032886507660437554,
    0.03452707497561594,
    0.036688484752153284,
    0.03917403941219722,
    0.042236364480292415,
    0.04594095199624696,
    0.05040645859571475,
    0.056226868235063246,
    0.06400284460070688,
    0.07465425937110337,
    0.09068266840023469,
    0.08348742924117507,
    0.12046412417763158,
    0.0,
    0.0
  ],
  "trust_clip_active_t": [
    true,
    true,
    true,
    true,
    true,
    true,
    true,
    true,
    true,
    true,
    true,
    true,
    true,
    true,
    true,
    true,
    true,
    true,
    true,
    true
  ],
  "safe_clip_active_t": [
    false,
    false,
    false,
    false,
    false,
    false,
    false,
    false,
    false,
    false,
    false,
    false,
    false,
    false,
    false,
    false,
    false,
    false,
    false,
    false
  ],
  "source_phase": "phase4C_ablation_trust_region_tighter",
  "notes": "Phase IV-C ablation: trust_region_tighter",
  "provenance": {
    "git_sha": "fbfc9b1e68f00da6c711fb85148cb8edfd458e85",
    "calibration_code_version": "v3.0",
    "input_hashes": {
      "margins": "e60ba183774a6893",
      "p_align": "8bb2e1a18e96a781",
      "n_by_stage": "35d6f04339c16583"
    }
  }
}