{
  "phase": "III",
  "task": "chain_catastrophe",
  "algorithm": "SafeQLearning",
  "n_seeds": 5,
  "seeds": [
    "seed_11",
    "seed_29",
    "seed_47",
    "seed_67",
    "seed_83"
  ],
  "metrics": {
    "auc_disc_return": {
      "mean": 2.3456220256719997,
      "std": 0.35453972864537714,
      "median": 2.2473417022381357,
      "q25": 2.0762748647929983,
      "q75": 2.455345385403904,
      "iqr": 0.3790705206109055,
      "ci_low": 2.0965358170909387,
      "ci_high": 2.6435892903610636
    },
    "final_10pct_success_rate": {
      "mean": 0.0,
      "std": 0.0,
      "median": 0.0,
      "q25": 0.0,
      "q75": 0.0,
      "iqr": 0.0,
      "ci_low": 0.0,
      "ci_high": 0.0
    },
    "final_disc_return_mean": {
      "mean": 2.937409064415629,
      "std": 1.2675722468974462,
      "median": 3.036615179868747,
      "q25": 2.948228624632865,
      "q75": 3.8667314636793457,
      "iqr": 0.9185028390464809,
      "ci_low": 1.8636948547498533,
      "ci_high": 3.763571212913343
    },
    "n_transitions": {
      "mean": 120000.0,
      "std": 0.0,
      "median": 120000.0,
      "q25": 120000.0,
      "q75": 120000.0,
      "iqr": 0.0,
      "ci_low": 120000.0,
      "ci_high": 120000.0
    },
    "seed": {
      "mean": 47.4,
      "std": 28.788886744714528,
      "median": 47.0,
      "q25": 29.0,
      "q75": 67.0,
      "iqr": 38.0,
      "ci_low": 25.4,
      "ci_high": 69.4
    },
    "shortcut_risky_path_fraction": {
      "mean": 0.25,
      "std": 0.08853247991556545,
      "median": 0.286,
      "q25": 0.226,
      "q75": 0.312,
      "iqr": 0.086,
      "ci_low": 0.1728,
      "ci_high": 0.31
    },
    "tail_risk_metrics_cvar_10pct": {
      "mean": -0.7247609681376055,
      "std": 0.3982520785055566,
      "median": -0.6632201725948622,
      "q25": -1.0094355172452503,
      "q75": -0.35937360387969663,
      "iqr": 0.6500619133655536,
      "ci_low": -1.0349878969213715,
      "ci_high": -0.4145340393538395
    },
    "tail_risk_metrics_cvar_5pct": {
      "mean": -1.449521936275211,
      "std": 0.7965041570111132,
      "median": -1.3264403451897244,
      "q25": -2.0188710344905005,
      "q75": -0.7187472077593933,
      "iqr": 1.3001238267311073,
      "ci_low": -2.1136664830966994,
      "ci_high": -0.829068078707679
    },
    "tail_risk_metrics_event_conditioned_return": {
      "mean": -5.709158200528912,
      "std": 0.17761351959083974,
      "median": -5.6655642670943065,
      "q25": -5.755856803457847,
      "q75": -5.607975095806946,
      "iqr": 0.14788170765090047,
      "ci_low": -5.859961745634689,
      "ci_high": -5.58703680039118
    },
    "tail_risk_metrics_event_rate": {
      "mean": 0.0128,
      "std": 0.0071554175279993255,
      "median": 0.012,
      "q25": 0.006,
      "q75": 0.018,
      "iqr": 0.011999999999999999,
      "ci_low": 0.0072,
      "ci_high": 0.0184
    },
    "tail_risk_metrics_return_q05": {
      "mean": 0.0,
      "std": 0.0,
      "median": 0.0,
      "q25": 0.0,
      "q75": 0.0,
      "iqr": 0.0,
      "ci_low": 0.0,
      "ci_high": 0.0
    },
    "tail_risk_metrics_return_q25": {
      "mean": 0.0,
      "std": 0.0,
      "median": 0.0,
      "q25": 0.0,
      "q75": 0.0,
      "iqr": 0.0,
      "ci_low": 0.0,
      "ci_high": 0.0
    },
    "tail_risk_metrics_return_q50": {
      "mean": 0.0,
      "std": 0.0,
      "median": 0.0,
      "q25": 0.0,
      "q75": 0.0,
      "iqr": 0.0,
      "ci_low": 0.0,
      "ci_high": 0.0
    },
    "tail_risk_metrics_return_q75": {
      "mean": 0.0,
      "std": 0.0,
      "median": 0.0,
      "q25": 0.0,
      "q75": 0.0,
      "iqr": 0.0,
      "ci_low": 0.0,
      "ci_high": 0.0
    },
    "tail_risk_metrics_return_q95": {
      "mean": 0.4477975685699125,
      "std": 0.47259947594943463,
      "median": 0.5526834771623851,
      "q25": 0.0,
      "q75": 0.5526834771623851,
      "iqr": 0.5526834771623851,
      "ci_low": 0.11053669543247702,
      "ci_high": 0.7907092285473523
    },
    "tail_risk_metrics_top10pct_mean": {
      "mean": 0.7132102834940169,
      "std": 0.6029102225624923,
      "median": 0.9024668776864436,
      "q25": 0.1957069790755304,
      "q75": 1.0110150557460629,
      "iqr": 0.8153080766705325,
      "ci_low": 0.24134440696431864,
      "ci_high": 1.1676443998205328
    },
    "tail_risk_metrics_top5pct_mean": {
      "mean": 1.0407915156068117,
      "std": 0.8128573762376651,
      "median": 1.2522502782105027,
      "q25": 0.3914139581510608,
      "q75": 1.7788493815406765,
      "iqr": 1.3874354233896158,
      "ci_low": 0.40701563890252485,
      "ci_high": 1.6745673923110984
    },
    "train_steps": {
      "mean": 120000.0,
      "std": 0.0,
      "median": 120000.0,
      "q25": 120000.0,
      "q75": 120000.0,
      "iqr": 0.0,
      "ci_low": 120000.0,
      "ci_high": 120000.0
    }
  },
  "provenance": {
    "schedule_path": "results/weighted_lse_dp/phase3/calibration/chain_catastrophe/schedule.json",
    "calibration_hash": "ef07e406be4558f2a1a20af7527396959a18a67a76c1e2dd55cb2d9aa989033e",
    "source_phase": "phase2"
  }
}
