{
  "total_s": 8.607288458995754,
  "step_s": 0.0,
  "fit_s": 0.0,
  "eval_s": 1.3269073760311585,
  "plot_s": 0.0,
  "other_s": 0.0,
  "train_s": 7.631432958994992,
  "eval_final_s": 0.5078582919959445,
  "post_s": 0.4601330000150483,
  "steps_per_s": null,
  "updates_per_s": null
}
