{
  "total_s": 0.6612642499967478,
  "step_s": 0.0,
  "fit_s": 0.0,
  "eval_s": 0.15183658298337832,
  "plot_s": 0.0,
  "other_s": 0.0,
  "train_s": 0.645502540995949,
  "post_s": 0.015725833989563398,
  "steps_per_s": null,
  "updates_per_s": null
}
