{
  "total_s": 8.537288374995114,
  "step_s": 0.0,
  "fit_s": 0.0,
  "eval_s": 0.3932852949947119,
  "plot_s": 0.0,
  "other_s": 0.0,
  "train_s": 7.677778374985792,
  "eval_final_s": 0.2582024159783032,
  "post_s": 0.5962020840088371,
  "steps_per_s": null,
  "updates_per_s": null
}
