{
  "total_s": 5.937271959002828,
  "step_s": 0.0,
  "fit_s": 0.0,
  "eval_s": 0.6393279569456354,
  "plot_s": 0.0,
  "other_s": 0.0,
  "train_s": 5.520957583998097,
  "eval_final_s": 0.2061961669824086,
  "post_s": 0.20548283398966305,
  "steps_per_s": null,
  "updates_per_s": null
}
