{
  "total_s": 8.64616475001094,
  "step_s": 0.0,
  "fit_s": 0.0,
  "eval_s": 0.39570166703197174,
  "plot_s": 0.0,
  "other_s": 0.0,
  "train_s": 7.7711277499911375,
  "eval_final_s": 0.28090874999179505,
  "post_s": 0.5886949580162764,
  "steps_per_s": null,
  "updates_per_s": null
}
