{
  "total_s": 11.646710750006605,
  "step_s": 0.0,
  "fit_s": 0.0,
  "eval_s": 0.6851095789170358,
  "plot_s": 0.0,
  "other_s": 0.0,
  "train_s": 10.395658292021835,
  "eval_final_s": 0.6052850840205792,
  "post_s": 0.6340918749920093,
  "steps_per_s": null,
  "updates_per_s": null
}
