{
  "total_s": 4.906186084001092,
  "step_s": 0.0,
  "fit_s": 0.0,
  "eval_s": 0.6269592469907366,
  "plot_s": 0.0,
  "other_s": 0.0,
  "train_s": 4.185199458996067,
  "eval_final_s": 0.5953084169887006,
  "post_s": 0.11446799998520873,
  "steps_per_s": null,
  "updates_per_s": null
}
