{
  "total_s": 7.356490875012241,
  "step_s": 0.0,
  "fit_s": 0.0,
  "eval_s": 1.30199233192252,
  "plot_s": 0.0,
  "other_s": 0.0,
  "train_s": 6.675578291993588,
  "eval_final_s": 0.4419128329900559,
  "post_s": 0.23122766701271757,
  "steps_per_s": null,
  "updates_per_s": null
}
