{
  "total_s": 6.072412917012116,
  "step_s": 0.0,
  "fit_s": 0.0,
  "eval_s": 0.34343095993972383,
  "plot_s": 0.0,
  "other_s": 0.0,
  "train_s": 5.453696917014895,
  "eval_final_s": 0.2007532920106314,
  "post_s": 0.41393279199837707,
  "steps_per_s": null,
  "updates_per_s": null
}
