{
  "total_s": 6.595099124999251,
  "step_s": 0.0,
  "fit_s": 0.0,
  "eval_s": 0.9911017929844093,
  "plot_s": 0.0,
  "other_s": 0.0,
  "train_s": 6.063147749984637,
  "eval_final_s": 0.14984208301757462,
  "post_s": 0.3794237500114832,
  "steps_per_s": null,
  "updates_per_s": null
}
