{
  "total_s": 4.152507709019119,
  "step_s": 0.0,
  "fit_s": 0.0,
  "eval_s": 0.6203177079732995,
  "plot_s": 0.0,
  "other_s": 0.0,
  "train_s": 3.4412638749927282,
  "eval_final_s": 0.5847941669926513,
  "post_s": 0.11535312500200234,
  "steps_per_s": null,
  "updates_per_s": null
}
