{
  "total_s": 4.149129916011589,
  "step_s": 0.0,
  "fit_s": 0.0,
  "eval_s": 0.6202855019655544,
  "plot_s": 0.0,
  "other_s": 0.0,
  "train_s": 3.4406481249898206,
  "eval_final_s": 0.5826032079930883,
  "post_s": 0.114557082997635,
  "steps_per_s": null,
  "updates_per_s": null
}
