{
  "total_s": 6.007059333001962,
  "step_s": 0.0,
  "fit_s": 0.0,
  "eval_s": 0.68773262394825,
  "plot_s": 0.0,
  "other_s": 0.0,
  "train_s": 5.0534923330124,
  "eval_final_s": 0.6955095419834834,
  "post_s": 0.24590866701328196,
  "steps_per_s": null,
  "updates_per_s": null
}
