{
  "total_s": 6.786329249996925,
  "step_s": 0.0,
  "fit_s": 0.0,
  "eval_s": 1.0019489958067425,
  "plot_s": 0.0,
  "other_s": 0.0,
  "train_s": 6.224374792014714,
  "eval_final_s": 0.1531478329852689,
  "post_s": 0.40602716599823907,
  "steps_per_s": null,
  "updates_per_s": null
}
