{
  "total_s": 4.775801541982219,
  "step_s": 0.0,
  "fit_s": 0.0,
  "eval_s": 0.6460619181161746,
  "plot_s": 0.0,
  "other_s": 0.0,
  "train_s": 3.8964085420011543,
  "eval_final_s": 0.6360769169987179,
  "post_s": 0.2315897089720238,
  "steps_per_s": null,
  "updates_per_s": null
}
