{
  "schema_version": "1.0.0",
  "created_at": "2026-04-19T04:06:29Z",
  "phase": "phase3",
  "task": "chain_catastrophe",
  "algorithm": "SafeExpectedSARSA",
  "seed": 47,
  "train_steps": 120000,
  "n_transitions": 120000,
  "steps_to_threshold": null,
  "auc_disc_return": 2.490980206208497,
  "final_disc_return_mean": 0.6059449225038276,
  "final_10pct_success_rate": 0.0,
  "tail_risk_metrics": {
    "return_q05": 0.0,
    "return_q25": 0.0,
    "return_q50": 0.0,
    "return_q75": 1.1222846796395443,
    "return_q95": 1.691943417591701,
    "cvar_5pct": -1.938825701724662,
    "cvar_10pct": -0.969412850862331,
    "top5pct_mean": 1.6979320352826528,
    "top10pct_mean": 1.694937726437177,
    "event_rate": 0.016,
    "event_conditioned_return": -6.058830317889568
  },
  "shortcut_risky_path_fraction": 0.398,
  "episode_returns": [
    0.0,
    0.0,
    0.0,
    1.1280382271393137,
    0.0,
    0.0,
    0.0,
    1.691943417591701,
    1.1222846796395443,
    1.1507676165952687,
    0.0,
    1.691943417591701,
    1.691943417591701,
    0.0,
    0.0,
    0.5582661385478637,
    1.133620888524792,
    0.0,
    0.5582661385478637,
    1.691943417591701,
    0.0,
    1.1507676165952687,
    0.0,
    -6.11117239532865,
    0.0,
    0.0,
    0.0,
    0.0,
    1.691943417591701,
    0.0,
    0.0,
    0.0,
    0.5582661385478637,
    0.0,
    0.0,
    0.0,
    0.0,
    0.0,
    1.691943417591701,
    0.0,
    0.0,
    0.5582661385478637,
    0.0,
    0.0,
    0.0,
    0.5582661385478637,
    0.0,
    0.0,
    0.0,
    0.0,
    0.0,
    1.1222846796395443,
    1.139259940429316,
    -6.11117239532865,
    0.0,
    0.0,
    1.1280382271393137,
    1.691943417591701,
    0.0,
    1.691943417591701,
    0.0,
    0.0,
    0.0,
    0.5696012024771592,
    0.0,
    0.0,
    1.1222846796395443,
    1.1222846796395443,
    0.0,
    0.5526834771623851,
    1.691943417591701,
    0.0,
    0.0,
    0.0,
    0.0,
    0.0,
    0.0,
    0.0,
    1.691943417591701,
    0.0,
    0.0,
    1.1280382271393137,
    0.0,
    1.691943417591701,
    0.5696012024771592,
    0.0,
    0.0,
    0.0,
    1.139259940429316,
    0.0,
    0.0,
    0.5582661385478637,
    0.0,
    0.0,
    0.0,
    0.0,
    0.0,
    0.0,
    1.691943417591701,
    0.5526834771623851,
    0.0,
    1.691943417591701,
    0.0,
    1.691943417591701,
    1.691943417591701,
    0.0,
    1.691943417591701,
    0.0,
    0.0,
    0.0,
    1.691943417591701,
    0.0,
    0.0,
    0.0,
    1.703451093757654,
    0.0,
    0.5696012024771592,
    0.0,
    0.0,
    0.0,
    0.0,
    1.139259940429316,
    0.0,
    0.0,
    0.0,
    0.0,
    1.691943417591701,
    0.0,
    0.0,
    0.0,
    0.0,
    0.0,
    0.0,
    0.0,
    0.5526834771623851,
    0.5696012024771592,
    0.5582661385478637,
    0.0,
    0.0,
    1.1222846796395443,
    0.0,
    0.0,
    0.0,
    0.0,
    1.139259940429316,
    0.0,
    1.691943417591701,
    0.0,
    0.0,
    0.0,
    0.0,
    0.0,
    1.139259940429316,
    1.1222846796395443,
    1.1222846796395443,
    0.0,
    0.0,
    1.703451093757654,
    0.0,
    1.1222846796395443,
    0.0,
    0.0,
    1.691943417591701,
    0.0,
    0.0,
    -5.753547499769285,
    0.5526834771623851,
    0.0,
    0.0,
    0.0,
    1.691943417591701,
    0.0,
    0.0,
    0.0,
    1.691943417591701,
    1.691943417591701,
    1.691943417591701,
    1.1280382271393137,
    0.0,
    1.1165886676147725,
    0.0,
    0.0,
    0.0,
    0.0,
    0.0,
    0.0,
    0.0,
    0.0,
    0.0,
    0.5526834771623851,
    0.0,
    1.133620888524792,
    0.0,
    1.703451093757654,
    1.691943417591701,
    1.6977550817328821,
    1.1222846796395443,
    0.0,
    1.691943417591701,
    0.0,
    0.5582661385478637,
    1.133620888524792,
    0.5582661385478637,
    0.0,
    0.0,
    0.0,
    0.0,
    -6.0500606713753635,
    1.691943417591701,
    0.0,
    0.0,
    0.0,
    1.691943417591701,
    0.0,
    0.0,
    1.691943417591701,
    0.0,
    1.703451093757654,
    0.0,
    1.703451093757654,
    1.691943417591701,
    1.691943417591701,
    1.691943417591701,
    0.0,
    0.0,
    0.5526834771623851,
    0.0,
    0.0,
    1.691943417591701,
    0.0,
    0.0,
    0.0,
    1.691943417591701,
    0.0,
    0.0,
    1.133620888524792,
    0.0,
    0.5526834771623851,
    0.0,
    0.0,
    0.0,
    1.1222846796395443,
    0.0,
    0.0,
    0.5582661385478637,
    0.0,
    0.0,
    0.0,
    1.703451093757654,
    1.691943417591701,
    0.0,
    0.0,
    0.0,
    1.691943417591701,
    0.5696012024771592,
    0.5582661385478637,
    0.0,
    0.0,
    1.1222846796395443,
    0.0,
    0.0,
    0.0,
    1.139259940429316,
    0.0,
    0.5582661385478637,
    0.0,
    0.0,
    1.691943417591701,
    1.691943417591701,
    0.5582661385478637,
    0.0,
    0.0,
    1.1222846796395443,
    0.5526834771623851,
    0.0,
    0.0,
    0.0,
    0.5582661385478637,
    1.703451093757654,
    0.0,
    0.0,
    1.691943417591701,
    0.5526834771623851,
    1.139259940429316,
    0.0,
    1.1222846796395443,
    0.0,
    0.0,
    0.0,
    0.0,
    1.691943417591701,
    -6.11117239532865,
    0.0,
    0.0,
    0.0,
    1.139259940429316,
    0.0,
    0.0,
    0.0,
    0.0,
    1.1280382271393137,
    1.703451093757654,
    1.691943417591701,
    0.0,
    0.0,
    0.0,
    0.0,
    1.133620888524792,
    0.0,
    0.0,
    0.5582661385478637,
    0.0,
    0.0,
    0.0,
    0.0,
    0.0,
    0.5582661385478637,
    0.0,
    0.0,
    1.139259940429316,
    0.0,
    0.0,
    0.0,
    1.1222846796395443,
    0.0,
    1.691943417591701,
    0.0,
    1.703451093757654,
    1.703451093757654,
    -6.11117239532865,
    1.139259940429316,
    0.0,
    0.0,
    0.0,
    1.691943417591701,
    1.691943417591701,
    0.0,
    0.0,
    0.0,
    1.691943417591701,
    0.0,
    0.0,
    0.0,
    0.0,
    0.0,
    0.0,
    0.5526834771623851,
    1.691943417591701,
    0.0,
    0.0,
    0.0,
    -6.11117239532865,
    0.0,
    0.0,
    1.703451093757654,
    1.691943417591701,
    0.0,
    0.0,
    1.691943417591701,
    1.1222846796395443,
    -6.11117239532865,
    0.0,
    0.0,
    1.1280382271393137,
    0.0,
    1.691943417591701,
    0.0,
    0.0,
    1.691943417591701,
    0.0,
    0.0,
    0.0,
    1.691943417591701,
    0.5582661385478637,
    0.5696012024771592,
    1.691943417591701,
    0.0,
    0.0,
    1.1507676165952687,
    0.0,
    0.5582661385478637,
    1.139259940429316,
    1.691943417591701,
    0.0,
    1.691943417591701,
    0.0,
    0.0,
    1.1280382271393137,
    0.0,
    1.133620888524792,
    0.0,
    1.1280382271393137,
    0.0,
    0.0,
    0.0,
    1.691943417591701,
    0.0,
    1.133620888524792,
    1.1222846796395443,
    0.0,
    1.691943417591701,
    0.0,
    1.691943417591701,
    1.6977550817328821,
    1.133620888524792,
    1.139259940429316,
    0.0,
    0.0,
    0.0,
    1.1222846796395443,
    0.0,
    0.0,
    0.0,
    0.0,
    0.5696012024771592,
    0.0,
    0.0,
    1.691943417591701,
    0.5582661385478637,
    0.0,
    0.0,
    1.691943417591701,
    1.1280382271393137,
    0.0,
    0.0,
    0.5582661385478637,
    0.0,
    0.0,
    0.0,
    0.0,
    0.0,
    0.0,
    1.133620888524792,
    0.0,
    0.0,
    0.0,
    0.0,
    1.1165886676147725,
    0.0,
    0.0,
    1.691943417591701,
    0.0,
    0.5582661385478637,
    1.691943417591701,
    1.1222846796395443,
    0.0,
    1.1280382271393137,
    0.0,
    1.691943417591701,
    0.0,
    0.5526834771623851,
    0.0,
    0.0,
    1.691943417591701,
    0.0,
    0.0,
    0.0,
    0.0,
    1.1280382271393137,
    0.0,
    0.0,
    0.0,
    0.0,
    0.0,
    1.139259940429316,
    1.1222846796395443,
    0.0,
    0.0,
    0.0,
    0.0,
    0.0,
    0.0,
    0.0,
    0.0,
    1.1507676165952687,
    0.0,
    0.0,
    0.0,
    1.691943417591701,
    1.1222846796395443,
    0.0,
    0.0,
    0.0,
    1.1280382271393137,
    1.703451093757654,
    1.691943417591701,
    1.691943417591701,
    0.0,
    0.0,
    0.0,
    1.691943417591701,
    0.0,
    0.0,
