{
  "total_s": 5.541479832987534,
  "step_s": 0.0,
  "fit_s": 0.0,
  "eval_s": 0.6526043730555102,
  "plot_s": 0.0,
  "other_s": 0.0,
  "train_s": 4.720826582983136,
  "eval_final_s": 0.5740842499944847,
  "post_s": 0.23494041699450463,
  "steps_per_s": null,
  "updates_per_s": null
}
