{
  "phase": "phase4",
  "schedule_version": 3,
  "task_family": "dense_chain_cost",
  "scheduler_mode": "stagewise_u",
  "gamma_eval": 0.95,
  "gamma_base": 0.95,
  "sign_family": -1,
  "reward_bound": 0.05,
  "alpha_t": [
    0.14280500000000002,
    0.14280500000000002,
    0.14280500000000002,
    0.14280500000000002,
    0.14280500000000002,
    0.14280500000000002,
    0.14280500000000002,
    0.14280500000000002,
    0.14280500000000002,
    0.14280500000000002,
    0.14280500000000002,
    0.14280500000000002,
    0.14280500000000002,
    0.14280500000000002,
    0.14280500000000002,
    0.14280500000000002,
    0.14280500000000002,
    0.21691252203993638,
    0.16954316779165493,
    0.26
  ],
  "kappa_t": [
    0.9554925,
    0.9554925,
    0.9554925,
    0.9554925,
    0.9554925,
    0.9554925,
    0.9554925,
    0.9554925,
    0.9554925,
    0.9554925,
    0.9554925,
    0.9554925,
    0.9554925,
    0.9554925,
    0.9554925,
    0.9554925,
    0.9554925,
    0.9583427893092283,
    0.9565208910689098,
    0.963
  ],
  "Bhat_t": [
    1.3096505671414769,
    1.2686133770191572,
    1.2256646462626941,
    1.180715333990266,
    1.133672251734332,
    1.0844378702442272,
    1.0329101172894892,
    0.9789821660447248,
    0.9225422136172966,
    0.8634732492586772,
    0.8016528117789278,
    0.7369527356613765,
    0.6692388853511425,
    0.5983708771666366,
    0.5242017882575076,
    0.44657785200564903,
    0.36533813923777425,
    0.28031422458865374,
    0.1907607868792187,
    0.0975,
    0.0
  ],
  "A_t": [
    1.3186133770191573,
    1.2756646462626942,
    1.2307153339902661,
    1.183672251734332,
    1.1344378702442273,
    1.0829101172894893,
    1.0289821660447247,
    0.9725422136172966,
    0.9134732492586772,
    0.8516528117789278,
    0.7869527356613766,
    0.7192388853511426,
    0.6483708771666367,
    0.5742017882575077,
    0.496577852005649,
    0.41533813923777424,
    0.3303142245886537,
    0.2407607868792187,
    0.14750000000000002,
    0.05
  ],
  "xi_ref_t": [
    0.02,
    0.02,
    0.02,
    0.02,
    0.02,
    0.02,
    0.02,
    0.02,
    0.02,
    0.02,
    0.02,
    0.02,
    0.02,
    0.02,
    0.02,
    0.02,
    0.02,
    0.2075064979862065,
    0.3389830508474576,
    1.0
  ],
  "u_target_t": [
    0.002,
    0.002,
    0.002,
    0.002,
    0.002,
    0.002,
    0.002,
    0.002,
    0.002,
    0.002,
    0.002,
    0.002,
    0.002,
    0.002,
    0.002,
    0.002,
    0.002,
    0.0051136524088065405,
    0.0031234130930284623,
    0.020000000000000004
  ],
  "u_tr_cap_t": [
    0.0,
    0.0,
    0.0,
    0.0,
    0.0,
    0.0,
    0.0,
    0.0,
    0.0,
    0.0,
    0.0,
    0.0,
    0.0,
    0.0,
    0.0,
    0.0,
    0.0,
    0.002899169921875,
    0.0008392333984375,
    0.012392997741699219
  ],
  "U_safe_ref_t": [
    0.00022545137999577944,
    0.00022545137999577944,
    0.00022545137999577944,
    0.00022545137999577944,
    0.00022545137999577944,
    0.00022545137999577944,
    0.00022545137999577944,
    0.00022545137999577944,
    0.00022545137999577944,
    0.00022545137999577944,
    0.00022545137999577944,
    0.00022545137999577944,
    0.00022545137999577944,
    0.00022545137999577944,
    0.00022545137999577944,
    0.00022545137999577944,
    0.00022545137999577944,
    0.003552787681367139,
    0.004536572938026897,
    0.026676666752194423
  ],
  "u_ref_used_t": [
    0.0,
    0.0,
    0.0,
    0.0,
    0.0,
    0.0,
    0.0,
    0.0,
    0.0,
    0.0,
    0.0,
    0.0,
    0.0,
    0.0,
    0.0,
    0.0,
    0.0,
    0.002899169921875,
    0.0008392333984375,
    0.012392997741699219
  ],
  "theta_used_t": [
    -0.0,
    -0.0,
    -0.0,
    -0.0,
    -0.0,
    -0.0,
    -0.0,
    -0.0,
    -0.0,
    -0.0,
    -0.0,
    -0.0,
    -0.0,
    -0.0,
    -0.0,
    -0.0,
    -0.0,
    -0.013971465713173549,
    -0.002475738525390625,
    -0.012392997741699219
  ],
  "beta_used_t": [
    -0.0,
    -0.0,
    -0.0,
    -0.0,
    -0.0,
    -0.0,
    -0.0,
    -0.0,
    -0.0,
    -0.0,
    -0.0,
    -0.0,
    -0.0,
    -0.0,
    -0.0,
    -0.0,
    -0.0,
    -0.05803048700028774,
    -0.016784667968749997,
    -0.24785995483398438
  ],
  "trust_clip_active_t": [
    true,
    true,
    true,
    true,
    true,
    true,
    true,
    true,
    true,
    true,
    true,
    true,
    true,
    true,
    true,
    true,
    true,
    true,
    true,
    true
  ],
  "safe_clip_active_t": [
    false,
    false,
    false,
    false,
    false,
    false,
    false,
    false,
    false,
    false,
    false,
    false,
    false,
    false,
    false,
    false,
    false,
    false,
    false,
    false
  ],
  "source_phase": "phase4C_ablation_wrong_sign",
  "notes": "Phase IV-C ablation: wrong_sign",
  "provenance": {
    "git_sha": "01a22b9945b1a74a643b82b1f38fefc5e36ee5f8",
    "calibration_code_version": "v3.0",
    "input_hashes": {
      "margins": "ceada405a7c1d7a9",
      "p_align": "fc62eb46e8dd57be",
      "n_by_stage": "35d6f04339c16583"
    }
  }
}