{
  "phase": "phase4",
  "schedule_version": 3,
  "task_family": "dense_chain_cost",
  "scheduler_mode": "stagewise_u",
  "gamma_eval": 0.95,
  "gamma_base": 0.95,
  "sign_family": 1,
  "reward_bound": 0.02,
  "alpha_t": [
    0.48212928104636604,
    0.4807318144986925,
    0.4787640829142812,
    0.4761047036708943,
    0.4785901133826695,
    0.5,
    0.4,
    0.5,
    0.5,
    0.5,
    0.5,
    0.5,
    0.49812887415574814,
    0.4856291383127909,
    0.4667409034891075,
    0.4371118744177371,
    0.41620159108371535,
    0.4178353954451283,
    0.14280500000000002,
    0.14280500000000002
  ],
  "kappa_t": [
    0.9741064640523183,
    0.9740365907249346,
    0.9739382041457141,
    0.9738052351835447,
    0.9739295056691335,
    0.975,
    0.97,
    0.975,
    0.975,
    0.975,
    0.975,
    0.975,
    0.9749064437077873,
    0.9742814569156395,
    0.9733370451744554,
    0.9718555937208868,
    0.9708100795541857,
    0.9708917697722564,
    0.9554925,
    0.9554925
  ],
  "Bhat_t": [
    0.6136230763218088,
    0.5898976113261336,
    0.5655820495574232,
    0.5406729578077415,
    0.5151676533277059,
    0.48891387986090146,
    0.4614501331906682,
    0.435515601227493,
    0.4066826679256339,
    0.3771104286416758,
    0.3467799268119752,
    0.3156717198071541,
    0.283765866468876,
    0.2510660054086592,
    0.21766400653874032,
    0.18355821082173812,
    0.1487445375174274,
    0.11304429138995359,
    0.0762642075,
    0.039,
    0.0
  ],
  "A_t": [
    0.6098976113261336,
    0.5855820495574232,
    0.5606729578077415,
    0.5351676533277059,
    0.5089138798609014,
    0.4814501331906682,
    0.455515601227493,
    0.4266826679256339,
    0.39711042864167584,
    0.36677992681197524,
    0.3356717198071541,
    0.30376586646887604,
    0.2710660054086592,
    0.2376640065387403,
    0.2035582108217381,
    0.16874453751742738,
    0.13304429138995358,
    0.0962642075,
    0.059,
    0.02
  ],
  "xi_ref_t": [
    0.36000031633276447,
    0.35879424324682585,
    0.3570960071722231,
    0.3548008497417342,
    0.35694586406489826,
    0.3925918752428557,
    0.39268435800171175,
    0.39225843697456153,
    0.39115571388040477,
    0.3891565959822039,
    0.38594803435001984,
    0.38106846446666254,
    0.37380864588978935,
    0.363020842055322,
    0.34671949180142375,
    0.32114837914404976,
    0.27854566197869424,
    0.19737346302882094,
    0.02,
    0.02
  ],
  "u_target_t": [
    0.09184322976383269,
    0.09154223696894916,
    0.09111841785846056,
    0.09054562848296184,
    0.09108094749780572,
    0.09997691960429998,
    0.1,
    0.09989370531366942,
    0.09961850498794905,
    0.09911959651341586,
    0.09831885405055292,
    0.09710108757010928,
    0.09528929597200729,
    0.09259704517506265,
    0.08852880998226931,
    0.0821471729515126,
    0.056956476629254606,
    0.04125166623788617,
    0.002,
    0.002
  ],
  "u_tr_cap_t": [
    0.0918436050415039,
    0.09154200553894043,
    0.09111881256103516,
    0.0905454158782959,
    0.0910806655883789,
    0.09997725486755371,
    0.09999990463256836,
    0.09989380836486816,
    0.09961843490600586,
    0.09911954402923584,
    0.09831905364990234,
    0.09710073471069336,
    0.09528934955596924,
    0.09259700775146484,
    0.08852839469909668,
    0.08214712142944336,
    0.05063772201538086,
    0.03682136535644531,
    0.0,
    0.0
  ],
  "U_safe_ref_t": [
    0.01780575951013899,
    0.01769468066283782,
    0.01753885993355127,
    0.0173293582105536,
    0.017525116614209087,
    0.02013733063099237,
    0.016114507192871032,
    0.020120227483736684,
    0.02006366518344015,
    0.01996112384057231,
    0.019796546144212092,
    0.019546256929700422,
    0.01910213917256724,
    0.018085465868542244,
    0.016601657965739945,
    0.01440132352085957,
    0.011893491104705937,
    0.00846063170607493,
    0.00022545137999577944,
    0.00022545137999577944
  ],
  "u_ref_used_t": [
    0.01780575951013899,
    0.01769468066283782,
    0.01753885993355127,
    0.0173293582105536,
    0.017525116614209087,
    0.02013733063099237,
    0.016114507192871032,
    0.020120227483736684,
    0.02006366518344015,
    0.01996112384057231,
    0.019796546144212092,
    0.019546256929700422,
    0.01910213917256724,
    0.018085465868542244,
    0.016601657965739945,
    0.01440132352085957,
    0.011893491104705937,
    0.00846063170607493,
    0.0,
    0.0
  ],
  "theta_used_t": [
    0.04946039962276124,
    0.049317069590397784,
    0.04911525074849826,
    0.048842493537340576,
    0.049097407698279846,
    0.05129329438755069,
    0.04103679422036155,
    0.05129329438755069,
    0.05129329438755069,
    0.05129329438755069,
    0.05129329438755068,
    0.051293294387550696,
    0.05110138404396124,
    0.04981935958868758,
    0.04788210169403511,
    0.0448432078631165,
    0.04269853287327685,
    0.04286610558603558,
    0.0,
    0.0
  ],
  "beta_used_t": [
    0.08109623435844715,
    0.08421888892883775,
    0.08760053443729707,
    0.09126578042158359,
    0.09647488433936871,
    0.10653916335554747,
    0.09008866899350612,
    0.12021415033546791,
    0.1291663242463826,
    0.1398476051658233,
    0.15280791130399385,
    0.16885799245257277,
    0.18852007638110418,
    0.20962097001662217,
    0.23522559714364394,
    0.26574613035094685,
    0.3209347235209605,
    0.445296405582891,
    0.0,
    0.0
  ],
  "trust_clip_active_t": [
    true,
    true,
    true,
    true,
    true,
    true,
    true,
    true,
    true,
    true,
    true,
    true,
    true,
    true,
    true,
    true,
    true,
    true,
    true,
    true
  ],
  "safe_clip_active_t": [
    false,
    false,
    false,
    false,
    false,
    false,
    false,
    false,
    false,
    false,
    false,
    false,
    false,
    false,
    false,
    false,
    false,
    false,
    false,
    false
  ],
  "source_phase": "phase4C_ablation_raw_unclipped",
  "notes": "Phase IV-C ablation: raw_unclipped",
  "provenance": {
    "git_sha": "fa077e0a75d850a63da597f54fff569ff627e6ec",
    "calibration_code_version": "v3.0",
    "input_hashes": {
      "margins": "a86415b111926c48",
      "p_align": "071c86d5d2228b8c",
      "n_by_stage": "35d6f04339c16583"
    }
  }
}