{
  "total_s": 5.195089374989038,
  "step_s": 0.0,
  "fit_s": 0.0,
  "eval_s": 0.6360232910956256,
  "plot_s": 0.0,
  "other_s": 0.0,
  "train_s": 4.439261666993843,
  "eval_final_s": 0.5141832499939483,
  "post_s": 0.23059879199718125,
  "steps_per_s": null,
  "updates_per_s": null
}
