{
  "total_s": 5.993350082979305,
  "step_s": 0.0,
  "fit_s": 0.0,
  "eval_s": 0.6434351689531468,
  "plot_s": 0.0,
  "other_s": 0.0,
  "train_s": 5.572815833002096,
  "eval_final_s": 0.2080511249951087,
  "post_s": 0.20779241700074635,
  "steps_per_s": null,
  "updates_per_s": null
}
