{
  "total_s": 8.966038708022097,
  "step_s": 0.0,
  "fit_s": 0.0,
  "eval_s": 1.3272859160788357,
  "plot_s": 0.0,
  "other_s": 0.0,
  "train_s": 8.289362917013932,
  "eval_final_s": 0.43823612498817965,
  "post_s": 0.23063695800374262,
  "steps_per_s": null,
  "updates_per_s": null
}
