{
  "total_s": 0.8046942919900175,
  "step_s": 0.0,
  "fit_s": 0.0,
  "eval_s": 0.15286837697203737,
  "plot_s": 0.0,
  "other_s": 0.0,
  "train_s": 0.7887057919870131,
  "post_s": 0.015946749990689568,
  "steps_per_s": null,
  "updates_per_s": null
}
