{
  "total_s": 6.133600250002928,
  "step_s": 0.0,
  "fit_s": 0.0,
  "eval_s": 0.44328345605754294,
  "plot_s": 0.0,
  "other_s": 0.0,
  "train_s": 5.429493125004228,
  "eval_final_s": 0.2836788330168929,
  "post_s": 0.41516658299951814,
  "steps_per_s": null,
  "updates_per_s": null
}
