{
  "total_s": 5.7311417080054525,
  "step_s": 0.0,
  "fit_s": 0.0,
  "eval_s": 0.42231737304246053,
  "plot_s": 0.0,
  "other_s": 0.0,
  "train_s": 5.099434417003067,
  "eval_final_s": 0.2694853749999311,
  "post_s": 0.357035499997437,
  "steps_per_s": null,
  "updates_per_s": null
}
