{
  "total_s": 6.76373454197892,
  "step_s": 0.0,
  "fit_s": 0.0,
  "eval_s": 0.6304753358708695,
  "plot_s": 0.0,
  "other_s": 0.0,
  "train_s": 6.144593042001361,
  "eval_final_s": 0.24005212500924245,
  "post_s": 0.37449766698409803,
  "steps_per_s": null,
  "updates_per_s": null
}
