{
  "schema_version": "1.0.0",
  "created_at": "2026-04-19T05:43:49Z",
  "phase": "phase2",
  "task": "chain_regime_shift",
  "algorithm": "QLearning",
  "seed": 29,
  "train_steps": 180000,
  "n_transitions": 180000,
  "steps_to_threshold": null,
  "auc_disc_return": 14.30443619398782,
  "final_disc_return_mean": 18.27107463712301,
  "final_10pct_success_rate": 0.0,
  "adaptation_metrics": {
    "change_at_episode": 300,
    "pre_change_auc": 0.0,
    "post_change_auc": 15.531287972491022,
    "lag_to_50pct_recovery": 17,
    "lag_to_75pct_recovery": 119,
    "lag_to_90pct_recovery": null,
    "post_change_optimum": 20.291277021244447
  },
  "shortcut_risky_path_fraction": 0.0,
  "episode_returns": [
    17.995587766370672,
    19.753261940602957,
    19.36045553235669,
    17.04731058360762,
    18.607952988294887,
    19.521933605266213,
    16.996277504513532,
    18.602191686976106,
    18.63606495001193,
    19.33301333909024,
    18.0377947356304,
    17.821963074970295,
    20.30280925943988,
    17.010260989610195,
    19.37109750267303,
    20.2672323851222,
    19.64961621350141,
    19.563785842542963,
    19.37035553235669,
    19.689511433340655,
    18.869145004106027,
    16.68694699902017,
    18.96496515561702,
    19.33144826617386,
    17.101773611571595,
    18.769278431996774,
    16.485337609391774,
    16.60700976843571,
    19.565487035696673,
    20.325818368458506,
    16.433427441329155,
    18.35934103352035,
    18.11769492187871,
    17.083304655024733,
    19.554976391549467,
    19.648065767970955,
    18.98334398823827,
    17.998348891826673,
    19.36479773963185,
    19.33078339517256,
    19.56275460514346,
    16.013162902836456,
    18.633020929610268,
    18.055950910947104,
    17.21226798293166,
    17.801569733577132,
    17.199827360709392,
    18.748390835866942,
    19.506140770906597,
    17.946535838866822,
    17.18541495478472,
    16.449416200422764,
    17.070499673032415,
    17.69832458064247,
    17.23805808914109,
    19.68082419635227,
    18.7617455073074,
    17.72883838902697,
    17.304089957881622,
    19.402077447393438,
    17.69721843108371,
    17.89763776032245,
    18.194000659076973,
    19.60254747393637,
    17.958593565883657,
    17.911764390502025,
    18.12189640254111,
    17.94571962248566,
    17.799929262533666,
    18.932458553214342,
    20.26914790384173,
    20.340654532356687,
    18.65400431728933,
    18.821259389199966,
    16.94890164165955,
    16.693237921885306,
    17.780885281434823,
    20.323564194805257,
    17.82811979109371,
    19.570970024772468,
    18.716000420063963,
    18.24667634811522,
    20.33507187097121,
    18.287827198596986,
    18.643347934982593,
    20.298442793241456,
    18.975271270631545,
    18.438891768071706,
    18.72639275901621,
    17.925658781040596,
    17.208535329459966,
    20.304683133993368,
    17.80511802934446,
    17.93087294311973,
    19.585935245153053,
    18.670372940613447,
    18.232536101051952,
    18.875083595966775,
    17.640093893156,
    17.566822795762914,
    19.128438012507495,
    19.58425435810487,
    19.394965826345867,
    16.17122476460879,
    18.26764499459026,
    17.320336463983967,
    19.033783024384405,
    17.306794704493523,
    17.21273977172259,
    16.94851752409568,
    17.89729766557845,
    19.58300140702034,
    18.93653956842944,
    18.016856206828084,
    16.483264947746825,
    19.61023016790027,
    18.9830925317749,
    16.38221981849918,
    18.567813259368975,
    18.07077769240638,
    18.5578935301524,
    17.776813144626324,
    18.556564344681384,
    19.413682126408865,
    17.19281750331764,
    20.29669043647992,
    19.625432851214665,
    17.093461795729727,
    18.58336505716446,
    18.004707641793583,
    18.68949803148993,
    18.234016269296013,
    18.84337928064021,
    18.25609124893291,
    19.582919330006643,
    18.01479730249329,
    18.833571791709893,
    15.951832701906968,
    18.653884043830303,
    17.05820003828562,
    17.930921132341904,
    17.9623244273332,
    17.875591374453254,
    19.324425754344418,
    18.054086690207185,
    18.693573435225044,
    18.698035957177403,
    18.591678527106627,
    18.127028226417625,
    16.12337292981696,
    16.577235643583812,
    19.321938060810005,
    16.151466192033457,
    19.61411578001895,
    17.943208246958456,
    18.590484562231154,
    17.096538304900815,
    17.334472876226233,
    17.75078146224533,
    17.86957343524418,
    17.66114343867023,
    18.546253165138065,
    18.040511820965992,
    17.196903681826416,
    16.677156156593487,
    17.987137375706215,
    18.57579276579505,
    19.54143513733066,
    18.432631364014,
    20.312438257558064,
    18.969501320104836,
    17.672952807065176,
    19.700922014703476,
    19.371858331940125,
    18.21736466887668,
    19.3689623585814,
    19.609559985742262,
    19.673741234684794,
    18.740383541600345,
    18.93293097394023,
    17.931048632606338,
    18.77138483734526,
    17.21733923794896,
    19.347341685663167,
    18.934407446691637,
    19.741197059671507,
    17.22471526337271,
    18.085178331737534,
    18.632041651297413,
    19.732862815053824,
    18.36131510390965,
    17.546119445299407,
    17.721306661468596,
    17.892296531032315,
    18.410145913084985,
    18.616829220791757,
    18.822666028738524,
    18.043575561819594,
    17.05974308321747,
    17.947186600314033
  ],