{
  "total_s": 4.866714457981288,
  "step_s": 0.0,
  "fit_s": 0.0,
  "eval_s": 0.6411691250104923,
  "plot_s": 0.0,
  "other_s": 0.0,
  "train_s": 4.4469349999853875,
  "eval_final_s": 0.20424670801730826,
  "post_s": 0.21096295799361542,
  "steps_per_s": null,
  "updates_per_s": null
}
