{
  "total_s": 6.645346792007331,
  "step_s": 0.0,
  "fit_s": 0.0,
  "eval_s": 0.6355925800453406,
  "plot_s": 0.0,
  "other_s": 0.0,
  "train_s": 6.072271250013728,
  "eval_final_s": 0.2234517080069054,
  "post_s": 0.34502470900770277,
  "steps_per_s": null,
  "updates_per_s": null
}
