{
  "phase": "phase4",
  "schedule_version": 3,
  "task_family": "dense_chain_cost",
  "scheduler_mode": "stagewise_u",
  "gamma_eval": 0.95,
  "gamma_base": 0.95,
  "sign_family": 1,
  "reward_bound": 0.02,
  "alpha_t": [
    0.19041240905748502,
    0.18938191094490447,
    0.18815917969935392,
    0.18670636695875975,
    0.1869592739673444,
    0.2,
    0.1993931104048231,
    0.19858427860695121,
    0.1975166509539718,
    0.19611158465437684,
    0.1942571594649184,
    0.19178856422784357,
    0.18845275803006867,
    0.18384042777669035,
    0.17724349393910666,
    0.16732192346400387,
    0.1298919026068892,
    0.1066591004780814,
    0.14280500000000002,
    0.14280500000000002
  ],
  "kappa_t": [
    0.9595206204528742,
    0.9594690955472451,
    0.9594079589849677,
    0.959335318347938,
    0.9593479636983672,
    0.96,
    0.9599696555202412,
    0.9599292139303475,
    0.9598758325476986,
    0.9598055792327188,
    0.9597128579732459,
    0.9595894282113921,
    0.9594226379015034,
    0.9591920213888345,
    0.9588621746969553,
    0.9583660961732001,
    0.9564945951303444,
    0.955332955023904,
    0.9554925,
    0.9554925
  ],
  "Bhat_t": [
    0.5416250164366374,
    0.5238293015520694,
    0.5053099717355054,
    0.48603929889100667,
    0.46598857598701643,
    0.4450820683883453,
    0.42300215457119306,
    0.400014888348829,
    0.37608490616790863,
    0.35117553201982304,
    0.32524871575489306,
    0.29826495849956913,
    0.27018321677722207,
    0.24096076915891562,
    0.21055301196781467,
    0.1789131081555421,
    0.1459912957211462,
    0.11185771071353118,
    0.0762642075,
    0.039,
    0.0
  ],
  "A_t": [
    0.5438293015520694,
    0.5253099717355054,
    0.5060392988910066,
    0.48598857598701645,
    0.4650820683883453,
    0.4430021545711931,
    0.420014888348829,
    0.39608490616790865,
    0.37117553201982306,
    0.3452487157548931,
    0.31826495849956915,
    0.2901832167772221,
    0.26096076915891564,
    0.23055301196781466,
    0.19891310815554208,
    0.16599129572114618,
    0.13185771071353117,
    0.0962642075,
    0.059,
    0.02
  ],
  "xi_ref_t": [
    0.3897727193049543,
    0.38691214555456216,
    0.3835179492313423,
    0.37948506655136177,
    0.3801871145621395,
    0.41638704362523343,
    0.4147023705296159,
    0.4124571233222428,
    0.4094934811747985,
    0.4055931384908933,
    0.40044541434247477,
    0.39359280719132195,
    0.38433289731933395,
    0.3715294669298178,
    0.3532169484123328,
    0.32567552575734987,
    0.2805231478571377,
    0.19737346302882094,
    0.02,
    0.02
  ],
  "u_target_t": [
    0.00012783454590019967,
    0.00014157452073460756,
    0.00015787760400861445,
    0.0001772484405498701,
    0.00017387634710207484,
    0.0,
    8.091861269025717e-06,
    1.887628524065068e-05,
    3.311132061370979e-05,
    5.18455379416422e-05,
    7.657120713442192e-05,
    0.00010948581029541962,
    0.00015396322626575116,
    0.00021546096297746188,
    0.0003034200808119114,
    0.000435707687146615,
    0.0009347746319081443,
    0.001244545326958915,
    0.002,
    0.002
  ],
  "u_tr_cap_t": [
    9.039257560941251e-05,
    0.0001001081833619872,
    0.00011163617378246266,
    0.00012533338378472366,
    0.0001229489606643101,
    0.0,
    5.721790661834012e-06,
    1.3347542875129468e-05,
    2.3413233929116584e-05,
    3.666031566772741e-05,
    5.414398635290033e-05,
    7.741808684121363e-05,
    0.00010886829870700659,
    0.0001523536276671901,
    0.00021454983918938868,
    0.00030809070912013264,
    0.0005877037082190012,
    0.0007855692770794159,
    0.0,
    0.0
  ],
  "U_safe_ref_t": [
    0.007615399946413235,
    0.007518605998521077,
    0.007404540240578202,
    0.007270117554740152,
    0.007293431570757255,
    0.008544943228136552,
    0.008484551672107935,
    0.008404390910505894,
    0.008299152154130674,
    0.008161640504073779,
    0.007981871936245324,
    0.007745604279352489,
    0.007431849807489081,
    0.00700846863079947,
    0.006423970612958444,
    0.0055915736041290505,
    0.0037390735048734797,
    0.0021602851425256394,
    0.00022545137999577944,
    0.00022545137999577944
  ],
  "u_ref_used_t": [
    9.039257560941251e-05,
    0.0001001081833619872,
    0.00011163617378246266,
    0.00012533338378472366,
    0.0001229489606643101,
    0.0,
    5.721790661834012e-06,
    1.3347542875129468e-05,
    2.3413233929116584e-05,
    3.666031566772741e-05,
    5.414398635290033e-05,
    7.741808684121363e-05,
    0.00010886829870700659,
    0.0001523536276671901,
    0.00021454983918938868,
    0.00030809070912013264,
    0.0005877037082190012,
    0.0007855692770794159,
    0.0,
    0.0
  ],
  "theta_used_t": [
    0.00023191098589609157,
    0.00025873621314859965,
    0.0002910846128745919,
    0.00033027224212987653,
    0.0003233906567451927,
    0.0,
    1.3797342548408201e-05,
    3.236104341614523e-05,
    5.717608461542832e-05,
    9.038692272786201e-05,
    0.00013520940536128733,
    0.00019669588830565542,
    0.0002832656258840894,
    0.0004100714511992391,
    0.000607416603743858,
    0.000946005102482527,
    0.0020950274966909386,
    0.003980115994441994,
    0.0,
    0.0
  ],
  "beta_used_t": [
    0.00042644076962058844,
    0.0004925400755173059,
    0.0005752213583263366,
    0.0006795884892131704,
    0.0006953410563985886,
    0.0,
    3.284965112224615e-05,
    8.170228885830532e-05,
    0.00015404055408580855,
    0.0002618023430738308,
    0.0004248328373903292,
    0.0006778334408521694,
    0.001085472068453289,
    0.0017786427845778276,
    0.003053678107874533,
    0.0056991247545398385,
    0.015888547475562596,
    0.04134575142523242,
    0.0,
    0.0
  ],
  "trust_clip_active_t": [
    true,
    true,
    true,
    true,
    true,
    false,
    true,
    true,
    true,
    true,
    true,
    true,
    true,
    true,
    true,
    true,
    true,
    true,
    true,
    true
  ],
  "safe_clip_active_t": [
    false,
    false,
    false,
    false,
    false,
    false,
    false,
    false,
    false,
    false,
    false,
    false,
    false,
    false,
    false,
    false,
    false,
    false,
    false,
    false
  ],
  "source_phase": "phase4_diagnostic_sweep",
  "notes": "Phase IV-B diagnostic sweep (u_max=0.0000) stagewise schedule from classical pilot",
  "provenance": {
    "git_sha": "6202151f2786771ab9339e76dffb5bd4f02d731b",
    "calibration_code_version": "v3.0",
    "input_hashes": {
      "margins": "a86415b111926c48",
      "p_align": "071c86d5d2228b8c",
      "n_by_stage": "35d6f04339c16583"
    }
  }
}