{
  "total_s": 0.674082500001532,
  "step_s": 0.0,
  "fit_s": 0.0,
  "eval_s": 0.15432104200590402,
  "plot_s": 0.0,
  "other_s": 0.0,
  "train_s": 0.6585871659917757,
  "post_s": 0.0154545420082286,
  "steps_per_s": null,
  "updates_per_s": null
}
