{
  "total_s": 6.608678040996892,
  "step_s": 0.0,
  "fit_s": 0.0,
  "eval_s": 0.8565602479793597,
  "plot_s": 0.0,
  "other_s": 0.0,
  "train_s": 6.0267252499761526,
  "eval_final_s": 0.17086962499888614,
  "post_s": 0.40857566602062434,
  "steps_per_s": null,
  "updates_per_s": null
}
