{
  "total_s": 6.5556051669991575,
  "step_s": 0.0,
  "fit_s": 0.0,
  "eval_s": 0.8128446240443736,
  "plot_s": 0.0,
  "other_s": 0.0,
  "train_s": 6.236350708990358,
  "eval_final_s": 0.11871325000538491,
  "post_s": 0.19813812500797212,
  "steps_per_s": null,
  "updates_per_s": null
}
