{
  "total_s": 6.641825833008625,
  "step_s": 0.0,
  "fit_s": 0.0,
  "eval_s": 0.8578588310629129,
  "plot_s": 0.0,
  "other_s": 0.0,
  "train_s": 6.333234916994115,
  "eval_final_s": 0.11147950001759455,
  "post_s": 0.19493679099832661,
  "steps_per_s": null,
  "updates_per_s": null
}
