{
  "total_s": 7.287586666003335,
  "step_s": 0.0,
  "fit_s": 0.0,
  "eval_s": 1.2957102099608164,
  "plot_s": 0.0,
  "other_s": 0.0,
  "train_s": 6.613452416000655,
  "eval_final_s": 0.43851870798971504,
  "post_s": 0.2277763329911977,
  "steps_per_s": null,
  "updates_per_s": null
}
