{
  "total_s": 4.33178616699297,
  "step_s": 0.0,
  "fit_s": 0.0,
  "eval_s": 0.6556312520115171,
  "plot_s": 0.0,
  "other_s": 0.0,
  "train_s": 3.588630291982554,
  "eval_final_s": 0.6165946669934783,
  "post_s": 0.11486891700769775,
  "steps_per_s": null,
  "updates_per_s": null
}
