{
  "total_s": 4.931291500019142,
  "step_s": 0.0,
  "fit_s": 0.0,
  "eval_s": 0.6421614191203844,
  "plot_s": 0.0,
  "other_s": 0.0,
  "train_s": 4.505761458014604,
  "eval_final_s": 0.21427987501374446,
  "post_s": 0.20654312500846572,
  "steps_per_s": null,
  "updates_per_s": null
}
