{
  "total_s": 4.705997124983696,
  "step_s": 0.0,
  "fit_s": 0.0,
  "eval_s": 0.6251498349301983,
  "plot_s": 0.0,
  "other_s": 0.0,
  "train_s": 4.072335042001214,
  "eval_final_s": 0.5077867080108263,
  "post_s": 0.11467304101097398,
  "steps_per_s": null,
  "updates_per_s": null
}
