{
  "total_s": 5.478069792006863,
  "step_s": 0.0,
  "fit_s": 0.0,
  "eval_s": 0.6573689569777343,
  "plot_s": 0.0,
  "other_s": 0.0,
  "train_s": 4.678577791986754,
  "eval_final_s": 0.5651622909936123,
  "post_s": 0.2226404579996597,
  "steps_per_s": null,
  "updates_per_s": null
}
