{
  "total_s": 4.752033750002738,
  "step_s": 0.0,
  "fit_s": 0.0,
  "eval_s": 0.6355440831102896,
  "plot_s": 0.0,
  "other_s": 0.0,
  "train_s": 4.113266625005053,
  "eval_final_s": 0.5118367910035886,
  "post_s": 0.11553212499711663,
  "steps_per_s": null,
  "updates_per_s": null
}
