{
  "total_s": 10.178877625003224,
  "step_s": 0.0,
  "fit_s": 0.0,
  "eval_s": 1.3504017080704216,
  "plot_s": 0.0,
  "other_s": 0.0,
  "train_s": 9.141834250011016,
  "eval_final_s": 0.5249072499864269,
  "post_s": 0.5040103750070557,
  "steps_per_s": null,
  "updates_per_s": null
}
