{
  "total_s": 7.3728324999974575,
  "step_s": 0.0,
  "fit_s": 0.0,
  "eval_s": 1.2943760399648454,
  "plot_s": 0.0,
  "other_s": 0.0,
  "train_s": 6.688610125012929,
  "eval_final_s": 0.44844591701985337,
  "post_s": 0.2277742910082452,
  "steps_per_s": null,
  "updates_per_s": null
}
