{
  "total_s": 6.35129608301213,
  "step_s": 0.0,
  "fit_s": 0.0,
  "eval_s": 0.9026967508834787,
  "plot_s": 0.0,
  "other_s": 0.0,
  "train_s": 5.847015083010774,
  "eval_final_s": 0.1324297499959357,
  "post_s": 0.36954154100385495,
  "steps_per_s": null,
  "updates_per_s": null
}
