{
  "total_s": 7.15278699999908,
  "step_s": 0.0,
  "fit_s": 0.0,
  "eval_s": 0.30160499902558513,
  "plot_s": 0.0,
  "other_s": 0.0,
  "train_s": 6.490585624997038,
  "eval_final_s": 0.1384242080093827,
  "post_s": 0.5219274590199348,
  "steps_per_s": null,
  "updates_per_s": null
}
