{
  "total_s": 7.227948000014294,
  "step_s": 0.0,
  "fit_s": 0.0,
  "eval_s": 0.1659862899396103,
  "plot_s": 0.0,
  "other_s": 0.0,
  "train_s": 6.61021625000285,
  "eval_final_s": 0.07041983300587162,
  "post_s": 0.5463405420014169,
  "steps_per_s": null,
  "updates_per_s": null
}
