{
  "schema_version": "1.0.0",
  "created_at": "2026-04-19T06:09:10Z",
  "phase": "phase2",
  "task": "grid_regime_shift",
  "algorithm": "QLearning",
  "seed": 47,
  "train_steps": 250000,
  "n_transitions": 250000,
  "steps_to_threshold": 16000,
  "auc_disc_return": 0.7407906206411905,
  "final_disc_return_mean": 0.8748954625916106,
  "final_10pct_success_rate": 1.0,
  "adaptation_metrics": {
    "change_at_episode": 200,
    "pre_change_auc": 0.4988682980046613,
    "post_change_auc": 0.7460830730241234,
    "lag_to_50pct_recovery": 0,
    "lag_to_75pct_recovery": 0,
    "lag_to_90pct_recovery": 0,
    "post_change_optimum": 0.9509900498999999
  },
  "shortcut_risky_path_fraction": 0.0,
  "episode_returns": [
    0.8775210229989678,
    0.8600583546412884,
    0.8775210229989678,
    0.8600583546412884,
    0.8775210229989678,
    0.8775210229989678,
    0.8687458127689782,
    0.8775210229989678,
    0.8775210229989678,
    0.8775210229989678,
    0.8775210229989678,
    0.8687458127689782,
    0.8775210229989678,
    0.8687458127689782,
    0.8687458127689782,
    0.8775210229989678,
    0.8775210229989678,
    0.8775210229989678,
    0.8687458127689782,
    0.8775210229989678,
    0.8775210229989678,
    0.8687458127689782,
    0.8775210229989678,
    0.8775210229989678,
    0.8687458127689782,
    0.8600583546412884,
    0.8775210229989678,
    0.8775210229989678,
    0.8775210229989678,
    0.8775210229989678,
    0.8775210229989678,
    0.8687458127689782,
    0.8775210229989678,
    0.8775210229989678,
    0.8775210229989678,
    0.8775210229989678,
    0.8775210229989678,
    0.8687458127689782,
    0.8775210229989678,
    0.8775210229989678,
    0.8775210229989678,
    0.8775210229989678,
    0.8687458127689782,
    0.8775210229989678,
    0.8775210229989678,
    0.8775210229989678,
    0.8775210229989678,
    0.8775210229989678,
    0.8687458127689782,
    0.8775210229989678,
    0.8775210229989678,
    0.8687458127689782,
    0.8687458127689782,
    0.8775210229989678,
    0.8775210229989678,
    0.8687458127689782,
    0.8775210229989678,
    0.8687458127689782,
    0.8775210229989678,
    0.8775210229989678,
    0.8775210229989678,
    0.8775210229989678,
    0.8775210229989678,
    0.8775210229989678,
    0.8775210229989678,
    0.8687458127689782,
    0.8775210229989678,
    0.8775210229989678,
    0.8687458127689782,
    0.8179069375972308,
    0.8600583546412884,
    0.8775210229989678,
    0.8775210229989678,
    0.8775210229989678,
    0.8775210229989678,
    0.8775210229989678,
    0.8687458127689782,
    0.8687458127689782,
    0.8775210229989678,
    0.8775210229989678,
    0.8775210229989678,
    0.8775210229989678,
    0.8687458127689782,
    0.8775210229989678,
    0.8775210229989678,
    0.8775210229989678,
    0.8775210229989678,
    0.8687458127689782,
    0.8775210229989678,
    0.8775210229989678,
    0.8775210229989678,
    0.8687458127689782,
    0.8775210229989678,
    0.8775210229989678,
    0.8775210229989678,
    0.8687458127689782,
    0.8775210229989678,
    0.8775210229989678,
    0.8775210229989678,
    0.8687458127689782,
    0.8775210229989678,
    0.8775210229989678,
    0.8775210229989678,
    0.8687458127689782,
    0.8775210229989678,
    0.8687458127689782,
    0.8775210229989678,
    0.8687458127689782,
    0.8687458127689782,
    0.8775210229989678,
    0.8775210229989678,
    0.8775210229989678,
    0.8687458127689782,
    0.8775210229989678,
    0.8775210229989678,
    0.8775210229989678,
    0.8775210229989678,
    0.8687458127689782,
    0.8775210229989678,
    0.8775210229989678,
    0.8775210229989678,
    0.8775210229989678,
    0.8775210229989678,
    0.8687458127689782,
    0.8687458127689782,
    0.8775210229989678,
    0.8687458127689782,
    0.8775210229989678,
    0.8775210229989678,
    0.8016305895390459,
    0.8600583546412884,
    0.8775210229989678,
    0.8687458127689782,
    0.8687458127689782,
    0.8775210229989678,
    0.8687458127689782,
    0.8775210229989678,
    0.8775210229989678,
    0.8775210229989678,
    0.8687458127689782,
    0.8775210229989678,
    0.8687458127689782,
    0.8775210229989678,
    0.8775210229989678,
    0.8775210229989678,
    0.8775210229989678,
    0.8775210229989678,
    0.8687458127689782,
    0.8775210229989678,
    0.8775210229989678,
    0.8775210229989678,
    0.8775210229989678,
    0.8775210229989678,
    0.8775210229989678,
    0.8775210229989678,
    0.8687458127689782,
    0.8775210229989678,
    0.8600583546412884,
    0.8775210229989678,
    0.8600583546412884,
    0.8775210229989678,
    0.8775210229989678,
    0.8775210229989678,
    0.8687458127689782,
    0.8600583546412884,
    0.8687458127689782,
    0.8775210229989678,
    0.8775210229989678,
    0.8775210229989678,
    0.8687458127689782,
    0.8775210229989678,
    0.8775210229989678,
    0.8775210229989678,
    0.8775210229989678,
    0.8775210229989678,
    0.8775210229989678,
    0.8775210229989678,
    0.8775210229989678,
    0.8687458127689782,
    0.8775210229989678,
    0.8687458127689782,
    0.8687458127689782,
    0.8775210229989678,
    0.8775210229989678,
    0.8775210229989678,
    0.8687458127689782,
    0.8775210229989678,
    0.8687458127689782,
    0.8775210229989678,
    0.8687458127689782,
    0.8775210229989678,
    0.8775210229989678,
    0.8775210229989678,
    0.8687458127689782,
    0.8775210229989678,
    0.8687458127689782,
    0.8775210229989678,
    0.8600583546412884,
    0.8687458127689782,
    0.8775210229989678
  ],