{
  "total_s": 5.987073041993426,
  "step_s": 0.0,
  "fit_s": 0.0,
  "eval_s": 0.3361645020195283,
  "plot_s": 0.0,
  "other_s": 0.0,
  "train_s": 5.640077582997037,
  "eval_final_s": 0.057835625018924475,
  "post_s": 0.2878887919941917,
  "steps_per_s": null,
  "updates_per_s": null
}
