{
  "total_s": 10.426276874990435,
  "step_s": 0.0,
  "fit_s": 0.0,
  "eval_s": 1.3501475820958149,
  "plot_s": 0.0,
  "other_s": 0.0,
  "train_s": 9.398955624987138,
  "eval_final_s": 0.5152945000154432,
  "post_s": 0.5039697919855826,
  "steps_per_s": null,
  "updates_per_s": null
}
