{
  "total_s": 7.92590824997751,
  "step_s": 0.0,
  "fit_s": 0.0,
  "eval_s": 1.0245009149075486,
  "plot_s": 0.0,
  "other_s": 0.0,
  "train_s": 7.359006374987075,
  "eval_final_s": 0.15691066600265913,
  "post_s": 0.40727762499591336,
  "steps_per_s": null,
  "updates_per_s": null
}
