{
  "phase": "phase4",
  "schedule_version": 3,
  "task_family": "dense_chain_cost",
  "scheduler_mode": "stagewise_u",
  "gamma_eval": 0.95,
  "gamma_base": 0.95,
  "sign_family": 1,
  "reward_bound": 0.02,
  "alpha_t": [
    0.3636702817030624,
    0.36261283553855755,
    0.36114746508408246,
    0.35918765150834003,
    0.35662410929426774,
    0.35331691551122135,
    0.3702786700644256,
    0.39,
    0.3890273163495276,
    0.3873144536635583,
    0.3846033971762493,
    0.38051366736780806,
    0.3744604850221524,
    0.36549721675171276,
    0.3519854607369993,
    0.33082373903240947,
    0.3919239740592714,
    0.3998818435078631,
    0.14280500000000002,
    0.14280500000000002
  ],
  "kappa_t": [
    0.9681835140851531,
    0.9681306417769279,
    0.968057373254204,
    0.967959382575417,
    0.9678312054647134,
    0.967665845775561,
    0.9685139335032212,
    0.9695,
    0.9694513658174764,
    0.9693657226831779,
    0.9692301698588124,
    0.9690256833683903,
    0.9687230242511076,
    0.9682748608375856,
    0.9675992730368499,
    0.9665411869516204,
    0.9695961987029635,
    0.9653800709041486,
    0.9554925,
    0.9554925
  ],
  "Bhat_t": [
    0.584368170677594,
    0.563290081625608,
    0.5415488974332169,
    0.5191313152689057,
    0.4960242381156908,
    0.47221481962471573,
    0.4476905137408301,
    0.42197690668481314,
    0.39502517450728536,
    0.3672439763980033,
    0.3386172718067985,
    0.30912912239457396,
    0.27876363550611916,
    0.24750483833237436,
    0.21533641609987855,
    0.18224116223903258,
    0.14819974996699486,
    0.11262394604379869,
    0.0762642075,
    0.039,
    0.0
  ],
  "A_t": [
    0.583290081625608,
    0.5615488974332169,
    0.5391313152689057,
    0.5160242381156908,
    0.49221481962471575,
    0.4676905137408301,
    0.44197690668481315,
    0.4150251745072854,
    0.38724397639800334,
    0.35861727180679853,
    0.329129122394574,
    0.2987636355061192,
    0.2675048383323744,
    0.23533641609987854,
    0.20224116223903257,
    0.16819974996699485,
    0.13262394604379868,
    0.0962642075,
    0.059,
    0.02
  ],
  "xi_ref_t": [
    0.3615359472142312,
    0.3602559243122793,
    0.3584821151061625,
    0.356109789833527,
    0.35300665999649244,
    0.34900335096234003,
    0.369535303334169,
    0.3934076807864087,
    0.392230261650805,
    0.39015686676836575,
    0.3868751730909713,
    0.38192461580179626,
    0.3745973283310835,
    0.36374742500019097,
    0.34739164470142103,
    0.32177569437142073,
    0.27884068095268566,
    0.19737346302882094,
    0.02,
    0.02
  ],
  "u_target_t": [
    0.018541738678938845,
    0.018483172429827804,
    0.018402013450810724,
    0.018293469929692677,
    0.018151489130144062,
    0.01796832147446764,
    0.01890774172664511,
    0.020000000000000004,
    0.019946128290127686,
    0.01985126204905862,
    0.019701111228223038,
    0.01947460311575553,
    0.019139349939688438,
    0.018642922773941015,
    0.017894579363895345,
    0.01672254554641037,
    0.011244117493066698,
    0.008480701912596249,
    0.002,
    0.002
  ],
  "u_tr_cap_t": [
    0.016584396362304688,
    0.016531944274902344,
    0.016460418701171875,
    0.01636028289794922,
    0.016236305236816406,
    0.016069412231445312,
    0.016913414001464844,
    0.01788616180419922,
    0.017838478088378906,
    0.01775503158569336,
    0.01761913299560547,
    0.017418861389160156,
    0.017118453979492188,
    0.01667499542236328,
    0.016002655029296875,
    0.014958381652832031,
    0.008563995361328125,
    0.006427764892578125,
    0.0,
    0.0
  ],
  "U_safe_ref_t": [
    0.013489098295930766,
    0.013402266114005097,
    0.013282396180143813,
    0.013122913263556437,
    0.01291574054364034,
    0.012650879970972655,
    0.014038035084508495,
    0.01574068327577211,
    0.015654442314832363,
    0.0155031459899478,
    0.015265168621661067,
    0.014909623768989064,
    0.014391006256226493,
    0.013639771242517203,
    0.012545015563073747,
    0.010921532886196891,
    0.011211754443669505,
    0.006229001119722165,
    0.00022545137999577944,
    0.00022545137999577944
  ],
  "u_ref_used_t": [
    0.013489098295930766,
    0.013402266114005097,
    0.013282396180143813,
    0.013122913263556437,
    0.01291574054364034,
    0.012650879970972655,
    0.014038035084508495,
    0.01574068327577211,
    0.015654442314832363,
    0.0155031459899478,
    0.015265168621661067,
    0.014909623768989064,
    0.014391006256226493,
    0.013639771242517203,
    0.012545015563073747,
    0.010921532886196891,
    0.008563995361328125,
    0.006229001119722165,
    0.0,
    0.0
  ],
  "theta_used_t": [
    0.03731053135896798,
    0.03720206999951418,
    0.03705176805322716,
    0.03685075119583512,
    0.03658780982706863,
    0.036248591700020025,
    0.03798834633078065,
    0.04001112343385623,
    0.03991135780535263,
    0.03973567380310121,
    0.03945760721655705,
    0.0390381325322235,
    0.038417268805257386,
    0.03749791834955269,
    0.03611202443816989,
    0.03394144765201045,
    0.03071286202597276,
    0.03155946612140352,
    0.0,
    0.0
  ],
  "beta_used_t": [
    0.06396565368467247,
    0.06624903043984427,
    0.06872494140828497,
    0.07141283000658841,
    0.07433301145821784,
    0.07750550980836682,
    0.08595097561934671,
    0.09640649746453844,
    0.10306514816987718,
    0.11080245411188228,
    0.1198848856931402,
    0.13066560950796816,
    0.14361336058349713,
    0.15933750913262099,
    0.17855922127014093,
    0.2017924976622774,
    0.23157855683037756,
    0.32784216419590345,
    0.0,
    0.0
  ],
  "trust_clip_active_t": [
    true,
    true,
    true,
    true,
    true,
    true,
    true,
    true,
    true,
    true,
    true,
    true,
    true,
    true,
    true,
    true,
    true,
    true,
    true,
    true
  ],
  "safe_clip_active_t": [
    false,
    false,
    false,
    false,
    false,
    false,
    false,
    false,
    false,
    false,
    false,
    false,
    false,
    false,
    false,
    false,
    false,
    false,
    false,
    false
  ],
  "source_phase": "phase4C_scheduler_state_bin_reward_region",
  "notes": "Phase IV-C scheduler ablation: state_bin_reward_region",
  "provenance": {
    "git_sha": "01a22b9945b1a74a643b82b1f38fefc5e36ee5f8",
    "calibration_code_version": "v3.0",
    "input_hashes": {
      "margins": "5977ae147dbd30a9",
      "p_align": "9d64868be6ade0c3",
      "n_by_stage": "35d6f04339c16583"
    }
  }
}