{
  "suite": "paper_suite",
  "task": "chain_jackpot",
  "algorithm": "PI",
  "n_seeds": 5,
  "seeds": [
    11,
    29,
    47,
    67,
    83
  ],
  "scalar_metrics": {
    "final_bellman_residual": {
      "mean": 13.298146539099486,
      "std": 1.9860273225978185e-15,
      "median": 13.298146539099484,
      "q25": 13.298146539099484,
      "q75": 13.298146539099484,
      "iqr": 0.0,
      "ci_low": 13.298146539099486,
      "ci_high": 13.298146539099486
    },
    "n_sweeps": {
      "mean": 3.0,
      "std": 0.0,
      "median": 3.0,
      "q25": 3.0,
      "q75": 3.0,
      "iqr": 0.0,
      "ci_low": 3.0,
      "ci_high": 3.0
    },
    "wall_clock_s": {
      "mean": 0.002081958399503492,
      "std": 7.44037801042419e-05,
      "median": 0.002053499993053265,
      "q25": 0.0020440829975996166,
      "q75": 0.0020940000031259842,
      "iqr": 4.9917005526367575e-05,
      "ci_low": 0.0020337331981863825,
      "ci_high": 0.0021443254023324697
    }
  },
  "tail_risk": null,
  "adaptation": null,
  "event_rates": null,
  "curves": {
    "steps": [
      0,
      1,
      2
    ],
    "bellman_residual": [
      1.464591232094362,
      20.12683523155178,
      13.298146539099486
    ],
    "supnorm_to_exact": [
      20.12683523155178,
      13.298146539099486,
      0.0
    ],
    "mean_return": [
      -1.464591232094362,
      -20.12683523155178,
      -13.298146539099486
    ],
    "episode_returns": [
      -1.464591232094362,
      -20.12683523155178,
      -13.298146539099486
    ]
  },
  "checkpoints": [
    0,
    1,
    2
  ],
  "episode_returns": {},
  "change_at_episode": null,
  "visitation_counts": null
}
