{
  "total_s": 4.802529875014443,
  "step_s": 0.0,
  "fit_s": 0.0,
  "eval_s": 0.6289072909858078,
  "plot_s": 0.0,
  "other_s": 0.0,
  "train_s": 4.139284875011072,
  "eval_final_s": 0.5379451659973711,
  "post_s": 0.11384616600116715,
  "steps_per_s": null,
  "updates_per_s": null
}
