{
  "total_s": 5.464652042021044,
  "step_s": 0.0,
  "fit_s": 0.0,
  "eval_s": 0.6296621270594187,
  "plot_s": 0.0,
  "other_s": 0.0,
  "train_s": 4.902300959016429,
  "eval_final_s": 0.21706787502625957,
  "post_s": 0.34065404199645855,
  "steps_per_s": null,
  "updates_per_s": null
}
