{
  "total_s": 9.895751832984388,
  "step_s": 0.0,
  "fit_s": 0.0,
  "eval_s": 1.3183343750133645,
  "plot_s": 0.0,
  "other_s": 0.0,
  "train_s": 8.917107541987207,
  "eval_final_s": 0.5114250000042375,
  "post_s": 0.45930308298557065,
  "steps_per_s": null,
  "updates_per_s": null
}
