{
  "total_s": 4.8197329999820795,
  "step_s": 0.0,
  "fit_s": 0.0,
  "eval_s": 0.6239653349330183,
  "plot_s": 0.0,
  "other_s": 0.0,
  "train_s": 4.1103949999960605,
  "eval_final_s": 0.5833835829980671,
  "post_s": 0.11463612498482689,
  "steps_per_s": null,
  "updates_per_s": null
}
