{
  "total_s": 0.6703704590036068,
  "step_s": 0.0,
  "fit_s": 0.0,
  "eval_s": 0.15289654200023506,
  "plot_s": 0.0,
  "other_s": 0.0,
  "train_s": 0.6544867500051623,
  "post_s": 0.015801000001374632,
  "steps_per_s": null,
  "updates_per_s": null
}
