{
  "total_s": 10.817450958013069,
  "step_s": 0.0,
  "fit_s": 0.0,
  "eval_s": 0.44240512503893115,
  "plot_s": 0.0,
  "other_s": 0.0,
  "train_s": 9.899005500017665,
  "eval_final_s": 0.2753466669819318,
  "post_s": 0.6377577499952167,
  "steps_per_s": null,
  "updates_per_s": null
}
