{
  "phase": "phase4",
  "schedule_version": 3,
  "task_family": "dense_chain_cost",
  "scheduler_mode": "stagewise_u",
  "gamma_eval": 0.95,
  "gamma_base": 0.95,
  "sign_family": 1,
  "reward_bound": 0.05,
  "alpha_t": [
    0.5935980539961406,
    0.592957380301842,
    0.5915993651488533,
    0.5893646110394531,
    0.5860514211097329,
    0.5814011555310381,
    0.6,
    0.5,
    0.49978668594866027,
    0.49855214701418576,
    0.4959287002301653,
    0.49137349816967435,
    0.4840514190453215,
    0.6,
    0.5911165248662614,
    0.553670604290096,
    0.505122439155697,
    0.49478379679826373,
    0.14280500000000002,
    0.14280500000000002
  ],
  "kappa_t": [
    0.979679902699807,
    0.979647869015092,
    0.9795799682574426,
    0.9794682305519726,
    0.9793025710554866,
    0.9790700577765519,
    0.98,
    0.975,
    0.974989334297433,
    0.9749276073507093,
    0.9747964350115083,
    0.9745686749084836,
    0.974202570952266,
    0.98,
    0.979555826243313,
    0.9776835302145048,
    0.9752561219577849,
    0.9747391898399131,
    0.9554925,
    0.9554925
  ],
  "Bhat_t": [
    1.5906582730020569,
    1.5241287168259792,
    1.456266850516674,
    1.3870912988694126,
    1.3166239175952368,
    1.244889938644062,
    1.171918117126124,
    1.0963450174756368,
    1.0244564281801405,
    0.9507349419858993,
    0.8751777419705034,
    0.7977847620681155,
    0.7185586609726353,
    0.6375046417354054,
    0.5510251446279647,
    0.46299060500438804,
    0.3738332432829251,
    0.2833442795808326,
    0.19066051875,
    0.0975,
    0.0
  ],
  "A_t": [
    1.5741287168259792,
    1.506266850516674,
    1.4370912988694127,
    1.3666239175952368,
    1.294889938644062,
    1.221918117126124,
    1.1463450174756369,
    1.0744564281801405,
    1.0007349419858993,
    0.9251777419705034,
    0.8477847620681156,
    0.7685586609726354,
    0.6875046417354055,
    0.6010251446279647,
    0.5129906050043881,
    0.4238332432829251,
    0.33334427958083257,
    0.24066051875,
    0.14750000000000002,
    0.05
  ],
  "xi_ref_t": [
    0.34582183439530495,
    0.3454026899233641,
    0.3445142430443171,
    0.3430522119988134,
    0.3408846417428618,
    0.3378423237458658,
    0.35860152209213714,
    0.38272137324730005,
    0.38253995136582963,
    0.3814899859517644,
    0.3792587656054944,
    0.3753846029654721,
    0.36915723368214387,
    0.3594260323510123,
    0.34419835706822705,
    0.31970031579400593,
    0.27794696654112194,
    0.19737346302882097,
    0.02,
    0.02
  ],
  "u_target_t": [
    0.01826455550757356,
    0.01824484247082591,
    0.018203057389195483,
    0.018134295724290865,
    0.018032351418761014,
    0.017889266324031948,
    0.018865604716273854,
    0.020000000000000004,
    0.019991467437946414,
    0.019942085880567437,
    0.019837148009206614,
    0.019654939926786977,
    0.019362056761812865,
    0.018904382756114765,
    0.018188200765115736,
    0.017036018593541417,
    0.011955560690075669,
    0.00900835315062838,
    0.002,
    0.002
  ],
  "u_tr_cap_t": [
    0.012912750244140625,
    0.012903213500976562,
    0.012869834899902344,
    0.012822151184082031,
    0.012750625610351562,
    0.012650489807128906,
    0.013341903686523438,
    0.014142990112304688,
    0.014133453369140625,
    0.014100074768066406,
    0.014028549194335938,
    0.013895034790039062,
    0.013689994812011719,
    0.013365745544433594,
    0.012860298156738281,
    0.012044906616210938,
    0.007381439208984375,
    0.00553131103515625,
    0.0,
    0.0
  ],
  "U_safe_ref_t": [
    0.02105818724036229,
    0.02100996723298808,
    0.020907939008232734,
    0.02074057985546902,
    0.020493690975395374,
    0.020149652464108412,
    0.02207185001178799,
    0.019631040066381427,
    0.019613364992014052,
    0.01951122775366143,
    0.01929506472889721,
    0.018922584109917682,
    0.01833144088417761,
    0.022122598448830032,
    0.02087172267354857,
    0.018158333948987915,
    0.014402842907881196,
    0.010018341285546096,
    0.00022545137999577944,
    0.00022545137999577944
  ],
  "u_ref_used_t": [
    0.012912750244140625,
    0.012903213500976562,
    0.012869834899902344,
    0.012822151184082031,
    0.012750625610351562,
    0.012650489807128906,
    0.013341903686523438,
    0.014142990112304688,
    0.014133453369140625,
    0.014100074768066406,
    0.014028549194335938,
    0.013895034790039062,
    0.013689994812011719,
    0.013365745544433594,
    0.012860298156738281,
    0.012044906616210938,
    0.007381439208984375,
    0.00553131103515625,
    0.0,
    0.0
  ],
  "theta_used_t": [
    0.03733931452512108,
    0.03735701509400362,
    0.037356466850767656,
    0.0373766754319205,
    0.03740451768422495,
    0.03744495262424535,
    0.03720537383300744,
    0.036953750432866535,
    0.036946345914141025,
    0.03696053707121219,
    0.0369893868423557,
    0.03701546275545332,
    0.03708445497725026,
    0.037186359198881636,
    0.03736304340984728,
    0.03767561688607118,
    0.026557005823239662,
    0.02802459332817479,
    0.0,
    0.0
  ],
  "beta_used_t": [
    0.023720623431869554,
    0.02480106037067041,
    0.02599449796972308,
    0.0273496423929781,
    0.028886252466671352,
    0.030644404153949017,
    0.032455651017646754,
    0.03439297254282978,
    0.03691921243483633,
    0.03994966090785026,
    0.043630634209704956,
    0.04816218284315354,
    0.05394066123487013,
    0.06187155318085741,
    0.07283377715957913,
    0.08889254791399466,
    0.07966840125960482,
    0.11644865337171052,
    0.0,
    0.0
  ],
  "trust_clip_active_t": [
    true,
    true,
    true,
    true,
    true,
    true,
    true,
    true,
    true,
    true,
    true,
    true,
    true,
    true,
    true,
    true,
    true,
    true,
    true,
    true
  ],
  "safe_clip_active_t": [
    false,
    false,
    false,
    false,
    false,
    false,
    false,
    false,
    false,
    false,
    false,
    false,
    false,
    false,
    false,
    false,
    false,
    false,
    false,
    false
  ],
  "source_phase": "phase4C_ablation_adaptive_headroom_aggressive",
  "notes": "Phase IV-C ablation: adaptive_headroom_aggressive",
  "provenance": {
    "git_sha": "fa077e0a75d850a63da597f54fff569ff627e6ec",
    "calibration_code_version": "v3.0",
    "input_hashes": {
      "margins": "ceada405a7c1d7a9",
      "p_align": "d96e305f37d4ed27",
      "n_by_stage": "35d6f04339c16583"
    }
  }
}