{
  "schema_version": "1.0.0",
  "created_at": "2026-04-19T05:10:59Z",
  "phase": "phase2",
  "task": "chain_regime_shift",
  "algorithm": "ExpectedSARSA",
  "seed": 67,
  "train_steps": 180000,
  "n_transitions": 180000,
  "steps_to_threshold": null,
  "auc_disc_return": 14.099110132775083,
  "final_disc_return_mean": 17.856508762419676,
  "final_10pct_success_rate": 0.0,
  "adaptation_metrics": {
    "change_at_episode": 300,
    "pre_change_auc": 0.0,
    "post_change_auc": 15.792431453474409,
    "lag_to_50pct_recovery": 20,
    "lag_to_75pct_recovery": 35,
    "lag_to_90pct_recovery": null,
    "post_change_optimum": 20.332771199852107
  },
  "shortcut_risky_path_fraction": 0.0,
  "episode_returns": [
    18.184781323939646,
    16.646631605692647,
    17.82481907271654,
    16.073230853770923,
    18.61567817219713,
    20.295854901919395,
    19.42056317987379,
    16.482720476547723,
    16.515955873990887,
    19.52495071760816,
    18.152390992570925,
    16.116406469110782,
    17.81396660987126,
    18.057428690100583,
    19.036969334680336,
    17.278921439268082,
    18.651364487663674,
    18.010790070596123,
    17.890998229686204,
    17.2087438263699,
    18.69165874313893,
    18.84697157800047,
    17.384477081084647,
    18.139377138707165,
    19.608528789825954,
    17.93098004440133,
    14.873519536838021,
    20.339394020261953,
    17.153264230421577,
    16.540585419253915,
    17.18351789629566,
    18.52035429770269,
    18.027274966780407,
    18.825420370002746,
    19.53301765745742,
    18.556650182640222,
    17.25757836503185,
    16.275831393598192,
    17.568912078834558,
    16.620686336249108,
    16.486692818269717,
    16.72507053207195,
    17.82198408648876,
    18.148348757237873,
    18.331848734522858,
    18.05618580553596,
    18.179199427200082,
    18.046020405957762,
    18.74428796840037,
    18.059786326353866,
    19.74861686948564,
    19.493505315837837,
    17.870980103162545,
    16.95634041916011,
    19.13167121424803,
    19.63831600173372,
    18.78290448438063,
    16.993772454017293,
    18.575106863336835,
    18.128297313887924,
    19.448418455255876,
    19.381578424411845,
    18.756217048613948,
    19.559956280667635,
    17.42056601146141,
    18.062490375429743,
    17.123869769830456,
    19.370473693672203,
    16.240148295853334,
    18.37850535523186,
    17.683433963676233,
    17.91420875307212,
    18.846455467648166,
    18.55367489915787,
    18.511278609897005,
    18.834066691821434,
    15.75641035452962,
    16.4444727741721,
    17.182830380828698,
    18.257743997589344,
    16.25438232735934,
    18.309536032324466,
    17.032773722005672,
    17.487403657495896,
    15.869600849369776,
    19.53760837017681,
    17.65551513368952,
    19.323737920333773,
    17.919940728233534,
    18.868825986119788,
    16.37389049043648,
    17.514182554242467,
    15.662557656697997,
    18.835527380202564,
    16.233787810934416,
    16.247250189219972,
    18.980533950740693,
    17.680133304255403,
    19.498984300351346,
    18.969269175500592,
    17.913681830144178,
    18.588960916638275,
    17.35728572664136,
    16.153767214498505,
    19.455244001205983,
    18.05564384461512,
    18.159696666566255,
    16.746381895649264,
    17.107030204839877,
    19.394099982386724,
    16.853540260246906,
    17.164160164852746,
    19.533522139781994,
    17.98141071151865,
    16.959348178722852,
    19.56491519143662,
    18.69613142550153,
    18.888254322612532,
    17.74155725126429,
    16.599570519725994,
    18.50391567663902,
    15.272928228095928,
    18.033995589256772,
    18.930239732188333,
    18.63414145396713,
    18.666574972841538,
    18.923812886823132,
    18.776136118559084,
    19.011245355419504,
    16.590219233538907,
    16.975913544177985,
    18.692670266136922,
    18.097339029997176,
    19.56372210580819,
    17.29858304987912,
    18.5515698911299,
    18.378443279527364,
    19.497440175116342,
    18.888842960624075,
    20.3242617026417,
    19.611829449246784,
    18.12493694805778,
    18.11217568434045,
    18.015297521690034,
    19.092280248116428,
    16.658073922378687,
    17.968236528888138,
    17.897546979453566,
    17.980984920147428,
    18.787624502509374,
    17.13934150072694,
    17.325344067968064,
    17.09055135733809,
    17.36982950109669,
    18.576787570819377,
    15.092564306707482,
    17.220755827488475,
    18.787516111844756,
    18.96391600576539,
    17.031203398626623,
    19.523582555046445,
    19.439379237752313,
    17.421796985541114,
    18.625562647297667,
    18.9223035893519,
    18.024074256946253,
    19.69995612254596,
    17.44414825973508,
    18.452169220260533,
    17.728711225985112,
    17.310448727309087,
    16.78286747238625,
    19.747633141201167,
    18.04117873049139,
    19.514981971500035,
    17.16610722219148,
    19.592998895268714,
    17.87907797035896,
    15.76671234740306,
    17.885944102511978,
    19.768346394084528,
    18.865803935204386,
    19.370473693672203,
    20.3506726936722,
    18.008107151492545,
    17.305577315647117,
    15.987693127602073,
    18.709600847888932,
    18.71688429232762,
    17.17326769708793,
    15.385436718622394,
    19.35285568156644,
    16.33084476672082,
    18.396361534633993,
    19.57054765175829,
    19.52725107874803,
    18.41487292999137,
    17.94903166473525,
    20.343847147722094,
    17.979012501546936
  ],