{
  "total_s": 8.139994083991041,
  "step_s": 0.0,
  "fit_s": 0.0,
  "eval_s": 1.2868703358399216,
  "plot_s": 0.0,
  "other_s": 0.0,
  "train_s": 7.200560208992101,
  "eval_final_s": 0.49633645798894577,
  "post_s": 0.4353838340030052,
  "steps_per_s": null,
  "updates_per_s": null
}
