{
  "family": "grid_hazard",
  "tag": "grid_hazard_2",
  "n_transitions": 9876,
  "gamma_base": 0.95,
  "r_max": 1.0,
  "seed": 42,
  "n_episodes": 1000,
  "mean_natural_shift": 0.0004838696942547234,
  "std_natural_shift": 0.0005645223116220319,
  "p25_natural_shift": 0.0004462142796467714,
  "p75_natural_shift": 0.0007817178233277049,
  "mean_abs_u": 0.0006997219769672419,
  "mean_abs_u_replay_global": 0.0006997219769672419,
  "mean_delta_effective_discount": -0.00023572792794465544,
  "std_delta_effective_discount": 0.00027502423536646543,
  "p25_delta_effective_discount": -0.00038083305217684327,
  "p75_delta_effective_discount": -0.00021738519672909185,
  "mean_abs_delta_d": 0.00034088821256470306,
  "mean_abs_delta_discount_global": 0.00034088821256470306,
  "mean_target_gap_same_gamma_base": -0.00015203604326886967,
  "std_target_gap_same_gamma_base": 7.099179476199263e-05,
  "p25_target_gap_same_gamma_base": -0.00020709324871248658,
  "p75_target_gap_same_gamma_base": -9.301758690705153e-05,
  "mean_abs_target_gap": 0.00015203604326886967,
  "target_gap_norm_global": 0.00015203604326886967,
  "frac_u_ge_5e3": 0.0,
  "frac_delta_d_ge_1e3": 0.0001012555690562981,
  "frac_target_gap_ge_5e3_normed": 0.0,
  "n_informative_transitions": 157,
  "frac_informative_transitions": 0.015897124341838802,
  "mean_abs_u_replay_informative": 0.0014599628890398493,
  "median_abs_u_replay_informative": 0.001331474686255856,
  "frac_informative_u_ge_5e3": 0.0,
  "mean_abs_delta_discount_informative": 0.0007112774029567076,
  "target_gap_norm_informative": 0.0003556364739920674,
  "n_topquartile_transitions": 2654,
  "frac_topquartile": 0.2687322802754151,
  "q75_abs_margin": 0.9395317603241606,
  "mean_abs_u_replay_topquartile": 0.0009815133606035976,
  "frac_topquartile_u_ge_5e3": 0.0,
  "mean_beta_used": -0.0007957147998718796,
  "mean_KL_to_prior": 6.90560149900834e-08
}