{
  "phase": "phase4",
  "schedule_version": 3,
  "task_family": "dense_chain_cost",
  "scheduler_mode": "stagewise_u",
  "gamma_eval": 0.95,
  "gamma_base": 0.95,
  "sign_family": 1,
  "reward_bound": 0.05,
  "alpha_t": [
    0.4879897978586548,
    0.4867845316020049,
    0.48508921388426723,
    0.48279958903137304,
    0.47978397066856726,
    0.4758737658366119,
    0.49627940817188904,
    0.4,
    0.5,
    0.5,
    0.5,
    0.5,
    0.5,
    0.49076739966133986,
    0.4745079214641292,
    0.44902047034083553,
    0.44286741699630283,
    0.4696285314071676,
    0.28561000000000003,
    0.28561000000000003
  ],
  "kappa_t": [
    0.9743994898929327,
    0.9743392265801002,
    0.9742544606942133,
    0.9741399794515686,
    0.9739891985334284,
    0.9737936882918306,
    0.9748139704085944,
    0.97,
    0.975,
    0.975,
    0.975,
    0.975,
    0.975,
    0.974538369983067,
    0.9737253960732064,
    0.9724510235170417,
    0.9721433708498152,
    0.9734814265703584,
    0.960985,
    0.960985
  ],
  "Bhat_t": [
    1.5361117670807831,
    1.4764085798514306,
    1.4152243307409023,
    1.3525463663794228,
    1.288363472245541,
    1.2226659946934406,
    1.1554459719975576,
    1.0852798627353673,
    1.0183297553972859,
    0.9444407747664472,
    0.8686572048886637,
    0.7909304665524756,
    0.7112107349256159,
    0.6294469076160163,
    0.5458450113413791,
    0.4604429679552814,
    0.37322493285331093,
    0.28362579134009974,
    0.1911960375,
    0.0975,
    0.0
  ],
  "A_t": [
    1.5264085798514306,
    1.4652243307409023,
    1.4025463663794229,
    1.338363472245541,
    1.2726659946934407,
    1.2054459719975577,
    1.1352798627353673,
    1.068329755397286,
    0.9944407747664472,
    0.9186572048886638,
    0.8409304665524756,
    0.761210734925616,
    0.6794469076160163,
    0.5958450113413791,
    0.5104429679552814,
    0.4232249328533109,
    0.33362579134009973,
    0.24119603750000002,
    0.14750000000000002,
    0.05
  ],
  "xi_ref_t": [
    0.35991702155817634,
    0.3587052667990385,
    0.3570008224064532,
    0.35469887145011725,
    0.35166701862696564,
    0.3477357633643355,
    0.36825125865561226,
    0.3920995493371858,
    0.3909806872232167,
    0.388962784174899,
    0.3857321546260934,
    0.3808264052427083,
    0.3735352278826414,
    0.3627095764686147,
    0.3463625660235272,
    0.32073790423071447,
    0.2781088138338044,
    0.19693524193986808,
    0.02,
    0.02
  ],
  "u_target_t": [
    0.018522606055014837,
    0.018466978381630993,
    0.01838873294850464,
    0.01828305795529414,
    0.018143875569318485,
    0.017963404577074397,
    0.01890520345408718,
    0.020000000000000004,
    0.019948636722267377,
    0.0198560014337772,
    0.01970769386245557,
    0.019482487051965224,
    0.0191477730929641,
    0.018650803061292603,
    0.01790036560603673,
    0.016724021708038564,
    0.011723103561998915,
    0.008825540229599476,
    0.002,
    0.002
  ],
  "u_tr_cap_t": [
    0.013093948364257812,
    0.013055801391601562,
    0.013003349304199219,
    0.012927055358886719,
    0.012826919555664062,
    0.01270294189453125,
    0.013365745544433594,
    0.014142990112304688,
    0.014104843139648438,
    0.0140380859375,
    0.013933181762695312,
    0.013775825500488281,
    0.013537406921386719,
    0.013189315795898438,
    0.012655258178710938,
    0.0118255615234375,
    0.007228851318359375,
    0.0054168701171875,
    0.0,
    0.0
  ],
  "U_safe_ref_t": [
    0.018017978282426118,
    0.017912973941278606,
    0.01776578274762255,
    0.017567933330546893,
    0.01730899957329075,
    0.016976045316788882,
    0.018748295845447134,
    0.016090508520046596,
    0.020054687489587334,
    0.019951182594484435,
    0.01978547296198043,
    0.019533840914666912,
    0.019159852407905156,
    0.018261107256447907,
    0.016860486626454105,
    0.014774667357977372,
    0.012635463889953642,
    0.009487999150167114,
    0.0004508519230449306,
    0.0004508519230449306
  ],
  "u_ref_used_t": [
    0.013093948364257812,
    0.013055801391601562,
    0.013003349304199219,
    0.012927055358886719,
    0.012826919555664062,
    0.01270294189453125,
    0.013365745544433594,
    0.014142990112304688,
    0.014104843139648438,
    0.0140380859375,
    0.013933181762695312,
    0.013775825500488281,
    0.013537406921386719,
    0.013189315795898438,
    0.012655258178710938,
    0.0118255615234375,
    0.007228851318359375,
    0.0054168701171875,
    0.0,
    0.0
  ],
  "theta_used_t": [
    0.03638046432916852,
    0.03639701615788084,
    0.03642386372262925,
    0.036445155029777715,
    0.036474616259849914,
    0.03653044418448819,
    0.0362951795283155,
    0.03606989637252153,
    0.03607554951069942,
    0.036091077369468094,
    0.036121390440476346,
    0.03617350401873702,
    0.03624131249446692,
    0.036363296288758756,
    0.03653760371393977,
    0.03686985968122773,
    0.0259928882465382,
    0.027505844377216544,
    0.0,
    0.0
  ],
  "beta_used_t": [
    0.023834027670828165,
    0.024840575872417024,
    0.025969810764014136,
    0.02723113398233223,
    0.028660006955427378,
    0.030304505579750864,
    0.03197024867583322,
    0.03376288659030002,
    0.03627722276288607,
    0.039286773322419144,
    0.04295407513127877,
    0.04752101140858428,
    0.053339432541723165,
    0.06102811233897372,
    0.0715801882045728,
    0.08711646412856014,
    0.07791030825923444,
    0.11403937088815791,
    0.0,
    0.0
  ],
  "trust_clip_active_t": [
    true,
    true,
    true,
    true,
    true,
    true,
    true,
    true,
    true,
    true,
    true,
    true,
    true,
    true,
    true,
    true,
    true,
    true,
    true,
    true
  ],
  "safe_clip_active_t": [
    false,
    false,
    false,
    false,
    false,
    false,
    false,
    false,
    false,
    false,
    false,
    false,
    false,
    false,
    false,
    false,
    false,
    false,
    false,
    false
  ],
  "source_phase": "phase4C_scheduler_state_bin_hazard_proximity",
  "notes": "Phase IV-C scheduler ablation: state_bin_hazard_proximity",
  "provenance": {
    "git_sha": "01a22b9945b1a74a643b82b1f38fefc5e36ee5f8",
    "calibration_code_version": "v3.0",
    "input_hashes": {
      "margins": "ceada405a7c1d7a9",
      "p_align": "d96e305f37d4ed27",
      "n_by_stage": "35d6f04339c16583"
    }
  }
}