{
  "total_s": 5.907140541006811,
  "step_s": 0.0,
  "fit_s": 0.0,
  "eval_s": 0.6658780430152547,
  "plot_s": 0.0,
  "other_s": 0.0,
  "train_s": 5.266175333003048,
  "eval_final_s": 0.23924979197909124,
  "post_s": 0.3969918330258224,
  "steps_per_s": null,
  "updates_per_s": null
}
