{
  "total_s": 5.352512249985011,
  "step_s": 0.0,
  "fit_s": 0.0,
  "eval_s": 0.6160122109286021,
  "plot_s": 0.0,
  "other_s": 0.0,
  "train_s": 4.527851249993546,
  "eval_final_s": 0.6114212920074351,
  "post_s": 0.20197362499311566,
  "steps_per_s": null,
  "updates_per_s": null
}
