{
  "total_s": 5.311470374988858,
  "step_s": 0.0,
  "fit_s": 0.0,
  "eval_s": 0.617413957050303,
  "plot_s": 0.0,
  "other_s": 0.0,
  "train_s": 4.459179249999579,
  "eval_final_s": 0.6097513339773286,
  "post_s": 0.23119129199767485,
  "steps_per_s": null,
  "updates_per_s": null
}
