{
  "total_s": 8.038526083997567,
  "step_s": 0.0,
  "fit_s": 0.0,
  "eval_s": 1.4095492890046444,
  "plot_s": 0.0,
  "other_s": 0.0,
  "train_s": 7.301803083995765,
  "eval_final_s": 0.48455224999634083,
  "post_s": 0.24396412500209408,
  "steps_per_s": null,
  "updates_per_s": null
}
