{
  "total_s": 5.659916333010187,
  "step_s": 0.0,
  "fit_s": 0.0,
  "eval_s": 0.9983543750131503,
  "plot_s": 0.0,
  "other_s": 0.0,
  "train_s": 5.302317207999295,
  "eval_final_s": 0.15546383301261812,
  "post_s": 0.19907662499463186,
  "steps_per_s": null,
  "updates_per_s": null
}
