{
  "total_s": 7.021222958981525,
  "step_s": 0.0,
  "fit_s": 0.0,
  "eval_s": 0.32215446193004027,
  "plot_s": 0.0,
  "other_s": 0.0,
  "train_s": 6.452344166988041,
  "eval_final_s": 0.17056995900929905,
  "post_s": 0.39495391698437743,
  "steps_per_s": null,
  "updates_per_s": null
}
