{
  "total_s": 0.660454666998703,
  "step_s": 0.0,
  "fit_s": 0.0,
  "eval_s": 0.15235704198130406,
  "plot_s": 0.0,
  "other_s": 0.0,
  "train_s": 0.6445447500009323,
  "post_s": 0.01587433299573604,
  "steps_per_s": null,
  "updates_per_s": null
}
