{
  "total_s": 11.739700375008397,
  "step_s": 0.0,
  "fit_s": 0.0,
  "eval_s": 0.6729644160077441,
  "plot_s": 0.0,
  "other_s": 0.0,
  "train_s": 10.56477412499953,
  "eval_final_s": 0.5014914580096956,
  "post_s": 0.6642591250129044,
  "steps_per_s": null,
  "updates_per_s": null
}
