{
  "total_s": 9.210106958984397,
  "step_s": 0.0,
  "fit_s": 0.0,
  "eval_s": 0.4109873319976032,
  "plot_s": 0.0,
  "other_s": 0.0,
  "train_s": 8.683517917001154,
  "eval_final_s": 0.20033650001278147,
  "post_s": 0.3219116669788491,
  "steps_per_s": null,
  "updates_per_s": null
}
