{
  "schema_version": "1.0.0",
  "created_at": "2026-04-19T05:40:14Z",
  "phase": "phase2",
  "task": "chain_regime_shift",
  "algorithm": "ExpectedSARSA",
  "seed": 47,
  "train_steps": 180000,
  "n_transitions": 180000,
  "steps_to_threshold": null,
  "auc_disc_return": 13.450868146739335,
  "final_disc_return_mean": 16.760295275589495,
  "final_10pct_success_rate": 0.0,
  "adaptation_metrics": {
    "change_at_episode": 300,
    "pre_change_auc": 0.00377873629508264,
    "post_change_auc": 15.814666557020491,
    "lag_to_50pct_recovery": 15,
    "lag_to_75pct_recovery": 30,
    "lag_to_90pct_recovery": null,
    "post_change_optimum": 19.41029193804625
  },
  "shortcut_risky_path_fraction": 0.0,
  "episode_returns": [
    14.797068943204103,
    15.615187343498208,
    17.237851943680397,
    17.66369869012596,
    17.452418376877468,
    17.10533945651892,
    16.78993563760862,
    16.387559359527703,
    17.644885790962107,
    15.46447256549409,
    16.773225149166997,
    16.25430463056697,
    14.565424949792993,
    16.04638616423907,
    16.90240230452267,
    17.506981034572046,
    16.837953862111664,
    16.039209840414237,
    16.0974495198428,
    17.593000142108302,
    17.008985908760664,
    16.112003948753834,
    16.880723184108888,
    18.44651638050115,
    15.933382531218644,
    16.20689337594922,
    16.731259466601916,
    17.70530930995826,
    15.264542242673066,
    15.654382022834412,
    15.765370534717205,
    16.929627097899335,
    16.768195177136903,
    17.56753209074619,
    14.656091477697155,
    17.013174632370717,
    18.30560101914947,
    17.799008422094296,
    15.906437627639109,
    15.595299579179141,
    17.616151933280392,
    15.313017984434104,
    17.074277483747277,
    16.669530848730876,
    17.531685137107115,
    15.401304067715175,
    16.80092379686593,
    17.774737204244534,
    16.6814069945865,
    16.866607019231687,
    15.610035179654957,
    15.58704596177034,
    16.974924010874393,
    16.337700909386836,
    16.308651667805638,
    16.093840439761607,
    17.811742414899463,
    16.355115304836975,
    14.726639361549386,
    16.94765185397419,
    17.523339999492613,
    17.31734035819403,
    16.778520057328805,
    15.332363551131346,
    18.36512724473452,
    18.395301846493652,
    17.08190025918172,
    15.570358089749984,
    16.387546574410425,
    16.25735403363702,
    13.956127964874515,
    17.58439635437986,
    18.43732858969559,
    17.014250990574446,
    17.853150204997526,
    16.997317344720493,
    16.11093414635248,
    16.352122685670395,
    15.283098708296846,
    16.382550076513233,
    15.578020978359422,
    15.379989864922432,
    16.94143809596254,
    15.263287041295191,
    17.105938090088948,
    16.778248787702264,
    14.823356693377251,
    15.432696054201223,
    16.121589939461746,
    16.955593871577406,
    14.340326627386377,
    16.943971625300772,
    16.106108900445047,
    19.037978358841205,
    17.4793758130118,
    16.05143517321055,
    16.635762028115487,
    15.957849425632931,
    14.9299084370223,
    15.991334934038141,
    15.965269049482343,
    18.38192173559321,
    15.576248891299468,
    15.683613731757088,
    16.991317606607996,
    15.242220612263063,
    15.58988557215652,
    17.055611674709933,
    16.830604784047107,
    18.365612443240508,
    15.632786233755168,
    16.20935551587059,
    17.101920811782794,
    17.098282838399484,
    16.714821536991078,
    16.265499109048033,
    16.229062521773635,
    18.32375604246908,
    15.522817107248075,
    15.969007950401613,
    15.505998524079763,
    17.053184643313408,
    16.05927570977785,
    17.619014015229457,
    17.126992980963532,
    16.96154412346617,
    14.867233913262318,
    16.824307573991398,
    17.02441334270428,
    16.703366263909214,
    14.802703223924626,
    16.97829371355292,
    15.097008498266604,
    16.243040459880895,
    16.264541849387385,
    15.694434292372229,
    16.172308879290796,
    18.479655829774295,
    17.00228065619363,
    16.01892337440471,
    16.151856080295378,
    16.170339283388643,
    16.258291741007493,
    16.16955184404639,
    18.3725069340992,
    17.7331515784973,
    16.88238580434972,
    16.263143456399753,
    16.271067671040853,
    17.020204417927776,
    17.49533158256026,
    17.85880285287637,
    17.73743733343554,
    16.979485928858974,
    17.07159059369063,
    14.962554531522619,
    15.577849183273644,
    16.272954341633415,
    15.61503743692446,
    17.831225769926974,
    16.321429333269194,
    14.407407928765513,
    17.82853237113721,
    17.778695992450164,
    15.433145636650769,
    16.201925271896005,
    18.19495001968017,
    15.62787080434624,
    16.941321816497556,
    16.35207332072996,
    16.05506078806541,
    16.925824682549955,
    17.625291281728014,
    17.045997044819998,
    16.73846837420341,
    17.615815728275287,
    17.718642023220287,
    15.436807309340274,
    17.55302648852642,
    15.573304729781327,
    17.853185047970115,
    18.473902282274526,
    16.12519732220731,
    16.02330853562723,
    18.21192366384948,
    16.31503576795416,
    16.862512570801567,
    17.596849983756815,
    16.994093835896297,
    19.037978358841205,
    16.916014034577035,
    15.374319056325536,
    15.595349649587646,
    16.440483354875024,
    17.578869367168792,
    14.987734946130058,
    17.719572797433365,
    17.148036638172243,
    17.642649905042784,
    17.318636413591793
  ],