{
  "total_s": 5.993102957989322,
  "step_s": 0.0,
  "fit_s": 0.0,
  "eval_s": 0.6425063750357367,
  "plot_s": 0.0,
  "other_s": 0.0,
  "train_s": 5.578275250009028,
  "eval_final_s": 0.20286633298383094,
  "post_s": 0.2073797079792712,
  "steps_per_s": null,
  "updates_per_s": null
}
