{
  "phase": "III",
  "task": "grid_hazard",
  "algorithm": "SafeQLearning",
  "n_seeds": 3,
  "seeds": [
    "seed_11",
    "seed_29",
    "seed_47"
  ],
  "metrics": {
    "auc_disc_return": {
      "mean": 0.7945849020901529,
      "std": 0.036574223561235256,
      "median": 0.8083906871476628,
      "q25": 0.7807539580878703,
      "q75": 0.8153187386211905,
      "iqr": 0.03456478053332024,
      "ci_low": 0.7531172290280778,
      "ci_high": 0.8222467900947182
    },
    "final_10pct_success_rate": {
      "mean": 1.0,
      "std": 0.0,
      "median": 1.0,
      "q25": 1.0,
      "q75": 1.0,
      "iqr": 0.0,
      "ci_low": 1.0,
      "ci_high": 1.0
    },
    "final_disc_return_mean": {
      "mean": 0.8343312851959732,
      "std": 0.017133904080505597,
      "median": 0.8275461693425784,
      "q25": 0.8245876103621895,
      "q75": 0.8406824021030594,
      "iqr": 0.016094791740869918,
      "ci_low": 0.8216290513818006,
      "ci_high": 0.8538186348635405
    },
    "n_transitions": {
      "mean": 200000.0,
      "std": 0.0,
      "median": 200000.0,
      "q25": 200000.0,
      "q75": 200000.0,
      "iqr": 0.0,
      "ci_low": 200000.0,
      "ci_high": 200000.0
    },
    "seed": {
      "mean": 29.0,
      "std": 18.0,
      "median": 29.0,
      "q25": 20.0,
      "q75": 38.0,
      "iqr": 18.0,
      "ci_low": 11.0,
      "ci_high": 47.0
    },
    "shortcut_risky_path_fraction": {
      "mean": 0.0,
      "std": 0.0,
      "median": 0.0,
      "q25": 0.0,
      "q75": 0.0,
      "iqr": 0.0,
      "ci_low": 0.0,
      "ci_high": 0.0
    },
    "steps_to_threshold": {
      "mean": 15000.0,
      "std": 0.0,
      "median": 15000.0,
      "q25": 15000.0,
      "q75": 15000.0,
      "iqr": 0.0,
      "ci_low": 15000.0,
      "ci_high": 15000.0
    },
    "tail_risk_metrics_cvar_10pct": {
      "mean": 0.7886631031175101,
      "std": 0.015575639035904709,
      "median": 0.7921599381323299,
      "q25": 0.7818981096871491,
      "q75": 0.7971765140552809,
      "iqr": 0.01527840436813177,
      "ci_low": 0.7716362812419685,
      "ci_high": 0.8021930899782319
    },
    "tail_risk_metrics_cvar_5pct": {
      "mean": 0.7806872678211662,
      "std": 0.013448469932801466,
      "median": 0.7826892867256138,
      "q25": 0.7745196528017437,
      "q75": 0.7878558922928124,
      "iqr": 0.013336239491068658,
      "ci_low": 0.7663500188778736,
      "ci_high": 0.793022497860011
    },
    "tail_risk_metrics_event_conditioned_return": {
      "mean": NaN,
      "std": NaN,
      "median": NaN,
      "q25": NaN,
      "q75": NaN,
      "iqr": NaN,
      "ci_low": NaN,
      "ci_high": NaN
    },
    "tail_risk_metrics_event_rate": {
      "mean": 0.0,
      "std": 0.0,
      "median": 0.0,
      "q25": 0.0,
      "q75": 0.0,
      "iqr": 0.0,
      "ci_low": 0.0,
      "ci_high": 0.0
    },
    "tail_risk_metrics_return_q05": {
      "mean": 0.7938005345218198,
      "std": 0.020969063390871415,
      "median": 0.8016305895390459,
      "q25": 0.7858368676721005,
      "q75": 0.8056792288801522,
      "iqr": 0.019842361208051718,
      "ci_low": 0.7700431458051552,
      "ci_high": 0.8097278682212584
    },
    "tail_risk_metrics_return_q25": {
      "mean": 0.8317601470183668,
      "std": 0.009684802244274263,
      "median": 0.8261686238355866,
      "q25": 0.8261686238355866,
      "q75": 0.8345559086097567,
      "iqr": 0.008387284774170056,
      "ci_low": 0.8261686238355866,
      "ci_high": 0.8429431933839268
    },
    "tail_risk_metrics_return_q50": {
      "mean": 0.8431427326848842,
      "std": 0.022562105681776277,
      "median": 0.8345137614500875,
      "q25": 0.830341192642837,
      "q75": 0.8516297871095329,
      "iqr": 0.021288594466695843,
      "ci_low": 0.8261686238355866,
      "ci_high": 0.8687458127689783
    },
    "tail_risk_metrics_return_q75": {
      "mean": 0.8459244452230511,
      "std": 0.01976388404387465,
      "median": 0.8345137614500875,
      "q25": 0.8345137614500875,
      "q75": 0.8516297871095329,
      "iqr": 0.017116025659445366,
      "ci_low": 0.8345137614500876,
      "ci_high": 0.8687458127689783
    },
    "tail_risk_metrics_return_q95": {
      "mean": 0.8459244452230511,
      "std": 0.01976388404387465,
      "median": 0.8345137614500875,
      "q25": 0.8345137614500875,
      "q75": 0.8516297871095329,
      "iqr": 0.017116025659445366,
      "ci_low": 0.8345137614500876,
      "ci_high": 0.8687458127689783
    },
    "tail_risk_metrics_top10pct_mean": {
      "mean": 0.8459244452230511,
      "std": 0.019763884043874583,
      "median": 0.8345137614500875,
      "q25": 0.8345137614500875,
      "q75": 0.8516297871095329,
      "iqr": 0.017116025659445366,
      "ci_low": 0.8345137614500876,
      "ci_high": 0.8687458127689781
    },
    "tail_risk_metrics_top5pct_mean": {
      "mean": 0.8459244452230511,
      "std": 0.019763884043874712,
      "median": 0.8345137614500875,
      "q25": 0.8345137614500875,
      "q75": 0.8516297871095329,
      "iqr": 0.017116025659445366,
      "ci_low": 0.8345137614500876,
      "ci_high": 0.8687458127689783
    },
    "train_steps": {
      "mean": 200000.0,
      "std": 0.0,
      "median": 200000.0,
      "q25": 200000.0,
      "q75": 200000.0,
      "iqr": 0.0,
      "ci_low": 200000.0,
      "ci_high": 200000.0
    }
  },
  "provenance": {
    "schedule_path": "results/weighted_lse_dp/phase3/calibration/grid_hazard/schedule.json",
    "calibration_hash": "6f25cd6e6836d3fe8e733d847c5f80507a1e00aa09cdd1732f31b73d44b551c6",
    "source_phase": "phase2"
  }
}
