{
  "total_s": 7.352208165975753,
  "step_s": 0.0,
  "fit_s": 0.0,
  "eval_s": 0.2134558759862557,
  "plot_s": 0.0,
  "other_s": 0.0,
  "train_s": 7.009228707989678,
  "eval_final_s": 0.04610691699781455,
  "post_s": 0.29593741599819623,
  "steps_per_s": null,
  "updates_per_s": null
}
