{
  "total_s": 6.153970166982617,
  "step_s": 0.0,
  "fit_s": 0.0,
  "eval_s": 0.31185254306183197,
  "plot_s": 0.0,
  "other_s": 0.0,
  "train_s": 5.791478291997919,
  "eval_final_s": 0.16248841601191089,
  "post_s": 0.19636412500403821,
  "steps_per_s": null,
  "updates_per_s": null
}
