{
  "total_s": 6.067688165989239,
  "step_s": 0.0,
  "fit_s": 0.0,
  "eval_s": 0.6993314129649661,
  "plot_s": 0.0,
  "other_s": 0.0,
  "train_s": 5.070449124992592,
  "eval_final_s": 0.7300546249898616,
  "post_s": 0.25465874999645166,
  "steps_per_s": null,
  "updates_per_s": null
}
