{
  "total_s": 5.709618250024505,
  "step_s": 0.0,
  "fit_s": 0.0,
  "eval_s": 0.6596161260094959,
  "plot_s": 0.0,
  "other_s": 0.0,
  "train_s": 4.83229258301435,
  "eval_final_s": 0.6354920000012498,
  "post_s": 0.23011783402762376,
  "steps_per_s": null,
  "updates_per_s": null
}
