{
  "total_s": 5.907646457999363,
  "step_s": 0.0,
  "fit_s": 0.0,
  "eval_s": 0.6805064619766199,
  "plot_s": 0.0,
  "other_s": 0.0,
  "train_s": 5.0006576660016435,
  "eval_final_s": 0.6580258749963832,
  "post_s": 0.2371339169985731,
  "steps_per_s": null,
  "updates_per_s": null
}
