{
  "suite": "paper_suite",
  "task": "chain_catastrophe",
  "algorithm": "VI",
  "n_seeds": 5,
  "seeds": [
    11,
    29,
    47,
    67,
    83
  ],
  "scalar_metrics": {
    "final_bellman_residual": {
      "mean": 20.62906695327968,
      "std": 0.0,
      "median": 20.62906695327968,
      "q25": 20.62906695327968,
      "q75": 20.62906695327968,
      "iqr": 0.0,
      "ci_low": 20.62906695327968,
      "ci_high": 20.62906695327968
    },
    "n_sweeps": {
      "mean": 1.0,
      "std": 0.0,
      "median": 1.0,
      "q25": 1.0,
      "q75": 1.0,
      "iqr": 0.0,
      "ci_low": 1.0,
      "ci_high": 1.0
    },
    "wall_clock_s": {
      "mean": 0.00023843319941079243,
      "std": 1.8160734294720092e-06,
      "median": 0.00023966599837876856,
      "q25": 0.00023674999829381704,
      "q75": 0.00023970799520611763,
      "iqr": 2.9579969123005867e-06,
      "ci_low": 0.00023699180164840072,
      "ci_high": 0.00023976639786269516
    }
  },
  "tail_risk": null,
  "adaptation": null,
  "event_rates": null,
  "curves": {
    "steps": [
      0
    ],
    "bellman_residual": [
      20.62906695327968
    ],
    "supnorm_to_exact": [
      0.0
    ],
    "mean_return": [
      -20.62906695327968
    ],
    "episode_returns": [
      -20.62906695327968
    ]
  },
  "checkpoints": [
    0
  ],
  "episode_returns": {},
  "change_at_episode": null,
  "visitation_counts": null
}
