{
  "suite": "paper_suite",
  "task": "grid_regime_shift_post_shift",
  "algorithm": "VI",
  "n_seeds": 3,
  "seeds": [
    11,
    29,
    47
  ],
  "scalar_metrics": {
    "final_bellman_residual": {
      "mean": 0.9988901220865705,
      "std": 0.0,
      "median": 0.9988901220865705,
      "q25": 0.9988901220865705,
      "q75": 0.9988901220865705,
      "iqr": 0.0,
      "ci_low": 0.9988901220865705,
      "ci_high": 0.9988901220865705
    },
    "n_sweeps": {
      "mean": 1.0,
      "std": 0.0,
      "median": 1.0,
      "q25": 1.0,
      "q75": 1.0,
      "iqr": 0.0,
      "ci_low": 1.0,
      "ci_high": 1.0
    },
    "wall_clock_s": {
      "mean": 0.0003248469996227262,
      "std": 9.788286927256475e-06,
      "median": 0.00032129199826158583,
      "q25": 0.0003193124975950923,
      "q75": 0.0003286040009697899,
      "iqr": 9.29150337469764e-06,
      "ci_low": 0.00031733299692859873,
      "ci_high": 0.000335916003677994
    }
  },
  "tail_risk": null,
  "adaptation": null,
  "event_rates": null,
  "curves": {
    "steps": [
      0
    ],
    "bellman_residual": [
      0.9988901220865705
    ],
    "supnorm_to_exact": [
      0.0
    ],
    "mean_return": [
      -0.9988901220865705
    ],
    "episode_returns": [
      -0.9988901220865705
    ]
  },
  "checkpoints": [
    0
  ],
  "episode_returns": {},
  "change_at_episode": null,
  "visitation_counts": null
}
