{
  "total_s": 10.854702042008284,
  "step_s": 0.0,
  "fit_s": 0.0,
  "eval_s": 0.38471037504496053,
  "plot_s": 0.0,
  "other_s": 0.0,
  "train_s": 9.941838792001363,
  "eval_final_s": 0.27358912499039434,
  "post_s": 0.6349293339881115,
  "steps_per_s": null,
  "updates_per_s": null
}
