{
  "total_s": 10.484965707990341,
  "step_s": 0.0,
  "fit_s": 0.0,
  "eval_s": 0.3730696669954341,
  "plot_s": 0.0,
  "other_s": 0.0,
  "train_s": 9.642572582990397,
  "eval_final_s": 0.2403317909920588,
  "post_s": 0.5974371249903925,
  "steps_per_s": null,
  "updates_per_s": null
}
