{
  "total_s": 4.492879708006512,
  "step_s": 0.0,
  "fit_s": 0.0,
  "eval_s": 0.6095542091352399,
  "plot_s": 0.0,
  "other_s": 0.0,
  "train_s": 3.757324583013542,
  "eval_final_s": 0.5135991669958457,
  "post_s": 0.2106822500063572,
  "steps_per_s": null,
  "updates_per_s": null
}
