{
  "total_s": 8.37465658300789,
  "step_s": 0.0,
  "fit_s": 0.0,
  "eval_s": 1.3069042941206135,
  "plot_s": 0.0,
  "other_s": 0.0,
  "train_s": 7.392917416000273,
  "eval_final_s": 0.49163875001249835,
  "post_s": 0.4822878330014646,
  "steps_per_s": null,
  "updates_per_s": null
}
