{
  "total_s": 6.663161042000866,
  "step_s": 0.0,
  "fit_s": 0.0,
  "eval_s": 0.8606864589382894,
  "plot_s": 0.0,
  "other_s": 0.0,
  "train_s": 6.340538166987244,
  "eval_final_s": 0.11933541600592434,
  "post_s": 0.20095954200951383,
  "steps_per_s": null,
  "updates_per_s": null
}
