{
  "total_s": 4.159526667004684,
  "step_s": 0.0,
  "fit_s": 0.0,
  "eval_s": 0.6219175409933086,
  "plot_s": 0.0,
  "other_s": 0.0,
  "train_s": 3.437071249994915,
  "eval_final_s": 0.5966864580113906,
  "post_s": 0.11423383301007561,
  "steps_per_s": null,
  "updates_per_s": null
}
