{
  "total_s": 6.813791458000196,
  "step_s": 0.0,
  "fit_s": 0.0,
  "eval_s": 1.0108632060291711,
  "plot_s": 0.0,
  "other_s": 0.0,
  "train_s": 6.250724958023056,
  "eval_final_s": 0.15261700001428835,
  "post_s": 0.40775383298750967,
  "steps_per_s": null,
  "updates_per_s": null
}
