{
  "total_s": 6.805574583006091,
  "step_s": 0.0,
  "fit_s": 0.0,
  "eval_s": 0.9993603330804035,
  "plot_s": 0.0,
  "other_s": 0.0,
  "train_s": 6.213968958007172,
  "eval_final_s": 0.1715114580001682,
  "post_s": 0.41746058300486766,
  "steps_per_s": null,
  "updates_per_s": null
}
