{
  "total_s": 5.7599191250046715,
  "step_s": 0.0,
  "fit_s": 0.0,
  "eval_s": 0.665064334141789,
  "plot_s": 0.0,
  "other_s": 0.0,
  "train_s": 5.126180708000902,
  "eval_final_s": 0.2569118329847697,
  "post_s": 0.3718659170262981,
  "steps_per_s": null,
  "updates_per_s": null
}
