{
  "total_s": 5.050865708995843,
  "step_s": 0.0,
  "fit_s": 0.0,
  "eval_s": 0.6654930809745565,
  "plot_s": 0.0,
  "other_s": 0.0,
  "train_s": 4.154524666984798,
  "eval_final_s": 0.6501149999967311,
  "post_s": 0.23451012501027435,
  "steps_per_s": null,
  "updates_per_s": null
}
