{
  "total_s": 4.92727441599709,
  "step_s": 0.0,
  "fit_s": 0.0,
  "eval_s": 0.6521509169833735,
  "plot_s": 0.0,
  "other_s": 0.0,
  "train_s": 4.036996457987698,
  "eval_final_s": 0.6382891249959357,
  "post_s": 0.2402104579959996,
  "steps_per_s": null,
  "updates_per_s": null
}
