{
  "total_s": 5.193397249997361,
  "step_s": 0.0,
  "fit_s": 0.0,
  "eval_s": 0.6076806649507489,
  "plot_s": 0.0,
  "other_s": 0.0,
  "train_s": 4.385465125000337,
  "eval_final_s": 0.5936007500276901,
  "post_s": 0.2028039160068147,
  "steps_per_s": null,
  "updates_per_s": null
}
