{
  "total_s": 5.58274374998291,
  "step_s": 0.0,
  "fit_s": 0.0,
  "eval_s": 0.6539506669796538,
  "plot_s": 0.0,
  "other_s": 0.0,
  "train_s": 4.697098040982382,
  "eval_final_s": 0.6388933749985881,
  "post_s": 0.23503233399242163,
  "steps_per_s": null,
  "updates_per_s": null
}
