{
  "total_s": 7.607780125021236,
  "step_s": 0.0,
  "fit_s": 0.0,
  "eval_s": 0.9495109970448539,
  "plot_s": 0.0,
  "other_s": 0.0,
  "train_s": 7.081334750022506,
  "eval_final_s": 0.14689699999871664,
  "post_s": 0.3767936250078492,
  "steps_per_s": null,
  "updates_per_s": null
}
