{
  "total_s": 8.042674083000747,
  "step_s": 0.0,
  "fit_s": 0.0,
  "eval_s": 0.9959971688804217,
  "plot_s": 0.0,
  "other_s": 0.0,
  "train_s": 7.476067707990296,
  "eval_final_s": 0.15606087501510046,
  "post_s": 0.40780666601494886,
  "steps_per_s": null,
  "updates_per_s": null
}
