{
  "schema_version": "1.0.0",
  "phase": "phase4C",
  "task": "dense_chain_cost_0",
  "algorithm": "safe_target_q",
  "seed": 456,
  "train_steps": 20000,
  "n_transitions": 20000,
  "mean_return": -0.25660563103658307,
  "final_disc_return_mean": -0.25660563103658296,
  "mean_q_target_gap": 4.321870915977349e-05,
  "std_q_target_gap": 0.0003107106504207799,
  "p5_q_target_gap": 0.0,
  "p95_q_target_gap": 0.0,
  "mean_beta_used": 0.0861066449908234,
  "std_beta_used": 0.062106208206612584,
  "p5_beta_used": 0.0,
  "p95_beta_used": 0.20184916819927948,
  "mean_rho": 0.512431464928214,
  "std_rho": 0.00031186925909774927,
  "p5_rho": 0.5118251185847414,
  "p95_rho": 0.5128205128205129,
  "mean_effective_discount": 0.9507586433899827,
  "std_effective_discount": 0.0006081450552406124,
  "p5_effective_discount": 0.9499999999999998,
  "p95_effective_discount": 0.9519410187597541,
  "stage_mean_q_target_gap": [
    3.763022490571302e-05,
    4.887424897342482e-05,
    4.559723051515446e-05,
    4.4473307247598375e-05,
    5.152939972542981e-05,
    5.061226552501546e-05,
    4.8103137039566174e-05,
    4.565114862308148e-05,
    3.294958740351032e-05,
    4.1850266568866306e-05,
    4.8947702429303516e-05,
    4.89477730052385e-05,
    4.977686495322355e-05,
    4.7045043056095555e-05,
    4.086096332015726e-05,
    4.0740656821545395e-05,
    4.510691234354827e-05,
    5.254790576287172e-05,
    4.312954497612593e-05,
    0.0
  ],
  "stage_std_q_target_gap": [
    0.0004439450180570276,
    0.0003508319294425723,
    0.00029360826300947634,
    0.0002751852001470443,
    0.00033722844564978066,
    0.00030605274935565854,
    0.000337278663450869,
    0.00032881772695419375,
    0.00025124242995833867,
    0.0002928848702379152,
    0.0003280879880896184,
    0.0003380919016043135,
    0.0003240939128537302,
    0.000321591443342025,
    0.0002766507704221164,
    0.0002639840038572216,
    0.0003165030062229265,
    0.0003289780155262546,
    0.0002882554676742986,
    0.0
  ],
  "stage_mean_beta_used": [
    0.04536260681613801,
    0.046788225391751544,
    0.048339322374195345,
    0.050030071158022466,
    0.05243868730223877,
    0.05900242541307057,
    0.06216050388335867,
    0.06577165852724608,
    0.06993604590903958,
    0.07478453906945683,
    0.08049061927717276,
    0.08728733093435813,
    0.0954905489300232,
    0.1055264818438841,
    0.1528526655703753,
    0.1744861573690478,
    0.19919990855218173,
    0.25218510149490736,
    0.0,
    0.0
  ],
  "stage_std_beta_used": [
    6.938893903907228e-18,
    1.3877787807814457e-17,
    1.3877787807814457e-17,
    2.0816681711721685e-17,
    2.7755575615628914e-17,
    1.3877787807814457e-17,
    2.0816681711721685e-17,
    0.0,
    0.0,
    1.3877787807814457e-17,
    0.0,
    1.3877787807814457e-17,
    0.0,
    1.3877787807814457e-17,
    2.7755575615628914e-17,
    5.551115123125783e-17,
    2.7755575615628914e-17,
    1.1102230246251565e-16,
    0.0,
    0.0
  ],
  "stage_mean_rho": [
    0.5126046147394135,
    0.512615021882511,
    0.5126193335030457,
    0.5126137943233042,
    0.5125993590931619,
    0.5125650135021722,
    0.5125413470328423,
    0.512535777636331,
    0.5125053096613577,
    0.5124828694959012,
    0.51245385324168,
    0.512418623831298,
    0.5123826582848192,
    0.5123347928192914,
    0.5121134193371593,
    0.5120289451452661,
    0.5119018854356749,
    0.5116716539580228,
    0.5128205128205128,
    0.5128205128205128
  ],
  "stage_std_rho": [
    4.7535178003742834e-05,
    8.880095254175277e-05,
    0.00010499363071945698,
    0.00010071305759305029,
    9.189971430936748e-05,
    9.13107118920991e-05,
    8.8657921759892e-05,
    8.727624868560266e-05,
    9.012108366088678e-05,
    9.312564705239795e-05,
    9.817060604224952e-05,
    0.00010232347746392722,
    0.00010916861948308414,
    0.00011712804040063844,
    0.0001676096566377373,
    0.0001856173413632577,
    0.00021018472883700304,
    0.00025898580738079155,
    1.1102230246251565e-16,
    1.1102230246251565e-16
  ],
  "stage_mean_effective_discount": [
    0.950421001258143,
    0.9504007073291036,
    0.9503922996690611,
    0.9504031010695573,
    0.9504312497683342,
    0.9504982236707638,
    0.9505443732859574,
    0.9505552336091544,
    0.9506146461603528,
    0.9506584044829925,
    0.9507149861787239,
    0.950783683528969,
    0.9508538163446023,
    0.9509471540023814,
    0.9513788322925396,
    0.9515435569667307,
    0.9517913234004337,
    0.9522402747818548,
    0.9499999999999996,
    0.9499999999999996
  ],
  "stage_std_effective_discount": [
    9.26935971072979e-05,
    0.00017316185745642332,
    0.00020473757990292952,
    0.00019639046230646127,
    0.00017920444290327767,
    0.00017805588818960714,
    0.0001728829474317993,
    0.00017018868493691067,
    0.00017573611313874285,
    0.00018159501175219053,
    0.0001914326817823902,
    0.00019953078105465147,
    0.00021287880799200973,
    0.00022839967878125858,
    0.00032683883044360085,
    0.00036195381565835383,
    0.0004098602212321442,
    0.0005050223243925443,
    2.220446049250313e-16,
    2.220446049250313e-16
  ]
}