{
  "total_s": 4.987989000015659,
  "step_s": 0.0,
  "fit_s": 0.0,
  "eval_s": 0.34615129596204497,
  "plot_s": 0.0,
  "other_s": 0.0,
  "train_s": 4.6093372920004185,
  "eval_final_s": 0.18008587500662543,
  "post_s": 0.19464304199209437,
  "steps_per_s": null,
  "updates_per_s": null
}
