{
  "total_s": 7.451574042002903,
  "step_s": 0.0,
  "fit_s": 0.0,
  "eval_s": 0.2782031691458542,
  "plot_s": 0.0,
  "other_s": 0.0,
  "train_s": 7.0799837919767015,
  "eval_final_s": 0.06711241701850668,
  "post_s": 0.30301991701708175,
  "steps_per_s": null,
  "updates_per_s": null
}
