{
  "total_s": 7.260279707988957,
  "step_s": 0.0,
  "fit_s": 0.0,
  "eval_s": 0.792772417946253,
  "plot_s": 0.0,
  "other_s": 0.0,
  "train_s": 6.712455000000773,
  "eval_final_s": 0.1372282909869682,
  "post_s": 0.40814174999832176,
  "steps_per_s": null,
  "updates_per_s": null
}
