{
  "total_s": 7.725412542000413,
  "step_s": 0.0,
  "fit_s": 0.0,
  "eval_s": 0.8497007079713512,
  "plot_s": 0.0,
  "other_s": 0.0,
  "train_s": 7.165665291977348,
  "eval_final_s": 0.14502399999764748,
  "post_s": 0.41220158399664797,
  "steps_per_s": null,
  "updates_per_s": null
}
