{
  "total_s": 5.576174540998181,
  "step_s": 0.0,
  "fit_s": 0.0,
  "eval_s": 0.6292214599670842,
  "plot_s": 0.0,
  "other_s": 0.0,
  "train_s": 5.005936290981481,
  "eval_final_s": 0.22469854200608097,
  "post_s": 0.3410400410066359,
  "steps_per_s": null,
  "updates_per_s": null
}
