{
  "schema_version": "1.0.0",
  "created_at": "2026-04-19T06:09:16Z",
  "phase": "phase2",
  "task": "grid_regime_shift",
  "algorithm": "QLearning",
  "seed": 47,
  "train_steps": 250000,
  "n_transitions": 250000,
  "steps_to_threshold": 16000,
  "auc_disc_return": 0.9298358998030667,
  "final_disc_return_mean": 0.9657560261215348,
  "final_10pct_success_rate": 1.0,
  "adaptation_metrics": {
    "change_at_episode": 200,
    "pre_change_auc": 0.485383823392764,
    "post_change_auc": 0.9456206688281117,
    "lag_to_50pct_recovery": 55,
    "lag_to_75pct_recovery": 61,
    "lag_to_90pct_recovery": 92,
    "post_change_optimum": 0.970299
  },
  "shortcut_risky_path_fraction": 0.0,
  "episode_returns": [
    0.970299,
    0.970299,
    0.970299,
    0.970299,
    0.970299,
    0.96059601,
    0.970299,
    0.970299,
    0.970299,
    0.96059601,
    0.96059601,
    0.970299,
    0.970299,
    0.970299,
    0.970299,
    0.96059601,
    0.970299,
    0.970299,
    0.970299,
    0.970299,
    0.970299,
    0.96059601,
    0.970299,
    0.970299,
    0.9509900498999999,
    0.970299,
    0.96059601,
    0.970299,
    0.9509900498999999,
    0.970299,
    0.970299,
    0.9509900498999999,
    0.96059601,
    0.970299,
    0.970299,
    0.970299,
    0.970299,
    0.96059601,
    0.970299,
    0.96059601,
    0.9509900498999999,
    0.970299,
    0.9509900498999999,
    0.970299,
    0.941480149401,
    0.970299,
    0.970299,
    0.970299,
    0.970299,
    0.9509900498999999,
    0.970299,
    0.970299,
    0.9509900498999999,
    0.970299,
    0.96059601,
    0.96059601,
    0.970299,
    0.96059601,
    0.970299,
    0.970299,
    0.96059601,
    0.970299,
    0.96059601,
    0.96059601,
    0.970299,
    0.96059601,
    0.970299,
    0.970299,
    0.96059601,
    0.970299,
    0.970299,
    0.970299,
    0.970299,
    0.970299,
    0.970299,
    0.970299,
    0.96059601,
    0.970299,
    0.96059601,
    0.96059601,
    0.96059601,
    0.96059601,
    0.970299,
    0.970299,
    0.96059601,
    0.970299,
    0.970299,
    0.970299,
    0.970299,
    0.970299,
    0.96059601,
    0.970299,
    0.970299,
    0.970299,
    0.970299,
    0.9509900498999999,
    0.970299,
    0.970299,
    0.970299,
    0.96059601,
    0.970299,
    0.970299,
    0.970299,
    0.970299,
    0.970299,
    0.96059601,
    0.970299,
    0.970299,
    0.970299,
    0.970299,
    0.96059601,
    0.9509900498999999,
    0.96059601,
    0.970299,
    0.96059601,
    0.970299,
    0.96059601,
    0.9509900498999999,
    0.970299,
    0.96059601,
    0.96059601,
    0.96059601,
    0.970299,
    0.970299,
    0.970299,
    0.970299,
    0.970299,
    0.970299,
    0.970299,
    0.970299,
    0.970299,
    0.970299,
    0.970299,
    0.970299,
    0.970299,
    0.970299,
    0.970299,
    0.970299,
    0.970299,
    0.970299,
    0.96059601,
    0.9509900498999999,
    0.970299,
    0.970299,
    0.96059601,
    0.9509900498999999,
    0.970299,
    0.96059601,
    0.96059601,
    0.970299,
    0.96059601,
    0.970299,
    0.970299,
    0.970299,
    0.970299,
    0.96059601,
    0.970299,
    0.96059601,
    0.96059601,
    0.970299,
    0.970299,
    0.96059601,
    0.96059601,
    0.970299,
    0.96059601,
    0.970299,
    0.970299,
    0.96059601,
    0.970299,
    0.96059601,
    0.970299,
    0.970299,
    0.970299,
    0.96059601,
    0.970299,
    0.970299,
    0.970299,
    0.970299,
    0.970299,
    0.96059601,
    0.96059601,
    0.970299,
    0.970299,
    0.970299,
    0.96059601,
    0.970299,
    0.970299,
    0.96059601,
    0.96059601,
    0.970299,
    0.970299,
    0.970299,
    0.970299,
    0.970299,
    0.970299,
    0.9509900498999999,
    0.970299,
    0.970299,
    0.970299,
    0.970299
  ],
  "episode_returns_noevent": [
    0.970299,
    0.970299,
    0.970299,
    0.970299,
    0.970299,
    0.96059601,
    0.970299,
    0.970299,
    0.970299,
    0.96059601,
    0.96059601,
    0.970299,
    0.970299,
    0.970299,
    0.970299,
    0.96059601,
    0.970299,
    0.970299,
    0.970299,
    0.970299,
    0.970299,
    0.96059601,
    0.970299,
    0.970299,
    0.9509900498999999,
    0.970299,
    0.96059601,
    0.970299,
    0.9509900498999999,
    0.970299,
    0.970299,
    0.9509900498999999,
    0.96059601,
    0.970299,
    0.970299,
    0.970299,
    0.970299,
    0.96059601,
    0.970299,
    0.96059601,
    0.9509900498999999,
    0.970299,
    0.9509900498999999,
    0.970299,
    0.941480149401,
    0.970299,
    0.970299,
    0.970299,
    0.970299,
    0.9509900498999999,
    0.970299,
    0.970299,
    0.9509900498999999,
    0.970299,
    0.96059601,
    0.96059601,
    0.970299,
    0.96059601,
    0.970299,
    0.970299,
    0.96059601,
    0.970299,
    0.96059601,
    0.96059601,
    0.970299,
    0.96059601,
    0.970299,
    0.970299,
    0.96059601,
    0.970299,
    0.970299,
    0.970299,
    0.970299,
    0.970299,
    0.970299,
    0.970299,
    0.96059601,
    0.970299,
    0.96059601,
    0.96059601,
    0.96059601,
    0.96059601,
    0.970299,
    0.970299,
    0.96059601,
    0.970299,
    0.970299,
    0.970299,
    0.970299,
    0.970299,
    0.96059601,
    0.970299,
    0.970299,
    0.970299,
    0.970299,
    0.9509900498999999,
    0.970299,
    0.970299,
    0.970299,
    0.96059601,
    0.970299,
    0.970299,
    0.970299,
    0.970299,
    0.970299,
    0.96059601,
    0.970299,
    0.970299,
    0.970299,
    0.970299,
    0.96059601,
    0.9509900498999999,
    0.96059601,
    0.970299,
    0.96059601,
    0.970299,
    0.96059601,
    0.9509900498999999,
    0.970299,
    0.96059601,
    0.96059601,
    0.96059601,
    0.970299,
    0.970299,
    0.970299,
    0.970299,
    0.970299,
    0.970299,
    0.970299,
    0.970299,
    0.970299,
    0.970299,
    0.970299,
    0.970299,
    0.970299,
    0.970299,
    0.970299,
    0.970299,
    0.970299,
    0.970299,
    0.96059601,
    0.9509900498999999,
    0.970299,
    0.970299,
    0.96059601,
    0.9509900498999999,
    0.970299,
    0.96059601,
    0.96059601,
    0.970299,
    0.96059601,
    0.970299,
    0.970299,
    0.970299,
    0.970299,
    0.96059601,
    0.970299,
    0.96059601,
    0.96059601,
    0.970299,
    0.970299,
    0.96059601,
    0.96059601,
    0.970299,
    0.96059601,
    0.970299,
    0.970299,
    0.96059601,
    0.970299,
    0.96059601,
    0.970299,
    0.970299,
    0.970299,
    0.96059601,
    0.970299,
    0.970299,
    0.970299,
    0.970299,
    0.970299,
    0.96059601,
    0.96059601,
    0.970299,
    0.970299,
    0.970299,
    0.96059601,
    0.970299,
    0.970299,
    0.96059601,
    0.96059601,
    0.970299,
    0.970299,
    0.970299,
    0.970299,
    0.970299,
    0.970299,
    0.9509900498999999,
    0.970299,
    0.970299,
    0.970299,
    0.970299
  ],
  "episode_returns_event": []
}
