{
  "total_s": 4.882656333997147,
  "step_s": 0.0,
  "fit_s": 0.0,
  "eval_s": 0.6693357530166395,
  "plot_s": 0.0,
  "other_s": 0.0,
  "train_s": 4.088226084015332,
  "eval_final_s": 0.5611162919958588,
  "post_s": 0.22166216699406505,
  "steps_per_s": null,
  "updates_per_s": null
}
