{
  "total_s": 8.303913249983452,
  "step_s": 0.0,
  "fit_s": 0.0,
  "eval_s": 1.309733123955084,
  "plot_s": 0.0,
  "other_s": 0.0,
  "train_s": 7.332321750000119,
  "eval_final_s": 0.5070421660202555,
  "post_s": 0.4567897919914685,
  "steps_per_s": null,
  "updates_per_s": null
}
