{
  "total_s": 7.143664916999114,
  "step_s": 0.0,
  "fit_s": 0.0,
  "eval_s": 0.6756192509710672,
  "plot_s": 0.0,
  "other_s": 0.0,
  "train_s": 6.473912749999727,
  "eval_final_s": 0.2624914580010227,
  "post_s": 0.40223441700072726,
  "steps_per_s": null,
  "updates_per_s": null
}
