{
  "schema_version": "1.0.0",
  "created_at": "2026-04-19T06:08:16Z",
  "phase": "phase2",
  "task": "grid_regime_shift",
  "algorithm": "QLearning",
  "seed": 29,
  "train_steps": 250000,
  "n_transitions": 250000,
  "steps_to_threshold": 16000,
  "auc_disc_return": 0.9208523110391313,
  "final_disc_return_mean": 0.9556766732434874,
  "final_10pct_success_rate": 1.0,
  "adaptation_metrics": {
    "change_at_episode": 200,
    "pre_change_auc": 0.4856730673891705,
    "post_change_auc": 0.9207056670202944,
    "lag_to_50pct_recovery": 0,
    "lag_to_75pct_recovery": 0,
    "lag_to_90pct_recovery": 378,
    "post_change_optimum": 0.970299
  },
  "shortcut_risky_path_fraction": 0.0,
  "episode_returns": [
    0.96059601,
    0.9320653479069899,
    0.96059601,
    0.9509900498999999,
    0.96059601,
    0.96059601,
    0.96059601,
    0.96059601,
    0.9509900498999999,
    0.96059601,
    0.9509900498999999,
    0.96059601,
    0.96059601,
    0.9509900498999999,
    0.96059601,
    0.9509900498999999,
    0.96059601,
    0.96059601,
    0.9227446944279201,
    0.96059601,
    0.96059601,
    0.96059601,
    0.96059601,
    0.96059601,
    0.96059601,
    0.96059601,
    0.9509900498999999,
    0.96059601,
    0.9509900498999999,
    0.96059601,
    0.941480149401,
    0.9509900498999999,
    0.96059601,
    0.96059601,
    0.9509900498999999,
    0.9509900498999999,
    0.96059601,
    0.96059601,
    0.96059601,
    0.9509900498999999,
    0.96059601,
    0.96059601,
    0.96059601,
    0.96059601,
    0.96059601,
    0.96059601,
    0.96059601,
    0.9509900498999999,
    0.96059601,
    0.9509900498999999,
    0.96059601,
    0.96059601,
    0.96059601,
    0.9509900498999999,
    0.96059601,
    0.96059601,
    0.96059601,
    0.9509900498999999,
    0.96059601,
    0.9509900498999999,
    0.9509900498999999,
    0.96059601,
    0.96059601,
    0.9509900498999999,
    0.9509900498999999,
    0.96059601,
    0.96059601,
    0.96059601,
    0.9509900498999999,
    0.9509900498999999,
    0.96059601,
    0.9509900498999999,
    0.96059601,
    0.96059601,
    0.96059601,
    0.96059601,
    0.96059601,
    0.9509900498999999,
    0.96059601,
    0.96059601,
    0.96059601,
    0.96059601,
    0.96059601,
    0.9509900498999999,
    0.96059601,
    0.96059601,
    0.9509900498999999,
    0.96059601,
    0.96059601,
    0.96059601,
    0.96059601,
    0.96059601,
    0.9509900498999999,
    0.96059601,
    0.9509900498999999,
    0.941480149401,
    0.96059601,
    0.9509900498999999,
    0.96059601,
    0.9509900498999999,
    0.96059601,
    0.96059601,
    0.96059601,
    0.9509900498999999,
    0.9509900498999999,
    0.96059601,
    0.9509900498999999,
    0.96059601,
    0.9509900498999999,
    0.9509900498999999,
    0.9509900498999999,
    0.96059601,
    0.9509900498999999,
    0.96059601,
    0.96059601,
    0.96059601,
    0.96059601,
    0.96059601,
    0.96059601,
    0.96059601,
    0.96059601,
    0.9509900498999999,
    0.96059601,
    0.96059601,
    0.9509900498999999,
    0.9509900498999999,
    0.96059601,
    0.9509900498999999,
    0.96059601,
    0.96059601,
    0.96059601,
    0.9509900498999999,
    0.96059601,
    0.96059601,
    0.96059601,
    0.96059601,
    0.96059601,
    0.96059601,
    0.96059601,
    0.96059601,
    0.96059601,
    0.9509900498999999,
    0.941480149401,
    0.941480149401,
    0.9509900498999999,
    0.9509900498999999,
    0.9509900498999999,
    0.96059601,
    0.96059601,
    0.96059601,
    0.9509900498999999,
    0.96059601,
    0.96059601,
    0.96059601,
    0.96059601,
    0.96059601,
    0.96059601,
    0.96059601,
    0.96059601,
    0.96059601,
    0.9509900498999999,
    0.9509900498999999,
    0.96059601,
    0.96059601,
    0.96059601,
    0.96059601,
    0.96059601,
    0.9509900498999999,
    0.96059601,
    0.9509900498999999,
    0.96059601,
    0.96059601,
    0.96059601,
    0.96059601,
    0.96059601,
    0.96059601,
    0.941480149401,
    0.96059601,
    0.96059601,
    0.96059601,
    0.96059601,
    0.96059601,
    0.96059601,
    0.9509900498999999,
    0.96059601,
    0.96059601,
    0.96059601,
    0.96059601,
    0.9509900498999999,
    0.96059601,
    0.96059601,
    0.96059601,
    0.96059601,
    0.941480149401,
    0.9509900498999999,
    0.9509900498999999,
    0.96059601,
    0.96059601,
    0.96059601,
    0.96059601
  ],