{
  "total_s": 5.946973665995756,
  "step_s": 0.0,
  "fit_s": 0.0,
  "eval_s": 0.24761428896454163,
  "plot_s": 0.0,
  "other_s": 0.0,
  "train_s": 5.574507374985842,
  "eval_final_s": 0.0675882920040749,
  "post_s": 0.30347062498913147,
  "steps_per_s": null,
  "updates_per_s": null
}
