{
  "total_s": 4.801207042008173,
  "step_s": 0.0,
  "fit_s": 0.0,
  "eval_s": 0.6463987110473681,
  "plot_s": 0.0,
  "other_s": 0.0,
  "train_s": 3.9506877080129925,
  "eval_final_s": 0.6166148750053253,
  "post_s": 0.22219166700961068,
  "steps_per_s": null,
  "updates_per_s": null
}
