{
  "total_s": 9.067608249984914,
  "step_s": 0.0,
  "fit_s": 0.0,
  "eval_s": 0.4523243769654073,
  "plot_s": 0.0,
  "other_s": 0.0,
  "train_s": 8.079672874999233,
  "eval_final_s": 0.343850624980405,
  "post_s": 0.6382069159881212,
  "steps_per_s": null,
  "updates_per_s": null
}
