{
  "total_s": 9.873650666995673,
  "step_s": 0.0,
  "fit_s": 0.0,
  "eval_s": 1.290068167843856,
  "plot_s": 0.0,
  "other_s": 0.0,
  "train_s": 8.9324447500112,
  "eval_final_s": 0.4973385840130504,
  "post_s": 0.43603291700128466,
  "steps_per_s": null,
  "updates_per_s": null
}
