{
  "phase": "phase4",
  "schedule_version": 3,
  "task_family": "dense_chain_cost",
  "scheduler_mode": "stagewise_u",
  "gamma_eval": 0.95,
  "gamma_base": 0.95,
  "sign_family": 1,
  "reward_bound": 0.05,
  "alpha_t": [
    0.36323617479109765,
    0.36218682964822985,
    0.36073085739113664,
    0.3587819561124142,
    0.36051080176671296,
    0.3899714123192043,
    0.39,
    0.38960262602104756,
    0.38864940531554426,
    0.38696022714436434,
    0.3842782366125466,
    0.3802245447966959,
    0.3742165923336659,
    0.3653108817281718,
    0.35187340652375027,
    0.3308083404581062,
    0.3206420493041129,
    0.32904884757149144,
    0.14280500000000002,
    0.14280500000000002
  ],
  "kappa_t": [
    0.9681618087395548,
    0.9681093414824115,
    0.9680365428695568,
    0.9679390978056207,
    0.9680255400883356,
    0.9694985706159602,
    0.9695,
    0.9694801313010524,
    0.9694324702657772,
    0.9693480113572182,
    0.9692139118306273,
    0.9690112272398348,
    0.9687108296166833,
    0.9682655440864085,
    0.9675936703261875,
    0.9665404170229053,
    0.9660321024652057,
    0.9664524423785745,
    0.9554925,
    0.9554925
  ],
  "Bhat_t": [
    1.4630661937204748,
    1.4104731062448113,
    1.3562239821323585,
    1.3002856053358431,
    1.2426252933295436,
    1.182949463528666,
    1.1195988281231168,
    1.0542535617566962,
    0.9868727897215624,
    0.9174159283913136,
    0.8458426888845839,
    0.7721130286616839,
    0.6961870097039794,
    0.6180244830553597,
    0.5375844325292937,
    0.4548235959221766,
    0.36969338232413373,
    0.2817643240111035,
    0.19066051875,
    0.0975,
    0.0
  ],
  "A_t": [
    1.4604731062448113,
    1.4062239821323586,
    1.3502856053358432,
    1.2926252933295437,
    1.232949463528666,
    1.1695988281231169,
    1.1042535617566962,
    1.0368727897215624,
    0.9674159283913136,
    0.895842688884584,
    0.8221130286616839,
    0.7461870097039794,
    0.6680244830553598,
    0.5875844325292937,
    0.5048235959221766,
    0.4196933823241337,
    0.3317643240111035,
    0.24066051875,
    0.14750000000000002,
    0.05
  ],
  "xi_ref_t": [
    0.3616465964995766,
    0.3603741415408939,
    0.3586086031659989,
    0.3562453301161841,
    0.3583417597233174,
    0.39406623058796325,
    0.39410089652836716,
    0.39361903363186806,
    0.39246314090993495,
    0.39041481281252527,
    0.38716258243384843,
    0.38224700219115165,
    0.37496165003121334,
    0.3641624237732213,
    0.3478678975420206,
    0.32232401624386803,
    0.2786211168244297,
    0.19737346302882097,
    0.02,
    0.02
  ],
  "u_target_t": [
    0.018517695834583868,
    0.018459578257440427,
    0.018378939793970643,
    0.01827100064622602,
    0.018366752097848715,
    0.019998416682294393,
    0.020000000000000004,
    0.019977991595011867,
    0.01992519783286091,
    0.01983164334953403,
    0.019683102335464123,
    0.019458590173355467,
    0.019125842036941496,
    0.018632602680329513,
    0.01788837328439232,
    0.016721692702295114,
    0.012060489674494752,
    0.009183576251773956,
    0.002,
    0.002
  ],
  "u_tr_cap_t": [
    0.01656055450439453,
    0.016508102416992188,
    0.01643657684326172,
    0.016341209411621094,
    0.016427040100097656,
    0.01788616180419922,
    0.01788616180419922,
    0.017867088317871094,
    0.01781940460205078,
    0.01773834228515625,
    0.017604827880859375,
    0.017404556274414062,
    0.017104148864746094,
    0.01666545867919922,
    0.015997886657714844,
    0.01495361328125,
    0.009593963623046875,
    0.0073337554931640625,
    0.0,
    0.0
  ],
  "U_safe_ref_t": [
    0.01347712401437617,
    0.013390917459956707,
    0.013271759022189331,
    0.01311308395825265,
    0.013253795285579361,
    0.015765877126687713,
    0.0157684196163899,
    0.0157330967706088,
    0.01564852443495163,
    0.01549921104334633,
    0.015263596857923974,
    0.014910873706377658,
    0.014395622582679797,
    0.013648372889361637,
    0.012558215831521884,
    0.010939634626485452,
    0.009165823496340212,
    0.006663208435458747,
    0.00022545137999577944,
    0.00022545137999577944
  ],
  "u_ref_used_t": [
    0.01347712401437617,
    0.013390917459956707,
    0.013271759022189331,
    0.01311308395825265,
    0.013253795285579361,
    0.015765877126687713,
    0.0157684196163899,
    0.0157330967706088,
    0.01564852443495163,
    0.01549921104334633,
    0.015263596857923974,
    0.014910873706377658,
    0.014395622582679797,
    0.013648372889361637,
    0.012558215831521884,
    0.010939634626485452,
    0.009165823496340212,
    0.006663208435458747,
    0.0,
    0.0
  ],
  "theta_used_t": [
    0.037266005389855646,
    0.0371583749119723,
    0.03700903688594964,
    0.0368091392355263,
    0.036986465925190726,
    0.0400081912707018,
    0.040011123433856224,
    0.03997036582667689,
    0.03987259643968134,
    0.0396993416609655,
    0.039424256243904846,
    0.03900847781906507,
    0.03839225313170413,
    0.03747880615453349,
    0.036100531035649586,
    0.033939868192162895,
    0.03289708834996869,
    0.03375939365509217,
    0.0,
    0.0
  ],
  "beta_used_t": [
    0.025516392756915952,
    0.02642422216098632,
    0.02740830290992012,
    0.028476264100258577,
    0.02999836329003828,
    0.03420676415596611,
    0.03623363765311722,
    0.038548958197090276,
    0.0412155674405571,
    0.044315081379293554,
    0.047954788294844945,
    0.052277079755837834,
    0.057471326434187786,
    0.0637845458110652,
    0.07151117999883434,
    0.0808682472051722,
    0.09915800455044614,
    0.1402780723254473,
    0.0,
    0.0
  ],
  "trust_clip_active_t": [
    true,
    true,
    true,
    true,
    true,
    true,
    true,
    true,
    true,
    true,
    true,
    true,
    true,
    true,
    true,
    true,
    true,
    true,
    true,
    true
  ],
  "safe_clip_active_t": [
    false,
    false,
    false,
    false,
    false,
    false,
    false,
    false,
    false,
    false,
    false,
    false,
    false,
    false,
    false,
    false,
    false,
    false,
    false,
    false
  ],
  "source_phase": "phase4C_scheduler_state_bin_reward_region",
  "notes": "Phase IV-C scheduler ablation: state_bin_reward_region",
  "provenance": {
    "git_sha": "01a22b9945b1a74a643b82b1f38fefc5e36ee5f8",
    "calibration_code_version": "v3.0",
    "input_hashes": {
      "margins": "e7d6b71300293fae",
      "p_align": "071c86d5d2228b8c",
      "n_by_stage": "35d6f04339c16583"
    }
  }
}