{
  "total_s": 9.449977417010814,
  "step_s": 0.0,
  "fit_s": 0.0,
  "eval_s": 0.49211987902526744,
  "plot_s": 0.0,
  "other_s": 0.0,
  "train_s": 8.807715125003597,
  "eval_final_s": 0.3215231249923818,
  "post_s": 0.3139260000025388,
  "steps_per_s": null,
  "updates_per_s": null
}
