{
  "total_s": 6.930819125002017,
  "step_s": 0.0,
  "fit_s": 0.0,
  "eval_s": 0.6726767081127036,
  "plot_s": 0.0,
  "other_s": 0.0,
  "train_s": 6.2715859999880195,
  "eval_final_s": 0.25660566697479226,
  "post_s": 0.3978237909905147,
  "steps_per_s": null,
  "updates_per_s": null
}
