{
  "total_s": 10.921126958011882,
  "step_s": 0.0,
  "fit_s": 0.0,
  "eval_s": 0.5158280799805652,
  "plot_s": 0.0,
  "other_s": 0.0,
  "train_s": 9.89048941701185,
  "eval_final_s": 0.38211945799412206,
  "post_s": 0.6414610409992747,
  "steps_per_s": null,
  "updates_per_s": null
}
