{
  "schema_version": "1.0.0",
  "created_at": "2026-04-19T05:40:02Z",
  "phase": "phase2",
  "task": "chain_regime_shift",
  "algorithm": "ExpectedSARSA",
  "seed": 29,
  "train_steps": 180000,
  "n_transitions": 180000,
  "steps_to_threshold": null,
  "auc_disc_return": 14.880445397781486,
  "final_disc_return_mean": 19.279812033894924,
  "final_10pct_success_rate": 0.0,
  "adaptation_metrics": {
    "change_at_episode": 300,
    "pre_change_auc": 0.0,
    "post_change_auc": 16.51631104467281,
    "lag_to_50pct_recovery": 16,
    "lag_to_75pct_recovery": 68,
    "lag_to_90pct_recovery": 2582,
    "post_change_optimum": 21.1743950671409
  },
  "shortcut_risky_path_fraction": 0.0,
  "episode_returns": [
    21.742233792909403,
    19.59578274410419,
    19.387436366181106,
    18.668039437748142,
    19.297642295921413,
    17.949305581083987,
    19.53677324648575,
    20.249158015938963,
    18.81156286963615,
    18.95054655773707,
    20.246483834603872,
    19.641277215929264,
    17.877461954886616,
    19.632344778513996,
    17.268657038834192,
    21.294497360860074,
    20.169545640805005,
    20.341456267909503,
    17.903121298424544,
    18.810118283841902,
    19.732097211089826,
    18.576295453945953,
    18.946419267858833,
    20.41689238999794,
    20.730167449502755,
    19.534716761472932,
    20.238809378799573,
    21.733972106671047,
    17.451623917444966,
    19.100473942864863,
    20.16190537281299,
    21.330169937006925,
    20.931096567285255,
    20.466441709430057,
    18.67016844983433,
    18.836230778808265,
    19.34951253548244,
    19.56861907017955,
    17.96453455329882,
    19.48613001616411,
    18.372592496082717,
    21.11927737940745,
    17.690460730039582,
    19.692740057011065,
    20.94866551331475,
    20.14227184126908,
    20.095561536070107,
    18.623934824325534,
    20.25986523865317,
    20.249477935380895,
    21.26507966488121,
    20.44399222117216,
    19.326039412602398,
    17.981846849333436,
    20.140894121205108,
    18.929899865452146,
    17.163613178832946,
    20.711969155975694,
    18.724396850177044,
    20.52964315332296,
    20.174958247323108,
    18.056885741370706,
    20.377749871610895,
    19.854283687210813,
    19.806840899745698,
    21.31819021187153,
    19.947671697715766,
    18.622988660553034,
    20.26948916008072,
    20.26067556935363,
    20.561444434111305,
    19.032381564825734,
    18.76059087605912,
    19.45428583406302,
    20.498100724018677,
    20.439097772712053,
    18.515064081560038,
    18.675053762575388,
    20.06798075238083,
    18.9223949084251,
    19.14772521887169,
    19.719517376672904,
    19.525470555363103,
    18.692881339477335,
    21.788613051771435,
    21.117784542388087,
    18.420127026426634,
    18.645522891399214,
    19.611684020884685,
    20.075535616510308,
    20.264429249891865,
    20.511709342355704,
    18.55532896440196,
    19.46441810129943,
    17.767192092716524,
    19.38287519897951,
    17.8810708847086,
    17.91097580712817,
    20.273556608443453,
    17.12939759618542,
    19.517981814195714,
    18.58917988478067,
    19.23757851401177,
    19.439804867734853,
    19.396662216405254,
    21.08935718867334,
    20.101506468634337,
    18.40620547620715,
    19.670414556896937,
    18.48533141011746,
    19.38791671269974,
    19.413861313822746,
    19.34833131387593,
    17.249806851499812,
    19.307190093083797,
    19.4990458174012,
    18.039965630929746,
    20.47952741697997,
    19.610661397290535,
    20.352077356188204,
    19.232386524391895,
    19.46504880471431,
    21.742233792909403,
    19.822622965765714,
    18.564186178862666,
    21.038000265395247,
    21.359415773055268,
    20.402886573434298,
    18.494579215717575,
    21.06549036861325,
    17.736318085679585,
    19.53851940178457,
    16.857508167857805,
    19.5705112363316,
    20.682339467229607,
    20.41912569412709,
    21.890852717513983,
    18.178149460794284,
    19.726586499421238,
    20.13479628746966,
    19.536274945076617,
    18.804379040651998,
    19.618838933703465,
    21.017154156011003,
    18.44027384820184,
    20.298578135758735,
    20.19608054673145,
    19.56997718318961,
    19.47488260761072,
    20.512598877306054,
    21.328804295822124,
    16.416941999253723,
    19.200102334150788,
    20.023281223045743,
    20.018816661674194,
    17.08795001696533,
    21.060673054722646,
    18.567413903660828,
    21.040202328258157,
    19.271912240783113,
    18.960966522398166,
    20.329043037961263,
    19.630697274863373,
    20.24457958726769,
    20.42947411106211,
    18.62617920311702,
    16.766715415240842,
    17.768913413945583,
    18.884350865091832,
    20.501401621960266,
    21.123112644508847,
    20.71797932909188,
    18.154309965027952,
    20.78396742633122,
    18.80606360506969,
    21.126213974321928,
    20.590524909956198,
    18.43811208632214,
    17.79530713613179,
    18.803911433673782,
    19.802039188647495,
    18.923237003129774,
    20.091592747139888,
    20.711742564042037,
    18.989964014257975,
    21.188320770041997,
    18.76696881805189,
    18.623144796161665,
    20.969928545432047,
    18.961076674747595,
    17.91648449489924,
    19.975404066434468,
    17.096969864792484,
    18.662991925207777,
    17.89073252700442,
    19.51292391530538,
    19.52627435815281,
    19.277518102960485,
    17.479775017881312,
    21.098230271124255
  ],