{
  "total_s": 5.973222166008782,
  "step_s": 0.0,
  "fit_s": 0.0,
  "eval_s": 0.6376161670486908,
  "plot_s": 0.0,
  "other_s": 0.0,
  "train_s": 5.562418125016848,
  "eval_final_s": 0.20089962499332614,
  "post_s": 0.20529066599556245,
  "steps_per_s": null,
  "updates_per_s": null
}
