{
  "suite": "smoke",
  "task": "chain_catastrophe",
  "algorithm": "QLearning",
  "n_seeds": 1,
  "seeds": [
    11
  ],
  "scalar_metrics": {
    "train_steps": {
      "mean": 2000.0,
      "n_seeds": 1
    },
    "n_transitions": {
      "mean": 2000.0,
      "n_seeds": 1
    },
    "final_disc_return_mean": {
      "mean": -4.757173914602281,
      "n_seeds": 1
    },
    "auc_disc_return": {
      "mean": -3.3503631333234916,
      "n_seeds": 1
    },
    "steps_to_threshold": {
      "mean": 1000.0,
      "n_seeds": 1
    }
  },
  "tail_risk": {
    "return_cvar_5pct_mean": -6.631184246264029,
    "return_cvar_10pct_mean": -3.3155921231320145,
    "event_rate_mean": 0.05,
    "event_conditioned_return_mean": -6.631184246264029
  },
  "adaptation": {
    "adaptation_pre_change_auc_mean": null,
    "adaptation_post_change_auc_mean": null,
    "adaptation_lag_50pct_mean": null,
    "adaptation_lag_75pct_mean": null,
    "adaptation_lag_90pct_mean": null,
    "regime_shift_episode_mean": -1.0
  },
  "event_rates": {
    "jackpot_event_rate_mean": 0.0,
    "catastrophe_event_rate_mean": 0.0005,
    "hazard_hit_rate_mean": 0.0,
    "shortcut_risky_path_fraction_mean": 0.075
  },
  "curves": {
    "steps": [
      1000,
      2000
    ],
    "mean_return": [
      -1.943552352044702,
      -4.757173914602281
    ],
    "std_return": [
      4.209634747179915,
      4.551167584580991
    ],
    "success_rate": [
      0.3,
      0.6
    ],
    "episode_returns": [
      -1.943552352044702,
      -4.757173914602281
    ]
  },
  "checkpoints": [
    1000,
    2000
  ],
  "episode_returns": {
    "11": [
      0.0,
      0.0,
      -6.298236312032323,
      0.0,
      0.0,
      0.0,
      0.0,
      0.0,
      0.0,
      0.0,
      0.0,
      0.0,
      0.0,
      0.0,
      0.0,
      0.0,
      0.0,
      0.0,
      0.0,
      0.0,
      0.0,
      0.0,
      0.0,
      0.0,
      -6.964132180495735,
      0.0,
      0.0,
      0.0,
      0.0,
      0.0,
      0.0,
      0.0,
      0.0,
      0.0,
      0.0,
      0.0,
      0.0,
      0.0,
      0.0,
      0.0
    ]
  },
  "change_at_episode": null,
  "visitation_counts": [
    349,
    292,
    253,
    235,
    200,
    164,
    119,
    100,
    85,
    62,
    49,
    42,
    29,
    17,
    3,
    1
  ]
}
