{
  "total_s": 6.055984666978475,
  "step_s": 0.0,
  "fit_s": 0.0,
  "eval_s": 0.4203719589859247,
  "plot_s": 0.0,
  "other_s": 0.0,
  "train_s": 5.424293208983727,
  "eval_final_s": 0.21387974999379367,
  "post_s": 0.413531124999281,
  "steps_per_s": null,
  "updates_per_s": null
}
