{
  "total_s": 4.165275041013956,
  "step_s": 0.0,
  "fit_s": 0.0,
  "eval_s": 0.6167697490600403,
  "plot_s": 0.0,
  "other_s": 0.0,
  "train_s": 3.4705430830072146,
  "eval_final_s": 0.5692540419986472,
  "post_s": 0.1143818749987986,
  "steps_per_s": null,
  "updates_per_s": null
}
