{
  "total_s": 9.62926050000533,
  "step_s": 0.0,
  "fit_s": 0.0,
  "eval_s": 1.3863653760126908,
  "plot_s": 0.0,
  "other_s": 0.0,
  "train_s": 8.88518783300242,
  "eval_final_s": 0.49199558299733326,
  "post_s": 0.24388241700216895,
  "steps_per_s": null,
  "updates_per_s": null
}
