{
  "schema_version": "1.0.0",
  "created_at": "2026-04-18T19:55:06Z",
  "phase": "phase3",
  "task": "grid_regime_shift",
  "algorithm": "SafeQLearning",
  "seed": 29,
  "train_steps": 250000,
  "n_transitions": 250000,
  "steps_to_threshold": 16000,
  "auc_disc_return": 0.8725226489057138,
  "final_disc_return_mean": 0.9046004717827735,
  "final_10pct_success_rate": 1.0,
  "adaptation_metrics": {
    "change_at_episode": 200,
    "pre_change_auc": 0.4683134984147644,
    "post_change_auc": 0.8667543036152892,
    "lag_to_50pct_recovery": 0,
    "lag_to_75pct_recovery": 0,
    "lag_to_90pct_recovery": 62,
    "post_change_optimum": 0.9320653479069899
  },
  "shortcut_risky_path_fraction": 0.0,
  "episode_returns": [
    0.8953382542587164,
    0.8775210229989678,
    0.9135172474836408,
    0.9135172474836408,
    0.9135172474836408,
    0.9135172474836408,
    0.8775210229989678,
    0.8775210229989678,
    0.8953382542587164,
    0.9135172474836408,
    0.9135172474836408,
    0.9135172474836408,
    0.9135172474836408,
    0.8953382542587164,
    0.9135172474836408,
    0.8953382542587164,
    0.9135172474836408,
    0.9135172474836408,
    0.9135172474836408,
    0.9135172474836408,
    0.8953382542587164,
    0.9135172474836408,
    0.8775210229989678,
    0.8953382542587164,
    0.8775210229989678,
    0.8953382542587164,
    0.8775210229989678,
    0.8953382542587164,
    0.8775210229989678,
    0.9135172474836408,
    0.9135172474836408,
    0.9135172474836408,
    0.9135172474836408,
    0.9135172474836408,
    0.9135172474836408,
    0.9135172474836408,
    0.9135172474836408,
    0.9135172474836408,
    0.9135172474836408,
    0.9135172474836408,
    0.9135172474836408,
    0.9135172474836408,
    0.9135172474836408,
    0.9135172474836408,
    0.9135172474836408,
    0.9135172474836408,
    0.8953382542587164,
    0.9135172474836408,
    0.9135172474836408,
    0.9135172474836408,
    0.8775210229989678,
    0.9135172474836408,
    0.9135172474836408,
    0.9135172474836408,
    0.8953382542587164,
    0.8953382542587164,
    0.9135172474836408,
    0.9135172474836408,
    0.8775210229989678,
    0.9135172474836408,
    0.8953382542587164,
    0.9135172474836408,
    0.9135172474836408,
    0.8953382542587164,
    0.9135172474836408,
    0.8775210229989678,
    0.9135172474836408,
    0.8953382542587164,
    0.9135172474836408,
    0.9135172474836408,
    0.8687458127689782,
    0.8953382542587164,
    0.9135172474836408,
    0.9135172474836408,
    0.9135172474836408,
    0.9135172474836408,
    0.9135172474836408,
    0.9135172474836408,
    0.9135172474836408,
    0.8775210229989678,
    0.9135172474836408,
    0.8953382542587164,
    0.9135172474836408,
    0.9135172474836408,
    0.8953382542587164,
    0.9135172474836408,
    0.8953382542587164,
    0.9135172474836408,
    0.9135172474836408,
    0.8953382542587164,
    0.8775210229989678,
    0.8953382542587164,
    0.9135172474836408,
    0.9135172474836408,
    0.8953382542587164,
    0.9135172474836408,
    0.9135172474836408,
    0.8775210229989678,
    0.9135172474836408,
    0.9135172474836408,
    0.9135172474836408,
    0.9135172474836408,
    0.8953382542587164,
    0.9135172474836408,
    0.8953382542587164,
    0.8953382542587164,
    0.9135172474836408,
    0.8953382542587164,
    0.9135172474836408,
    0.9135172474836408,
    0.9135172474836408,
    0.8953382542587164,
    0.9135172474836408,
    0.9135172474836408,
    0.8775210229989678,
    0.8953382542587164,
    0.9135172474836408,
    0.9135172474836408,
    0.9135172474836408,
    0.9135172474836408,
    0.9135172474836408,
    0.9135172474836408,
    0.9135172474836408,
    0.9135172474836408,
    0.9135172474836408,
    0.8953382542587164,
    0.9135172474836408,
    0.9135172474836408,
    0.8953382542587164,
    0.9135172474836408,
    0.9135172474836408,
    0.9135172474836408,
    0.9135172474836408,
    0.8953382542587164,
    0.9135172474836408,
    0.9135172474836408,
    0.9135172474836408,
    0.9135172474836408,
    0.8953382542587164,
    0.8953382542587164,
    0.8953382542587164,
    0.8429431933839268,
    0.8953382542587164,
    0.9135172474836408,
    0.9135172474836408,
    0.9135172474836408,
    0.9135172474836408,
    0.9135172474836408,
    0.9135172474836408,
    0.9135172474836408,
    0.9135172474836408,
    0.8953382542587164,
    0.9135172474836408,
    0.9135172474836408,
    0.9135172474836408,
    0.8775210229989678,
    0.9135172474836408,
    0.9135172474836408,
    0.8953382542587164,
    0.9135172474836408,
    0.8775210229989678,
    0.9135172474836408,
    0.9135172474836408,
    0.8953382542587164,
    0.8953382542587164,
    0.8775210229989678,
    0.8687458127689782,
    0.8775210229989678,
    0.8953382542587164,
    0.8775210229989678,
    0.9135172474836408,
    0.9135172474836408,
    0.9135172474836408,
    0.8953382542587164,
    0.9135172474836408,
    0.9135172474836408,
    0.9135172474836408,
    0.8775210229989678,
    0.9135172474836408,
    0.9135172474836408,
    0.9135172474836408,
    0.9135172474836408,
    0.9135172474836408,
    0.9135172474836408,
    0.9135172474836408,
    0.9135172474836408,
    0.8953382542587164,
    0.9135172474836408,
    0.8775210229989678,
    0.8775210229989678,
    0.8953382542587164,
    0.8953382542587164,
    0.9135172474836408,
    0.8953382542587164,
    0.9135172474836408,
    0.9135172474836408,
    0.9135172474836408,
    0.9135172474836408,
    0.9135172474836408,
    0.9135172474836408
  ],