{
  "total_s": 7.042872833990259,
  "step_s": 0.0,
  "fit_s": 0.0,
  "eval_s": 0.34871633295551874,
  "plot_s": 0.0,
  "other_s": 0.0,
  "train_s": 6.431650250015082,
  "eval_final_s": 0.10225674998946488,
  "post_s": 0.5071928749966901,
  "steps_per_s": null,
  "updates_per_s": null
}
