{
  "phase": "III",
  "task": "chain_regime_shift_post_shift",
  "algorithm": "SafeVI",
  "n_seeds": 5,
  "seeds": [
    "seed_11",
    "seed_29",
    "seed_47",
    "seed_67",
    "seed_83"
  ],
  "metrics": {
    "beta_used_max": {
      "mean": 0.002010091533229614,
      "std": 0.0,
      "median": 0.002010091533229614,
      "q25": 0.002010091533229614,
      "q75": 0.002010091533229614,
      "iqr": 0.0,
      "ci_low": 0.002010091533229614,
      "ci_high": 0.002010091533229614
    },
    "beta_used_min": {
      "mean": 0.0,
      "std": 0.0,
      "median": 0.0,
      "q25": 0.0,
      "q75": 0.0,
      "iqr": 0.0,
      "ci_low": 0.0,
      "ci_high": 0.0
    },
    "clip_fraction": {
      "mean": 0.05,
      "std": 0.0,
      "median": 0.05,
      "q25": 0.05,
      "q75": 0.05,
      "iqr": 0.0,
      "ci_low": 0.05,
      "ci_high": 0.05
    },
    "final_bellman_residual": {
      "mean": 9.851921368430515,
      "std": 0.0,
      "median": 9.851921368430515,
      "q25": 9.851921368430515,
      "q75": 9.851921368430515,
      "iqr": 0.0,
      "ci_low": 9.851921368430515,
      "ci_high": 9.851921368430515
    },
    "n_stages_clipped": {
      "mean": 3.0,
      "std": 0.0,
      "median": 3.0,
      "q25": 3.0,
      "q75": 3.0,
      "iqr": 0.0,
      "ci_low": 3.0,
      "ci_high": 3.0
    },
    "n_states": {
      "mean": 25.0,
      "std": 0.0,
      "median": 25.0,
      "q25": 25.0,
      "q75": 25.0,
      "iqr": 0.0,
      "ci_low": 25.0,
      "ci_high": 25.0
    },
    "n_sweeps": {
      "mean": 1.0,
      "std": 0.0,
      "median": 1.0,
      "q25": 1.0,
      "q75": 1.0,
      "iqr": 0.0,
      "ci_low": 1.0,
      "ci_high": 1.0
    },
    "schedule_sign": {
      "mean": 1.0,
      "std": 0.0,
      "median": 1.0,
      "q25": 1.0,
      "q75": 1.0,
      "iqr": 0.0,
      "ci_low": 1.0,
      "ci_high": 1.0
    },
    "seed": {
      "mean": 47.4,
      "std": 28.788886744714528,
      "median": 47.0,
      "q25": 29.0,
      "q75": 67.0,
      "iqr": 38.0,
      "ci_low": 25.4,
      "ci_high": 69.4
    },
    "wall_clock_s": {
      "mean": 0.0009718250003061257,
      "std": 4.271547868533207e-05,
      "median": 0.0009577079981681891,
      "q25": 0.000937459000851959,
      "q75": 0.001007958002446685,
      "iqr": 7.0499001594726e-05,
      "ci_low": 0.0009386751989950426,
      "ci_high": 0.0010049748016172089
    }
  },
  "provenance": {
    "schedule_path": "/Users/liq/Documents/Claude/Projects/LSE_RL/results/weighted_lse_dp/phase3/calibration/chain_regime_shift/schedule.json",
    "calibration_hash": "bb30c7ed62e7c04d52e7991d66fad0aa7b6ba2b6ae61d511a9590bc4261adb86",
    "source_phase": "phase2"
  }
}
