{
  "total_s": 5.562683500000276,
  "step_s": 0.0,
  "fit_s": 0.0,
  "eval_s": 0.6452967059449293,
  "plot_s": 0.0,
  "other_s": 0.0,
  "train_s": 4.678244750015438,
  "eval_final_s": 0.6397954580024816,
  "post_s": 0.23310300000593998,
  "steps_per_s": null,
  "updates_per_s": null
}
