{
  "total_s": 8.684034416997747,
  "step_s": 0.0,
  "fit_s": 0.0,
  "eval_s": 1.3580468749933061,
  "plot_s": 0.0,
  "other_s": 0.0,
  "train_s": 7.645590542000718,
  "eval_final_s": 0.5234786669971072,
  "post_s": 0.5068019169993931,
  "steps_per_s": null,
  "updates_per_s": null
}
