{
  "schema_version": "1.0.0",
  "phase": "phase4C",
  "task": "dense_chain_cost_1",
  "algorithm": "safe_target_q_polyak",
  "seed": 1024,
  "train_steps": 20000,
  "n_transitions": 20000,
  "mean_return": -0.6415140775914574,
  "final_disc_return_mean": -0.6415140775914574,
  "mean_q_target_gap": 7.846029307917088e-06,
  "std_q_target_gap": 0.00010652356825796845,
  "p5_q_target_gap": 0.0,
  "p95_q_target_gap": 3.615163723935565e-16,
  "mean_beta_used": 0.03414023924722289,
  "std_beta_used": 0.023814349756885244,
  "p5_beta_used": 0.0,
  "p95_beta_used": 0.07436672849416094,
  "mean_rho": 0.5124308435837844,
  "std_rho": 0.00030202881461165176,
  "p5_rho": 0.5119064273085729,
  "p95_rho": 0.5128205128205129,
  "mean_effective_discount": 0.9507598550116203,
  "std_effective_discount": 0.0005889561884927179,
  "p5_effective_discount": 0.9499999999999998,
  "p95_effective_discount": 0.9517824667482827,
  "stage_mean_q_target_gap": [
    4.769429784595343e-06,
    1.288527486398726e-05,
    2.2252920068617113e-06,
    8.552196512637035e-06,
    7.493388689531481e-06,
    1.5600417466034872e-05,
    1.2726418648068196e-05,
    1.268688716203074e-05,
    7.336726590383933e-06,
    7.979936434856801e-06,
    4.401607234283683e-06,
    6.166269670383105e-06,
    1.1339611587739734e-05,
    8.14742645869935e-06,
    4.084511629479215e-06,
    1.1833929288274284e-05,
    7.597440600226444e-06,
    9.050744372582182e-06,
    2.0430771576863762e-06,
    0.0
  ],
  "stage_std_q_target_gap": [
    7.835917651014224e-05,
    0.00013505249940731193,
    2.658762615274151e-05,
    0.00010070980027918843,
    0.00010328698783528011,
    0.00016189746152556466,
    0.00015051828061839239,
    0.00015809657719665618,
    0.00010148300530432201,
    0.00010273380544569778,
    5.6316862636740476e-05,
    8.470285286848368e-05,
    0.00012792530756667664,
    9.97197629199188e-05,
    7.325357837899536e-05,
    0.000123357731653049,
    0.00011203022786230851,
    0.00011399936438881811,
    5.675354005861281e-05,
    0.0
  ],
  "stage_mean_beta_used": [
    0.018304367916000826,
    0.018880582576678927,
    0.019507467507026754,
    0.02019073459540788,
    0.020936636047555583,
    0.02175181800136148,
    0.02875375230849497,
    0.02517149500648957,
    0.02823991408177651,
    0.030200452434985422,
    0.03250780731382831,
    0.035256230319631036,
    0.03857346275063237,
    0.04263182744737092,
    0.0611563208259073,
    0.07049614735161151,
    0.0731716000791038,
    0.09707416838059453,
    0.0,
    0.0
  ],
  "stage_std_beta_used": [
    3.469446951953614e-18,
    0.0,
    0.0,
    0.0,
    3.469446951953614e-18,
    6.938893903907228e-18,
    6.938893903907228e-18,
    0.0,
    3.469446951953614e-18,
    3.469446951953614e-18,
    1.3877787807814457e-17,
    6.938893903907228e-18,
    6.938893903907228e-18,
    0.0,
    2.0816681711721685e-17,
    1.3877787807814457e-17,
    0.0,
    1.3877787807814457e-17,
    0.0,
    0.0
  ],
  "stage_mean_rho": [
    0.51260258963098,
    0.5126122820837005,
    0.5126150211542306,
    0.5126105014390816,
    0.512595611491221,
    0.5125784023176304,
    0.5124970640037776,
    0.5125363801630586,
    0.5124985643671093,
    0.5124746864031765,
    0.512446252935215,
    0.512413133140932,
    0.5123763191864046,
    0.5123295330916987,
    0.5121122336200858,
    0.5120067373889349,
    0.5119709575430536,
    0.5116995760743747,
    0.5128205128205128,
    0.5128205128205128
  ],
  "stage_std_rho": [
    4.7421757701074144e-05,
    8.784700478083387e-05,
    0.00010091495228066344,
    9.782934003026851e-05,
    8.68286269322999e-05,
    7.9600550573084e-05,
    9.764300778456658e-05,
    8.180724418799147e-05,
    8.737097331480649e-05,
    8.967456749889495e-05,
    9.348816507967341e-05,
    9.659639150411558e-05,
    0.00010678517020981291,
    0.00011467007041515007,
    0.00016267058655470068,
    0.00018710228474575456,
    0.00018997277299035296,
    0.00025314519925136674,
    1.1102230246251565e-16,
    1.1102230246251565e-16
  ],
  "stage_mean_effective_discount": [
    0.9504249502195895,
    0.950406049936784,
    0.9504007087492508,
    0.9504095221937907,
    0.9504385575921191,
    0.9504721154806207,
    0.9506307251926339,
    0.9505540586820358,
    0.9506277994841368,
    0.9506743615138055,
    0.9507298067763311,
    0.9507943903751831,
    0.950866177586511,
    0.9509574104711878,
    0.9513811444408332,
    0.9515868620915775,
    0.9516566327910455,
    0.95218582665497,
    0.9499999999999996,
    0.9499999999999996
  ],
  "stage_std_effective_discount": [
    9.247242751707889e-05,
    0.00017130165932263827,
    0.0001967841569472976,
    0.00019076721305902225,
    0.0001693158225179957,
    0.000155221073617507,
    0.00019040386517992023,
    0.0001595241261665886,
    0.00017037339796388486,
    0.00017486540662283045,
    0.0001823019219053612,
    0.00018836296343303696,
    0.00020823108190914762,
    0.00022360663730955517,
    0.0003172076437816646,
    0.0003648494552542262,
    0.00037044690733117723,
    0.000493633138540156,
    2.220446049250313e-16,
    2.220446049250313e-16
  ]
}