{
  "total_s": 4.526812875003088,
  "step_s": 0.0,
  "fit_s": 0.0,
  "eval_s": 0.6088783360028174,
  "plot_s": 0.0,
  "other_s": 0.0,
  "train_s": 3.750903999985894,
  "eval_final_s": 0.5576746250153519,
  "post_s": 0.20709400001214817,
  "steps_per_s": null,
  "updates_per_s": null
}
