{
  "task_family": "chain_regime_shift",
  "gamma": 0.99,
  "sign": 1,
  "source_phase": "phase2",
  "reward_bound": 1.0,
  "ablation_type": "alpha_constant_0.05",
  "alpha_t": [
    0.05,
    0.05,
    0.05,
    0.05,
    0.05,
    0.05,
    0.05,
    0.05,
    0.05,
    0.05,
    0.05,
    0.05,
    0.05,
    0.05,
    0.05,
    0.05,
    0.05,
    0.05,
    0.05,
    0.05,
    0.05,
    0.05,
    0.05,
    0.05,
    0.05,
    0.05,
    0.05,
    0.05,
    0.05,
    0.05,
    0.05,
    0.05,
    0.05,
    0.05,
    0.05,
    0.05,
    0.05,
    0.05,
    0.05,
    0.05,
    0.05,
    0.05,
    0.05,
    0.05,
    0.05,
    0.05,
    0.05,
    0.05,
    0.05,
    0.05,
    0.05,
    0.05,
    0.05,
    0.05,
    0.05,
    0.05,
    0.05,
    0.05,
    0.05,
    0.05
  ],
  "kappa_t": [
    0.9904999999999999,
    0.9904999999999999,
    0.9904999999999999,
    0.9904999999999999,
    0.9904999999999999,
    0.9904999999999999,
    0.9904999999999999,
    0.9904999999999999,
    0.9904999999999999,
    0.9904999999999999,
    0.9904999999999999,
    0.9904999999999999,
    0.9904999999999999,
    0.9904999999999999,
    0.9904999999999999,
    0.9904999999999999,
    0.9904999999999999,
    0.9904999999999999,
    0.9904999999999999,
    0.9904999999999999,
    0.9904999999999999,
    0.9904999999999999,
    0.9904999999999999,
    0.9904999999999999,
    0.9904999999999999,
    0.9904999999999999,
    0.9904999999999999,
    0.9904999999999999,
    0.9904999999999999,
    0.9904999999999999,
    0.9904999999999999,
    0.9904999999999999,
    0.9904999999999999,
    0.9904999999999999,
    0.9904999999999999,
    0.9904999999999999,
    0.9904999999999999,
    0.9904999999999999,
    0.9904999999999999,
    0.9904999999999999,
    0.9904999999999999,
    0.9904999999999999,
    0.9904999999999999,
    0.9904999999999999,
    0.9904999999999999,
    0.9904999999999999,
    0.9904999999999999,
    0.9904999999999999,
    0.9904999999999999,
    0.9904999999999999,
    0.9904999999999999,
    0.9904999999999999,
    0.9904999999999999,
    0.9904999999999999,
    0.9904999999999999,
    0.9904999999999999,
    0.9904999999999999,
    0.9904999999999999,
    0.9904999999999999,
    0.9904999999999999
  ],
  "Bhat_t": [
    91.33333137058622,
    90.20023358968827,
    89.05626813698969,
    87.90133077939394,
    86.73531628409283,
    85.55811840897813,
    84.36962989296127,
    83.16974244620019,
    81.9583467402324,
    80.73533239801354,
    79.50058798386023,
    78.25400099329656,
    76.99545784280319,
    75.72484385946815,
    74.44204327053828,
    73.14693919287056,
    71.83941362228225,
    70.51934742279884,
    69.18662031579895,
    67.84111086905497,
    66.48269648566884,
    65.11125339290142,
    63.72665663089492,
    62.32878004128715,
    60.917496255716465,
    59.492676684216526,
    58.05419150349977,
    56.601909645128494,
    55.13569878357244,
    53.65542532415188,
    52.1609543908651,
    50.65214981409904,
    49.12887411822215,
    47.59098850905821,
    46.038352861239986,
    44.47082570544168,
    42.888264215488825,
    41.2905241953446,
    39.67746006597133,
    38.04892485206596,
    36.40477016866831,
    34.7448462076409,
    33.06900172401908,
    31.37708402223027,
    29.668938942180993,
    27.944410845210495,
    26.20334259990964,
    24.44557556780378,
    22.670949588898317,
    20.879302967085632,
    19.070472455412048,
    17.244293241203483,
    15.400598931048444,
    13.539221535636996,
    11.659991454454312,
    9.762737460327424,
    7.84728668382375,
    5.9134645975,
    3.961095,
    1.99,
    0.0
  ],
  "margin_quantile": 0.75,
  "informativeness_t": [
    0.0,
    0.11840259529370724,
    0.046081113711948445,
    0.06292092371925824,
    0.07913151576783231,
    0.09387335324171299,
    0.07325715064806364,
    0.07662248707410935,
    0.07059266288951582,
    0.10590403257959233,
    0.04943472039116327,
    0.08920730781874568,
    0.09730974848905652,
    0.060509148868247195,
    0.08192595088634828,
    0.07722012841249218,
    0.08375466419923333,
    0.08355669051797428,
    0.08860206656459046,
    0.09609837877497321,
    0.07232585246897928,
    0.052166839573599404,
    0.06071390398690694,
    0.09380509848902964,
    0.08709750939870525,
    0.055457914972854586,
    0.07510561522872422,
    0.08230115478397738,
    0.0713396755769575,
    0.07442276841920083,
    0.09257424692342564,
    0.05364445177011204,
    0.07419868686881796,
    0.09349389851492906,
    0.08928395897275017,
    0.0784166606578783,
    0.04308757130187552,
    0.09385499487277216,
    0.05973258203803419,
    0.08090667593412557,
    0.06092285780982419,
    0.0944521456271716,
    0.060005942534587034,
    0.06737930387383409,
    0.08325168130439035,
    0.09572600406746398,
    0.08021663154865248,
    0.05908130848310424,
    0.06730412734692248,
    0.07880886031919498,
    0.07209980534783375,
    0.09596073015059843,
    0.0754259107252421,
    0.05643009842395892,
    0.08924375327692387,
    0.07803736550188727,
    0.0774903514516381,
    0.2290694242614522,
    0.9764123858471961,
    0.9999999998399539
  ],
  "d_target_t": [
    0.891,
    0.844112572263692,
    0.8727518789700685,
    0.8660833142071738,
    0.8596639197559384,
    0.8538261521162817,
    0.8619901683433668,
    0.8606574951186526,
    0.8630453054957518,
    0.8490620030984815,
    0.8714238507250993,
    0.8556739061037767,
    0.8524653395983337,
    0.8670383770481741,
    0.8585573234490061,
    0.8604208291486531,
    0.8578331529771036,
    0.8579115505548821,
    0.8559135816404221,
    0.8529450420051106,
    0.8623589624222842,
    0.8703419315288546,
    0.8669572940211848,
    0.8538531809983443,
    0.8565093862781127,
    0.8690386656707496,
    0.8612581763694251,
    0.8584087427055449,
    0.8627494884715248,
    0.8615285837059965,
    0.8543405982183235,
    0.8697567970990356,
    0.8616173199999481,
    0.8539764161880881,
    0.8556435522467909,
    0.8599470023794802,
    0.8739373217644573,
    0.8538334220303823,
    0.8673458975129384,
    0.8589609563300863,
    0.8668745483073096,
    0.8535969503316401,
    0.8672376467563035,
    0.8643177956659616,
    0.8580323342034614,
    0.8530925023892842,
    0.8592342139067335,
    0.8676038018406907,
    0.8643475655706188,
    0.8597916913135988,
    0.8624484770822578,
    0.8529995508603629,
    0.8611313393528041,
    0.8686536810241122,
    0.8556594737023382,
    0.8600972032612526,
    0.8603138208251513,
    0.8002885079924649,
    0.5043406952045103,
    0.49500000006337824
  ],
  "beta_raw_t": [
    0.0,
    0.48881957046258956,
    0.0,
    0.0,
    0.0,
    0.0,
    0.0,
    0.0,
    0.0,
    0.4770837947401128,
    0.0,
    0.0,
    0.0,
    0.0,
    0.0,
    0.0,
    0.0,
    0.0,
    0.0,
    0.0,
    0.0,
    0.0,
    0.0,
    0.0,
    0.0,
    0.0,
    0.0,
    0.0,
    0.0,
    0.0,
    0.4786592689675186,
    0.0,
    0.0,
    0.0,
    0.0,
    0.0,
    0.0,
    0.0,
    0.0,
    0.5525374978082143,
    0.0,
    0.0,
    0.0,
    0.0,
    0.0,
    0.0,
    0.0,
    0.0,
    0.0,
    0.0,
    0.0,
    0.4769776660128239,
    0.0,
    0.0,
    0.7490430336804322,
    0.8504580399822341,
    3.189526110939788,
    1.6622741735744189,
    1.0703115709015358,
    1.0952733872321647
  ],