{
  "task_family": "chain_regime_shift",
  "gamma": 0.99,
  "sign": 1,
  "source_phase": "phase2",
  "reward_bound": 1.0,
  "ablation_type": "alpha_constant_0.10",
  "alpha_t": [
    0.1,
    0.1,
    0.1,
    0.1,
    0.1,
    0.1,
    0.1,
    0.1,
    0.1,
    0.1,
    0.1,
    0.1,
    0.1,
    0.1,
    0.1,
    0.1,
    0.1,
    0.1,
    0.1,
    0.1,
    0.1,
    0.1,
    0.1,
    0.1,
    0.1,
    0.1,
    0.1,
    0.1,
    0.1,
    0.1,
    0.1,
    0.1,
    0.1,
    0.1,
    0.1,
    0.1,
    0.1,
    0.1,
    0.1,
    0.1,
    0.1,
    0.1,
    0.1,
    0.1,
    0.1,
    0.1,
    0.1,
    0.1,
    0.1,
    0.1,
    0.1,
    0.1,
    0.1,
    0.1,
    0.1,
    0.1,
    0.1,
    0.1,
    0.1,
    0.1
  ],
  "kappa_t": [
    0.991,
    0.991,
    0.991,
    0.991,
    0.991,
    0.991,
    0.991,
    0.991,
    0.991,
    0.991,
    0.991,
    0.991,
    0.991,
    0.991,
    0.991,
    0.991,
    0.991,
    0.991,
    0.991,
    0.991,
    0.991,
    0.991,
    0.991,
    0.991,
    0.991,
    0.991,
    0.991,
    0.991,
    0.991,
    0.991,
    0.991,
    0.991,
    0.991,
    0.991,
    0.991,
    0.991,
    0.991,
    0.991,
    0.991,
    0.991,
    0.991,
    0.991,
    0.991,
    0.991,
    0.991,
    0.991,
    0.991,
    0.991,
    0.991,
    0.991,
    0.991,
    0.991,
    0.991,
    0.991,
    0.991,
    0.991,
    0.991,
    0.991,
    0.991,
    0.991
  ],
  "Bhat_t": [
    92.57361487750829,
    91.40627131938274,
    90.2283262556839,
    89.03968340634097,
    87.84024561689301,
    86.62991485054795,
    85.40859218016948,
    84.17617778019121,
    82.93257091845733,
    81.67766994798924,
    80.41137229867735,
    79.13357446889744,
    77.8441720170509,
    76.54305955302816,
    75.23013072959452,
    73.9052782336978,
    72.56839377769708,
    71.2193680905117,
    69.8580909086899,
    68.48445096739648,
    67.09833599131835,
    65.69963268548774,
    64.28822672602195,
    62.864002750778965,
    61.42684434992832,
    59.97663405643624,
    58.513253336464416,
    57.03658257968155,
    55.54650108948693,
    54.04288707314524,
    52.52561763183172,
    50.994568750587,
    49.449615288180624,
    47.89063096688257,
    46.317488362141845,
    44.730058892171385,
    43.12821280743833,
    41.51181918005886,
    39.88074589309673,
    38.23485962976461,
    36.57402586252735,
    34.8981088421063,
    33.20697158638376,
    31.50047586920662,
    29.77848220908842,
    28.0408498578087,
    26.28743678890888,
    24.518099686083634,
    22.732693931466837,
    20.93107359381114,
    19.11309141656018,
    17.278598805812496,
    15.427445818176082,
    13.559481148512695,
    11.674552117570833,
    9.77250465950639,
    7.85318330929,
    5.91643119,
    3.96209,
    1.99,
    0.0
  ],
  "margin_quantile": 0.75,
  "informativeness_t": [
    0.0,
    0.004539170532239475,
    0.0003029581416438947,
    0.0008488307671754044,
    0.0013377766494292373,
    0.0023804974304833695,
    0.001313524729529438,
    0.0016159284752881916,
    0.0009643806403261493,
    0.0033185433697914316,
    0.00036721487986307995,
    0.0020260539509781624,
    0.0023097771578891027,
    0.0005734729783723468,
    0.0016228501196108986,
    0.0014439214581719207,
    0.0019022148797326179,
    0.0015838102194633361,
    0.001792920916202202,
    0.0021005110109498892,
    0.001432684235707807,
    0.00040532636612117365,
    0.001026413335587717,
    0.002026356720610784,
    0.0018665876753425246,
    0.00043089739252634576,
    0.0014556843111902082,
    0.0016443365961951722,
    0.0010842266264963272,
    0.001042122098505697,
    0.0024107876796950673,
    0.00040764653401185286,
    0.0014127652977810239,
    0.002338944011102143,
    0.0020125482550303504,
    0.0011449153832945788,
    0.00019866195779711488,
    0.002243801106370284,
    0.0005559128620661383,
    0.002300369115380021,
    0.0007230427965718296,
    0.0018225909243857748,
    0.0007224076071774537,
    0.0009550003791206663,
    0.001727301788926842,
    0.002149584961018729,
    0.001513650577853642,
    0.0007163205090935951,
    0.0009596814603933689,
    0.0015207310815989583,
    0.0012065882722544243,
    0.002613684503960966,
    0.0013910516318801902,
    0.0007179034036090018,
    0.00539485803485927,
    0.0049772807390148265,
    0.06877665668873582,
    0.22239996777886145,
    0.9308931606595916,
    0.9999999995900458
  ],
  "d_target_t": [
    0.891,
    0.8892024884692332,
    0.8908800285759091,
    0.8906638630161985,
    0.890470240446826,
    0.8900573230175286,
    0.8904798442071064,
    0.8903600923237858,
    0.8906181052664308,
    0.8896858568255626,
    0.8908545829075742,
    0.8901976826354125,
    0.8900853282454759,
    0.8907729047005646,
    0.890357351352634,
    0.8904282071025639,
    0.8902467229076259,
    0.8903728111530925,
    0.8902900033171839,
    0.8901681976396639,
    0.8904326570426597,
    0.8908394907590159,
    0.8905935403191072,
    0.8901975627386381,
    0.8902608312805643,
    0.8908293646325596,
    0.8904235490127687,
    0.8903488427079067,
    0.8905706462559075,
    0.8905873196489917,
    0.8900453280788408,
    0.8908385719725312,
    0.8904405449420787,
    0.8900737781716036,
    0.8902030308910079,
    0.8905466135082154,
    0.8909213298647123,
    0.8901114547618774,
    0.8907798585066219,
    0.8900890538303096,
    0.8907136750525576,
    0.8902782539939432,
    0.8907139265875578,
    0.8906218198498682,
    0.890315988491585,
    0.8901487643554367,
    0.8904005943711699,
    0.8907163370783989,
    0.8906199661416841,
    0.8903977904916868,
    0.8905221910441873,
    0.8899649809364315,
    0.8904491435537755,
    0.8907157102521709,
    0.8888636362181958,
    0.88902899682735,
    0.8637644439512606,
    0.8029296127595709,
    0.5223663083788017,
    0.4950000001623418
  ],
  "beta_raw_t": [
    0.0,
    22.475226169490842,
    0.0,
    0.0,
    0.0,
    0.0,
    0.0,
    0.0,
    0.0,
    27.659216019699507,
    0.0,
    0.0,
    0.0,
    0.0,
    0.0,
    0.0,
    0.0,
    0.0,
    0.0,
    0.0,
    0.0,
    0.0,
    0.0,
    0.0,
    0.0,
    0.0,
    0.0,
    0.0,
    0.0,
    0.0,
    34.583965758333896,
    0.0,
    0.0,
    0.0,
    0.0,
    0.0,
    0.0,
    0.0,
    0.0,
    37.85445617857399,
    0.0,
    0.0,
    0.0,
    0.0,
    0.0,
    0.0,
    0.0,
    0.0,
    0.0,
    0.0,
    0.0,
    32.64957454232447,
    0.0,
    0.0,
    23.826617193371874,
    26.483658370977086,
    8.957196047930726,
    4.322950153569462,
    2.7484879939485847,
    2.805515847761378
  ],