{
  "task_family": "chain_regime_shift",
  "gamma": 0.99,
  "sign": 1,
  "source_phase": "phase2",
  "reward_bound": 10.0,
  "ablation_type": "alpha_constant_0.00",
  "alpha_t": [
    0.0,
    0.0,
    0.0,
    0.0,
    0.0,
    0.0,
    0.0,
    0.0,
    0.0,
    0.0,
    0.0,
    0.0,
    0.0,
    0.0,
    0.0,
    0.0,
    0.0,
    0.0,
    0.0,
    0.0,
    0.0,
    0.0,
    0.0,
    0.0,
    0.0,
    0.0,
    0.0,
    0.0,
    0.0,
    0.0,
    0.0,
    0.0,
    0.0,
    0.0,
    0.0,
    0.0,
    0.0,
    0.0,
    0.0,
    0.0,
    0.0,
    0.0,
    0.0,
    0.0,
    0.0,
    0.0,
    0.0,
    0.0,
    0.0,
    0.0,
    0.0,
    0.0,
    0.0,
    0.0,
    0.0,
    0.0,
    0.0,
    0.0,
    0.0,
    0.0
  ],
  "kappa_t": [
    0.99,
    0.99,
    0.99,
    0.99,
    0.99,
    0.99,
    0.99,
    0.99,
    0.99,
    0.99,
    0.99,
    0.99,
    0.99,
    0.99,
    0.99,
    0.99,
    0.99,
    0.99,
    0.99,
    0.99,
    0.99,
    0.99,
    0.99,
    0.99,
    0.99,
    0.99,
    0.99,
    0.99,
    0.99,
    0.99,
    0.99,
    0.99,
    0.99,
    0.99,
    0.99,
    0.99,
    0.99,
    0.99,
    0.99,
    0.99,
    0.99,
    0.99,
    0.99,
    0.99,
    0.99,
    0.99,
    0.99,
    0.99,
    0.99,
    0.99,
    0.99,
    0.99,
    0.99,
    0.99,
    0.99,
    0.99,
    0.99,
    0.99,
    0.99,
    0.99
  ],
  "Bhat_t": [
    901.1582816423837,
    890.1598804468523,
    879.0503842897498,
    867.8286709997473,
    856.4936070704518,
    845.044047545911,
    833.4788359049606,
    821.7968039444047,
    809.9967716610149,
    798.0775471323383,
    786.0379263963014,
    773.8766933295974,
    761.5926195248459,
    749.184464166511,
    736.6509739055667,
    723.9908827328957,
    711.2029118514098,
    698.2857695468786,
    685.2381510574531,
    672.0587384418719,
    658.7462004463353,
    645.2991923700356,
    631.7163559293289,
    617.9963191205343,
    604.1376960813478,
    590.1390869508564,
    575.9990777281378,
    561.7162401294321,
    547.2891314438708,
    532.7162943877483,
    517.9962569573216,
    503.1275322801228,
    488.10861846477053,
    472.9379984492632,
    457.61413984774066,
    442.13549479569764,
    426.500499793634,
    410.7075755491253,
    394.75512681729833,
    378.6415422396953,
    362.36519418151045,
    345.9244385671823,
    329.31761471432554,
    312.5430451659854,
    295.5990355211974,
    278.4838742638358,
    261.19583258973313,
    243.7331642320537,
    226.09410528490272,
    208.27687402515426,
    190.27967073247905,
    172.1006775075546,
    153.73805808843898,
    135.18995766508988,
    116.45450269200998,
    97.52980069899999,
    78.41394009999999,
    59.10499,
    39.601,
    19.9,
    0.0
  ],
  "margin_quantile": 0.75,
  "informativeness_t": [
    0.0,
    0.27404730816354345,
    0.33703213399601356,
    0.39915203974034014,
    0.4604135420949659,
    0.5205824022332243,
    0.5792857461843023,
    0.6360693317323898,
    0.6904343071021682,
    0.7418634962059399,
    0.7898417649656025,
    0.8338726729415089,
    0.8734925168664492,
    0.9082823264917225,
    0.9378780893960508,
    0.9619793310565173,
    0.9803560979275384,
    0.9928543533354105,
    0.9993997820268962,
    0.999999999862825,
    0.9947451748969076,
    0.9838070814814148,
    0.9674366278239364,
    0.9459599179973376,
    0.9197729306090412,
    0.8893349172614264,
    0.8551606438565925,
    0.8178116161189102,
    0.777886446930961,
    0.7360105367901926,
    0.692825249557246,
    0.6489767734146272,
    0.6051048613845568,
    0.5618316467293787,
    0.5197507259992855,
    0.47941669637927753,
    0.44133532435004297,
    0.4059545095886094,
    0.37365619159852304,
    0.34474932689625803,
    0.31946404180396987,
    0.2979470400828735,
    0.2802583157735583,
    0.2663691895169354,
    0.2561616508674861,
    0.24942894878143743,
    0.2458773259179715,
    0.2451287367246645,
    0.24672431943105666,
    0.2501282992135587,
    0.2547318682481188,
    0.2598563895993836,
    0.26475495212534383,
    0.26861075695567177,
    0.2705298230249823,
    0.26952357394035403,
    0.26447284988148717,
    0.2540557163007766,
    0.23659798128792126,
    0.025695687581749057
  ],
  "d_target_t": [
    0.891,
    0.7824772659672368,
    0.7575352749375787,
    0.7329357922628252,
    0.7086762373303935,
    0.6848493687156433,
    0.6616028445110163,
    0.6391165446339736,
    0.6175880143875413,
    0.5972220555024478,
    0.5782226610736214,
    0.5607864215151624,
    0.5450969633208861,
    0.5313201987092779,
    0.5196002765991639,
    0.5100561849016191,
    0.5027789852206948,
    0.49782967607917744,
    0.4952376863173491,
    0.49500000005432127,
    0.49708091074082456,
    0.5014123957333597,
    0.5078950953817212,
    0.5163998724730543,
    0.5267699194788197,
    0.5388233727644751,
    0.5523563850327894,
    0.5671466000169115,
    0.5829569670153395,
    0.5995398274310838,
    0.6166412011753305,
    0.6340051977278076,
    0.6513784748917155,
    0.668514667895166,
    0.6851787125042829,
    0.7011509882338061,
    0.7162312115573829,
    0.7302420142029107,
    0.7430321481269848,
    0.7544792665490818,
    0.7644922394456279,
    0.7730129721271821,
    0.7800177069536709,
    0.7855178009512936,
    0.7895599862564755,
    0.7922261362825508,
    0.7936325789364832,
    0.7939290202570328,
    0.7932971695053016,
    0.7919491935114308,
    0.7901261801737449,
    0.7880968697186441,
    0.7861570389583639,
    0.7846301402455539,
    0.783870190082107,
    0.7842686647196198,
    0.7862687514469311,
    0.7903939363448924,
    0.7973071994099832,
    0.8808245077176274
  ],
  "beta_raw_t": [
    0.0,
    0.40242350918805236,
    0.43108853262015945,
    0.4575698347373854,
    0.4825103274060497,
    0.506307091664607,
    0.529210604145708,
    0.5513748617412552,
    0.5728849011141085,
    0.5937731231416032,
    0.6140299778252104,
    0.6336120039886094,
    0.6524489600023928,
    0.6704510649189087,
    0.6875168733255587,
    0.7035418966664125,
    0.7184277175078082,
    0.732091035609053,
    0.7444718800716147,
    0.755540168206614,
    0.7652999135250027,
    0.7737906639633652,
    0.7810861233327465,
    0.787290282384103,
    0.7925316713948661,
    0.7969564850489934,
    0.8007213086872089,
    0.8039860193545758,
    0.80690719536911,
    0.8096320976802539,
    0.8122930281057793,
    0.8150016528785161,
    0.8178427262913043,
    0.8208665847496665,
    0.8240798518077302,
    0.827434076425517,
    0.8308126262769571,
    0.8340171806883953,
    0.8367566331502343,
    0.8386429039397159,
    0.8391994463622644,
    0.8378880009685308,
    0.8341561655864488,
    0.827502124878,
    0.8175448711195489,
    0.8040821653711713,
    0.7871186564343213,
    0.7668546566442375,
    0.7436388954799995,
    0.7178996807574692,
    0.6900730263061496,
    0.660542758134553,
    0.62959977143215,
    0.5974197810977763,
    0.5640536010203793,
    0.52942125369319,
    0.4932993044575166,
    0.4552865205747525,
    0.4147194924900014,
    0.0
  ],
  "beta_cap_t": [
    0.0,
    0.0,
    0.0,
    0.0,
    0.0,
    0.0,
    0.0,
    0.0,
    0.0,
    0.0,
    0.0,
    0.0,
    0.0,
    0.0,
    0.0,
    0.0,
    0.0,
    0.0,
    0.0,
    0.0,
    0.0,
    0.0,
    0.0,
    0.0,
    0.0,
    0.0,
    0.0,
    0.0,
    0.0,
    0.0,
    0.0,
    0.0,
    0.0,
    0.0,
    0.0,
    0.0,
    0.0,
    0.0,
    0.0,
    0.0,
    0.0,
    0.0,
    0.0,
    0.0,
    0.0,
    0.0,
    0.0,
    0.0,
    0.0,
    0.0,
    0.0,
    0.0,
    0.0,
    0.0,
    0.0,
    0.0,
    0.0,
    0.0,
    0.0,
    0.0
  ],