{
  "task_family": "chain_regime_shift",
  "gamma": 0.99,
  "sign": 1,
  "source_phase": "phase2",
  "reward_bound": 1.0,
  "ablation_type": "alpha_constant_0.00",
  "alpha_t": [
    0.0,
    0.0,
    0.0,
    0.0,
    0.0,
    0.0,
    0.0,
    0.0,
    0.0,
    0.0,
    0.0,
    0.0,
    0.0,
    0.0,
    0.0,
    0.0,
    0.0,
    0.0,
    0.0,
    0.0,
    0.0,
    0.0,
    0.0,
    0.0,
    0.0,
    0.0,
    0.0,
    0.0,
    0.0,
    0.0,
    0.0,
    0.0,
    0.0,
    0.0,
    0.0,
    0.0,
    0.0,
    0.0,
    0.0,
    0.0,
    0.0,
    0.0,
    0.0,
    0.0,
    0.0,
    0.0,
    0.0,
    0.0,
    0.0,
    0.0,
    0.0,
    0.0,
    0.0,
    0.0,
    0.0,
    0.0,
    0.0,
    0.0,
    0.0,
    0.0
  ],
  "kappa_t": [
    0.99,
    0.99,
    0.99,
    0.99,
    0.99,
    0.99,
    0.99,
    0.99,
    0.99,
    0.99,
    0.99,
    0.99,
    0.99,
    0.99,
    0.99,
    0.99,
    0.99,
    0.99,
    0.99,
    0.99,
    0.99,
    0.99,
    0.99,
    0.99,
    0.99,
    0.99,
    0.99,
    0.99,
    0.99,
    0.99,
    0.99,
    0.99,
    0.99,
    0.99,
    0.99,
    0.99,
    0.99,
    0.99,
    0.99,
    0.99,
    0.99,
    0.99,
    0.99,
    0.99,
    0.99,
    0.99,
    0.99,
    0.99,
    0.99,
    0.99,
    0.99,
    0.99,
    0.99,
    0.99,
    0.99,
    0.99,
    0.99,
    0.99,
    0.99,
    0.99
  ],
  "Bhat_t": [
    90.11582816423837,
    89.01598804468523,
    87.90503842897499,
    86.78286709997474,
    85.64936070704519,
    84.5044047545911,
    83.34788359049607,
    82.17968039444048,
    80.9996771661015,
    79.80775471323385,
    78.60379263963016,
    77.38766933295976,
    76.15926195248461,
    74.91844641665114,
    73.66509739055671,
    72.3990882732896,
    71.12029118514103,
    69.82857695468792,
    68.52381510574537,
    67.20587384418725,
    65.87462004463359,
    64.52991923700363,
    63.17163559293295,
    61.799631912053485,
    60.413769608134835,
    59.01390869508569,
    57.59990777281383,
    56.17162401294326,
    54.72891314438713,
    53.27162943877487,
    51.799625695732196,
    50.31275322801232,
    48.81086184647709,
    47.29379984492635,
    45.76141398477409,
    44.213549479569785,
    42.650049979363416,
    41.07075755491254,
    39.47551268172984,
    37.864154223969535,
    36.23651941815105,
    34.592443856718226,
    32.93176147143255,
    31.254304516598534,
    29.55990355211973,
    27.848387426383567,
    26.119583258973304,
    24.37331642320536,
    22.609410528490265,
    20.827687402515423,
    19.027967073247904,
    17.21006775075546,
    15.3738058088439,
    13.51899576650899,
    11.645450269201,
    9.7529800699,
    7.84139401,
    5.910499,
    3.9600999999999997,
    1.99,
    0.0
  ],
  "margin_quantile": 0.75,
  "informativeness_t": [
    0.0,
    0.004539170532239475,
    0.0003029581416438947,
    0.0008488307671754044,
    0.0013377766494292373,
    0.0023804974304833695,
    0.001313524729529438,
    0.0016159284752881916,
    0.0009643806403261493,
    0.0033185433697914316,
    0.00036721487986307995,
    0.0020260539509781624,
    0.0023097771578891027,
    0.0005734729783723468,
    0.0016228501196108986,
    0.0014439214581719207,
    0.0019022148797326179,
    0.0015838102194633361,
    0.001792920916202202,
    0.0021005110109498892,
    0.001432684235707807,
    0.00040532636612117365,
    0.001026413335587717,
    0.002026356720610784,
    0.0018665876753425246,
    0.00043089739252634576,
    0.0014556843111902082,
    0.0016443365961951722,
    0.0010842266264963272,
    0.001042122098505697,
    0.0024107876796950673,
    0.00040764653401185286,
    0.0014127652977810239,
    0.002338944011102143,
    0.0020125482550303504,
    0.0011449153832945788,
    0.00019866195779711488,
    0.002243801106370284,
    0.0005559128620661383,
    0.002300369115380021,
    0.0007230427965718296,
    0.0018225909243857748,
    0.0007224076071774537,
    0.0009550003791206663,
    0.001727301788926842,
    0.002149584961018729,
    0.001513650577853642,
    0.0007163205090935951,
    0.0009596814603933689,
    0.0015207310815989583,
    0.0012065882722544243,
    0.002613684503960966,
    0.0013910516318801902,
    0.0007179034036090018,
    0.00539485803485927,
    0.0049772807390148265,
    0.06877665668873582,
    0.22239996777886145,
    0.9308931606595916,
    0.9999999995900458
  ],
  "d_target_t": [
    0.891,
    0.8892024884692332,
    0.8908800285759091,
    0.8906638630161985,
    0.890470240446826,
    0.8900573230175286,
    0.8904798442071064,
    0.8903600923237858,
    0.8906181052664308,
    0.8896858568255626,
    0.8908545829075742,
    0.8901976826354125,
    0.8900853282454759,
    0.8907729047005646,
    0.890357351352634,
    0.8904282071025639,
    0.8902467229076259,
    0.8903728111530925,
    0.8902900033171839,
    0.8901681976396639,
    0.8904326570426597,
    0.8908394907590159,
    0.8905935403191072,
    0.8901975627386381,
    0.8902608312805643,
    0.8908293646325596,
    0.8904235490127687,
    0.8903488427079067,
    0.8905706462559075,
    0.8905873196489917,
    0.8900453280788408,
    0.8908385719725312,
    0.8904405449420787,
    0.8900737781716036,
    0.8902030308910079,
    0.8905466135082154,
    0.8909213298647123,
    0.8901114547618774,
    0.8907798585066219,
    0.8900890538303096,
    0.8907136750525576,
    0.8902782539939432,
    0.8907139265875578,
    0.8906218198498682,
    0.890315988491585,
    0.8901487643554367,
    0.8904005943711699,
    0.8907163370783989,
    0.8906199661416841,
    0.8903977904916868,
    0.8905221910441873,
    0.8899649809364315,
    0.8904491435537755,
    0.8907157102521709,
    0.8888636362181958,
    0.88902899682735,
    0.8637644439512606,
    0.8029296127595709,
    0.5223663083788017,
    0.4950000001623418
  ],
  "beta_raw_t": [
    0.0,
    22.475226169490842,
    0.0,
    0.0,
    0.0,
    0.0,
    0.0,
    0.0,
    0.0,
    27.659216019699507,
    0.0,
    0.0,
    0.0,
    0.0,
    0.0,
    0.0,
    0.0,
    0.0,
    0.0,
    0.0,
    0.0,
    0.0,
    0.0,
    0.0,
    0.0,
    0.0,
    0.0,
    0.0,
    0.0,
    0.0,
    34.583965758333896,
    0.0,
    0.0,
    0.0,
    0.0,
    0.0,
    0.0,
    0.0,
    0.0,
    37.85445617857399,
    0.0,
    0.0,
    0.0,
    0.0,
    0.0,
    0.0,
    0.0,
    0.0,
    0.0,
    0.0,
    0.0,
    32.64957454232447,
    0.0,
    0.0,
    23.826617193371874,
    26.483658370977086,
    8.957196047930726,
    4.322950153569462,
    2.7484879939485847,
    2.805515847761378
  ],
  "beta_cap_t": [
    0.0,
    0.0,
    0.0,
    0.0,
    0.0,
    0.0,
    0.0,
    0.0,
    0.0,
    0.0,
    0.0,
    0.0,
    0.0,
    0.0,
    0.0,
    0.0,
    0.0,
    0.0,
    0.0,
    0.0,
    0.0,
    0.0,
    0.0,
    0.0,
    0.0,
    0.0,
    0.0,
    0.0,
    0.0,
    0.0,
    0.0,
    0.0,
    0.0,
    0.0,
    0.0,
    0.0,
    0.0,
    0.0,
    0.0,
    0.0,
    0.0,
    0.0,
    0.0,
    0.0,
    0.0,
    0.0,
    0.0,
    0.0,
    0.0,
    0.0,
    0.0,
    0.0,
    0.0,
    0.0,
    0.0,
    0.0,
    0.0,
    0.0,
    0.0,
    0.0
  ],
  "beta_used_t": [
    0.0,
    0.0,
    0.0,
    0.0,
    0.0,
    0.0,
    0.0,
    0.0,
    0.0,
    0.0,
    0.0,
    0.0,
    0.0,
    0.0,
    0.0,
    0.0,
    0.0,
    0.0,
    0.0,
    0.0,
    0.0,
    0.0,
    0.0,
    0.0,
    0.0,
    0.0,
    0.0,
    0.0,
    0.0,
    0.0,
    0.0,
    0.0,
    0.0,
    0.0,
    0.0,
    0.0,
    0.0,
    0.0,
    0.0,
    0.0,
    0.0,
    0.0,
    0.0,
    0.0,
    0.0,
    0.0,
    0.0,
    0.0,
    0.0,
    0.0,
    0.0,
    0.0,
    0.0,
    0.0,
    0.0,
    0.0,
    0.0,
    0.0,
    0.0,
    0.0
  ],