{
  "phase": "phase4",
  "schedule_version": 3,
  "task_family": "dense_chain_cost",
  "scheduler_mode": "stagewise_u",
  "gamma_eval": 0.95,
  "gamma_base": 0.95,
  "sign_family": 1,
  "reward_bound": 0.05,
  "alpha_t": [
    0.2477270210027457,
    0.24659608519076393,
    0.24521456205511613,
    0.24353199906201692,
    0.24148478279899654,
    0.3,
    0.2487006079089331,
    0.26,
    0.25884313390387914,
    0.25724081916592806,
    0.25504322698674975,
    0.2520297069892255,
    0.2478615169649736,
    0.24199086258652808,
    0.3,
    0.28666225206331236,
    0.27431805365871803,
    0.292202423243507,
    0.14280500000000002,
    0.14280500000000002
  ],
  "kappa_t": [
    0.9623863510501373,
    0.9623298042595382,
    0.9622607281027558,
    0.9621765999531008,
    0.9620742391399498,
    0.965,
    0.9624350303954466,
    0.963,
    0.9629421566951939,
    0.9628620409582964,
    0.9627521613493375,
    0.9626014853494612,
    0.9623930758482486,
    0.9620995431293263,
    0.965,
    0.9643331126031656,
    0.9637159026829358,
    0.9612385547401349,
    0.9554925,
    0.9554925
  ],
  "Bhat_t": [
    1.3918432336860214,
    1.3449309960325802,
    1.2962614173551574,
    1.245776100328545,
    1.19341511774919,
    1.1391169965520416,
    1.079395851349266,
    1.0202203996521442,
    0.9581727929928808,
    0.8937949045108791,
    0.8270083050717837,
    0.7577321914804608,
    0.6858832045545527,
    0.6113751431928731,
    0.5341184775137114,
    0.4524543808432243,
    0.36808274672332264,
    0.2807702414892544,
    0.19066051875,
    0.0975,
    0.0
  ],
  "A_t": [
    1.3949309960325802,
    1.3462614173551575,
    1.295776100328545,
    1.2434151177491901,
    1.1891169965520416,
    1.1293958513492661,
    1.0702203996521442,
    1.0081727929928808,
    0.9437949045108791,
    0.8770083050717837,
    0.8077321914804608,
    0.7358832045545527,
    0.6613751431928732,
    0.5841184775137115,
    0.5024543808432244,
    0.41808274672332263,
    0.3307702414892544,
    0.24066051875,
    0.14750000000000002,
    0.05
  ],
  "xi_ref_t": [
    0.380611669503778,
    0.3782559841478966,
    0.37537833734869047,
    0.3718736388846405,
    0.3676093850516413,
    0.36241619617909016,
    0.38263960459371427,
    0.40617569938997405,
    0.4037660024889871,
    0.400428457312935,
    0.3958509776188238,
    0.38957395919513105,
    0.380891818178255,
    0.3686635251113734,
    0.3509161355082722,
    0.3239187144854757,
    0.2797657350582197,
    0.19737346302882097,
    0.02,
    0.02
  ],
  "u_target_t": [
    0.01886710963102268,
    0.018762715556070515,
    0.018635190343549178,
    0.018479876836493866,
    0.018290903027599677,
    0.018060762721701734,
    0.018956979191593823,
    0.020000000000000004,
    0.01989321236035807,
    0.019745306384547204,
    0.019542451721853822,
    0.019264280645159275,
    0.018879524642920635,
    0.01833761808491028,
    0.017551128363010128,
    0.016354716122838744,
    0.010983234610398799,
    0.008276982874976658,
    0.002,
    0.002
  ],
  "u_tr_cap_t": [
    0.013341903686523438,
    0.013265609741210938,
    0.013175010681152344,
    0.013065338134765625,
    0.01293182373046875,
    0.012769699096679688,
    0.013403892517089844,
    0.014142990112304688,
    0.014066696166992188,
    0.0139617919921875,
    0.013818740844726562,
    0.01361846923828125,
    0.0133514404296875,
    0.012965202331542969,
    0.012407302856445312,
    0.011563301086425781,
    0.0066089630126953125,
    0.0049591064453125,
    0.0,
    0.0
  ],
  "U_safe_ref_t": [
    0.009674272870162433,
    0.009570514187264016,
    0.009444506724814488,
    0.009292143152235604,
    0.009108389941964147,
    0.011155081564948939,
    0.009764033188731829,
    0.010835413775465838,
    0.010723215780629106,
    0.010568760734875525,
    0.010358708008847242,
    0.010074021369990784,
    0.009686648679982151,
    0.009153647815068722,
    0.010801112520139907,
    0.009526976304198072,
    0.007874116994518433,
    0.004551987465449479,
    0.00022545137999577944,
    0.00022545137999577944
  ],
  "u_ref_used_t": [
    0.009674272870162433,
    0.009570514187264016,
    0.009444506724814488,
    0.009292143152235604,
    0.009108389941964147,
    0.011155081564948939,
    0.009764033188731829,
    0.010835413775465838,
    0.010723215780629106,
    0.010568760734875525,
    0.010358708008847242,
    0.010074021369990784,
    0.009686648679982151,
    0.009153647815068722,
    0.010801112520139907,
    0.009526976304198072,
    0.0066089630126953125,
    0.004551987465449479,
    0.0,
    0.0
  ],
  "theta_used_t": [
    0.025417699049467543,
    0.02530168612883592,
    0.025159967385228858,
    0.024987367160806292,
    0.02477735964408148,
    0.03077975455444764,
    0.025517570767665972,
    0.026676666752194423,
    0.0265579957562712,
    0.026393630477206654,
    0.02616820115276294,
    0.025859072795327356,
    0.025431495815037064,
    0.024829274369639363,
    0.03077975455444764,
    0.02941162667717754,
    0.02362320393281892,
    0.0230628139953383,
    0.0,
    0.0
  ],
  "beta_used_t": [
    0.030166819587526462,
    0.030354691129852326,
    0.03058738990620598,
    0.030875658735223015,
    0.031233815113873558,
    0.03168137541279722,
    0.03000693976521095,
    0.028268169622338402,
    0.02843687555675491,
    0.02867389506698984,
    0.029005469775254446,
    0.029472821003101637,
    0.0301446316745357,
    0.03114450653440437,
    0.03271962273891237,
    0.035446681693170765,
    0.04104092148539323,
    0.05817318797892861,
    0.5740921783413859,
    0.5740921783413859
  ],
  "trust_clip_active_t": [
    true,
    true,
    true,
    true,
    true,
    true,
    true,
    true,
    true,
    true,
    true,
    true,
    true,
    true,
    true,
    true,
    true,
    true,
    true,
    true
  ],
  "safe_clip_active_t": [
    false,
    false,
    false,
    false,
    false,
    false,
    false,
    false,
    false,
    false,
    false,
    false,
    false,
    false,
    false,
    false,
    false,
    false,
    false,
    false
  ],
  "source_phase": "phase4C_ablation_constant_u",
  "notes": "constant_u ablation: u_const=0.011482, constant_u_clip_count=0",
  "provenance": {
    "git_sha": "fa077e0a75d850a63da597f54fff569ff627e6ec",
    "calibration_code_version": "v3.0",
    "input_hashes": {
      "margins": "f2c5575dfadf0222",
      "p_align": "9d64868be6ade0c3",
      "n_by_stage": "35d6f04339c16583"
    }
  }
}