{
  "total_s": 4.749210499983747,
  "step_s": 0.0,
  "fit_s": 0.0,
  "eval_s": 0.6511525801324751,
  "plot_s": 0.0,
  "other_s": 0.0,
  "train_s": 3.956508749979548,
  "eval_final_s": 0.5574510419974104,
  "post_s": 0.22338999999919906,
  "steps_per_s": null,
  "updates_per_s": null
}
