{
  "total_s": 5.9463729160197545,
  "step_s": 0.0,
  "fit_s": 0.0,
  "eval_s": 0.6442196689313278,
  "plot_s": 0.0,
  "other_s": 0.0,
  "train_s": 5.52701537500252,
  "eval_final_s": 0.20319029199890792,
  "post_s": 0.21152395801618695,
  "steps_per_s": null,
  "updates_per_s": null
}
