{
  "total_s": 5.604210374993272,
  "step_s": 0.0,
  "fit_s": 0.0,
  "eval_s": 0.32246045587817207,
  "plot_s": 0.0,
  "other_s": 0.0,
  "train_s": 5.045054332993459,
  "eval_final_s": 0.19261333299800754,
  "post_s": 0.3626341249910183,
  "steps_per_s": null,
  "updates_per_s": null
}
