{
  "total_s": 4.1716047920053825,
  "step_s": 0.0,
  "fit_s": 0.0,
  "eval_s": 0.6247973328863736,
  "plot_s": 0.0,
  "other_s": 0.0,
  "train_s": 3.450872374989558,
  "eval_final_s": 0.5963638340181205,
  "post_s": 0.11326791701139882,
  "steps_per_s": null,
  "updates_per_s": null
}
