{
  "total_s": 4.0019281250133645,
  "step_s": 0.0,
  "fit_s": 0.0,
  "eval_s": 0.6218516250664834,
  "plot_s": 0.0,
  "other_s": 0.0,
  "train_s": 3.361497417005012,
  "eval_final_s": 0.5143481249979232,
  "post_s": 0.11478866700781509,
  "steps_per_s": null,
  "updates_per_s": null
}
