{
  "total_s": 5.478321417002007,
  "step_s": 0.0,
  "fit_s": 0.0,
  "eval_s": 0.8552327890356537,
  "plot_s": 0.0,
  "other_s": 0.0,
  "train_s": 5.190287584002363,
  "eval_final_s": 0.08921270800055936,
  "post_s": 0.19703437501448207,
  "steps_per_s": null,
  "updates_per_s": null
}
