{
  "total_s": 4.578076333011268,
  "step_s": 0.0,
  "fit_s": 0.0,
  "eval_s": 0.6099977909761947,
  "plot_s": 0.0,
  "other_s": 0.0,
  "train_s": 3.7638654170150403,
  "eval_final_s": 0.5971168329997454,
  "post_s": 0.20566516599501483,
  "steps_per_s": null,
  "updates_per_s": null
}
