{
  "phase": "III",
  "task": "chain_catastrophe",
  "algorithm": "SafePE",
  "n_seeds": 5,
  "seeds": [
    "seed_11",
    "seed_29",
    "seed_47",
    "seed_67",
    "seed_83"
  ],
  "metrics": {
    "beta_used_max": {
      "mean": -2.190711081001586e-06,
      "std": 0.0,
      "median": -2.190711081001586e-06,
      "q25": -2.190711081001586e-06,
      "q75": -2.190711081001586e-06,
      "iqr": 0.0,
      "ci_low": -2.190711081001586e-06,
      "ci_high": -2.190711081001586e-06
    },
    "beta_used_min": {
      "mean": -4.02019801354133e-05,
      "std": 0.0,
      "median": -4.02019801354133e-05,
      "q25": -4.02019801354133e-05,
      "q75": -4.02019801354133e-05,
      "iqr": 0.0,
      "ci_low": -4.02019801354133e-05,
      "ci_high": -4.02019801354133e-05
    },
    "clip_fraction": {
      "mean": 1.0,
      "std": 0.0,
      "median": 1.0,
      "q25": 1.0,
      "q75": 1.0,
      "iqr": 0.0,
      "ci_low": 1.0,
      "ci_high": 1.0
    },
    "final_bellman_residual": {
      "mean": 0.9988896806513423,
      "std": 0.0,
      "median": 0.9988896806513423,
      "q25": 0.9988896806513423,
      "q75": 0.9988896806513423,
      "iqr": 0.0,
      "ci_low": 0.9988896806513423,
      "ci_high": 0.9988896806513423
    },
    "n_stages_clipped": {
      "mean": 60.0,
      "std": 0.0,
      "median": 60.0,
      "q25": 60.0,
      "q75": 60.0,
      "iqr": 0.0,
      "ci_low": 60.0,
      "ci_high": 60.0
    },
    "n_states": {
      "mean": 26.0,
      "std": 0.0,
      "median": 26.0,
      "q25": 26.0,
      "q75": 26.0,
      "iqr": 0.0,
      "ci_low": 26.0,
      "ci_high": 26.0
    },
    "n_sweeps": {
      "mean": 1.0,
      "std": 0.0,
      "median": 1.0,
      "q25": 1.0,
      "q75": 1.0,
      "iqr": 0.0,
      "ci_low": 1.0,
      "ci_high": 1.0
    },
    "schedule_sign": {
      "mean": -1.0,
      "std": 0.0,
      "median": -1.0,
      "q25": -1.0,
      "q75": -1.0,
      "iqr": 0.0,
      "ci_low": -1.0,
      "ci_high": -1.0
    },
    "seed": {
      "mean": 47.4,
      "std": 28.788886744714528,
      "median": 47.0,
      "q25": 29.0,
      "q75": 67.0,
      "iqr": 38.0,
      "ci_low": 25.4,
      "ci_high": 69.4
    },
    "wall_clock_s": {
      "mean": 0.001920375000918284,
      "std": 4.362387579669768e-05,
      "median": 0.0018963749971590005,
      "q25": 0.0018939580040751025,
      "q75": 0.0019242499984102324,
      "iqr": 3.0291994335129857e-05,
      "ci_low": 0.0018938418026664295,
      "ci_high": 0.001960241601045709
    }
  },
  "provenance": {
    "schedule_path": "/Users/liq/Documents/Claude/Projects/LSE_RL/results/weighted_lse_dp/phase3/calibration/chain_catastrophe/schedule.json",
    "calibration_hash": "ef07e406be4558f2a1a20af7527396959a18a67a76c1e2dd55cb2d9aa989033e",
    "source_phase": "phase2"
  }
}
