{
  "total_s": 5.567262917000335,
  "step_s": 0.0,
  "fit_s": 0.0,
  "eval_s": 0.9283229171123821,
  "plot_s": 0.0,
  "other_s": 0.0,
  "train_s": 5.24804804197629,
  "eval_final_s": 0.11992199998348951,
  "post_s": 0.1968960830126889,
  "steps_per_s": null,
  "updates_per_s": null
}
