{
  "total_s": 8.269910875009373,
  "step_s": 0.0,
  "fit_s": 0.0,
  "eval_s": 1.2938571241102181,
  "plot_s": 0.0,
  "other_s": 0.0,
  "train_s": 7.328247792000184,
  "eval_final_s": 0.49520504198153503,
  "post_s": 0.4387417079997249,
  "steps_per_s": null,
  "updates_per_s": null
}
