{
  "total_s": 8.336526250001043,
  "step_s": 0.0,
  "fit_s": 0.0,
  "eval_s": 0.1804682520159986,
  "plot_s": 0.0,
  "other_s": 0.0,
  "train_s": 7.81198783297441,
  "eval_final_s": 0.01956883299862966,
  "post_s": 0.5044044590031262,
  "steps_per_s": null,
  "updates_per_s": null
}
