{
  "total_s": 6.094989165998413,
  "step_s": 0.0,
  "fit_s": 0.0,
  "eval_s": 0.3159354609597358,
  "plot_s": 0.0,
  "other_s": 0.0,
  "train_s": 5.520271832996514,
  "eval_final_s": 0.17642450000130339,
  "post_s": 0.3948410410012002,
  "steps_per_s": null,
  "updates_per_s": null
}
