{
  "schema_version": "1.0.0",
  "created_at": "2026-04-18T19:05:03Z",
  "phase": "phase3",
  "task": "chain_regime_shift",
  "algorithm": "SafeExpectedSARSA",
  "seed": 11,
  "train_steps": 180000,
  "n_transitions": 180000,
  "steps_to_threshold": null,
  "auc_disc_return": 16.878388808363006,
  "final_disc_return_mean": 18.223695823447944,
  "final_10pct_success_rate": 0.0,
  "adaptation_metrics": {
    "change_at_episode": 300,
    "pre_change_auc": 4.740668215803246,
    "post_change_auc": 16.453707667977095,
    "lag_to_50pct_recovery": 0,
    "lag_to_75pct_recovery": 0,
    "lag_to_90pct_recovery": null,
    "post_change_optimum": 20.289100870005875
  },
  "shortcut_risky_path_fraction": 0.0,
  "episode_returns": [
    17.503200578220923,
    17.81174133508895,
    18.531783111771666,
    17.932201908286796,
    19.484127749893016,
    19.439744739736344,
    18.224437541813767,
    16.545926533554347,
    18.558872280866233,
    17.792366723686836,
    18.39025614957057,
    17.23449328085412,
    16.833710103205046,
    18.86101944371832,
    16.801834688974548,
    19.682384825609073,
    18.16203182509088,
    17.192950740323017,
    17.123166090118335,
    20.289100870005875,
    18.695765899627474,
    16.27332147835799,
    17.88295776573846,
    18.491170425141114,
    18.74831435655701,
    18.919757948805675,
    16.991944905504756,
    17.990337616230377,
    15.887806536061165,
    18.506133391647225,
    18.618377544690674,
    18.53592516501026,
    17.939871725217152,
    18.039116361459307,
    18.059776741587555,
    17.278467752433947,
    18.78174591037997,
    19.47028262854052,
    18.31997474815842,
    18.78204312257277,
    15.498903835026283,
    17.067757870951684,
    17.117644020235726,
    18.704728015719542,
    18.643491118548784,
    18.584948104766273,
    19.503422729198654,
    18.78984882882815,
    18.297286947253152,
    19.701177165397162,
    19.511660720466836,
    18.865600115921346,
    17.7159184128659,
    19.448927646970954,
    18.503164978891792,
    17.500872917198436,
    17.87945478611262,
    17.763458558599165,
    20.283518208620396,
    20.21389070307172,
    18.510652067964596,
    18.56777948579473,
    19.652529784524965,
    19.424614740570533,
    18.533158627965953,
    17.194745899442957,
    18.487317868285842,
    18.513515760104475,
    16.904393968187374,
    20.26525324196384,
    19.63344164943173,
    18.043603770158022,
    20.227819670880407,
    17.991967689772565,
    18.66902099306962,
    16.442671931834656,
    16.664482468178733,
    16.08370771164482,
    16.537899111944494,
    18.554585167622047,
    19.096579370376563,
    19.24866948646298,
    18.497013230734368,
    18.751823207932812,
    16.285997656775812,
    16.864621616925078,
    18.72892563639834,
    16.238678797231877,
    19.464533815565854,
    18.450984688492916,
    17.701555161179478,
    18.193567473010656,
    16.52345934867967,
    18.938399300160192,
    18.01804385563768,
    18.697722901458917,
    17.723631048229997,
    18.268713060401605,
    16.735681499118325,
    18.902439976901768,
    20.228911065716225,
    18.961954793178766,
    16.868441184119515,
    17.212263110737723,
    17.86284738820469,
    17.96126569578614,
    17.962418308589406,
    17.342919016709445,
    17.029668504964427,
    18.677129174649696,
    17.220997558310213,
    17.57187953977505,
    18.00293574582926,
    19.657703909830563,
    19.495406423303265,
    18.677961932928252,
    18.50878447639468,
    19.484127749893016,
    19.34076833110928,
    18.664684430697534,
    19.440213441545698,
    17.26117193224955,
    18.233743066005296,
    18.072434838752635,
    18.65737446833758,
    19.5713703374076,
    19.278159751105157,
    17.732566716310462,
    16.547705570675063,
    18.55498913944533,
    18.717687145902946,
    15.540173071125336,
    19.6271063771939,
    14.615726069578521,
    17.879545981122526,
    19.510156332058102,
    16.05691092958462,
    19.64217754711059,
    19.680423750571187,
    18.10499794930065,
    18.033721544736373,
    17.834147027934073,
    18.59280633439625,
    14.778741604153659,
    17.36024960326793,
    18.54104599722132,
    17.887345627142448,
    17.71802138734007,
    20.271012314988454,
    18.674660536851547,
    18.455929080058553,
    16.421174966641072,
    16.3841885270329,
    18.453184032561587,
    17.96538874664625,
    19.35703552209889,
    18.143167712245255,
    19.316121144503363,
    19.35703552209889,
    16.525546873822513,
    19.310351325359957,
    19.336246948189636,
    18.301925488391802,
    18.116971973008372,
    18.752680954827117,
    16.46471262277171,
    16.30029517146976,
    18.493343664998374,
    15.546281802757271,
    17.10094422585352,
    18.712202750379618,
    17.853371414411665,
    18.597763281173734,
    17.241114627400535,
    17.421550988006356,
    19.50531152011542,
    18.771167128632122,
    18.101712645303103,
    18.40210470865928,
    18.957593172918305,
    18.493052094581316,
    18.02202475173997,
    17.769599180341256,
    16.490410947898226,
    18.182043696785072,
    16.71774297796484,
    19.704882813117095,
    17.244301852553736,
    18.619612279507294,
    17.89747273253457,
    18.789664692775652,
    16.438746858956566,
    17.995152158649553,
    18.71442392001417,
    19.280027056689164,
    18.17936028197707,
    18.192941237305725,
    17.213403608914255,
    19.48714473706491,
    17.948856155714118
  ],