{
  "total_s": 7.069121417000133,
  "step_s": 0.0,
  "fit_s": 0.0,
  "eval_s": 0.6717953770203167,
  "plot_s": 0.0,
  "other_s": 0.0,
  "train_s": 6.442709582996031,
  "eval_final_s": 0.23752183400210924,
  "post_s": 0.3839646249980433,
  "steps_per_s": null,
  "updates_per_s": null
}
