{
  "total_s": 7.41270162499859,
  "step_s": 0.0,
  "fit_s": 0.0,
  "eval_s": 0.34975241593201645,
  "plot_s": 0.0,
  "other_s": 0.0,
  "train_s": 6.898260792018846,
  "eval_final_s": 0.19820400001481175,
  "post_s": 0.3120386659866199,
  "steps_per_s": null,
  "updates_per_s": null
}
