{
  "total_s": 4.754019332991447,
  "step_s": 0.0,
  "fit_s": 0.0,
  "eval_s": 0.6248689979547635,
  "plot_s": 0.0,
  "other_s": 0.0,
  "train_s": 4.112044457986485,
  "eval_final_s": 0.5145012919965666,
  "post_s": 0.11628887499682605,
  "steps_per_s": null,
  "updates_per_s": null
}
