{
  "phase": "phase4",
  "schedule_version": 3,
  "task_family": "dense_chain_cost",
  "scheduler_mode": "stagewise_u",
  "gamma_eval": 0.95,
  "gamma_base": 0.95,
  "sign_family": 1,
  "reward_bound": 0.02,
  "alpha_t": [
    0.4840717022609898,
    0.482643788743336,
    0.4806403845136256,
    0.4779392099993534,
    0.47438584460851885,
    0.4697826352308027,
    0.4638726792147732,
    0.4896665473036309,
    0.4,
    0.5,
    0.5,
    0.5,
    0.4993959463430682,
    0.4866764484507802,
    0.4675024921984359,
    0.4374979409087033,
    0.5,
    0.5,
    0.14280500000000002,
    0.14280500000000002
  ],
  "kappa_t": [
    0.9742035851130495,
    0.9741321894371667,
    0.9740320192256813,
    0.9738969604999677,
    0.973719292230426,
    0.9734891317615401,
    0.9731936339607387,
    0.9744833273651815,
    0.97,
    0.975,
    0.975,
    0.975,
    0.9749697973171534,
    0.974333822422539,
    0.9733751246099218,
    0.9718748970454352,
    0.975,
    0.9697044793352345,
    0.9554925,
    0.9554925
  ],
  "Bhat_t": [
    0.6128860496320868,
    0.589082260013949,
    0.5646895421162246,
    0.5397045802807673,
    0.5141248002496296,
    0.48794843035439583,
    0.46117456857686573,
    0.433803257486061,
    0.4051411105755235,
    0.3774650624489933,
    0.3471436537938393,
    0.3160447731218865,
    0.28414848525321695,
    0.25144213280021355,
    0.2180383436469517,
    0.18393560624296926,
    0.14912990003505924,
    0.11295374362570179,
    0.0762642075,
    0.039,
    0.0
  ],
  "A_t": [
    0.609082260013949,
    0.5846895421162246,
    0.5597045802807673,
    0.5341248002496296,
    0.5079484303543959,
    0.48117456857686575,
    0.45380325748606104,
    0.4251411105755235,
    0.3974650624489933,
    0.36714365379383934,
    0.3360447731218865,
    0.30414848525321697,
    0.27144213280021356,
    0.2380383436469517,
    0.20393560624296925,
    0.16912990003505923,
    0.13295374362570178,
    0.0962642075,
    0.059,
    0.02
  ],
  "xi_ref_t": [
    0.35971299705748544,
    0.3584873379442527,
    0.35676770253127044,
    0.354449131330061,
    0.3513990763932057,
    0.34744788085218553,
    0.34237503059879393,
    0.36451536970040677,
    0.3905522915962141,
    0.38848849270536956,
    0.3852039708041231,
    0.38023432405290813,
    0.3728666644052557,
    0.36194879836176924,
    0.3454907048379921,
    0.3197360976632202,
    0.27786008313577276,
    0.19737346302882094,
    0.02,
    0.02
  ],
  "u_target_t": [
    0.09226159741005933,
    0.09195404680625698,
    0.09152254435678091,
    0.09094075292293766,
    0.09017541268491175,
    0.08918395220355751,
    0.08791103860010499,
    0.09346664095770511,
    0.1,
    0.09948213774274338,
    0.09865796348170758,
    0.09741094639309042,
    0.09556220382773777,
    0.09282261966632188,
    0.08869284447350927,
    0.08223032573418225,
    0.05323537586010338,
    0.0382253455973205,
    0.002,
    0.002
  ],
  "u_tr_cap_t": [
    0.09226202964782715,
    0.09195446968078613,
    0.0915229320526123,
    0.09094119071960449,
    0.09017527103424072,
    0.08918404579162598,
    0.08791089057922363,
    0.09346663951873779,
    0.09999990463256836,
    0.09948253631591797,
    0.09865760803222656,
    0.09741067886352539,
    0.09556233882904053,
    0.09282231330871582,
    0.08869290351867676,
    0.0822305679321289,
    0.04562973976135254,
    0.032689571380615234,
    0.0,
    0.0
  ],
  "U_safe_ref_t": [
    0.017863211628274134,
    0.017749844393923322,
    0.017591392044344567,
    0.017378870696345857,
    0.017101257737172543,
    0.016744929230966148,
    0.016292916906080552,
    0.018310865686575247,
    0.016027014022524478,
    0.01992685462251236,
    0.01975838067370937,
    0.019503471119897163,
    0.01910245892082188,
    0.01807093660363218,
    0.016569807993450595,
    0.014350652870318144,
    0.0142523590428325,
    0.007979923800347842,
    0.00022545137999577944,
    0.00022545137999577944
  ],
  "u_ref_used_t": [
    0.017863211628274134,
    0.017749844393923322,
    0.017591392044344567,
    0.017378870696345857,
    0.017101257737172543,
    0.016744929230966148,
    0.016292916906080552,
    0.018310865686575247,
    0.016027014022524478,
    0.01992685462251236,
    0.01975838067370937,
    0.019503471119897163,
    0.01910245892082188,
    0.01807093660363218,
    0.016569807993450595,
    0.014350652870318144,
    0.0142523590428325,
    0.007979923800347842,
    0.0,
    0.0
  ],
  "theta_used_t": [
    0.049659622461235196,
    0.04951316968601984,
    0.049307692146832414,
    0.04903064829396563,
    0.04866620001595199,
    0.048194075007439545,
    0.04758792391368375,
    0.05023345298615213,
    0.04103679422036156,
    0.05129329438755069,
    0.05129329438755069,
    0.05129329438755069,
    0.051231340166306975,
    0.04992677606728842,
    0.047960213578598386,
    0.04488280483561092,
    0.05129329438755069,
    0.04043058108162491,
    0.0,
    0.0
  ],
  "beta_used_t": [
    0.08153188119466474,
    0.08468283784726495,
    0.0880959239642062,
    0.0917962398882257,
    0.09580933241982371,
    0.10015923150298565,
    0.10486465914173271,
    0.11815712886046217,
    0.10324629281253571,
    0.13970905899507444,
    0.1526382746889092,
    0.16864556910367898,
    0.18873761283040827,
    0.20974257887350148,
    0.23517331996188298,
    0.26537474938675587,
    0.3857980451603846,
    0.4199959894919917,
    0.0,
    0.0
  ],
  "trust_clip_active_t": [
    true,
    true,
    true,
    true,
    true,
    true,
    true,
    true,
    true,
    true,
    true,
    true,
    true,
    true,
    true,
    true,
    true,
    true,
    true,
    true
  ],
  "safe_clip_active_t": [
    false,
    false,
    false,
    false,
    false,
    false,
    false,
    false,
    false,
    false,
    false,
    false,
    false,
    false,
    false,
    false,
    false,
    false,
    false,
    false
  ],
  "source_phase": "phase4C_ablation_raw_unclipped",
  "notes": "Phase IV-C ablation: raw_unclipped",
  "provenance": {
    "git_sha": "fbfc9b1e68f00da6c711fb85148cb8edfd458e85",
    "calibration_code_version": "v3.0",
    "input_hashes": {
      "margins": "ad022def185cf1b1",
      "p_align": "ed6399bbaa8804c5",
      "n_by_stage": "35d6f04339c16583"
    }
  }
}