{
  "total_s": 11.075220208003884,
  "step_s": 0.0,
  "fit_s": 0.0,
  "eval_s": 0.43909696003538556,
  "plot_s": 0.0,
  "other_s": 0.0,
  "train_s": 10.123780541995075,
  "eval_final_s": 0.31456712499493733,
  "post_s": 0.6314475410035811,
  "steps_per_s": null,
  "updates_per_s": null
}
