{
  "total_s": 6.862880625005346,
  "step_s": 0.0,
  "fit_s": 0.0,
  "eval_s": 0.9806871269829571,
  "plot_s": 0.0,
  "other_s": 0.0,
  "train_s": 6.531430667004315,
  "eval_final_s": 0.1291763750195969,
  "post_s": 0.19968158300616778,
  "steps_per_s": null,
  "updates_per_s": null
}
