{
  "phase": "phase4",
  "schedule_version": 3,
  "task_family": "dense_chain_cost",
  "scheduler_mode": "stagewise_u",
  "gamma_eval": 0.95,
  "gamma_base": 0.95,
  "sign_family": 1,
  "reward_bound": 0.05,
  "alpha_t": [
    0.48220970931495627,
    0.48080229730243235,
    0.47882347069973136,
    0.4761516891242513,
    0.4965944608795407,
    0.4946570168361211,
    0.4,
    0.5,
    0.5,
    0.5,
    0.5,
    0.5,
    0.49790900641393776,
    0.485341402204727,
    0.46636933345274295,
    0.43663814579855975,
    0.4101744870917494,
    0.40687550025360275,
    0.14280500000000002,
    0.14280500000000002
  ],
  "kappa_t": [
    0.9741104854657477,
    0.9740401148651215,
    0.9739411735349865,
    0.9738075844562125,
    0.974829723043977,
    0.974732850841806,
    0.97,
    0.975,
    0.975,
    0.975,
    0.975,
    0.975,
    0.9748954503206969,
    0.9742670701102363,
    0.9733184666726371,
    0.971831907289928,
    0.9705087243545875,
    0.9703437750126801,
    0.9554925,
    0.9554925
  ],
  "Bhat_t": [
    1.5346499115651493,
    1.4753459007044878,
    1.4145679214611018,
    1.3523074670728963,
    1.2885579113389203,
    1.2218112386025275,
    1.153455777787259,
    1.0886142039043907,
    1.016527388619888,
    0.9425921934562954,
    0.8667612240577389,
    0.7889858708284502,
    0.7092162777727694,
    0.6274685942698185,
    0.5439664446524438,
    0.4587054082912073,
    0.3716747778928897,
    0.2825062475097509,
    0.19066051875,
    0.0975,
    0.0
  ],
  "A_t": [
    1.5253459007044878,
    1.4645679214611018,
    1.4023074670728963,
    1.3385579113389203,
    1.2718112386025275,
    1.203455777787259,
    1.1386142039043907,
    1.066527388619888,
    0.9925921934562955,
    0.916761224057739,
    0.8389858708284502,
    0.7592162777727695,
    0.6774685942698185,
    0.5939664446524439,
    0.5087054082912074,
    0.4216747778928897,
    0.3325062475097509,
    0.24066051875,
    0.14750000000000002,
    0.05
  ],
  "xi_ref_t": [
    0.35988367140486394,
    0.35866964260606615,
    0.3569627135319011,
    0.35465804386312844,
    0.3722919090123004,
    0.37062067639254154,
    0.3924814471793575,
    0.3920359482523643,
    0.390910630016474,
    0.3888852134083216,
    0.38564575887238706,
    0.3807295426652273,
    0.3734258315040001,
    0.36258505900376176,
    0.34621981724603657,
    0.320573796241916,
    0.2778244311350159,
    0.19737346302882097,
    0.02,
    0.02
  ],
  "u_target_t": [
    0.09186055277552904,
    0.09155741788052389,
    0.0911312090737883,
    0.09055574842676181,
    0.09495880695867029,
    0.09454151131854917,
    0.1,
    0.09988876188885082,
    0.0996077774298151,
    0.09910204440975662,
    0.09829317421524648,
    0.09706562781333596,
    0.09524193984300197,
    0.09253507124409503,
    0.08844877951289848,
    0.08204513909507441,
    0.05595790318679871,
    0.039854865758310765,
    0.002,
    0.002
  ],
  "u_tr_cap_t": [
    0.09186029434204102,
    0.09155750274658203,
    0.09113132953643799,
    0.09055614471435547,
    0.09495854377746582,
    0.09454131126403809,
    0.09999990463256836,
    0.09988903999328613,
    0.09960770606994629,
    0.09910225868225098,
    0.09829282760620117,
    0.09706556797027588,
    0.09524226188659668,
    0.09253501892089844,
    0.08844852447509766,
    0.08204519748687744,
    0.0493466854095459,
    0.034928321838378906,
    0.0,
    0.0
  ],
  "U_safe_ref_t": [
    0.017802958907420355,
    0.017691128551711933,
    0.017534487465046857,
    0.017324092322422647,
    0.01896604211032627,
    0.018807255964551055,
    0.016106180383208997,
    0.02010881530421111,
    0.02005109402465791,
    0.019947203734318516,
    0.01978104143915174,
    0.019528872513965043,
    0.01907415587427239,
    0.01805305503891439,
    0.01656453810929912,
    0.01435998132154407,
    0.011690950996686841,
    0.00823876132395682,
    0.00022545137999577944,
    0.00022545137999577944
  ],
  "u_ref_used_t": [
    0.017802958907420355,
    0.017691128551711933,
    0.017534487465046857,
    0.017324092322422647,
    0.01896604211032627,
    0.018807255964551055,
    0.016106180383208997,
    0.02010881530421111,
    0.02005109402465791,
    0.019947203734318516,
    0.01978104143915174,
    0.019528872513965043,
    0.01907415587427239,
    0.01805305503891439,
    0.01656453810929912,
    0.01435998132154407,
    0.011690950996686841,
    0.00823876132395682,
    0.0,
    0.0
  ],
  "theta_used_t": [
    0.04946864868284697,
    0.049324298602941546,
    0.04912134181061976,
    0.04884731256541993,
    0.0509440083203625,
    0.05074529610061857,
    0.04103679422036156,
    0.05129329438755069,
    0.05129329438755068,
    0.05129329438755069,
    0.05129329438755069,
    0.05129329438755069,
    0.05107883350610701,
    0.04978984817663734,
    0.04784399183460878,
    0.04479461980325907,
    0.042080356104482845,
    0.04174199103328179,
    0.0,
    0.0
  ],
  "beta_used_t": [
    0.032431102125753675,
    0.033678396119542195,
    0.03502893834912902,
    0.03649249102458286,
    0.040056265249189045,
    0.042166315569917914,
    0.03604099973427647,
    0.048093743240785816,
    0.051676100946293775,
    0.05595054965405055,
    0.0611372565033801,
    0.0675608464797729,
    0.07539660722008851,
    0.08382602859959806,
    0.0940504878753335,
    0.1062302564718192,
    0.12655508406123653,
    0.1734476068201436,
    0.0,
    0.0
  ],
  "trust_clip_active_t": [
    true,
    true,
    true,
    true,
    true,
    true,
    true,
    true,
    true,
    true,
    true,
    true,
    true,
    true,
    true,
    true,
    true,
    true,
    true,
    true
  ],
  "safe_clip_active_t": [
    false,
    false,
    false,
    false,
    false,
    false,
    false,
    false,
    false,
    false,
    false,
    false,
    false,
    false,
    false,
    false,
    false,
    false,
    false,
    false
  ],
  "source_phase": "phase4C_ablation_raw_unclipped",
  "notes": "Phase IV-C ablation: raw_unclipped",
  "provenance": {
    "git_sha": "fbfc9b1e68f00da6c711fb85148cb8edfd458e85",
    "calibration_code_version": "v3.0",
    "input_hashes": {
      "margins": "3942a14d56617985",
      "p_align": "8bb2e1a18e96a781",
      "n_by_stage": "35d6f04339c16583"
    }
  }
}