{
  "total_s": 10.328551334008807,
  "step_s": 0.0,
  "fit_s": 0.0,
  "eval_s": 1.3625050420232583,
  "plot_s": 0.0,
  "other_s": 0.0,
  "train_s": 9.289687459007837,
  "eval_final_s": 0.5270506250089966,
  "post_s": 0.5037205420085229,
  "steps_per_s": null,
  "updates_per_s": null
}
