{
  "total_s": 4.115333749999991,
  "step_s": 0.0,
  "fit_s": 0.0,
  "eval_s": 0.6204744969145395,
  "plot_s": 0.0,
  "other_s": 0.0,
  "train_s": 3.4007674579916056,
  "eval_final_s": 0.5898499590111896,
  "post_s": 0.11337229202035815,
  "steps_per_s": null,
  "updates_per_s": null
}
