{
  "task_family": "chain_jackpot",
  "gamma": 0.99,
  "sign": 1,
  "source_phase": "phase2",
  "reward_bound": 10.0,
  "ablation_type": "alpha_constant_0.10",
  "alpha_t": [
    0.1,
    0.1,
    0.1,
    0.1,
    0.1,
    0.1,
    0.1,
    0.1,
    0.1,
    0.1,
    0.1,
    0.1,
    0.1,
    0.1,
    0.1,
    0.1,
    0.1,
    0.1,
    0.1,
    0.1,
    0.1,
    0.1,
    0.1,
    0.1,
    0.1,
    0.1,
    0.1,
    0.1,
    0.1,
    0.1,
    0.1,
    0.1,
    0.1,
    0.1,
    0.1,
    0.1,
    0.1,
    0.1,
    0.1,
    0.1,
    0.1,
    0.1,
    0.1,
    0.1,
    0.1,
    0.1,
    0.1,
    0.1,
    0.1,
    0.1,
    0.1,
    0.1,
    0.1,
    0.1,
    0.1,
    0.1,
    0.1,
    0.1,
    0.1,
    0.1
  ],
  "kappa_t": [
    0.991,
    0.991,
    0.991,
    0.991,
    0.991,
    0.991,
    0.991,
    0.991,
    0.991,
    0.991,
    0.991,
    0.991,
    0.991,
    0.991,
    0.991,
    0.991,
    0.991,
    0.991,
    0.991,
    0.991,
    0.991,
    0.991,
    0.991,
    0.991,
    0.991,
    0.991,
    0.991,
    0.991,
    0.991,
    0.991,
    0.991,
    0.991,
    0.991,
    0.991,
    0.991,
    0.991,
    0.991,
    0.991,
    0.991,
    0.991,
    0.991,
    0.991,
    0.991,
    0.991,
    0.991,
    0.991,
    0.991,
    0.991,
    0.991,
    0.991,
    0.991,
    0.991,
    0.991,
    0.991,
    0.991,
    0.991,
    0.991,
    0.991,
    0.991,
    0.991
  ],
  "Bhat_t": [
    925.7361487750829,
    914.0627131938274,
    902.2832625568391,
    890.3968340634098,
    878.4024561689301,
    866.2991485054795,
    854.0859218016948,
    841.761777801912,
    829.3257091845732,
    816.7766994798923,
    804.1137229867733,
    791.335744688974,
    778.4417201705087,
    765.4305955302813,
    752.3013072959448,
    739.0527823369775,
    725.6839377769703,
    712.1936809051164,
    698.5809090868985,
    684.8445096739642,
    670.9833599131829,
    656.9963268548768,
    642.8822672602188,
    628.6400275077889,
    614.2684434992825,
    599.7663405643618,
    585.1325333646437,
    570.365825796815,
    555.4650108948688,
    540.4288707314519,
    525.2561763183168,
    509.9456875058696,
    494.49615288180587,
    478.9063096688253,
    463.17488362141813,
    447.3005889217136,
    431.2821280743831,
    415.1181918005884,
    398.80745893096713,
    382.34859629764594,
    365.74025862527344,
    348.981088421063,
    332.0697158638376,
    315.0047586920662,
    297.7848220908842,
    280.408498578087,
    262.87436788908883,
    245.1809968608364,
    227.3269393146684,
    209.3107359381114,
    191.1309141656018,
    172.78598805812493,
    154.27445818176076,
    135.5948114851269,
    116.74552117570829,
    97.72504659506387,
    78.53183309289999,
    59.16431189999999,
    39.62089999999999,
    19.9,
    0.0
  ],
  "margin_quantile": 0.75,
  "informativeness_t": [
    0.0,
    0.0,
    0.0,
    0.0,
    0.0,
    0.0,
    0.0,
    0.0,
    0.0,
    0.0,
    0.0,
    0.0,
    0.0,
    0.0,
    0.0,
    0.0,
    0.0,
    0.0,
    0.0,
    0.0,
    0.0,
    0.0,
    0.0,
    0.0,
    0.0,
    0.0,
    0.0,
    0.0,
    0.0,
    0.0,
    0.0,
    0.0,
    0.0,
    0.0,
    0.0,
    0.0,
    0.0,
    0.0,
    0.0,
    0.0,
    0.0,
    0.0,
    0.0,
    0.0,
    0.0,
    3.195596594958866e-17,
    4.101015630197211e-16,
    4.148949579121594e-15,
    4.1910249342885525e-14,
    4.2340589684339984e-13,
    4.276858658829148e-12,
    4.320058331398099e-11,
    4.3636958007005595e-10,
    4.407773617887812e-09,
    4.452296588071934e-08,
    4.4972692809027986e-07,
    4.542696243357518e-06,
    0.23449679010988803,
    0.8981025814534247,
    0.9999999803505493
  ],
  "d_target_t": [
    0.891,
    0.891,
    0.891,
    0.891,
    0.891,
    0.891,
    0.891,
    0.891,
    0.891,
    0.891,
    0.891,
    0.891,
    0.891,
    0.891,
    0.891,
    0.891,
    0.891,
    0.891,
    0.891,
    0.891,
    0.891,
    0.891,
    0.891,
    0.891,
    0.891,
    0.891,
    0.891,
    0.891,
    0.891,
    0.891,
    0.891,
    0.891,
    0.891,
    0.891,
    0.891,
    0.891,
    0.891,
    0.891,
    0.891,
    0.891,
    0.891,
    0.891,
    0.891,
    0.891,
    0.891,
    0.891,
    0.8909999999999998,
    0.8909999999999983,
    0.8909999999999835,
    0.8909999999998323,
    0.8909999999983064,
    0.8909999999828925,
    0.8909999998271977,
    0.8909999982545217,
    0.8909999823689055,
    0.8909998219081364,
    0.8909982010922877,
    0.7981392711164844,
    0.5353513777444437,
    0.49500000778118247
  ],
  "beta_raw_t": [
    0.0,
    0.0,
    0.0,
    0.0,
    0.0,
    0.0,
    0.0,
    0.0,
    0.0,
    0.0,
    0.0,
    0.0,
    0.0,
    0.0,
    0.0,
    0.0,
    0.0,
    0.0,
    0.0,
    0.0,
    0.0,
    0.0,
    0.0,
    0.0,
    0.0,
    0.0,
    0.0,
    0.0,
    0.0,
    0.0,
    0.0,
    0.0,
    0.0,
    0.0,
    0.0,
    0.0,
    0.0,
    0.0,
    0.0,
    0.0,
    0.0,
    0.0,
    0.0,
    0.0,
    0.0,
    0.0,
    0.0,
    0.0,
    0.0,
    0.0,
    0.0,
    0.0,
    0.0,
    0.0,
    0.0,
    0.0,
    0.0,
    55.3867740917076,
    40.75753845320697,
    40.68158218347713
  ],
  "beta_cap_t": [
    2.1752761000262287e-06,
    2.2033633822265672e-06,
    2.232450691618453e-06,
    2.262591149966052e-06,
    2.2938417073257665e-06,
    2.3262634932700994e-06,
    2.359922207501775e-06,
    2.3948885551102454e-06,
    2.431238732538581e-06,
    2.469054971290027e-06,
    2.508426147539581e-06,
    2.549448467162825e-06,
    2.5922262372963444e-06,
    2.636872737456235e-06,
    2.68351120553163e-06,
    2.7322759567238275e-06,
    2.783313656824997e-06,
    2.8367847752576298e-06,
    2.8928652481964663e-06,
    2.9517483880842355e-06,
    3.0136470832069133e-06,
    3.078796340067793e-06,
    3.1474562325509877e-06,
    3.219915335890648e-06,
    3.296494741043772e-06,
    3.3775527672326413e-06,
    3.4634905185469237e-06,
    3.554758466407819e-06,
    3.6518642858699643e-06,
    3.755382233535449e-06,
    3.865964432897105e-06,
    3.984354535616948e-06,
    4.111404363542613e-06,
    4.24809431885268e-06,
    4.3955585967549165e-06,
    4.555116572944692e-06,
    4.728312205182705e-06,
    4.916963942371112e-06,
    5.123228562314051e-06,
    5.34968369450289e-06,
    5.599435735673655e-06,
    5.876262766669618e-06,
    6.184806471835187e-06,
    6.530833851002487e-06,
    6.921600245095573e-06,
    7.366362588342985e-06,
    7.877120787454768e-06,
    8.469714987858048e-06,
    9.165495370473627e-06,
    9.993946198051428e-06,
    1.0996967307454259e-05,
    1.223617814469896e-05,
    1.380606571368969e-05,
    1.5859270736275716e-05,
    1.8659463128308638e-05,
    2.2704731899390982e-05,
    2.9062553789910902e-05,
    4.050896970703725e-05,
    6.7227141636653e-05,
    0.00020100915349359244
  ],
  "beta_used_t": [
    0.0,
    0.0,
    0.0,
    0.0,
    0.0,
    0.0,
    0.0,
    0.0,
    0.0,
    0.0,
    0.0,
    0.0,
    0.0,
    0.0,
    0.0,
    0.0,
    0.0,
    0.0,
    0.0,
    0.0,
    0.0,
    0.0,
    0.0,
    0.0,
    0.0,
    0.0,
    0.0,
    0.0,
    0.0,
    0.0,
    0.0,
    0.0,
    0.0,
    0.0,
    0.0,
    0.0,
    0.0,
    0.0,
    0.0,
    0.0,
    0.0,
    0.0,
    0.0,
    0.0,
    0.0,
    0.0,
    0.0,
    0.0,
    0.0,
    0.0,
    0.0,
    0.0,
    0.0,
    0.0,
    0.0,
    0.0,
    0.0,
    4.050896970703725e-05,
    6.7227141636653e-05,
    0.00020100915349359244
  ],