{
  "task_family": "chain_jackpot",
  "gamma": 0.99,
  "sign": 1,
  "source_phase": "phase2",
  "reward_bound": 10.0,
  "ablation_type": "alpha_constant_0.05",
  "alpha_t": [
    0.05,
    0.05,
    0.05,
    0.05,
    0.05,
    0.05,
    0.05,
    0.05,
    0.05,
    0.05,
    0.05,
    0.05,
    0.05,
    0.05,
    0.05,
    0.05,
    0.05,
    0.05,
    0.05,
    0.05,
    0.05,
    0.05,
    0.05,
    0.05,
    0.05,
    0.05,
    0.05,
    0.05,
    0.05,
    0.05,
    0.05,
    0.05,
    0.05,
    0.05,
    0.05,
    0.05,
    0.05,
    0.05,
    0.05,
    0.05,
    0.05,
    0.05,
    0.05,
    0.05,
    0.05,
    0.05,
    0.05,
    0.05,
    0.05,
    0.05,
    0.05,
    0.05,
    0.05,
    0.05,
    0.05,
    0.05,
    0.05,
    0.05,
    0.05,
    0.05
  ],
  "kappa_t": [
    0.9904999999999999,
    0.9904999999999999,
    0.9904999999999999,
    0.9904999999999999,
    0.9904999999999999,
    0.9904999999999999,
    0.9904999999999999,
    0.9904999999999999,
    0.9904999999999999,
    0.9904999999999999,
    0.9904999999999999,
    0.9904999999999999,
    0.9904999999999999,
    0.9904999999999999,
    0.9904999999999999,
    0.9904999999999999,
    0.9904999999999999,
    0.9904999999999999,
    0.9904999999999999,
    0.9904999999999999,
    0.9904999999999999,
    0.9904999999999999,
    0.9904999999999999,
    0.9904999999999999,
    0.9904999999999999,
    0.9904999999999999,
    0.9904999999999999,
    0.9904999999999999,
    0.9904999999999999,
    0.9904999999999999,
    0.9904999999999999,
    0.9904999999999999,
    0.9904999999999999,
    0.9904999999999999,
    0.9904999999999999,
    0.9904999999999999,
    0.9904999999999999,
    0.9904999999999999,
    0.9904999999999999,
    0.9904999999999999,
    0.9904999999999999,
    0.9904999999999999,
    0.9904999999999999,
    0.9904999999999999,
    0.9904999999999999,
    0.9904999999999999,
    0.9904999999999999,
    0.9904999999999999,
    0.9904999999999999,
    0.9904999999999999,
    0.9904999999999999,
    0.9904999999999999,
    0.9904999999999999,
    0.9904999999999999,
    0.9904999999999999,
    0.9904999999999999,
    0.9904999999999999,
    0.9904999999999999,
    0.9904999999999999,
    0.9904999999999999
  ],
  "Bhat_t": [
    913.3333137058621,
    902.0023358968825,
    890.5626813698966,
    879.0133077939391,
    867.353162840928,
    855.581184089781,
    843.6962989296125,
    831.6974244620015,
    819.5834674023237,
    807.353323980135,
    795.0058798386018,
    782.5400099329651,
    769.9545784280315,
    757.248438594681,
    744.4204327053823,
    731.469391928705,
    718.3941362228219,
    705.1934742279878,
    691.8662031579888,
    678.4111086905491,
    664.8269648566877,
    651.1125339290134,
    637.2665663089484,
    623.2878004128708,
    609.1749625571639,
    594.9267668421645,
    580.541915034997,
    566.0190964512843,
    551.3569878357238,
    536.5542532415183,
    521.6095439086505,
    506.5214981409899,
    491.28874118222103,
    475.9098850905816,
    460.38352861239946,
    444.7082570544165,
    428.882642154888,
    412.9052419534458,
    396.77460065971314,
    380.48924852065943,
    364.04770168668296,
    347.4484620764089,
    330.69001724019074,
    313.77084022230264,
    296.6893894218099,
    279.44410845210496,
    262.03342599909644,
    244.4557556780378,
    226.70949588898316,
    208.7930296708563,
    190.70472455412045,
    172.4429324120348,
    154.0059893104844,
    135.39221535636992,
    116.59991454454308,
    97.6273746032742,
    78.47286683823748,
    59.13464597499999,
    39.610949999999995,
    19.9,
    0.0
  ],
  "margin_quantile": 0.75,
  "informativeness_t": [
    0.1345657168817487,
    0.1345657168817487,
    0.1345657168817487,
    0.1345657168817487,
    0.1345657168817487,
    0.1345657168817487,
    0.1345657168817487,
    0.1345657168817487,
    0.1345657168817487,
    0.1345657168817487,
    0.1345657168817487,
    0.1345657168817487,
    0.1345657168817487,
    0.1345657168817487,
    0.1345657168817487,
    0.1345657168817487,
    0.1345657168817487,
    0.1345657168817487,
    0.1345657168817487,
    0.1345657168817487,
    0.1345657168817487,
    0.1345657168817487,
    0.1345657168817487,
    0.1345657168817487,
    0.1345657168817487,
    0.1345657168817487,
    0.1345657168817487,
    0.1345657168817487,
    0.1345657168817487,
    0.1345657168817487,
    0.1345657168817487,
    0.1345657168817487,
    0.1345657168817487,
    0.1345657168817487,
    0.1345657168817487,
    0.1345657168817487,
    0.1345657168817487,
    0.1345657168817487,
    0.1345657168817487,
    0.1345657168817487,
    0.1345657168817487,
    0.1345657168817487,
    0.1345657168817487,
    0.1345657168817487,
    0.1345657168817487,
    0.13456571688174912,
    0.13456571688175412,
    0.13456571688180288,
    0.13456571688229627,
    0.13456571688727978,
    0.13456571693761865,
    0.13456571744609103,
    0.13456572258217667,
    0.13456577446183032,
    0.13456629849873478,
    0.13457159180080044,
    0.1346250594984326,
    0.0,
    0.8668883410920352,
    0.9999999990127434
  ],
  "d_target_t": [
    0.8377119761148275,
    0.8377119761148275,
    0.8377119761148275,
    0.8377119761148275,
    0.8377119761148275,
    0.8377119761148275,
    0.8377119761148275,
    0.8377119761148275,
    0.8377119761148275,
    0.8377119761148275,
    0.8377119761148275,
    0.8377119761148275,
    0.8377119761148275,
    0.8377119761148275,
    0.8377119761148275,
    0.8377119761148275,
    0.8377119761148275,
    0.8377119761148275,
    0.8377119761148275,
    0.8377119761148275,
    0.8377119761148275,
    0.8377119761148275,
    0.8377119761148275,
    0.8377119761148275,
    0.8377119761148275,
    0.8377119761148275,
    0.8377119761148275,
    0.8377119761148275,
    0.8377119761148275,
    0.8377119761148275,
    0.8377119761148275,
    0.8377119761148275,
    0.8377119761148275,
    0.8377119761148275,
    0.8377119761148275,
    0.8377119761148275,
    0.8377119761148275,
    0.8377119761148275,
    0.8377119761148275,
    0.8377119761148275,
    0.8377119761148275,
    0.8377119761148275,
    0.8377119761148275,
    0.8377119761148275,
    0.8377119761148275,
    0.8377119761148274,
    0.8377119761148254,
    0.8377119761148061,
    0.8377119761146107,
    0.8377119761126371,
    0.837711976092703,
    0.8377119758913479,
    0.837711973857458,
    0.8377119533131152,
    0.837711745794501,
    0.837709649646883,
    0.8376884764386207,
    0.891,
    0.547712216927554,
    0.49500000039095365
  ],
  "beta_raw_t": [
    0.0,
    0.0,
    0.0,
    0.0,
    0.0,
    0.0,
    0.0,
    0.0,
    0.0,
    0.0,
    0.0,
    0.0,
    0.0,
    0.0,
    0.0,
    0.0,
    0.0,
    0.0,
    0.0,
    0.0,
    0.0,
    0.0,
    0.0,
    0.0,
    0.0,
    0.0,
    0.0,
    0.0,
    0.0,
    0.0,
    0.0,
    0.0,
    0.0,
    0.0,
    0.0,
    0.0,
    0.0,
    0.0,
    0.0,
    0.0,
    0.0,
    0.0,
    0.0,
    0.0,
    0.0,
    0.0,
    0.0,
    0.0,
    0.0,
    0.0,
    0.0,
    0.0,
    0.0,
    0.0,
    0.0,
    0.0,
    0.0,
    1.0885200795395815,
    1.5179176821168163,
    1.5646762662161173
  ],