{
  "task_family": "chain_jackpot",
  "gamma": 0.99,
  "sign": 1,
  "source_phase": "phase2",
  "reward_bound": 10.0,
  "ablation_type": "alpha_constant_0.20",
  "alpha_t": [
    0.2,
    0.2,
    0.2,
    0.2,
    0.2,
    0.2,
    0.2,
    0.2,
    0.2,
    0.2,
    0.2,
    0.2,
    0.2,
    0.2,
    0.2,
    0.2,
    0.2,
    0.2,
    0.2,
    0.2,
    0.2,
    0.2,
    0.2,
    0.2,
    0.2,
    0.2,
    0.2,
    0.2,
    0.2,
    0.2,
    0.2,
    0.2,
    0.2,
    0.2,
    0.2,
    0.2,
    0.2,
    0.2,
    0.2,
    0.2,
    0.2,
    0.2,
    0.2,
    0.2,
    0.2,
    0.2,
    0.2,
    0.2,
    0.2,
    0.2,
    0.2,
    0.2,
    0.2,
    0.2,
    0.2,
    0.2,
    0.2,
    0.2,
    0.2,
    0.2
  ],
  "kappa_t": [
    0.992,
    0.992,
    0.992,
    0.992,
    0.992,
    0.992,
    0.992,
    0.992,
    0.992,
    0.992,
    0.992,
    0.992,
    0.992,
    0.992,
    0.992,
    0.992,
    0.992,
    0.992,
    0.992,
    0.992,
    0.992,
    0.992,
    0.992,
    0.992,
    0.992,
    0.992,
    0.992,
    0.992,
    0.992,
    0.992,
    0.992,
    0.992,
    0.992,
    0.992,
    0.992,
    0.992,
    0.992,
    0.992,
    0.992,
    0.992,
    0.992,
    0.992,
    0.992,
    0.992,
    0.992,
    0.992,
    0.992,
    0.992,
    0.992,
    0.992,
    0.992,
    0.992,
    0.992,
    0.992,
    0.992,
    0.992,
    0.992,
    0.992,
    0.992,
    0.992
  ],
  "Bhat_t": [
    951.2446134116053,
    938.8554570681506,
    926.3663881735389,
    913.7766009813901,
    901.085283247369,
    888.2916161767834,
    875.3947743717574,
    862.3939257779813,
    849.2882316310296,
    836.0768464022476,
    822.7589177442012,
    809.3335864356867,
    795.7999863262971,
    782.1572442805415,
    768.4044801215136,
    754.5408065741066,
    740.5653292077687,
    726.4771463787991,
    712.2753491721766,
    697.95902134292,
    683.5272392569758,
    668.9790718316289,
    654.3135804754323,
    639.5298190276536,
    624.6268336972315,
    609.6036630012414,
    594.4593377028643,
    579.1928807488551,
    563.8033072065073,
    548.2896242001082,
    532.6508308468833,
    516.8859181924228,
    500.99386914558744,
    484.9736584128906,
    468.8242524323494,
    452.54460930680386,
    436.13367873669745,
    419.59040195231603,
    402.9137116454799,
    386.1025319006854,
    369.155778125691,
    352.07235698154335,
    334.8511663120397,
    317.4910950726207,
    299.99102325869023,
    282.3498218333571,
    264.5663526545939,
    246.6394684018084,
    228.56801250182298,
    210.35081905425702,
    191.98671275630747,
    173.47450882692286,
    154.81301293036577,
    136.00102109915903,
    117.03731965641032,
    97.92068513751039,
    78.6498842112,
    59.2236736,
    39.6408,
    19.9,
    0.0
  ],
  "margin_quantile": 0.75,
  "informativeness_t": [
    0.1345657168817487,
    0.1345657168817487,
    0.1345657168817487,
    0.1345657168817487,
    0.1345657168817487,
    0.1345657168817487,
    0.1345657168817487,
    0.1345657168817487,
    0.1345657168817487,
    0.1345657168817487,
    0.1345657168817487,
    0.1345657168817487,
    0.1345657168817487,
    0.1345657168817487,
    0.1345657168817487,
    0.1345657168817487,
    0.1345657168817487,
    0.1345657168817487,
    0.1345657168817487,
    0.1345657168817487,
    0.1345657168817487,
    0.1345657168817487,
    0.1345657168817487,
    0.1345657168817487,
    0.1345657168817487,
    0.1345657168817487,
    0.1345657168817487,
    0.1345657168817487,
    0.1345657168817487,
    0.1345657168817487,
    0.1345657168817487,
    0.1345657168817487,
    0.1345657168817487,
    0.1345657168817487,
    0.1345657168817487,
    0.1345657168817487,
    0.1345657168817487,
    0.1345657168817487,
    0.1345657168817487,
    0.1345657168817487,
    0.1345657168817487,
    0.1345657168817487,
    0.1345657168817487,
    0.1345657168817487,
    0.1345657168817487,
    0.13456571688174912,
    0.13456571688175412,
    0.13456571688180288,
    0.13456571688229627,
    0.13456571688727978,
    0.13456571693761865,
    0.13456571744609103,
    0.13456572258217667,
    0.13456577446183032,
    0.13456629849873478,
    0.13457159180080044,
    0.1346250594984326,
    0.0,
    0.8668883410920352,
    0.9999999990127434
  ],
  "d_target_t": [
    0.8377119761148275,
    0.8377119761148275,
    0.8377119761148275,
    0.8377119761148275,
    0.8377119761148275,
    0.8377119761148275,
    0.8377119761148275,
    0.8377119761148275,
    0.8377119761148275,
    0.8377119761148275,
    0.8377119761148275,
    0.8377119761148275,
    0.8377119761148275,
    0.8377119761148275,
    0.8377119761148275,
    0.8377119761148275,
    0.8377119761148275,
    0.8377119761148275,
    0.8377119761148275,
    0.8377119761148275,
    0.8377119761148275,
    0.8377119761148275,
    0.8377119761148275,
    0.8377119761148275,
    0.8377119761148275,
    0.8377119761148275,
    0.8377119761148275,
    0.8377119761148275,
    0.8377119761148275,
    0.8377119761148275,
    0.8377119761148275,
    0.8377119761148275,
    0.8377119761148275,
    0.8377119761148275,
    0.8377119761148275,
    0.8377119761148275,
    0.8377119761148275,
    0.8377119761148275,
    0.8377119761148275,
    0.8377119761148275,
    0.8377119761148275,
    0.8377119761148275,
    0.8377119761148275,
    0.8377119761148275,
    0.8377119761148275,
    0.8377119761148274,
    0.8377119761148254,
    0.8377119761148061,
    0.8377119761146107,
    0.8377119761126371,
    0.837711976092703,
    0.8377119758913479,
    0.837711973857458,
    0.8377119533131152,
    0.837711745794501,
    0.837709649646883,
    0.8376884764386207,
    0.891,
    0.547712216927554,
    0.49500000039095365
  ],
  "beta_raw_t": [
    0.0,
    0.0,
    0.0,
    0.0,
    0.0,
    0.0,
    0.0,
    0.0,
    0.0,
    0.0,
    0.0,
    0.0,
    0.0,
    0.0,
    0.0,
    0.0,
    0.0,
    0.0,
    0.0,
    0.0,
    0.0,
    0.0,
    0.0,
    0.0,
    0.0,
    0.0,
    0.0,
    0.0,
    0.0,
    0.0,
    0.0,
    0.0,
    0.0,
    0.0,
    0.0,
    0.0,
    0.0,
    0.0,
    0.0,
    0.0,
    0.0,
    0.0,
    0.0,
    0.0,
    0.0,
    0.0,
    0.0,
    0.0,
    0.0,
    0.0,
    0.0,
    0.0,
    0.0,
    0.0,
    0.0,
    0.0,
    0.0,
    1.0885200795395815,
    1.5179176821168163,
    1.5646762662161173
  ],
  "beta_cap_t": [
    4.2368590462999885e-06,
    4.293369430690455e-06,
    4.351882070447997e-06,
    4.412503308780577e-06,
    4.475347152877287e-06,
    4.540535977031108e-06,
    4.608201304617304e-06,
    4.678484679441679e-06,
    4.751538638606132e-06,
    4.827527800963376e-06,
    4.906630087506935e-06,
    4.989038092738805e-06,
    5.074960629264368e-06,
    5.164624471692059e-06,
    5.258276330500394e-06,
    5.356185092047406e-06,
    5.45864436755051e-06,
    5.565975401926633e-06,
    5.678530403192677e-06,
    5.796696365116661e-06,
    5.920899470532154e-06,
    6.051610180892544e-06,
    6.189349140164951e-06,
    6.3346940492406755e-06,
    6.488287702234339e-06,
    6.650847420420707e-06,
    6.823176175857274e-06,
    7.0061757686305535e-06,
    7.200862514094213e-06,
    7.408386016172252e-06,
    7.630051759026342e-06,
    7.867348454947738e-06,
    8.12198135917127e-06,
    8.395913127809443e-06,
    8.691414289608e-06,
    9.011126078385481e-06,
    9.358139308141566e-06,
    9.736094281998427e-06,
    1.0149308583360127e-05,
    1.0602942270281347e-05,
    1.110321390018524e-05,
    1.1657686618558927e-05,
    1.2275652338024148e-05,
    1.2968655623151513e-05,
    1.375122037598452e-05,
    1.4641877229464085e-05,
    1.5664647577184497e-05,
    1.6851239966127415e-05,
    1.824439248360778e-05,
    1.9903125171211374e-05,
    2.1911309928632384e-05,
    2.439229011976647e-05,
    2.7535196648932618e-05,
    3.164555768165915e-05,
    3.72511240249067e-05,
    4.534881080422661e-05,
    5.807502864035093e-05,
    8.098513373898698e-05,
    0.00013445374003044497,
    0.00040201668269103044
  ],