{
  "task_family": "chain_jackpot",
  "gamma": 0.99,
  "sign": 1,
  "source_phase": "phase2",
  "reward_bound": 10.0,
  "ablation_type": "alpha_constant_0.00",
  "alpha_t": [
    0.0,
    0.0,
    0.0,
    0.0,
    0.0,
    0.0,
    0.0,
    0.0,
    0.0,
    0.0,
    0.0,
    0.0,
    0.0,
    0.0,
    0.0,
    0.0,
    0.0,
    0.0,
    0.0,
    0.0,
    0.0,
    0.0,
    0.0,
    0.0,
    0.0,
    0.0,
    0.0,
    0.0,
    0.0,
    0.0,
    0.0,
    0.0,
    0.0,
    0.0,
    0.0,
    0.0,
    0.0,
    0.0,
    0.0,
    0.0,
    0.0,
    0.0,
    0.0,
    0.0,
    0.0,
    0.0,
    0.0,
    0.0,
    0.0,
    0.0,
    0.0,
    0.0,
    0.0,
    0.0,
    0.0,
    0.0,
    0.0,
    0.0,
    0.0,
    0.0
  ],
  "kappa_t": [
    0.99,
    0.99,
    0.99,
    0.99,
    0.99,
    0.99,
    0.99,
    0.99,
    0.99,
    0.99,
    0.99,
    0.99,
    0.99,
    0.99,
    0.99,
    0.99,
    0.99,
    0.99,
    0.99,
    0.99,
    0.99,
    0.99,
    0.99,
    0.99,
    0.99,
    0.99,
    0.99,
    0.99,
    0.99,
    0.99,
    0.99,
    0.99,
    0.99,
    0.99,
    0.99,
    0.99,
    0.99,
    0.99,
    0.99,
    0.99,
    0.99,
    0.99,
    0.99,
    0.99,
    0.99,
    0.99,
    0.99,
    0.99,
    0.99,
    0.99,
    0.99,
    0.99,
    0.99,
    0.99,
    0.99,
    0.99,
    0.99,
    0.99,
    0.99,
    0.99
  ],
  "Bhat_t": [
    901.1582816423837,
    890.1598804468523,
    879.0503842897498,
    867.8286709997473,
    856.4936070704518,
    845.044047545911,
    833.4788359049606,
    821.7968039444047,
    809.9967716610149,
    798.0775471323383,
    786.0379263963014,
    773.8766933295974,
    761.5926195248459,
    749.184464166511,
    736.6509739055667,
    723.9908827328957,
    711.2029118514098,
    698.2857695468786,
    685.2381510574531,
    672.0587384418719,
    658.7462004463353,
    645.2991923700356,
    631.7163559293289,
    617.9963191205343,
    604.1376960813478,
    590.1390869508564,
    575.9990777281378,
    561.7162401294321,
    547.2891314438708,
    532.7162943877483,
    517.9962569573216,
    503.1275322801228,
    488.10861846477053,
    472.9379984492632,
    457.61413984774066,
    442.13549479569764,
    426.500499793634,
    410.7075755491253,
    394.75512681729833,
    378.6415422396953,
    362.36519418151045,
    345.9244385671823,
    329.31761471432554,
    312.5430451659854,
    295.5990355211974,
    278.4838742638358,
    261.19583258973313,
    243.7331642320537,
    226.09410528490272,
    208.27687402515426,
    190.27967073247905,
    172.1006775075546,
    153.73805808843898,
    135.18995766508988,
    116.45450269200998,
    97.52980069899999,
    78.41394009999999,
    59.10499,
    39.601,
    19.9,
    0.0
  ],
  "margin_quantile": 0.75,
  "informativeness_t": [
    0.1345657168817487,
    0.1345657168817487,
    0.1345657168817487,
    0.1345657168817487,
    0.1345657168817487,
    0.1345657168817487,
    0.1345657168817487,
    0.1345657168817487,
    0.1345657168817487,
    0.1345657168817487,
    0.1345657168817487,
    0.1345657168817487,
    0.1345657168817487,
    0.1345657168817487,
    0.1345657168817487,
    0.1345657168817487,
    0.1345657168817487,
    0.1345657168817487,
    0.1345657168817487,
    0.1345657168817487,
    0.1345657168817487,
    0.1345657168817487,
    0.1345657168817487,
    0.1345657168817487,
    0.1345657168817487,
    0.1345657168817487,
    0.1345657168817487,
    0.1345657168817487,
    0.1345657168817487,
    0.1345657168817487,
    0.1345657168817487,
    0.1345657168817487,
    0.1345657168817487,
    0.1345657168817487,
    0.1345657168817487,
    0.1345657168817487,
    0.1345657168817487,
    0.1345657168817487,
    0.1345657168817487,
    0.1345657168817487,
    0.1345657168817487,
    0.1345657168817487,
    0.1345657168817487,
    0.1345657168817487,
    0.1345657168817487,
    0.13456571688174912,
    0.13456571688175412,
    0.13456571688180288,
    0.13456571688229627,
    0.13456571688727978,
    0.13456571693761865,
    0.13456571744609103,
    0.13456572258217667,
    0.13456577446183032,
    0.13456629849873478,
    0.13457159180080044,
    0.1346250594984326,
    0.0,
    0.8668883410920352,
    0.9999999990127434
  ],
  "d_target_t": [
    0.8377119761148275,
    0.8377119761148275,
    0.8377119761148275,
    0.8377119761148275,
    0.8377119761148275,
    0.8377119761148275,
    0.8377119761148275,
    0.8377119761148275,
    0.8377119761148275,
    0.8377119761148275,
    0.8377119761148275,
    0.8377119761148275,
    0.8377119761148275,
    0.8377119761148275,
    0.8377119761148275,
    0.8377119761148275,
    0.8377119761148275,
    0.8377119761148275,
    0.8377119761148275,
    0.8377119761148275,
    0.8377119761148275,
    0.8377119761148275,
    0.8377119761148275,
    0.8377119761148275,
    0.8377119761148275,
    0.8377119761148275,
    0.8377119761148275,
    0.8377119761148275,
    0.8377119761148275,
    0.8377119761148275,
    0.8377119761148275,
    0.8377119761148275,
    0.8377119761148275,
    0.8377119761148275,
    0.8377119761148275,
    0.8377119761148275,
    0.8377119761148275,
    0.8377119761148275,
    0.8377119761148275,
    0.8377119761148275,
    0.8377119761148275,
    0.8377119761148275,
    0.8377119761148275,
    0.8377119761148275,
    0.8377119761148275,
    0.8377119761148274,
    0.8377119761148254,
    0.8377119761148061,
    0.8377119761146107,
    0.8377119761126371,
    0.837711976092703,
    0.8377119758913479,
    0.837711973857458,
    0.8377119533131152,
    0.837711745794501,
    0.837709649646883,
    0.8376884764386207,
    0.891,
    0.547712216927554,
    0.49500000039095365
  ],
  "beta_raw_t": [
    0.0,
    0.0,
    0.0,
    0.0,
    0.0,
    0.0,
    0.0,
    0.0,
    0.0,
    0.0,
    0.0,
    0.0,
    0.0,
    0.0,
    0.0,
    0.0,
    0.0,
    0.0,
    0.0,
    0.0,
    0.0,
    0.0,
    0.0,
    0.0,
    0.0,
    0.0,
    0.0,
    0.0,
    0.0,
    0.0,
    0.0,
    0.0,
    0.0,
    0.0,
    0.0,
    0.0,
    0.0,
    0.0,
    0.0,
    0.0,
    0.0,
    0.0,
    0.0,
    0.0,
    0.0,
    0.0,
    0.0,
    0.0,
    0.0,
    0.0,
    0.0,
    0.0,
    0.0,
    0.0,
    0.0,
    0.0,
    0.0,
    1.0885200795395815,
    1.5179176821168163,
    1.5646762662161173
  ],
  "beta_cap_t": [
    0.0,
    0.0,
    0.0,
    0.0,
    0.0,
    0.0,
    0.0,
    0.0,
    0.0,
    0.0,
    0.0,
    0.0,
    0.0,
    0.0,
    0.0,
    0.0,
    0.0,
    0.0,
    0.0,
    0.0,
    0.0,
    0.0,
    0.0,
    0.0,
    0.0,
    0.0,
    0.0,
    0.0,
    0.0,
    0.0,
    0.0,
    0.0,
    0.0,
    0.0,
    0.0,
    0.0,
    0.0,
    0.0,
    0.0,
    0.0,
    0.0,
    0.0,
    0.0,
    0.0,
    0.0,
    0.0,
    0.0,
    0.0,
    0.0,
    0.0,
    0.0,
    0.0,
    0.0,
    0.0,
    0.0,
    0.0,
    0.0,
    0.0,
    0.0,
    0.0
  ],
  "beta_used_t": [
    0.0,
    0.0,
    0.0,
    0.0,
    0.0,
    0.0,
    0.0,
    0.0,
    0.0,
    0.0,
    0.0,
    0.0,
    0.0,
    0.0,
    0.0,
    0.0,
    0.0,
    0.0,
    0.0,
    0.0,
    0.0,
    0.0,
    0.0,
    0.0,
    0.0,
    0.0,
    0.0,
    0.0,
    0.0,
    0.0,
    0.0,
    0.0,
    0.0,
    0.0,
    0.0,
    0.0,
    0.0,
    0.0,
    0.0,
    0.0,
    0.0,
    0.0,
    0.0,
    0.0,
    0.0,
    0.0,
    0.0,
    0.0,
    0.0,
    0.0,
    0.0,
    0.0,
    0.0,
    0.0,
    0.0,
    0.0,
    0.0,
    0.0,
    0.0,
    0.0
  ],