{
  "task_family": "chain_jackpot",
  "gamma": 0.99,
  "sign": 1,
  "source_phase": "phase2",
  "reward_bound": 10.0,
  "ablation_type": "alpha_constant_0.02",
  "alpha_t": [
    0.02,
    0.02,
    0.02,
    0.02,
    0.02,
    0.02,
    0.02,
    0.02,
    0.02,
    0.02,
    0.02,
    0.02,
    0.02,
    0.02,
    0.02,
    0.02,
    0.02,
    0.02,
    0.02,
    0.02,
    0.02,
    0.02,
    0.02,
    0.02,
    0.02,
    0.02,
    0.02,
    0.02,
    0.02,
    0.02,
    0.02,
    0.02,
    0.02,
    0.02,
    0.02,
    0.02,
    0.02,
    0.02,
    0.02,
    0.02,
    0.02,
    0.02,
    0.02,
    0.02,
    0.02,
    0.02,
    0.02,
    0.02,
    0.02,
    0.02,
    0.02,
    0.02,
    0.02,
    0.02,
    0.02,
    0.02,
    0.02,
    0.02,
    0.02,
    0.02
  ],
  "kappa_t": [
    0.9902,
    0.9902,
    0.9902,
    0.9902,
    0.9902,
    0.9902,
    0.9902,
    0.9902,
    0.9902,
    0.9902,
    0.9902,
    0.9902,
    0.9902,
    0.9902,
    0.9902,
    0.9902,
    0.9902,
    0.9902,
    0.9902,
    0.9902,
    0.9902,
    0.9902,
    0.9902,
    0.9902,
    0.9902,
    0.9902,
    0.9902,
    0.9902,
    0.9902,
    0.9902,
    0.9902,
    0.9902,
    0.9902,
    0.9902,
    0.9902,
    0.9902,
    0.9902,
    0.9902,
    0.9902,
    0.9902,
    0.9902,
    0.9902,
    0.9902,
    0.9902,
    0.9902,
    0.9902,
    0.9902,
    0.9902,
    0.9902,
    0.9902,
    0.9902,
    0.9902,
    0.9902,
    0.9902,
    0.9902,
    0.9902,
    0.9902,
    0.9902,
    0.9902,
    0.9902
  ],
  "Bhat_t": [
    906.0012621254544,
    894.8709979049228,
    883.6305775650604,
    872.2789108918001,
    860.8148968812363,
    849.2374236328382,
    837.545368241606,
    825.7375966891598,
    813.8129637337506,
    801.7703127991826,
    789.6084758626365,
    777.3262733413821,
    764.9225139783703,
    752.3959947266919,
    739.7455006328944,
    726.9698047191421,
    714.0676678642114,
    701.0378386833079,
    687.8790534066935,
    674.5900357571132,
    661.1694968260082,
    647.6161349485036,
    633.9286355771598,
    620.1056711544736,
    606.145900984118,
    592.0479711009069,
    577.8105141394738,
    563.43214920165,
    548.9114817225308,
    534.2471033352159,
    519.4375917342112,
    504.4815105374785,
    489.3774091471203,
    474.1238226086855,
    458.7192714690825,
    443.1622616330868,
    427.4512842184274,
    411.58481540943995,
    395.56131630927086,
    379.37923279061897,
    363.036995345,
    346.5330189305191,
    329.86570281813687,
    313.03343043641377,
    296.03456921471803,
    278.8674704248819,
    261.53046902129057,
    244.0218834793886,
    226.34001563258798,
    208.4831505075621,
    190.44955615790963,
    172.2374834961721,
    153.84516612418915,
    135.27082016177454,
    116.51264407369678,
    97.56881849494727,
    78.4375060542792,
    59.11685119599999,
    39.60498,
    19.9,
    0.0
  ],
  "margin_quantile": 0.75,
  "informativeness_t": [
    0.1345657168817487,
    0.1345657168817487,
    0.1345657168817487,
    0.1345657168817487,
    0.1345657168817487,
    0.1345657168817487,
    0.1345657168817487,
    0.1345657168817487,
    0.1345657168817487,
    0.1345657168817487,
    0.1345657168817487,
    0.1345657168817487,
    0.1345657168817487,
    0.1345657168817487,
    0.1345657168817487,
    0.1345657168817487,
    0.1345657168817487,
    0.1345657168817487,
    0.1345657168817487,
    0.1345657168817487,
    0.1345657168817487,
    0.1345657168817487,
    0.1345657168817487,
    0.1345657168817487,
    0.1345657168817487,
    0.1345657168817487,
    0.1345657168817487,
    0.1345657168817487,
    0.1345657168817487,
    0.1345657168817487,
    0.1345657168817487,
    0.1345657168817487,
    0.1345657168817487,
    0.1345657168817487,
    0.1345657168817487,
    0.1345657168817487,
    0.1345657168817487,
    0.1345657168817487,
    0.1345657168817487,
    0.1345657168817487,
    0.1345657168817487,
    0.1345657168817487,
    0.1345657168817487,
    0.1345657168817487,
    0.1345657168817487,
    0.13456571688174912,
    0.13456571688175412,
    0.13456571688180288,
    0.13456571688229627,
    0.13456571688727978,
    0.13456571693761865,
    0.13456571744609103,
    0.13456572258217667,
    0.13456577446183032,
    0.13456629849873478,
    0.13457159180080044,
    0.1346250594984326,
    0.0,
    0.8668883410920352,
    0.9999999990127434
  ],
  "d_target_t": [
    0.8377119761148275,
    0.8377119761148275,
    0.8377119761148275,
    0.8377119761148275,
    0.8377119761148275,
    0.8377119761148275,
    0.8377119761148275,
    0.8377119761148275,
    0.8377119761148275,
    0.8377119761148275,
    0.8377119761148275,
    0.8377119761148275,
    0.8377119761148275,
    0.8377119761148275,
    0.8377119761148275,
    0.8377119761148275,
    0.8377119761148275,
    0.8377119761148275,
    0.8377119761148275,
    0.8377119761148275,
    0.8377119761148275,
    0.8377119761148275,
    0.8377119761148275,
    0.8377119761148275,
    0.8377119761148275,
    0.8377119761148275,
    0.8377119761148275,
    0.8377119761148275,
    0.8377119761148275,
    0.8377119761148275,
    0.8377119761148275,
    0.8377119761148275,
    0.8377119761148275,
    0.8377119761148275,
    0.8377119761148275,
    0.8377119761148275,
    0.8377119761148275,
    0.8377119761148275,
    0.8377119761148275,
    0.8377119761148275,
    0.8377119761148275,
    0.8377119761148275,
    0.8377119761148275,
    0.8377119761148275,
    0.8377119761148275,
    0.8377119761148274,
    0.8377119761148254,
    0.8377119761148061,
    0.8377119761146107,
    0.8377119761126371,
    0.837711976092703,
    0.8377119758913479,
    0.837711973857458,
    0.8377119533131152,
    0.837711745794501,
    0.837709649646883,
    0.8376884764386207,
    0.891,
    0.547712216927554,
    0.49500000039095365
  ],
  "beta_raw_t": [
    0.0,
    0.0,
    0.0,
    0.0,
    0.0,
    0.0,
    0.0,
    0.0,
    0.0,
    0.0,
    0.0,
    0.0,
    0.0,
    0.0,
    0.0,
    0.0,
    0.0,
    0.0,
    0.0,
    0.0,
    0.0,
    0.0,
    0.0,
    0.0,
    0.0,
    0.0,
    0.0,
    0.0,
    0.0,
    0.0,
    0.0,
    0.0,
    0.0,
    0.0,
    0.0,
    0.0,
    0.0,
    0.0,
    0.0,
    0.0,
    0.0,
    0.0,
    0.0,
    0.0,
    0.0,
    0.0,
    0.0,
    0.0,
    0.0,
    0.0,
    0.0,
    0.0,
    0.0,
    0.0,
    0.0,
    0.0,
    0.0,
    1.0885200795395815,
    1.5179176821168163,
    1.5646762662161173
  ],