{
  "schema_version": "1.0.0",
  "created_at": "2026-04-19T05:10:29Z",
  "phase": "phase2",
  "task": "chain_regime_shift",
  "algorithm": "ExpectedSARSA",
  "seed": 47,
  "train_steps": 180000,
  "n_transitions": 180000,
  "steps_to_threshold": null,
  "auc_disc_return": 2.9598400444312416,
  "final_disc_return_mean": 3.9315835141795916,
  "final_10pct_success_rate": 0.0,
  "adaptation_metrics": {
    "change_at_episode": 300,
    "pre_change_auc": 1.7539279855442405e-05,
    "post_change_auc": 3.3151569615381415,
    "lag_to_50pct_recovery": 21,
    "lag_to_75pct_recovery": 205,
    "lag_to_90pct_recovery": 2490,
    "post_change_optimum": 4.441356674741691
  },
  "shortcut_risky_path_fraction": 0.0,
  "episode_returns": [
    3.949211216647908,
    3.2753853248898372,
    4.102876556195815,
    4.18723888059902,
    4.125901759314231,
    3.5755976047768376,
    3.7217156557421043,
    4.089895761665824,
    4.105340478127855,
    4.094895153948475,
    4.220733331638236,
    3.8543526252986364,
    3.9388584255280885,
    4.255365478628473,
    4.14158991385021,
    3.7339614775356145,
    3.3002370109284485,
    3.979890094898592,
    4.227362113636571,
    4.259768203661986,
    4.055409180974744,
    3.787195337314782,
    3.520553415757515,
    3.9588852848536527,
    3.412622074259544,
    3.890770885367263,
    4.441987528725603,
    3.6574173723630437,
    4.041882475173691,
    4.438656562748903,
    4.3369762513642085,
    4.256165309207117,
    3.814402440499162,
    3.754693527917956,
    3.632922447087896,
    3.7426405383224357,
    3.8650388108202924,
    3.5363906120192543,
    3.351398227422168,
    4.372576029340106,
    3.9924223935846297,
    3.744331950483266,
    4.2964535685261644,
    3.927121873345811,
    3.927509621781259,
    3.863541121128961,
    4.0207873548499125,
    3.8815796435925765,
    4.022221806776513,
    4.094421202515452,
    3.684575118076063,
    4.350774188504185,
    4.405954460210055,
    4.419810331435353,
    4.432914714392129,
    4.30347526864003,
    4.438618062895293,
    4.112724265217651,
    3.7476804458334363,
    3.5923659034990476,
    4.401674926200756,
    3.9398475729466678,
    4.176185262753966,
    3.777772894095816,
    4.418725386298234,
    2.9806018801857217,
    3.3223301190335164,
    4.336122705487793,
    4.237129449873166,
    3.5044509807507778,
    4.067147121152934,
    3.5297221286093583,
    4.458961643453603,
    4.224068993283739,
    3.8708810647446565,
    4.381176647108235,
    3.6133107892966745,
    4.443505645170802,
    3.555304713200318,
    3.96124924522019,
    4.342450664698965,
    3.8764992961314584,
    4.005460834908446,
    3.8711532341913037,
    3.606541466037761,
    4.432011367048831,
    3.513960626356015,
    3.363667038760189,
    4.166026185561458,
    3.9803377220467633,
    4.131757737966445,
    4.101134970620602,
    4.1111756942969055,
    4.221019715734619,
    3.3949330776522113,
    4.136634583572361,
    3.8554720954767046,
    4.1387989715827915,
    4.212338973122502,
    4.017540144443742,
    4.47111286744043,
    3.642752237508786,
    2.9700946697586006,
    4.433163112495148,
    4.059159463665482,
    3.192163731946411,
    3.997592248369695,
    4.11545724789141,
    3.86662953851432,
    3.9263579562162136,
    3.9810919019631323,
    4.0554822630081375,
    4.408574354646016,
    3.3221115226514373,
    3.6819821889722704,
    3.546218710689272,
    3.7032836756076852,
    4.148607033577152,
    3.359523922302548,
    4.167350571607691,
    3.9988182906267946,
    4.2968404977935215,
    4.288041788388925,
    4.0449083406929045,
    4.3816174237507415,
    4.282962008044693,
    4.295719945794541,
    3.7827099762778373,
    3.964885656518485,
    3.9993688262518727,
    3.932924288031713,
    3.97754740906834,
    3.536944585290984,
    4.405685762036435,
    4.129117297957191,
    4.447765017359382,
    4.247153657812191,
    4.27322070169263,
    4.069386077086304,
    4.438791004786255,
    3.2954199274181466,
    3.0710918563027243,
    3.795492971675895,
    4.402543618102755,
    4.301214112495148,
    4.281516631613977,
    3.8652149414108607,
    4.421841476134926,
    4.38950818785327,
    4.246866328610178,
    4.328240051002937,
    4.034961061775177,
    3.4163608816752054,
    3.5366423002755267,
    4.128623245694797,
    3.641159774202736,
    3.1946179080828667,
    4.108893911556236,
    4.428818110163564,
    3.669367390678983,
    3.9555566041811416,
    4.219857774008058,
    2.7521958708854357,
    3.6046041727129823,
    4.073185454592911,
    4.3785154652213265,
    3.25116750295021,
    4.4077779383265225,
    4.464737688292543,
    4.22822109937426,
    4.410468329587377,
    3.7625853383488788,
    4.15356046568783,
    3.4490842888234035,
    4.432615724112088,
    4.129117297957191,
    4.287418052198415,
    4.418447255662029,
    4.162744532683568,
    3.788346097896564,
    4.042480180761515,
    4.316001986284729,
    3.38451593171306,
    4.395836110487333,
    3.9283532494813653,
    3.9317837925403714,
    4.053974567387827,
    3.5241192556087837,
    4.279574778093082,
    4.0734359457602825,
    4.408260381004745,
    4.370926806526332,
    3.767010796627154,
    3.8136108502063277,
    4.335072480730586,
    4.4480714720851795,
    3.8136305961315213,
    3.32549574700842,
    3.727314752396786,
    4.097088538070555
  ],