{
  "total_s": 6.025964832981117,
  "step_s": 0.0,
  "fit_s": 0.0,
  "eval_s": 0.6425324600422755,
  "plot_s": 0.0,
  "other_s": 0.0,
  "train_s": 5.6128631249885075,
  "eval_final_s": 0.20340454098186456,
  "post_s": 0.20503395798732527,
  "steps_per_s": null,
  "updates_per_s": null
}
