{
  "phase": "phase4",
  "schedule_version": 3,
  "task_family": "dense_chain_cost",
  "scheduler_mode": "stagewise_u",
  "gamma_eval": 0.95,
  "gamma_base": 0.95,
  "sign_family": 1,
  "reward_bound": 0.05,
  "alpha_t": [
    0.19276432331939447,
    0.1917174599162616,
    0.19047523436245428,
    0.1889991757689914,
    0.18724080309923619,
    0.1851381684940661,
    0.18261086217552563,
    0.1905939047449664,
    0.2,
    0.1985741836857179,
    0.19669198488553813,
    0.19418596355586504,
    0.19079901381131775,
    0.18611518847664882,
    0.17941479903674373,
    0.16933549969492062,
    0.12551893719608723,
    0.1028736156728953,
    0.14280500000000002,
    0.14280500000000002
  ],
  "kappa_t": [
    0.9596382161659697,
    0.959585872995813,
    0.9595237617181227,
    0.9594499587884495,
    0.9593620401549617,
    0.9592569084247032,
    0.9591305431087762,
    0.9595296952372483,
    0.96,
    0.9599287091842859,
    0.9598345992442768,
    0.9597092981777933,
    0.9595399506905659,
    0.9593057594238324,
    0.9589707399518371,
    0.958466774984746,
    0.9562759468598043,
    0.9551436807836448,
    0.9554925,
    0.9554925
  ],
  "Bhat_t": [
    1.3533786449039424,
    1.3087001160932694,
    1.2622112831985746,
    1.2138430851499116,
    1.1635240326234209,
    1.1111801259629062,
    1.0567347673602654,
    1.0001086653451274,
    0.9406781987314662,
    0.8783106236786106,
    0.813404804136045,
    0.7458626774860071,
    0.675582365115205,
    0.602457838987494,
    0.5263784085803636,
    0.4472278357543039,
    0.3648825863159104,
    0.27960818965899414,
    0.19066051875,
    0.0975,
    0.0
  ],
  "A_t": [
    1.3587001160932695,
    1.3122112831985746,
    1.2638430851499116,
    1.213524032623421,
    1.1611801259629062,
    1.1067347673602654,
    1.0501086653451275,
    0.9906781987314662,
    0.9283106236786106,
    0.863404804136045,
    0.7958626774860071,
    0.725582365115205,
    0.6524578389874941,
    0.5763784085803636,
    0.4972278357543039,
    0.4148825863159104,
    0.32960818965899413,
    0.24066051875,
    0.14750000000000002,
    0.05
  ],
  "xi_ref_t": [
    0.3898040377500368,
    0.38694567949899816,
    0.38355390398105554,
    0.379523670192182,
    0.37472260539809854,
    0.36898156702134266,
    0.36208100401867804,
    0.38387792186724046,
    0.4095603460515427,
    0.40566729389765377,
    0.400528133951391,
    0.3936856875314346,
    0.3844379521351948,
    0.37164922463578165,
    0.35335446585119734,
    0.3258339236752363,
    0.2805986851624514,
    0.19737346302882097,
    0.02,
    0.02
  ],
  "u_target_t": [
    9.647568907474057e-05,
    0.00011043386778317892,
    0.00012699687516727642,
    0.00014667765641344856,
    0.00017012262534351827,
    0.0001981577534124518,
    0.00023185517099299168,
    0.000125414603400448,
    0.0,
    1.9010884190428633e-05,
    4.410686819282571e-05,
    7.752048592179995e-05,
    0.00012267981584909693,
    0.00018513082031134916,
    0.00027446934617675074,
    0.0004088600040677256,
    0.0009930808373855037,
    0.0012950184576947295,
    0.002,
    0.002
  ],
  "u_tr_cap_t": [
    6.821855784022191e-05,
    7.80884635272991e-05,
    8.980025335874108e-05,
    0.00010371663445530682,
    0.0001202946863617971,
    0.00014011845405489162,
    0.0001639460377730265,
    8.868142202014537e-05,
    0.0,
    1.3442714466541445e-05,
    3.118825420025601e-05,
    5.481522587242501e-05,
    8.674763958069945e-05,
    0.0001309070503360693,
    0.00019407867944396345,
    0.0002891066685147014,
    0.0006019554225663307,
    0.0007831492809944008,
    0.0,
    0.0
  ],
  "U_safe_ref_t": [
    0.007710064674903472,
    0.007611971306076601,
    0.007496368503615371,
    0.007360128732637126,
    0.007199424369042282,
    0.007009530382556437,
    0.006784560602228481,
    0.007507374749110794,
    0.008404848227353224,
    0.00826561851830763,
    0.00808356730541244,
    0.007844258330843464,
    0.007526416467636942,
    0.007097459386223326,
    0.006505184385395352,
    0.0056616040657104325,
    0.0036141833334056763,
    0.002083622444016642,
    0.00022545137999577944,
    0.00022545137999577944
  ],
  "u_ref_used_t": [
    6.821855784022191e-05,
    7.80884635272991e-05,
    8.980025335874108e-05,
    0.00010371663445530682,
    0.0001202946863617971,
    0.00014011845405489162,
    0.0001639460377730265,
    8.868142202014537e-05,
    0.0,
    1.3442714466541445e-05,
    3.118825420025601e-05,
    5.481522587242501e-05,
    8.674763958069945e-05,
    0.0001309070503360693,
    0.00019407867944396345,
    0.0002891066685147014,
    0.0006019554225663307,
    0.0007831492809944008,
    0.0,
    0.0
  ],
  "theta_used_t": [
    0.00017500731453163473,
    0.00020180730181147113,
    0.00023412681353694807,
    0.0002732810694067833,
    0.00032102329731081527,
    0.00037974377740876924,
    0.0004527882875749243,
    0.0002310146454601647,
    0.0,
    3.313728927314737e-05,
    7.78678238968379e-05,
    0.00013923601392811156,
    0.00022564795983044103,
    0.00035223280894601343,
    0.0005492464315583117,
    0.0008872822855696833,
    0.0021452538960324463,
    0.003967854994164253,
    0.0,
    0.0
  ],
  "beta_used_t": [
    0.00012880496031371589,
    0.0001537917745376771,
    0.00018524990664420732,
    0.00022519625657186097,
    0.00027646296223388025,
    0.0003431208529885776,
    0.0004311823171424944,
    0.000233188381207916,
    0.0,
    3.8379783288680885e-05,
    9.784077844033209e-05,
    0.000191895531951089,
    0.0003458429745906787,
    0.0006111138163790224,
    0.0011046172238629694,
    0.0021386346760142554,
    0.006508496946789708,
    0.016487353284092652,
    0.0,
    0.0
  ],
  "trust_clip_active_t": [
    true,
    true,
    true,
    true,
    true,
    true,
    true,
    true,
    false,
    true,
    true,
    true,
    true,
    true,
    true,
    true,
    true,
    true,
    true,
    true
  ],
  "safe_clip_active_t": [
    false,
    false,
    false,
    false,
    false,
    false,
    false,
    false,
    false,
    false,
    false,
    false,
    false,
    false,
    false,
    false,
    false,
    false,
    false,
    false
  ],
  "source_phase": "phase4_diagnostic_sweep",
  "notes": "Phase IV-B diagnostic sweep (u_max=0.0000) stagewise schedule from classical pilot",
  "provenance": {
    "git_sha": "6202151f2786771ab9339e76dffb5bd4f02d731b",
    "calibration_code_version": "v3.0",
    "input_hashes": {
      "margins": "df3a4a9af3d3c4c8",
      "p_align": "ed6399bbaa8804c5",
      "n_by_stage": "35d6f04339c16583"
    }
  }
}