{
  "total_s": 0.6745987920003245,
  "step_s": 0.0,
  "fit_s": 0.0,
  "eval_s": 0.15164366700628307,
  "plot_s": 0.0,
  "other_s": 0.0,
  "train_s": 0.6592067500023404,
  "post_s": 0.015355499999714084,
  "steps_per_s": null,
  "updates_per_s": null
}
