{
  "total_s": 8.886603082995862,
  "step_s": 0.0,
  "fit_s": 0.0,
  "eval_s": 1.3069218360469677,
  "plot_s": 0.0,
  "other_s": 0.0,
  "train_s": 8.185976125008892,
  "eval_final_s": 0.4609872080036439,
  "post_s": 0.23190887499367818,
  "steps_per_s": null,
  "updates_per_s": null
}
