{
  "phase": "phase4",
  "schedule_version": 3,
  "task_family": "dense_chain_cost",
  "scheduler_mode": "stagewise_u",
  "gamma_eval": 0.95,
  "gamma_base": 0.95,
  "sign_family": 1,
  "reward_bound": 0.02,
  "alpha_t": [
    0.48798979785865454,
    0.48678453160200463,
    0.4850892138842671,
    0.48279958903137293,
    0.4797839706685671,
    0.4758737658366119,
    0.49627940817188904,
    0.4,
    0.5,
    0.5,
    0.5,
    0.5,
    0.5,
    0.4907673996613397,
    0.47450792146412907,
    0.44902047034083536,
    0.44286741699630283,
    0.4696285314071676,
    0.28561000000000003,
    0.28561000000000003
  ],
  "kappa_t": [
    0.9743994898929327,
    0.9743392265801002,
    0.9742544606942133,
    0.9741399794515686,
    0.9739891985334284,
    0.9737936882918306,
    0.9748139704085944,
    0.97,
    0.975,
    0.975,
    0.975,
    0.975,
    0.975,
    0.974538369983067,
    0.9737253960732064,
    0.9724510235170417,
    0.9721433708498152,
    0.9734814265703584,
    0.960985,
    0.960985
  ],
  "Bhat_t": [
    0.6144447068323137,
    0.5905634319405726,
    0.5660897322963612,
    0.5410185465517693,
    0.5153453888982165,
    0.4890663978773762,
    0.46217838879902295,
    0.4341119450941468,
    0.40733190215891424,
    0.37777630990657873,
    0.3474628819554654,
    0.31637218662099015,
    0.2844842939702463,
    0.2517787630464065,
    0.2183380045365516,
    0.18417718718211254,
    0.14928997314132436,
    0.1134503165360399,
    0.076478415,
    0.039,
    0.0
  ],
  "A_t": [
    0.6105634319405726,
    0.5860897322963612,
    0.5610185465517693,
    0.5353453888982165,
    0.5090663978773762,
    0.48217838879902297,
    0.4541119450941468,
    0.42733190215891426,
    0.39777630990657875,
    0.3674628819554654,
    0.33637218662099017,
    0.30448429397024634,
    0.2717787630464065,
    0.2383380045365516,
    0.20417718718211253,
    0.16928997314132435,
    0.1334503165360399,
    0.096478415,
    0.059,
    0.02
  ],
  "xi_ref_t": [
    0.3599170215581761,
    0.35870526679903836,
    0.35700082240645314,
    0.3546988714501172,
    0.3516670186269657,
    0.3477357633643356,
    0.3682512586556124,
    0.39209954933718594,
    0.3909806872232168,
    0.38896278417489905,
    0.38573215462609345,
    0.38082640524270833,
    0.3735352278826414,
    0.3627095764686147,
    0.3463625660235272,
    0.3207379042307144,
    0.2781088138338045,
    0.1969352419398681,
    0.02,
    0.02
  ],
  "u_target_t": [
    0.018522606055014823,
    0.01846697838163098,
    0.018388732948504634,
    0.018283057955294134,
    0.018143875569318485,
    0.017963404577074397,
    0.018905203454087187,
    0.020000000000000004,
    0.019948636722267377,
    0.019856001433777193,
    0.01970769386245557,
    0.019482487051965217,
    0.019147773092964095,
    0.018650803061292603,
    0.017900365606036722,
    0.016724021708038557,
    0.011723103561998915,
    0.008825540229599475,
    0.002,
    0.002
  ],
  "u_tr_cap_t": [
    0.013093948364257812,
    0.013055801391601562,
    0.013003349304199219,
    0.012927055358886719,
    0.012826919555664062,
    0.01270294189453125,
    0.013365745544433594,
    0.014142990112304688,
    0.014104843139648438,
    0.0140380859375,
    0.013933181762695312,
    0.013775825500488281,
    0.013537406921386719,
    0.013189315795898438,
    0.012655258178710938,
    0.0118255615234375,
    0.007228851318359375,
    0.0054168701171875,
    0.0,
    0.0
  ],
  "U_safe_ref_t": [
    0.018017978282426107,
    0.017912973941278595,
    0.01776578274762255,
    0.017567933330546893,
    0.01730899957329075,
    0.01697604531678889,
    0.018748295845447144,
    0.0160905085200466,
    0.020054687489587338,
    0.01995118259448444,
    0.019785472961980435,
    0.019533840914666915,
    0.019159852407905156,
    0.018261107256447907,
    0.016860486626454105,
    0.014774667357977368,
    0.012635463889953645,
    0.009487999150167115,
    0.0004508519230449306,
    0.0004508519230449306
  ],
  "u_ref_used_t": [
    0.013093948364257812,
    0.013055801391601562,
    0.013003349304199219,
    0.012927055358886719,
    0.012826919555664062,
    0.01270294189453125,
    0.013365745544433594,
    0.014142990112304688,
    0.014104843139648438,
    0.0140380859375,
    0.013933181762695312,
    0.013775825500488281,
    0.013537406921386719,
    0.013189315795898438,
    0.012655258178710938,
    0.0118255615234375,
    0.007228851318359375,
    0.0054168701171875,
    0.0,
    0.0
  ],
  "theta_used_t": [
    0.03638046432916855,
    0.03639701615788086,
    0.036423863722629256,
    0.036445155029777715,
    0.03647461625984991,
    0.03653044418448818,
    0.036295179528315485,
    0.036069896372521525,
    0.036075549510699405,
    0.03609107736946809,
    0.03612139044047634,
    0.036173504018737014,
    0.03624131249446692,
    0.036363296288758756,
    0.03653760371393977,
    0.03686985968122774,
    0.025992888246538195,
    0.027505844377216537,
    0.0,
    0.0
  ],
  "beta_used_t": [
    0.059585069177070425,
    0.062101439681042564,
    0.06492452691003534,
    0.06807783495583057,
    0.07165001738856845,
    0.07576126394937714,
    0.07992562168958305,
    0.08440721647575007,
    0.09069305690721517,
    0.09821693330604787,
    0.10738518782819693,
    0.1188025285214607,
    0.13334858135430794,
    0.15257028084743435,
    0.17895047051143206,
    0.2177911603214004,
    0.19477577064808607,
    0.2850984272203947,
    0.0,
    0.0
  ],
  "trust_clip_active_t": [
    true,
    true,
    true,
    true,
    true,
    true,
    true,
    true,
    true,
    true,
    true,
    true,
    true,
    true,
    true,
    true,
    true,
    true,
    true,
    true
  ],
  "safe_clip_active_t": [
    false,
    false,
    false,
    false,
    false,
    false,
    false,
    false,
    false,
    false,
    false,
    false,
    false,
    false,
    false,
    false,
    false,
    false,
    false,
    false
  ],
  "source_phase": "phase4C_scheduler_state_bin_hazard_proximity",
  "notes": "Phase IV-C scheduler ablation: state_bin_hazard_proximity",
  "provenance": {
    "git_sha": "01a22b9945b1a74a643b82b1f38fefc5e36ee5f8",
    "calibration_code_version": "v3.0",
    "input_hashes": {
      "margins": "b6e0b602313d9829",
      "p_align": "d96e305f37d4ed27",
      "n_by_stage": "35d6f04339c16583"
    }
  }
}