{
  "total_s": 8.831029499997385,
  "step_s": 0.0,
  "fit_s": 0.0,
  "eval_s": 1.3549893320014235,
  "plot_s": 0.0,
  "other_s": 0.0,
  "train_s": 7.7811956249934155,
  "eval_final_s": 0.5604966670216527,
  "post_s": 0.4811369579983875,
  "steps_per_s": null,
  "updates_per_s": null
}
