{
  "schema_version": "1.0.0",
  "phase": "phase4C",
  "task": "dense_chain_cost_0",
  "algorithm": "safe_target_q_polyak",
  "seed": 1024,
  "train_steps": 20000,
  "n_transitions": 20000,
  "mean_return": -0.25660563103658307,
  "final_disc_return_mean": -0.25660563103658296,
  "mean_q_target_gap": 3.1384117231668673e-06,
  "std_q_target_gap": 4.260942730318735e-05,
  "p5_q_target_gap": 0.0,
  "p95_q_target_gap": 1.457167719820518e-16,
  "mean_beta_used": 0.08535059811805724,
  "std_beta_used": 0.05953587439221311,
  "p5_beta_used": 0.0,
  "p95_beta_used": 0.18591682123540232,
  "mean_rho": 0.5124308435837844,
  "std_rho": 0.0003020288146116517,
  "p5_rho": 0.5119064273085729,
  "p95_rho": 0.5128205128205129,
  "mean_effective_discount": 0.9507598550116203,
  "std_effective_discount": 0.0005889561884927179,
  "p5_effective_discount": 0.9499999999999998,
  "p95_effective_discount": 0.9517824667482827,
  "stage_mean_q_target_gap": [
    1.9077719138378298e-06,
    5.1541099455961125e-06,
    8.901168027451926e-07,
    3.4208786050540716e-06,
    2.9973554758118796e-06,
    6.240166986413862e-06,
    5.090567459227341e-06,
    5.074754864812998e-06,
    2.9346906361530842e-06,
    3.1919745739427007e-06,
    1.7606428937130137e-06,
    2.4665078681534025e-06,
    4.535844635095914e-06,
    3.2589705834796584e-06,
    1.6338046517923e-06,
    4.733571715309911e-06,
    3.0389762400905193e-06,
    3.6202977490332372e-06,
    8.17230863074311e-07,
    0.0
  ],
  "stage_std_q_target_gap": [
    3.134367060405685e-05,
    5.4020999762924575e-05,
    1.0635050461096802e-05,
    4.028392011167532e-05,
    4.131479513411221e-05,
    6.475898461022601e-05,
    6.02073122473567e-05,
    6.32386308786624e-05,
    4.059320212172888e-05,
    4.10935221782789e-05,
    2.2526745054696165e-05,
    3.388114114739352e-05,
    5.1170123026670685e-05,
    3.988790516796769e-05,
    2.930143135159788e-05,
    4.934309266121951e-05,
    4.4812091144923474e-05,
    4.5599745755527036e-05,
    2.270141602344513e-05,
    0.0
  ],
  "stage_mean_beta_used": [
    0.045760919790002075,
    0.04720145644169734,
    0.04876866876756691,
    0.05047683648851972,
    0.05234159011888896,
    0.05437954500340371,
    0.07188438077123746,
    0.06292873751622396,
    0.07059978520444132,
    0.0755011310874636,
    0.08126951828457084,
    0.08814057579907762,
    0.09643365687658093,
    0.10657956861842738,
    0.15289080206476838,
    0.17624036837902896,
    0.18292900019775943,
    0.24268542095148635,
    0.0,
    0.0
  ],
  "stage_std_beta_used": [
    6.938893903907228e-18,
    6.938893903907228e-18,
    6.938893903907228e-18,
    6.938893903907228e-18,
    6.938893903907228e-18,
    0.0,
    1.3877787807814457e-17,
    0.0,
    0.0,
    0.0,
    1.3877787807814457e-17,
    2.7755575615628914e-17,
    2.7755575615628914e-17,
    4.163336342344337e-17,
    2.7755575615628914e-17,
    5.551115123125783e-17,
    2.7755575615628914e-17,
    0.0,
    0.0,
    0.0
  ],
  "stage_mean_rho": [
    0.51260258963098,
    0.5126122820837005,
    0.5126150211542306,
    0.5126105014390816,
    0.512595611491221,
    0.5125784023176304,
    0.5124970640037776,
    0.5125363801630586,
    0.5124985643671093,
    0.5124746864031765,
    0.512446252935215,
    0.512413133140932,
    0.5123763191864046,
    0.5123295330916987,
    0.5121122336200858,
    0.5120067373889349,
    0.5119709575430536,
    0.5116995760743747,
    0.5128205128205128,
    0.5128205128205128
  ],
  "stage_std_rho": [
    4.7421757701074144e-05,
    8.784700478083387e-05,
    0.00010091495228066344,
    9.782934003026805e-05,
    8.68286269322999e-05,
    7.9600550573084e-05,
    9.764300778456658e-05,
    8.180724418799147e-05,
    8.737097331480631e-05,
    8.96745674988947e-05,
    9.348816507967296e-05,
    9.659639150411553e-05,
    0.00010678517020981291,
    0.00011467007041515007,
    0.000162670586554701,
    0.0001871022847457543,
    0.00018997277299035334,
    0.00025314519925136625,
    1.1102230246251565e-16,
    1.1102230246251565e-16
  ],
  "stage_mean_effective_discount": [
    0.9504249502195895,
    0.950406049936784,
    0.9504007087492508,
    0.9504095221937907,
    0.9504385575921191,
    0.9504721154806207,
    0.9506307251926339,
    0.9505540586820358,
    0.9506277994841368,
    0.9506743615138055,
    0.9507298067763311,
    0.9507943903751831,
    0.950866177586511,
    0.9509574104711878,
    0.9513811444408332,
    0.9515868620915775,
    0.9516566327910455,
    0.95218582665497,
    0.9499999999999996,
    0.9499999999999996
  ],
  "stage_std_effective_discount": [
    9.247242751707889e-05,
    0.00017130165932263827,
    0.0001967841569472976,
    0.00019076721305902132,
    0.0001693158225179957,
    0.000155221073617507,
    0.00019040386517992023,
    0.0001595241261665886,
    0.00017037339796388453,
    0.0001748654066228299,
    0.00018230192190536076,
    0.00018836296343303682,
    0.00020823108190914762,
    0.00022360663730955517,
    0.00031720764378166525,
    0.0003648494552542257,
    0.000370446907331178,
    0.000493633138540155,
    2.220446049250313e-16,
    2.220446049250313e-16
  ]
}