{
  "phase": "III",
  "task": "grid_regime_shift",
  "algorithm": "SafeQLearning",
  "n_seeds": 3,
  "seeds": [
    "seed_11",
    "seed_29",
    "seed_47"
  ],
  "metrics": {
    "adaptation_metrics_change_at_episode": {
      "mean": 200.0,
      "std": 0.0,
      "median": 200.0,
      "q25": 200.0,
      "q75": 200.0,
      "iqr": 0.0,
      "ci_low": 200.0,
      "ci_high": 200.0
    },
    "adaptation_metrics_lag_to_50pct_recovery": {
      "mean": 102.0,
      "std": 176.6691823720255,
      "median": 0.0,
      "q25": 0.0,
      "q75": 153.0,
      "iqr": 153.0,
      "ci_low": 0.0,
      "ci_high": 306.0
    },
    "adaptation_metrics_lag_to_75pct_recovery": {
      "mean": 250.66666666666666,
      "std": 434.1674024305986,
      "median": 0.0,
      "q25": 0.0,
      "q75": 376.0,
      "iqr": 376.0,
      "ci_low": 0.0,
      "ci_high": 752.0
    },
    "adaptation_metrics_lag_to_90pct_recovery": {
      "mean": 378.5,
      "std": 535.2798333582165,
      "median": 378.5,
      "q25": 189.25,
      "q75": 567.75,
      "iqr": 378.5,
      "ci_low": 0.0,
      "ci_high": 757.0
    },
    "adaptation_metrics_post_change_auc": {
      "mean": 0.7933723207991497,
      "std": 0.05105553962553047,
      "median": 0.8194646453467498,
      "q25": 0.7770040221380169,
      "q75": 0.8227867817340826,
      "iqr": 0.0457827595960657,
      "ci_low": 0.7345433989292841,
      "ci_high": 0.8261089181214153
    },
    "adaptation_metrics_post_change_optimum": {
      "mean": 0.9606283533000001,
      "std": 0.009654515682200984,
      "median": 0.96059601,
      "q25": 0.9557930299499999,
      "q75": 0.965447505,
      "iqr": 0.009654475050000055,
      "ci_low": 0.9509900499,
      "ci_high": 0.9702990000000001
    },
    "adaptation_metrics_pre_change_auc": {
      "mean": 0.48393314879978916,
      "std": 0.015876773671190447,
      "median": 0.4856730673891705,
      "q25": 0.47646557419735314,
      "q75": 0.4922706826969159,
      "iqr": 0.015805108499562737,
      "ci_low": 0.46725808100553584,
      "ci_high": 0.4988682980046613
    },
    "auc_disc_return": {
      "mean": 0.8154298192535245,
      "std": 0.05428443218873376,
      "median": 0.8448524341623728,
      "q25": 0.7988191847981798,
      "q75": 0.8467517611632935,
      "iqr": 0.04793257636511372,
      "ci_low": 0.7527859354339869,
      "ci_high": 0.8486510881642143
    },
    "final_10pct_success_rate": {
      "mean": 1.0,
      "std": 0.0,
      "median": 1.0,
      "q25": 1.0,
      "q75": 1.0,
      "iqr": 0.0,
      "ci_low": 1.0,
      "ci_high": 1.0
    },
    "final_disc_return_mean": {
      "mean": 0.8845096427979234,
      "std": 0.05684596233409691,
      "median": 0.8748528766714299,
      "q25": 0.8539817375989757,
      "q75": 0.9102091649336246,
      "iqr": 0.056227427334648916,
      "ci_low": 0.8331105985265216,
      "ci_high": 0.9455654531958192
    },
    "n_transitions": {
      "mean": 250000.0,
      "std": 0.0,
      "median": 250000.0,
      "q25": 250000.0,
      "q75": 250000.0,
      "iqr": 0.0,
      "ci_low": 250000.0,
      "ci_high": 250000.0
    },
    "seed": {
      "mean": 29.0,
      "std": 18.0,
      "median": 29.0,
      "q25": 20.0,
      "q75": 38.0,
      "iqr": 18.0,
      "ci_low": 11.0,
      "ci_high": 47.0
    },
    "shortcut_risky_path_fraction": {
      "mean": 0.0,
      "std": 0.0,
      "median": 0.0,
      "q25": 0.0,
      "q75": 0.0,
      "iqr": 0.0,
      "ci_low": 0.0,
      "ci_high": 0.0
    },
    "steps_to_threshold": {
      "mean": 16000.0,
      "std": 0.0,
      "median": 16000.0,
      "q25": 16000.0,
      "q75": 16000.0,
      "iqr": 0.0,
      "ci_low": 16000.0,
      "ci_high": 16000.0
    },
    "train_steps": {
      "mean": 250000.0,
      "std": 0.0,
      "median": 250000.0,
      "q25": 250000.0,
      "q75": 250000.0,
      "iqr": 0.0,
      "ci_low": 250000.0,
      "ci_high": 250000.0
    }
  },
  "provenance": {
    "schedule_path": "results/weighted_lse_dp/phase3/calibration/grid_regime_shift/schedule.json",
    "calibration_hash": "2c69e9f6ad0c7e3f6a5bef6dc50b2442eac121bf6a11a0201399aab62251e46a",
    "source_phase": "phase2"
  }
}
