{
  "total_s": 6.702861875004601,
  "step_s": 0.0,
  "fit_s": 0.0,
  "eval_s": 0.8886972891341429,
  "plot_s": 0.0,
  "other_s": 0.0,
  "train_s": 6.386896250012796,
  "eval_final_s": 0.11715829200693406,
  "post_s": 0.19641916698310524,
  "steps_per_s": null,
  "updates_per_s": null
}
