{
  "schema_version": "1.0.0",
  "created_at": "2026-04-18T19:36:06Z",
  "phase": "phase3",
  "task": "chain_regime_shift",
  "algorithm": "SafeQLearning",
  "seed": 11,
  "train_steps": 180000,
  "n_transitions": 180000,
  "steps_to_threshold": null,
  "auc_disc_return": 16.111713684804744,
  "final_disc_return_mean": 16.559505041585933,
  "final_10pct_success_rate": 0.0,
  "adaptation_metrics": {
    "change_at_episode": 300,
    "pre_change_auc": 4.740668215803246,
    "post_change_auc": 15.790312514070928,
    "lag_to_50pct_recovery": 0,
    "lag_to_75pct_recovery": 0,
    "lag_to_90pct_recovery": null,
    "post_change_optimum": 19.658151460291744
  },
  "shortcut_risky_path_fraction": 0.0,
  "episode_returns": [
    16.339157240102697,
    15.999785301325367,
    17.4587795615999,
    16.294705700451548,
    15.62705496277904,
    15.630531704330112,
    17.147842062559434,
    15.527502723216255,
    16.465071841194046,
    16.989993978491416,
    16.79578444212457,
    17.514851512285183,
    17.311657597406974,
    15.627190019493112,
    17.242868735569115,
    14.792969830143305,
    15.232873050073641,
    16.729753143116888,
    16.896497517370246,
    17.296024942942964,
    16.499841702198264,
    16.130123274168344,
    15.646779488715254,
    15.222339298178868,
    15.944649066193321,
    17.582790079445918,
    16.293900620784207,
    17.858288595789894,
    17.845764901115878,
    14.89682153167311,
    14.263773447364555,
    14.154436684484839,
    17.322676359702044,
    16.729570556308943,
    14.757725621303772,
    16.49802047343923,
    17.15465806784244,
    18.017691113248645,
    14.312632898432023,
    15.156787117848939,
    16.37794173631569,
    16.888579554495813,
    17.50710861368432,
    16.273623990600086,
    16.962003724073764,
    15.630024125950605,
    15.280985435317248,
    17.85096556209335,
    15.056648696918778,
    15.799927374629915,
    17.302247492372814,
    16.630636202775108,
    15.950698559793759,
    15.230974149980911,
    16.81808548062688,
    15.997929495655427,
    16.326374689969924,
    16.72932280308398,
    17.176014927117393,
    17.823227609490544,
    16.830593923830982,
    15.86468737978374,
    17.310512577446424,
    15.836591476162688,
    17.213338908206985,
    17.250817481458775,
    17.100495206007274,
    18.815270598269535,
    17.181030646274046,
    17.417281431686003,
    14.422292266244757,
    14.237571672569576,
    15.437560515898502,
    17.34777942283409,
    18.813717369221315,
    16.228717814438514,
    16.793509872578202,
    16.04990453193692,
    15.763129148140687,
    16.17988249073865,
    16.754540840219722,
    18.185781256360073,
    15.183023682071486,
    16.268516304377066,
    16.700559657849315,
    16.683376017793428,
    18.828587595789898,
    16.445802946507758,
    16.307389502620527,
    17.51716125716627,
    17.64071660488104,
    15.526991953818156,
    15.103757156663468,
    15.995289641223328,
    15.917365947647156,
    16.205417921446024,
    17.030981071659447,
    15.359700271935564,
    16.82867107844886,
    17.52093487286967,
    15.936490611730921,
    17.252386296371263,
    16.175726554686747,
    18.06572175531072,
    16.887873373248105,
    15.715363739593597,
    18.165605341519203,
    16.876788530924255,
    14.79626638548782,
    17.291570008284182,
    16.0256654277748,
    15.997248291892161,
    13.180152017504653,
    16.060453108824795,
    17.79351546557377,
    17.163299135566536,
    17.350866079848817,
    16.490305981439736,
    17.384150666821025,
    17.879745410534923,
    15.658474565868055,
    15.645584545836709,
    16.36067696585807,
    17.21618477781598,
    16.81472363506327,
    17.256105658324287,
    17.293247368530512,
    16.607673243376006,
    16.283817174506428,
    15.05138216512824,
    15.015513106323601,
    14.98374406708714,
    15.574129112733653,
    15.954314398477242,
    15.80753928171501,
    16.656151444906694,
    16.075925901320215,
    16.54443535069622,
    14.280742084778117,
    17.229888722412877,
    16.46928391781662,
    16.092455246850275,
    13.185984963997695,
    17.488235539198524,
    16.709644275267124,
    16.205138349963654,
    17.15197537774032,
    17.480066323771812,
    16.34145428179132,
    17.635741329876286,
    14.870522986938868,
    16.950135644212544,
    17.274514952486363,
    16.73652764901066,
    16.61142122477829,
    17.146925520445922,
    13.814784754499081,
    17.5895882091508,
    14.175492689151081,
    16.026735001389255,
    16.356298714817203,
    16.57327721496394,
    16.435023435373626,
    16.55252292004557,
    15.673978828046197,
    16.838051942357612,
    16.605926373718333,
    15.619889393070073,
    16.212423650186537,
    15.362704048367506,
    18.822288043779825,
    15.745221072077298,
    14.464300304451328,
    18.131963336326287,
    12.975146749079077,
    15.141360543969117,
    17.50790796501081,
    15.912110789695001,
    15.480068348223858,
    18.25108949765988,
    17.516960558881408,
    18.185781256360073,
    17.288190167779042,
    17.798534096309364,
    15.921966972726825,
    17.392016085725707,
    16.500731271459376,
    15.487996442298597,
    17.51142819390121,
    16.739786754904856,
    16.763892967952078,
    16.651987448356618,
    16.76552532749401,
    17.28671653939769,
    17.254770512292602,
    16.849425563494048,
    18.162704953401082,
    16.56183233755853,
    16.13109451971197,
    16.32074907020212
  ],