{
  "schema_version": "1.0.0",
  "created_at": "2026-04-19T04:59:38Z",
  "phase": "phase3",
  "task": "chain_regime_shift",
  "algorithm": "SafeQLearning",
  "seed": 11,
  "train_steps": 180000,
  "n_transitions": 180000,
  "steps_to_threshold": null,
  "auc_disc_return": 13.440592522229853,
  "final_disc_return_mean": 16.587825120741737,
  "final_10pct_success_rate": 0.0,
  "adaptation_metrics": {
    "change_at_episode": 300,
    "pre_change_auc": 0.0,
    "post_change_auc": 15.131082054985352,
    "lag_to_50pct_recovery": 13,
    "lag_to_75pct_recovery": 66,
    "lag_to_90pct_recovery": null,
    "post_change_optimum": 19.400099663820384
  },
  "shortcut_risky_path_fraction": 0.0,
  "episode_returns": [
    15.747483964357066,
    18.142957142235378,
    18.078721408617305,
    16.994227155391673,
    13.985210968200795,
    15.19000615466805,
    15.551047674499609,
    13.037047602110233,
    16.5382528510398,
    16.79015415055495,
    15.747870319591142,
    18.139248948283303,
    16.36359092142657,
    15.640037668257243,
    15.31729343453811,
    17.187446303398495,
    17.57068096979483,
    15.26694655216522,
    17.619253377974346,
    14.045786322252315,
    15.645666604577357,
    16.083140193011683,
    17.21897217814765,
    18.215102506948543,
    16.52995262400463,
    16.608877566341622,
    15.56440751269809,
    15.670820167855387,
    14.48116479546109,
    18.816565844467487,
    15.09993910022454,
    16.37214870342692,
    16.25712277685636,
    17.36837627404211,
    18.84061800114692,
    17.272553229180463,
    14.656553241343593,
    15.986345132868202,
    18.24696399353293,
    15.713842342234168,
    15.54007961598246,
    16.58116668901314,
    14.720316591307164,
    16.32059494044962,
    15.4073318477085,
    16.966375862075367,
    15.015599660361104,
    15.78493017747246,
    18.14816508970289,
    15.544333769012933,
    16.315143271943604,
    15.492426264961587,
    16.980593372425606,
    17.216175802536714,
    14.942814400414708,
    17.4499574306186,
    14.853522246017546,
    15.685465479498884,
    18.846547665610938,
    16.725254862580936,
    16.00394490755065,
    14.436375427187915,
    15.092565363737235,
    18.252713164696054,
    17.111629378407297,
    13.066976447847981,
    16.03120291631304,
    17.445854593685866,
    17.176399204411712,
    17.329090116729958,
    17.194126966563612,
    14.564955226554915,
    16.767649521727442,
    17.096164522339915,
    17.6048806391522,
    16.687379209179333,
    17.543114027589706,
    17.544426119987136,
    16.906062702072454,
    16.306558281072114,
    17.584176161342715,
    15.333623973966436,
    14.580034741501482,
    16.336297871037385,
    16.701792170200747,
    16.629069447865902,
    16.66056711054158,
    16.191803573167597,
    16.61620107831655,
    17.568551189199972,
    15.94686865946124,
    17.07273804617545,
    15.421173832795695,
    14.510595422045288,
    16.872467959961526,
    16.500100219689866,
    18.235368697063972,
    17.525254130710916,
    16.71263924193967,
    14.246431176711171,
    17.24887146075194,
    15.664633665158068,
    16.19892272274669,
    17.321661560341415,
    17.61169671486074,
    15.839793400726416,
    16.752397902872826,
    14.792281551787564,
    15.707491317832153,
    17.156075646196854,
    16.51660288459437,
    15.63030009803958,
    17.23177002376601,
    18.142746100821345,
    17.571928610656794,
    17.009013005643663,
    17.231720881003664,
    14.462758632613914,
    13.803665639514895,
    17.585042418871282,
    18.1315957218447,
    14.039737041628838,
    17.149451329108306,
    17.653153767330757,
    14.710816088779476,
    18.17876549699076,
    16.556258925569338,
    15.363707742961827,
    16.99367063743526,
    15.235736702884157,
    15.376894447640689,
    17.677046167997062,
    18.006104239696832,
    15.717632344379606,
    14.336402342769086,
    15.292271764905676,
    16.044511530042094,
    13.991507362575222,
    17.53472800509368,
    17.934988285276145,
    16.69463622729564,
    15.176912214713838,
    15.190116856855795,
    17.495888022083594,
    15.945250320149993,
    17.276195766270597,
    17.66481826722102,
    16.382460219435647,
    17.484420664753305,
    15.926704498986437,
    17.390258837578205,
    15.98557695611372,
    16.159770969846694,
    15.92202725745747,
    15.68550943575195,
    18.84061800114692,
    13.942571309283776,
    15.841200943985854,
    18.293864188448552,
    16.480165206422896,
    15.221369961054185,
    17.206408216243798,
    15.069621791551338,
    15.404615484819741,
    18.846547665610938,
    17.028136329600315,
    15.954839848766094,
    16.9299401668823,
    18.807985833481652,
    17.25248444914097,
    17.38564057084101,
    17.836073157723003,
    16.63457482753271,
    16.234273322648388,
    18.130657050368573,
    16.579263870113717,
    16.702158632792937,
    16.08173937764922,
    15.137150856828928,
    17.509898791703034,
    12.928964437946293,
    17.200451361091147,
    15.006383990220781,
    15.98253467210139,
    15.944489465697748,
    16.569945303156995,
    17.32578498687765,
    18.154922380193494,
    16.34975884643969,
    16.02850357711151,
    15.080918551781567,
    16.62953143113027,
    15.781933678141428,
    16.025301605108048,
    15.310309791851195,
    16.006453345138507,
    17.51680927608955,
    17.29987874257646,
    17.307417412030098,
    15.166346805598991
  ],