{
  "total_s": 5.462358207994839,
  "step_s": 0.0,
  "fit_s": 0.0,
  "eval_s": 0.6267710039392114,
  "plot_s": 0.0,
  "other_s": 0.0,
  "train_s": 4.8683783750166185,
  "eval_final_s": 0.23838670799159445,
  "post_s": 0.3508480000018608,
  "steps_per_s": null,
  "updates_per_s": null
}
