{
  "total_s": 5.806666916992981,
  "step_s": 0.0,
  "fit_s": 0.0,
  "eval_s": 0.6673672470788006,
  "plot_s": 0.0,
  "other_s": 0.0,
  "train_s": 5.1599499589938205,
  "eval_final_s": 0.2533419999817852,
  "post_s": 0.3884650419931859,
  "steps_per_s": null,
  "updates_per_s": null
}
