{
  "total_s": 7.036407292005606,
  "step_s": 0.0,
  "fit_s": 0.0,
  "eval_s": 0.6613240420119837,
  "plot_s": 0.0,
  "other_s": 0.0,
  "train_s": 6.398754958005156,
  "eval_final_s": 0.23293983400799334,
  "post_s": 0.399824958993122,
  "steps_per_s": null,
  "updates_per_s": null
}
