{
  "total_s": 7.149983416980831,
  "step_s": 0.0,
  "fit_s": 0.0,
  "eval_s": 0.3107502940110862,
  "plot_s": 0.0,
  "other_s": 0.0,
  "train_s": 6.487751833978109,
  "eval_final_s": 0.1034984580182936,
  "post_s": 0.556941957998788,
  "steps_per_s": null,
  "updates_per_s": null
}
