{
  "total_s": 7.227717334026238,
  "step_s": 0.0,
  "fit_s": 0.0,
  "eval_s": 0.16599799803225324,
  "plot_s": 0.0,
  "other_s": 0.0,
  "train_s": 6.610005000024103,
  "eval_final_s": 0.0701820419926662,
  "post_s": 0.5465869170147926,
  "steps_per_s": null,
  "updates_per_s": null
}
