{
  "total_s": 5.728941333014518,
  "step_s": 0.0,
  "fit_s": 0.0,
  "eval_s": 0.2978711640171241,
  "plot_s": 0.0,
  "other_s": 0.0,
  "train_s": 5.213906332995975,
  "eval_final_s": 0.15455004101386294,
  "post_s": 0.35741525000776164,
  "steps_per_s": null,
  "updates_per_s": null
}
