{
  "total_s": 6.058301000011852,
  "step_s": 0.0,
  "fit_s": 0.0,
  "eval_s": 0.2841411640984006,
  "plot_s": 0.0,
  "other_s": 0.0,
  "train_s": 5.484769209026126,
  "eval_final_s": 0.15582524999626912,
  "post_s": 0.4147577499970794,
  "steps_per_s": null,
  "updates_per_s": null
}
