{
  "total_s": 7.079135958978441,
  "step_s": 0.0,
  "fit_s": 0.0,
  "eval_s": 0.32402579110930674,
  "plot_s": 0.0,
  "other_s": 0.0,
  "train_s": 6.519545624993043,
  "eval_final_s": 0.1989737910043914,
  "post_s": 0.35698574999696575,
  "steps_per_s": null,
  "updates_per_s": null
}
