{
  "total_s": 7.546367542003281,
  "step_s": 0.0,
  "fit_s": 0.0,
  "eval_s": 0.364036921877414,
  "plot_s": 0.0,
  "other_s": 0.0,
  "train_s": 6.885621833993355,
  "eval_final_s": 0.23532400000840425,
  "post_s": 0.42140904199914075,
  "steps_per_s": null,
  "updates_per_s": null
}
