{
  "total_s": 5.30635004099895,
  "step_s": 0.0,
  "fit_s": 0.0,
  "eval_s": 0.6588660439883824,
  "plot_s": 0.0,
  "other_s": 0.0,
  "train_s": 4.531130207993556,
  "eval_final_s": 0.6411765839948202,
  "post_s": 0.1220649160022731,
  "steps_per_s": null,
  "updates_per_s": null
}
