{
  "total_s": 4.139298333990155,
  "step_s": 0.0,
  "fit_s": 0.0,
  "eval_s": 0.6194740389473736,
  "plot_s": 0.0,
  "other_s": 0.0,
  "train_s": 3.429710625001462,
  "eval_final_s": 0.5864912499964703,
  "post_s": 0.11200674998690374,
  "steps_per_s": null,
  "updates_per_s": null
}
