{
  "phase": "phase4",
  "schedule_version": 3,
  "task_family": "dense_chain_cost",
  "scheduler_mode": "stagewise_u",
  "gamma_eval": 0.95,
  "gamma_base": 0.95,
  "sign_family": 1,
  "reward_bound": 0.02,
  "alpha_t": [
    0.4828228130933464,
    0.4814000774584663,
    0.47940366507173543,
    0.47671167350926436,
    0.4731701567276055,
    0.46858206654958606,
    0.492361651969122,
    0.4,
    0.5,
    0.5,
    0.5,
    0.5,
    0.49813023833890185,
    0.48545484718199555,
    0.46634561310260536,
    0.43643956708057424,
    0.5,
    0.5,
    0.14280500000000002,
    0.14280500000000002
  ],
  "kappa_t": [
    0.9741411406546673,
    0.9740700038729233,
    0.9739701832535868,
    0.9738355836754632,
    0.9736585078363802,
    0.9734291033274792,
    0.9746180825984561,
    0.97,
    0.975,
    0.975,
    0.975,
    0.975,
    0.9749065119169451,
    0.9742727423590998,
    0.9733172806551302,
    0.9718219783540287,
    0.975,
    0.9693943211023859,
    0.9554925,
    0.9554925
  ],
  "Bhat_t": [
    0.6131934457196155,
    0.589435577408969,
    0.5650883152344547,
    0.540148275871275,
    0.5146128199380787,
    0.4884801150610433,
    0.4617492054887022,
    0.4337588364476051,
    0.40696787262639705,
    0.3774029462834842,
    0.3470799449061377,
    0.31597943067296175,
    0.2840814673568839,
    0.2513897121017108,
    0.2179982081685168,
    0.18390530172035463,
    0.14910683741252714,
    0.112930089653874,
    0.0762642075,
    0.039,
    0.0
  ],
  "A_t": [
    0.609435577408969,
    0.5850883152344547,
    0.560148275871275,
    0.5346128199380787,
    0.5084801150610433,
    0.4817492054887022,
    0.4537588364476051,
    0.42696787262639707,
    0.3974029462834842,
    0.3670799449061377,
    0.33597943067296177,
    0.3040814673568839,
    0.2713897121017108,
    0.2379982081685168,
    0.20390530172035462,
    0.16910683741252713,
    0.13293008965387398,
    0.0962642075,
    0.059,
    0.02
  ],
  "xi_ref_t": [
    0.35972410265901633,
    0.35849919994059076,
    0.35678039083814556,
    0.35446272359061975,
    0.35141365851707274,
    0.3474635472007766,
    0.36793655575508677,
    0.391731761839643,
    0.3905755986534139,
    0.3885142937254329,
    0.3852326994401538,
    0.38026652249917325,
    0.37290301400114834,
    0.36199014958378234,
    0.3455380750050446,
    0.31979049676797267,
    0.27792172412665767,
    0.19737346302882094,
    0.02,
    0.02
  ],
  "u_target_t": [
    0.09199260589702846,
    0.09168617052951582,
    0.0912561740154507,
    0.09067636044814925,
    0.0899135722182535,
    0.08892536817991083,
    0.0940471250395032,
    0.1,
    0.09971076128287798,
    0.09919508218146053,
    0.0983741218425616,
    0.09713172746041977,
    0.09528958979607118,
    0.09255950554689135,
    0.0884436705144073,
    0.08200236829427751,
    0.05237782771977797,
    0.037434773861338776,
    0.002,
    0.002
  ],
  "u_tr_cap_t": [
    0.09199261665344238,
    0.09168624877929688,
    0.09125590324401855,
    0.09067654609680176,
    0.08991360664367676,
    0.08892536163330078,
    0.0940471887588501,
    0.09999990463256836,
    0.09971082210540771,
    0.09919524192810059,
    0.0983738899230957,
    0.09713172912597656,
    0.09528994560241699,
    0.09255945682525635,
    0.08844375610351562,
    0.08200228214263916,
    0.044579505920410156,
    0.03170967102050781,
    0.0,
    0.0
  ],
  "U_safe_ref_t": [
    0.01781768560425117,
    0.017704701474886904,
    0.01754676252582087,
    0.017334909798713497,
    0.01705815097337082,
    0.01670289913874339,
    0.018584429084658297,
    0.016075415700193108,
    0.020033909162323407,
    0.019928178041829968,
    0.019759854260094644,
    0.01950512268428026,
    0.01905591230480441,
    0.01802764648534997,
    0.016531080192059927,
    0.014318380462036063,
    0.0142555208123243,
    0.00785434653216119,
    0.00022545137999577944,
    0.00022545137999577944
  ],
  "u_ref_used_t": [
    0.01781768560425117,
    0.017704701474886904,
    0.01754676252582087,
    0.017334909798713497,
    0.01705815097337082,
    0.01670289913874339,
    0.018584429084658297,
    0.016075415700193108,
    0.020033909162323407,
    0.019928178041829968,
    0.019759854260094644,
    0.01950512268428026,
    0.01905591230480441,
    0.01802764648534997,
    0.016531080192059927,
    0.014318380462036063,
    0.0142555208123243,
    0.00785434653216119,
    0.0,
    0.0
  ],
  "theta_used_t": [
    0.04953153117221231,
    0.049385609445769654,
    0.049180848993971224,
    0.048904746945222184,
    0.04854151385394169,
    0.048070939450496855,
    0.05050987403662286,
    0.04103679422036155,
    0.051293294387550696,
    0.05129329438755069,
    0.05129329438755069,
    0.05129329438755069,
    0.05110152396018373,
    0.04980148356544571,
    0.04784155897094289,
    0.04477425253954596,
    0.05129329438755069,
    0.039794339176256334,
    0.0,
    0.0
  ],
  "beta_used_t": [
    0.08127443327610916,
    0.08440710258583785,
    0.08779969717388407,
    0.09147694391407701,
    0.09546393736186568,
    0.09978415927377009,
    0.11131435903718244,
    0.09611213595049416,
    0.12907124838214218,
    0.13973330632559178,
    0.15266796031176966,
    0.16868273766697703,
    0.18829573002027436,
    0.20925150633984319,
    0.2346263611946445,
    0.2647690254553194,
    0.3858666952012835,
    0.4133866595874311,
    0.0,
    0.0
  ],
  "trust_clip_active_t": [
    true,
    true,
    true,
    true,
    true,
    true,
    true,
    true,
    true,
    true,
    true,
    true,
    true,
    true,
    true,
    true,
    true,
    true,
    true,
    true
  ],
  "safe_clip_active_t": [
    false,
    false,
    false,
    false,
    false,
    false,
    false,
    false,
    false,
    false,
    false,
    false,
    false,
    false,
    false,
    false,
    false,
    false,
    false,
    false
  ],
  "source_phase": "phase4C_ablation_raw_unclipped",
  "notes": "Phase IV-C ablation: raw_unclipped",
  "provenance": {
    "git_sha": "01a22b9945b1a74a643b82b1f38fefc5e36ee5f8",
    "calibration_code_version": "v3.0",
    "input_hashes": {
      "margins": "5977ae147dbd30a9",
      "p_align": "9d64868be6ade0c3",
      "n_by_stage": "35d6f04339c16583"
    }
  }
}