{
  "total_s": 5.600866666005459,
  "step_s": 0.0,
  "fit_s": 0.0,
  "eval_s": 0.6533118401130196,
  "plot_s": 0.0,
  "other_s": 0.0,
  "train_s": 4.706184666021727,
  "eval_final_s": 0.6472243750176858,
  "post_s": 0.2359208749840036,
  "steps_per_s": null,
  "updates_per_s": null
}
