{
  "total_s": 0.8147619590017712,
  "step_s": 0.0,
  "fit_s": 0.0,
  "eval_s": 0.1552372080332134,
  "plot_s": 0.0,
  "other_s": 0.0,
  "train_s": 0.7990334170026472,
  "post_s": 0.01563262499985285,
  "steps_per_s": null,
  "updates_per_s": null
}
