{
  "phase": "phase4",
  "schedule_version": 3,
  "task_family": "dense_chain_cost",
  "scheduler_mode": "stagewise_u",
  "gamma_eval": 0.95,
  "gamma_base": 0.95,
  "sign_family": 1,
  "reward_bound": 0.02,
  "alpha_t": [
    0.19174488253790545,
    0.19070511284101693,
    0.18947133728251075,
    0.18800535480934366,
    0.18625902509537529,
    0.18417083658397165,
    0.19148371441647816,
    0.2,
    0.1989235904145808,
    0.19750676855638744,
    0.195636608623326,
    0.19314681005626566,
    0.18978202891387386,
    0.18512919351784235,
    0.17847364716116132,
    0.1684627152516448,
    0.12770224709387462,
    0.10418788751729859,
    0.14280500000000002,
    0.14280500000000002
  ],
  "kappa_t": [
    0.9595872441268952,
    0.9595352556420508,
    0.9594735668641255,
    0.9594002677404672,
    0.9593129512547687,
    0.9592085418291986,
    0.9595741857208239,
    0.96,
    0.959946179520729,
    0.9598753384278194,
    0.9597818304311663,
    0.9596573405028133,
    0.9594891014456937,
    0.9592564596758921,
    0.958923682358058,
    0.9584231357625822,
    0.9563851123546937,
    0.9552093943758649,
    0.9554925,
    0.9554925
  ],
  "Bhat_t": [
    0.5414352882769176,
    0.523595213829745,
    0.5050311710594619,
    0.4857154872776795,
    0.46561951491817083,
    0.44471359878979866,
    0.4229670411567728,
    0.40014315398484807,
    0.3761907854008834,
    0.35126009415364534,
    0.32531317521408193,
    0.29831068492457335,
    0.27021174535976283,
    0.24097381097022208,
    0.21055246376809783,
    0.17890106055806104,
    0.1459700369678022,
    0.11184828745863029,
    0.0762642075,
    0.039,
    0.0
  ],
  "A_t": [
    0.5435952138297451,
    0.525031171059462,
    0.5057154872776795,
    0.48561951491817085,
    0.4647135987897987,
    0.4429670411567728,
    0.4201431539848481,
    0.3961907854008834,
    0.37126009415364536,
    0.34531317521408195,
    0.3183106849245734,
    0.29021174535976285,
    0.2609738109702221,
    0.23055246376809782,
    0.19890106055806103,
    0.1659700369678022,
    0.13184828745863028,
    0.0962642075,
    0.059,
    0.02
  ],
  "xi_ref_t": [
    0.38979059553936846,
    0.3869312863204584,
    0.38353847170097155,
    0.3795071008956568,
    0.3747047906673932,
    0.3689623876339656,
    0.3890723976350468,
    0.41249171246284394,
    0.4095316455748373,
    0.4056354637445642,
    0.4004926272554448,
    0.39364581875801646,
    0.3843928565214306,
    0.37159781625265204,
    0.35329543149236414,
    0.3257659218476614,
    0.28057149742976367,
    0.19737346302882094,
    0.02,
    0.02
  ],
  "u_target_t": [
    0.00011006823282792779,
    0.00012393182878644104,
    0.0001403821695665239,
    0.00015992860254208517,
    0.0001832129987283295,
    0.0002110555122137119,
    0.00011355047444695852,
    0.0,
    1.4352127805589924e-05,
    3.324308591483435e-05,
    5.817855168898669e-05,
    9.137586591645777e-05,
    0.00013623961448168192,
    0.00019827741976210242,
    0.00028701803785118247,
    0.0004204971299780697,
    0.0009639700387483383,
    0.0012774948331026857,
    0.002,
    0.002
  ],
  "u_tr_cap_t": [
    7.782992069461151e-05,
    8.763294207054828e-05,
    9.926506391466899e-05,
    0.00011308644440204158,
    0.00012955095101565336,
    0.0001492385144963718,
    8.029223171818912e-05,
    0.0,
    1.0148483966438002e-05,
    2.3506404312740478e-05,
    4.11384296158712e-05,
    6.461244507726122e-05,
    9.633584197160273e-05,
    0.00014020306959815099,
    0.00020295190115813486,
    0.00029733529994103064,
    0.0005948424215699717,
    0.0007848887100542901,
    0.0,
    0.0
  ],
  "U_safe_ref_t": [
    0.007669032907178796,
    0.007571502830560853,
    0.007456566323131425,
    0.007321114236076271,
    0.007161341394870801,
    0.006972550396037569,
    0.007644478057388945,
    0.008465004661010129,
    0.008359035808111247,
    0.008220550964301162,
    0.008039489361002194,
    0.007801498871165402,
    0.007485428945591271,
    0.0070588890321000835,
    0.00646998528587784,
    0.0056312526968494755,
    0.0036766843496822345,
    0.002110238819562837,
    0.00022545137999577944,
    0.00022545137999577944
  ],
  "u_ref_used_t": [
    7.782992069461151e-05,
    8.763294207054828e-05,
    9.926506391466899e-05,
    0.00011308644440204158,
    0.00012955095101565336,
    0.0001492385144963718,
    8.029223171818912e-05,
    0.0,
    1.0148483966438002e-05,
    2.3506404312740478e-05,
    4.11384296158712e-05,
    6.461244507726122e-05,
    9.633584197160273e-05,
    0.00014020306959815099,
    0.00020295190115813486,
    0.00029733529994103064,
    0.0005948424215699717,
    0.0007848887100542901,
    0.0,
    0.0
  ],
  "theta_used_t": [
    0.00019967110952719423,
    0.00022648192371285854,
    0.0002588138380862655,
    0.0002979824201843697,
    0.0003457413789263487,
    0.0004044816477185907,
    0.00020636835767903514,
    0.0,
    2.478070761099091e-05,
    5.794957890452812e-05,
    0.00010271956789264943,
    0.0001641385275756734,
    0.00025061819005533945,
    0.0003772978835344552,
    0.0005744537943806424,
    0.0009127268385060675,
    0.002120109943522971,
    0.003976667876267027,
    0.0,
    0.0
  ],
  "beta_used_t": [
    0.000367315797577518,
    0.0004313685285691514,
    0.0005117775599072278,
    0.0006136129439414747,
    0.0007439880817491118,
    0.0009131190588408551,
    0.0004911858154101388,
    0.0,
    6.674756592809421e-05,
    0.00016781745691748202,
    0.0003227022301088943,
    0.0005655819593800314,
    0.00096031930990936,
    0.0016364946935200045,
    0.002888138418009863,
    0.00549934708204671,
    0.016079920220338037,
    0.041309932108120534,
    0.0,
    0.0
  ],
  "trust_clip_active_t": [
    true,
    true,
    true,
    true,
    true,
    true,
    true,
    false,
    true,
    true,
    true,
    true,
    true,
    true,
    true,
    true,
    true,
    true,
    true,
    true
  ],
  "safe_clip_active_t": [
    false,
    false,
    false,
    false,
    false,
    false,
    false,
    false,
    false,
    false,
    false,
    false,
    false,
    false,
    false,
    false,
    false,
    false,
    false,
    false
  ],
  "source_phase": "phase4_diagnostic_sweep",
  "notes": "Phase IV-B diagnostic sweep (u_max=0.0000) stagewise schedule from classical pilot",
  "provenance": {
    "git_sha": "6202151f2786771ab9339e76dffb5bd4f02d731b",
    "calibration_code_version": "v3.0",
    "input_hashes": {
      "margins": "b6e0b602313d9829",
      "p_align": "d96e305f37d4ed27",
      "n_by_stage": "35d6f04339c16583"
    }
  }
}