{
  "total_s": 7.546251291001681,
  "step_s": 0.0,
  "fit_s": 0.0,
  "eval_s": 0.42795420697075315,
  "plot_s": 0.0,
  "other_s": 0.0,
  "train_s": 6.9152360830048565,
  "eval_final_s": 0.3146321250242181,
  "post_s": 0.30972062502405606,
  "steps_per_s": null,
  "updates_per_s": null
}
