{
  "total_s": 5.5392025409964845,
  "step_s": 0.0,
  "fit_s": 0.0,
  "eval_s": 0.8855949589924421,
  "plot_s": 0.0,
  "other_s": 0.0,
  "train_s": 5.209903540991945,
  "eval_final_s": 0.1247423340100795,
  "post_s": 0.20214470801874995,
  "steps_per_s": null,
  "updates_per_s": null
}
