{
  "total_s": 0.5924574160017073,
  "step_s": 0.0,
  "fit_s": 0.0,
  "eval_s": 0.14950637497531716,
  "plot_s": 0.0,
  "other_s": 0.0,
  "train_s": 0.5855933330021799,
  "post_s": 0.006829707999713719,
  "steps_per_s": null,
  "updates_per_s": null
}
