{
  "total_s": 4.894758791982895,
  "step_s": 0.0,
  "fit_s": 0.0,
  "eval_s": 0.6431530830159318,
  "plot_s": 0.0,
  "other_s": 0.0,
  "train_s": 4.470044499990763,
  "eval_final_s": 0.20467212502262555,
  "post_s": 0.21531091700308025,
  "steps_per_s": null,
  "updates_per_s": null
}
