{
  "total_s": 4.057598042010795,
  "step_s": 0.0,
  "fit_s": 0.0,
  "eval_s": 0.6295183719485067,
  "plot_s": 0.0,
  "other_s": 0.0,
  "train_s": 3.414351249986794,
  "eval_final_s": 0.5154152910108678,
  "post_s": 0.11637233302462846,
  "steps_per_s": null,
  "updates_per_s": null
}
