{
  "total_s": 10.339623625011882,
  "step_s": 0.0,
  "fit_s": 0.0,
  "eval_s": 1.36748308307142,
  "plot_s": 0.0,
  "other_s": 0.0,
  "train_s": 9.309105583000928,
  "eval_final_s": 0.5220872920181137,
  "post_s": 0.5004388749948703,
  "steps_per_s": null,
  "updates_per_s": null
}
