{
  "total_s": 9.964421749988105,
  "step_s": 0.0,
  "fit_s": 0.0,
  "eval_s": 1.3308554180257488,
  "plot_s": 0.0,
  "other_s": 0.0,
  "train_s": 9.003380915994057,
  "eval_final_s": 0.502301583008375,
  "post_s": 0.45072116699884646,
  "steps_per_s": null,
  "updates_per_s": null
}
