{
  "total_s": 6.670105041994248,
  "step_s": 0.0,
  "fit_s": 0.0,
  "eval_s": 1.0310896250011865,
  "plot_s": 0.0,
  "other_s": 0.0,
  "train_s": 6.102766374999192,
  "eval_final_s": 0.16051866702036932,
  "post_s": 0.4040241249895189,
  "steps_per_s": null,
  "updates_per_s": null
}
