{
  "schema_version": "1.0.0",
  "created_at": "2026-04-19T04:28:28Z",
  "phase": "phase3",
  "task": "chain_catastrophe",
  "algorithm": "SafeExpectedSARSA",
  "seed": 11,
  "train_steps": 120000,
  "n_transitions": 120000,
  "steps_to_threshold": null,
  "auc_disc_return": 2.047063929895142,
  "final_disc_return_mean": 3.116959927466956,
  "final_10pct_success_rate": 0.0,
  "tail_risk_metrics": {
    "return_q05": 0.0,
    "return_q25": 0.0,
    "return_q50": 0.0,
    "return_q75": 4.299876786404837,
    "return_q95": 5.587302890493079,
    "cvar_5pct": -2.745300959091678,
    "cvar_10pct": -1.372650479545839,
    "top5pct_mean": 5.840160560071748,
    "top10pct_mean": 5.709613946170081,
    "event_rate": 0.018,
    "event_conditioned_return": -7.625835997476884
  },
  "shortcut_risky_path_fraction": 0.32,
  "episode_returns": [
    0.0,
    0.0,
    0.0,
    0.0,
    0.0,
    3.596294533345586,
    5.03587485228486,
    0.0,
    5.017404100865787,
    4.3324271572852915,
    5.594197381351769,
    0.0,
    5.012271211830327,
    4.429383550422985,
    0.0,
    0.0,
    4.201300600483123,
    5.587302890493079,
    0.0,
    0.0,
    0.0,
    0.0,
    0.0,
    0.0,
    0.0,
    0.0,
    0.0,
    0.0,
    0.0,
    0.0,
    0.0,
    0.0,
    4.32690927323025,
    0.0,
    3.54557515170488,
    0.0,
    0.0,
    0.0,
    0.0,
    5.568108499860056,
    0.0,
    0.0,
    0.0,
    0.0,
    0.0,
    0.0,
    0.0,
    0.0,
    0.0,
    5.021655271916683,
    0.0,
    0.0,
    4.188186753789599,
    0.0,
    0.0,
    5.041513904189384,
    4.201300600483123,
    0.0,
    0.0,
    0.0,
    0.0,
    0.0,
    0.0,
    0.0,
    -7.778213593991467,
    0.0,
    5.021945884476174,
    0.0,
    1.1165886676147725,
    0.0,
    0.0,
    0.0,
    0.0,
    5.57346244363388,
    0.0,
    0.0,
    5.016192336976405,
    4.4305781725878335,
    0.0,
    0.0,
    0.0,
    0.0,
    4.976077467520709,
    0.0,
    0.0,
    0.0,
    4.865384444074436,
    4.460520102307933,
    0.0,
    0.0,
    0.0,
    0.0,
    0.0,
    0.0,
    0.0,
    0.0,
    5.594197381351769,
    5.594197381351769,
    0.0,
    0.0,
    6.410905422546236,
    0.0,
    5.671150471475913,
    0.0,
    5.047625076584713,
    0.0,
    0.0,
    0.0,
    5.021093910097014,
    0.0,
    4.1893208753477325,
    0.0,
    0.0,
    0.0,
    0.0,
    0.0,
    0.0,
    0.0,
    0.0,
    4.355989039298665,
    4.339100676906296,
    0.0,
    0.0,
    0.0,
    0.0,
    5.0154548581924905,
    0.0,
    5.594197381351769,
    5.02898036142617,
    0.0,
    -7.471720943315962,
    0.0,
    0.0,
    4.9179863725591,
    0.0,
    0.0,
    5.657221503667227,
    0.0,
    0.0,
    0.0,
    4.897713818532696,
    0.0,
    0.0,
    0.0,
    0.0,
    0.0,
    0.0,
    0.0,
    0.0,
    0.0,
    0.0,
    5.580268413543083,
    0.0,
    0.0,
    0.0,
    0.0,
    5.574338749079068,
    0.0,
    0.5582661385478637,
    0.0,
    0.0,
    0.0,
    0.5582661385478637,
    0.0,
    5.575323165357688,
    0.0,
    -7.397003733882802,
    0.0,
    0.0,
    -7.547192872036326,
    5.600308553747098,
    4.995180874278895,
    5.57346244363388,
    5.573777387259399,
    0.0,
    0.0,
    0.0,
    5.765612549339772,
    0.0,
    0.0,
    0.0,
    5.594197381351769,
    0.0,
    0.0,
    0.0,
    0.0,
    3.768407471237658,
    0.0,
    5.582217656216379,
    0.0,
    5.021945884476174,
    5.594197381351769,
    0.0,
    0.0,
    0.0,
    0.0,
    5.573777387259399,
    5.588267716887755,
    5.582217656216379,
    5.574338749079068,
    0.0,
    8.549366105062482,
    0.0,
    0.0,
    0.0,
    0.0,
    0.0,
    0.0,
    3.6372245239164442,
    0.0,
    0.0,
    2.908435258884401,
    0.0,
    0.0,
    5.588267716887755,
    5.582217656216379,
    0.0,
    0.0,
    0.0,
    5.567154566849559,
    0.0,
    0.0,
    0.0,
    0.0,
    0.0,
    0.0,
    0.5639051904523875,
    5.022303509371733,
    0.0,
    0.0,
    4.298697311459821,
    0.0,
    0.0,
    5.580268413543083,
    0.0,
    0.0,
    0.0,
    0.0,
    0.0,
    0.0,
    4.188186753789599,
    0.0,
    -7.471720943315962,
    0.0,
    0.0,
    0.0,
    0.0,
    0.0,
    0.0,
    0.0,
    0.0,
    4.201300600483123,
    0.0,
    4.975262346405547,
    4.9812519064702085,
    0.0,
    0.0,
    0.0,
    0.0,
    0.0,
    0.0,
    4.228467645368217,
    5.594197381351769,
    0.0,
    3.2430359595747316,
    0.0,
    1.2195644110265311,
    0.0,
    0.0,
    3.7037177958515675,
    5.580268413543083,
    0.0,
    0.0,
    0.0,
    0.0,
    0.0,
    5.024362526435367,
    4.975262346405547,
    0.0,
    4.997148825818866,
    0.0,
    5.581083534658245,
    0.0,
    0.0,
    0.0,
    5.030121304785092,
    0.0,
    -7.7004314580515505,
    4.303415211239882,
    0.0,
    5.520386253638729,
    0.0,
    0.0,
    0.0,
    0.0,
    0.0,
    0.0,
    0.0,
    0.0,
    5.010609675590927,
    0.0,
    0.0,
    4.188186753789599,
    3.071423970920662,
    0.0,
    5.573777387259399,
    5.5808118642093945,
    4.919186060039291,
    0.0,
    0.0,
    0.0,
    0.0,
    -7.471720943315962,
    0.0,
    0.0,
    3.539018559499139,
    0.0,
    0.0,
    5.594197381351769,
    4.286778086931145,
    5.574338749079068,
    0.0,
    0.0,
    5.580268413543083,
    0.0,
    4.4177549384538,
    0.0,
    0.0,
    0.0,
    0.0,
    0.0,
    5.02898036142617,
    0.0,
    0.0,
    5.5682886884076925,
    0.0,
    0.0,
    5.029534179053994,
    0.0,
    0.0,
    4.339934740132099,
    0.0,
    0.0,
    4.884599971839172,
    0.0,
    0.0,
    5.00307849028288,
    5.587302890493079,
    0.0,
    0.0,
    4.884258660068516,
    4.1893208753477325,
    0.0,
    0.0,
    0.0,
    0.0,
    0.0,
    5.587706355068086,
    0.0,
    0.0,
    0.0,
    0.0,
    0.0,
    4.897713818532696,
    0.0,
    5.016720847986255,
    0.0,
    5.573777387259399,
    5.024191640321076,
    5.041695412120698,
    4.8907496863522,
    0.0,
    0.0,
    0.0,
    0.0,
    0.0,
    4.3277080775020025,
    0.0,
    0.0,
    0.0,
    7.017188469102231,
    0.0,
    5.594197381351769,
    5.580268413543083,
    5.004392304693015,
    0.0,
    0.0,
    5.5682886884076925,
    0.0,
    0.0,
    0.0,
    0.0,
    0.0,
    4.339391289465787,
    0.0,
    0.0,
    0.0,
    3.8297850350783196,
    4.891222792249012,
    0.0,
    0.0,
    0.0,
    0.0,
    0.0,
    0.0,
    0.0,
    0.0,
    0.0,
    0.0,
    3.7168316425450914,
    5.022155449406326,
    0.0,
    6.209904980829612,
    5.65975787207162,
    0.0,
    5.573777387259399,
    0.0,
    4.313288092643147,
    0.0,
    0.0,
    4.328055080580539,
    5.587706355068086,
    0.0,
    4.333808628080308,
    0.0,
    3.7272609356993884,
    0.0,
    0.0,
    0.0,
    5.587302890493079,
    -8.01630589539046,
    0.0,
    0.0,
    3.6241106772229204,
    0.0,
    0.0,
    0.0,
    -7.778213593991467,
    0.0,
    5.573777387259399,
    0.0,
    0.0,
    5.57515387019423,
    0.0,
    4.363549669123975,
    0.0,
    0.0,
    0.0,
    0.0,
    0.0,
    4.320447432149901,
    5.016192336976405,
    0.0,
    0.0,
    0.0,
    0.0,
    0.0,
    5.588267716887755,
    5.021945884476174,
    4.975262346405547,
    4.4229293774033,
    0.0,
    5.574338749079068,
    0.0,
    0.0,
    0.0,
    0.0,
    4.1893208753477325,
    0.0,
    5.580268413543083,
    5.587302890493079,
    4.348327634606942,
    4.87187547035812,
    0.0,
    0.0,
    0.0,
    0.0,
    2.96296275779707,
    0.0,
    0.0,
    0.0,
    5.004212611841015,
    0.0,
    5.580268413543083,
    0.0,
    0.0,
    0.0,
    5.041986024680189,
    0.0,
    0.0,
    4.4485403771725425,
    0.0,
    0.0,
    5.582217656216379,
    0.0,
    0.0,
    0.0,
    0.0,
    0.0,
    5.580268413543083
  ],