{
  "total_s": 5.354118707997259,
  "step_s": 0.0,
  "fit_s": 0.0,
  "eval_s": 0.6171508339757565,
  "plot_s": 0.0,
  "other_s": 0.0,
  "train_s": 4.5599892080063,
  "eval_final_s": 0.5598949170089327,
  "post_s": 0.21417454100446776,
  "steps_per_s": null,
  "updates_per_s": null
}
