{
  "total_s": 6.086666084011085,
  "step_s": 0.0,
  "fit_s": 0.0,
  "eval_s": 0.33996912199654616,
  "plot_s": 0.0,
  "other_s": 0.0,
  "train_s": 5.468246292002732,
  "eval_final_s": 0.19939712499035522,
  "post_s": 0.4150150420027785,
  "steps_per_s": null,
  "updates_per_s": null
}
