{
  "total_s": 5.973731750011211,
  "step_s": 0.0,
  "fit_s": 0.0,
  "eval_s": 0.23134104398195632,
  "plot_s": 0.0,
  "other_s": 0.0,
  "train_s": 5.659533458005171,
  "eval_final_s": 0.11169125000014901,
  "post_s": 0.2000117920106277,
  "steps_per_s": null,
  "updates_per_s": null
}
