{
  "phase": "III",
  "task": "grid_regime_shift_post_shift",
  "algorithm": "SafeAsyncVI",
  "n_seeds": 3,
  "seeds": [
    "seed_11",
    "seed_29",
    "seed_47"
  ],
  "metrics": {
    "beta_used_max": {
      "mean": 0.00044025465241108946,
      "std": 0.0,
      "median": 0.00044025465241108946,
      "q25": 0.00044025465241108946,
      "q75": 0.00044025465241108946,
      "iqr": 0.0,
      "ci_low": 0.00044025465241108946,
      "ci_high": 0.00044025465241108946
    },
    "beta_used_min": {
      "mean": 0.0,
      "std": 0.0,
      "median": 0.0,
      "q25": 0.0,
      "q75": 0.0,
      "iqr": 0.0,
      "ci_low": 0.0,
      "ci_high": 0.0
    },
    "clip_fraction": {
      "mean": 0.0,
      "std": 0.0,
      "median": 0.0,
      "q25": 0.0,
      "q75": 0.0,
      "iqr": 0.0,
      "ci_low": 0.0,
      "ci_high": 0.0
    },
    "final_bellman_residual": {
      "mean": 0.9987944933849975,
      "std": 0.0,
      "median": 0.9987944933849975,
      "q25": 0.9987944933849975,
      "q75": 0.9987944933849975,
      "iqr": 0.0,
      "ci_low": 0.9987944933849975,
      "ci_high": 0.9987944933849975
    },
    "n_stages_clipped": {
      "mean": 0.0,
      "std": 0.0,
      "median": 0.0,
      "q25": 0.0,
      "q75": 0.0,
      "iqr": 0.0,
      "ci_low": 0.0,
      "ci_high": 0.0
    },
    "n_states": {
      "mean": 25.0,
      "std": 0.0,
      "median": 25.0,
      "q25": 25.0,
      "q75": 25.0,
      "iqr": 0.0,
      "ci_low": 25.0,
      "ci_high": 25.0
    },
    "n_sweeps": {
      "mean": 1.0,
      "std": 0.0,
      "median": 1.0,
      "q25": 1.0,
      "q75": 1.0,
      "iqr": 0.0,
      "ci_low": 1.0,
      "ci_high": 1.0
    },
    "schedule_sign": {
      "mean": 1.0,
      "std": 0.0,
      "median": 1.0,
      "q25": 1.0,
      "q75": 1.0,
      "iqr": 0.0,
      "ci_low": 1.0,
      "ci_high": 1.0
    },
    "seed": {
      "mean": 29.0,
      "std": 18.0,
      "median": 29.0,
      "q25": 20.0,
      "q75": 38.0,
      "iqr": 18.0,
      "ci_low": 11.0,
      "ci_high": 47.0
    },
    "wall_clock_s": {
      "mean": 0.002916749993649622,
      "std": 8.447352992672783e-06,
      "median": 0.002915916993515566,
      "q25": 0.0029123334970790893,
      "q75": 0.0029207499901531264,
      "iqr": 8.416493074037135e-06,
      "ci_low": 0.0029087500006426126,
      "ci_high": 0.002925582986790687
    }
  },
  "provenance": {
    "schedule_path": "/Users/liq/Documents/Claude/Projects/LSE_RL/results/weighted_lse_dp/phase3/calibration/grid_regime_shift/schedule.json",
    "calibration_hash": "36c77bf35902d61a532f4db49544460b5bdd846ed8058d89dbe3abd079d843ca",
    "source_phase": "phase2"
  }
}
