{
  "phase": "III",
  "task": "grid_regime_shift_post_shift",
  "algorithm": "SafeAsyncVI",
  "n_seeds": 3,
  "seeds": [
    "seed_11",
    "seed_29",
    "seed_47"
  ],
  "metrics": {
    "beta_used_max": {
      "mean": 0.0020100915229534166,
      "std": 0.0,
      "median": 0.0020100915229534166,
      "q25": 0.0020100915229534166,
      "q75": 0.0020100915229534166,
      "iqr": 0.0,
      "ci_low": 0.0020100915229534166,
      "ci_high": 0.0020100915229534166
    },
    "beta_used_min": {
      "mean": 3.6285928587979e-06,
      "std": 0.0,
      "median": 3.6285928587979e-06,
      "q25": 3.6285928587979e-06,
      "q75": 3.6285928587979e-06,
      "iqr": 0.0,
      "ci_low": 3.6285928587979e-06,
      "ci_high": 3.6285928587979e-06
    },
    "clip_fraction": {
      "mean": 0.0,
      "std": 0.0,
      "median": 0.0,
      "q25": 0.0,
      "q75": 0.0,
      "iqr": 0.0,
      "ci_low": 0.0,
      "ci_high": 0.0
    },
    "final_bellman_residual": {
      "mean": 0.9988070111364569,
      "std": 0.0,
      "median": 0.9988070111364569,
      "q25": 0.9988070111364569,
      "q75": 0.9988070111364569,
      "iqr": 0.0,
      "ci_low": 0.9988070111364569,
      "ci_high": 0.9988070111364569
    },
    "n_stages_clipped": {
      "mean": 0.0,
      "std": 0.0,
      "median": 0.0,
      "q25": 0.0,
      "q75": 0.0,
      "iqr": 0.0,
      "ci_low": 0.0,
      "ci_high": 0.0
    },
    "n_states": {
      "mean": 25.0,
      "std": 0.0,
      "median": 25.0,
      "q25": 25.0,
      "q75": 25.0,
      "iqr": 0.0,
      "ci_low": 25.0,
      "ci_high": 25.0
    },
    "n_sweeps": {
      "mean": 1.0,
      "std": 0.0,
      "median": 1.0,
      "q25": 1.0,
      "q75": 1.0,
      "iqr": 0.0,
      "ci_low": 1.0,
      "ci_high": 1.0
    },
    "schedule_sign": {
      "mean": 1.0,
      "std": 0.0,
      "median": 1.0,
      "q25": 1.0,
      "q75": 1.0,
      "iqr": 0.0,
      "ci_low": 1.0,
      "ci_high": 1.0
    },
    "seed": {
      "mean": 29.0,
      "std": 18.0,
      "median": 29.0,
      "q25": 20.0,
      "q75": 38.0,
      "iqr": 18.0,
      "ci_low": 11.0,
      "ci_high": 47.0
    },
    "wall_clock_s": {
      "mean": 0.005636416666675359,
      "std": 0.00041434996366296475,
      "median": 0.005425499999546446,
      "q25": 0.005397729499236448,
      "q75": 0.005769645500549814,
      "iqr": 0.000371916001313366,
      "ci_low": 0.00536995899892645,
      "ci_high": 0.0061137910015531816
    }
  },
  "provenance": {
    "schedule_path": "/Users/liq/Documents/Claude/Projects/LSE_RL/results/weighted_lse_dp/phase3/calibration/grid_regime_shift/schedule.json",
    "calibration_hash": "2c69e9f6ad0c7e3f6a5bef6dc50b2442eac121bf6a11a0201399aab62251e46a",
    "source_phase": "phase2"
  }
}
