{
  "total_s": 9.50686150000547,
  "step_s": 0.0,
  "fit_s": 0.0,
  "eval_s": 0.4989397450699471,
  "plot_s": 0.0,
  "other_s": 0.0,
  "train_s": 8.86290116602322,
  "eval_final_s": 0.32040191697888076,
  "post_s": 0.3168188339914195,
  "steps_per_s": null,
  "updates_per_s": null
}
