{
  "total_s": 10.513633499998832,
  "step_s": 0.0,
  "fit_s": 0.0,
  "eval_s": 1.3579753739468288,
  "plot_s": 0.0,
  "other_s": 0.0,
  "train_s": 9.45058337500086,
  "eval_final_s": 0.5486454580095597,
  "post_s": 0.5065159999940079,
  "steps_per_s": null,
  "updates_per_s": null
}
