{
  "total_s": 5.186435375013389,
  "step_s": 0.0,
  "fit_s": 0.0,
  "eval_s": 0.6070804960036185,
  "plot_s": 0.0,
  "other_s": 0.0,
  "train_s": 4.374527125008171,
  "eval_final_s": 0.600895124982344,
  "post_s": 0.19961012501153164,
  "steps_per_s": null,
  "updates_per_s": null
}
