{
  "total_s": 4.8198226660024375,
  "step_s": 0.0,
  "fit_s": 0.0,
  "eval_s": 0.6243021699192468,
  "plot_s": 0.0,
  "other_s": 0.0,
  "train_s": 4.10546108300332,
  "eval_final_s": 0.5872273339773528,
  "post_s": 0.11553704101243056,
  "steps_per_s": null,
  "updates_per_s": null
}
