{
  "total_s": 5.815424291999079,
  "step_s": 0.0,
  "fit_s": 0.0,
  "eval_s": 0.6675855030189268,
  "plot_s": 0.0,
  "other_s": 0.0,
  "train_s": 5.163440917007392,
  "eval_final_s": 0.2542736250034068,
  "post_s": 0.39299983298406005,
  "steps_per_s": null,
  "updates_per_s": null
}
