{
  "total_s": 5.763367250008741,
  "step_s": 0.0,
  "fit_s": 0.0,
  "eval_s": 0.6762325010204222,
  "plot_s": 0.0,
  "other_s": 0.0,
  "train_s": 5.149466292001307,
  "eval_final_s": 0.24781529200845398,
  "post_s": 0.3613853749993723,
  "steps_per_s": null,
  "updates_per_s": null
}
