{
  "total_s": 9.775143667007796,
  "step_s": 0.0,
  "fit_s": 0.0,
  "eval_s": 1.294264872878557,
  "plot_s": 0.0,
  "other_s": 0.0,
  "train_s": 8.823716375016375,
  "eval_final_s": 0.4949558340013027,
  "post_s": 0.4485703749815002,
  "steps_per_s": null,
  "updates_per_s": null
}
