{
  "total_s": 8.755822541977977,
  "step_s": 0.0,
  "fit_s": 0.0,
  "eval_s": 1.362477501068497,
  "plot_s": 0.0,
  "other_s": 0.0,
  "train_s": 7.723147333977977,
  "eval_final_s": 0.5230573339795228,
  "post_s": 0.5014852919848636,
  "steps_per_s": null,
  "updates_per_s": null
}
