{
  "total_s": 8.18027375001111,
  "step_s": 0.0,
  "fit_s": 0.0,
  "eval_s": 1.2832186639716383,
  "plot_s": 0.0,
  "other_s": 0.0,
  "train_s": 7.239990750007564,
  "eval_final_s": 0.4945977920142468,
  "post_s": 0.4379613750206772,
  "steps_per_s": null,
  "updates_per_s": null
}
