{
  "schema_version": "1.0.0",
  "created_at": "2026-04-19T05:10:11Z",
  "phase": "phase2",
  "task": "chain_regime_shift",
  "algorithm": "ExpectedSARSA",
  "seed": 29,
  "train_steps": 180000,
  "n_transitions": 180000,
  "steps_to_threshold": null,
  "auc_disc_return": 3.0705747443303744,
  "final_disc_return_mean": 3.9356237795859976,
  "final_10pct_success_rate": 0.0,
  "adaptation_metrics": {
    "change_at_episode": 300,
    "pre_change_auc": 0.0,
    "post_change_auc": 3.4296030659034344,
    "lag_to_50pct_recovery": 12,
    "lag_to_75pct_recovery": 32,
    "lag_to_90pct_recovery": null,
    "post_change_optimum": 4.70496493041119
  },
  "shortcut_risky_path_fraction": 0.0,
  "episode_returns": [
    4.698588557585503,
    4.24523570248678,
    3.659716751255127,
    4.55869339551189,
    4.558120867723303,
    2.2075144890025795,
    4.554917196817807,
    4.638812699631518,
    4.658020244394738,
    4.268216176023206,
    2.917506776788792,
    3.8498424628055146,
    4.6133110784334495,
    4.620169854177895,
    3.3431456008120928,
    2.96456905158464,
    4.616791490564715,
    3.7774892369805206,
    3.1808567194334767,
    3.0863288068526367,
    3.5287973514153426,
    3.2863703254724026,
    4.714209653658381,
    3.1880664793219076,
    4.705225488742691,
    4.321320227849315,
    3.797645813615008,
    4.038864097657272,
    3.7904823089901534,
    3.289487810418037,
    4.231379205248069,
    4.4628969456231955,
    3.439866164653734,
    4.615758880201807,
    2.7999327951675945,
    4.120932870247303,
    4.701182139553493,
    3.2974205928569016,
    4.003404650155233,
    3.8215331942499184,
    4.32494909428161,
    4.559816879273437,
    3.229592785112766,
    4.603994478934471,
    3.1811662742435223,
    3.4725668291276692,
    3.88000078122076,
    3.370661762813683,
    4.2074427270224275,
    4.414857993964831,
    4.575082557863646,
    4.599854360032442,
    4.201635585717513,
    4.547784096081275,
    2.941587978684069,
    4.426091228246828,
    3.8746812439602936,
    2.93954886597272,
    3.981578045097765,
    3.7211734929958538,
    3.9942313419577005,
    3.7960775316902415,
    3.762337658994247,
    4.703416337953931,
    4.356791586486287,
    3.9852704182588408,
    4.621555421867549,
    3.683953392057907,
    4.281360425325651,
    4.3244114094492945,
    4.213976916713781,
    4.058260705607736,
    2.3718923159387,
    3.8774663436225123,
    4.520230561146996,
    3.948569102792649,
    4.312678978074746,
    3.301784917305315,
    4.644192389237935,
    3.7921975539065524,
    3.2277144091433936,
    4.5902402460567835,
    3.4808827232905144,
    4.360451709641128,
    3.994197049360857,
    4.558173598912133,
    3.7543410101275714,
    4.534335375148195,
    4.343674690126185,
    3.2034617599712893,
    4.249539651930969,
    4.105446388985885,
    4.5303579062284856,
    4.7179064800626245,
    4.140944841273453,
    4.127854702329465,
    4.007771064773386,
    4.596594732529957,
    4.63913975428514,
    4.362524597194249,
    4.443722028232909,
    4.02728166726141,
    3.5383275296349526,
    4.652969601217078,
    4.650568435660057,
    3.649221714925384,
    3.269549623762249,
    4.513389950215086,
    4.346846978928333,
    4.009836522650317,
    3.3032421116076773,
    3.705074645241453,
    4.239609580062624,
    4.638972984386645,
    3.372908131418645,
    3.7355537822895193,
    3.677253734406261,
    3.8632282524784705,
    3.537806596098943,
    3.5581012600066706,
    4.318921503257977,
    3.380862993425664,
    3.8725810537304772,
    4.352778312864111,
    4.10270871084887,
    4.17753327787746,
    4.59217619992812,
    4.571479463395987,
    4.164407536849925,
    4.503673474906462,
    3.369702037899414,
    3.20315385102465,
    3.2069354683303506,
    2.494103079041469,
    4.151049876442576,
    4.533664138547146,
    3.7254490483922083,
    4.613957315698699,
    4.102254065503263,
    4.608063035293836,
    4.286715193195084,
    3.7187367270181744,
    4.396426808094073,
    4.184089966598359,
    4.179906177547352,
    4.659020946427277,
    4.083641852243158,
    3.999517990304729,
    3.818518511998973,
    3.888304133975349,
    4.211641448875814,
    4.711119338220118,
    3.1023621945038506,
    4.472131446285698,
    3.9819655388310697,
    4.406235730217731,
    2.7696424830066793,
    4.2901480470293905,
    3.6997853106953498,
    4.485789537530391,
    4.7085196911076705,
    4.178205961484858,
    3.0647541016873414,
    3.6371877201324194,
    4.5367994817984645,
    4.653411648242461,
    4.608654588663534,
    4.127469180614,
    3.6929134975007374,
    3.612543335098275,
    4.645838915921855,
    4.315483979947898,
    4.276630735824113,
    4.627961150484144,
    4.2044338819894005,
    4.29281643661449,
    4.246066546702262,
    3.4405672691781377,
    3.9092435575543574,
    4.2154440559121,
    4.059088646266521,
    3.1213945364089035,
    4.583199305862367,
    3.8854542372855527,
    3.3299024530686823,
    4.6215171065235925,
    4.2789594746583814,
    4.592671115688172,
    4.234747768327789,
    4.186613318680456,
    4.579235180163305,
    3.535345198178313,
    3.4628063282188966,
    3.8650333670586408,
    4.627863677555243,
    3.7141882288669943,
    4.478741585913093,
    2.773283212846792,
    3.911711633353123,
    3.348822725728999
  ],