{
  "total_s": 8.790309125004569,
  "step_s": 0.0,
  "fit_s": 0.0,
  "eval_s": 0.4384504179470241,
  "plot_s": 0.0,
  "other_s": 0.0,
  "train_s": 7.8709450000023935,
  "eval_final_s": 0.3011410420003813,
  "post_s": 0.6122419589955825,
  "steps_per_s": null,
  "updates_per_s": null
}
