{
  "total_s": 6.038667083019391,
  "step_s": 0.0,
  "fit_s": 0.0,
  "eval_s": 0.2712903739884496,
  "plot_s": 0.0,
  "other_s": 0.0,
  "train_s": 5.710720666014822,
  "eval_final_s": 0.12801212500198744,
  "post_s": 0.1971617920207791,
  "steps_per_s": null,
  "updates_per_s": null
}
