{
  "total_s": 5.70042158299475,
  "step_s": 0.0,
  "fit_s": 0.0,
  "eval_s": 0.6537974159000441,
  "plot_s": 0.0,
  "other_s": 0.0,
  "train_s": 4.843889082985697,
  "eval_final_s": 0.6071110420161858,
  "post_s": 0.23766195800271817,
  "steps_per_s": null,
  "updates_per_s": null
}
