{
  "total_s": 9.406335499981651,
  "step_s": 0.0,
  "fit_s": 0.0,
  "eval_s": 0.5875399989308789,
  "plot_s": 0.0,
  "other_s": 0.0,
  "train_s": 8.325690792000387,
  "eval_final_s": 0.43388608301756904,
  "post_s": 0.6378864579892252,
  "steps_per_s": null,
  "updates_per_s": null
}
