{
  "total_s": 8.4307494579989,
  "step_s": 0.0,
  "fit_s": 0.0,
  "eval_s": 1.3002302889944986,
  "plot_s": 0.0,
  "other_s": 0.0,
  "train_s": 7.470155874994816,
  "eval_final_s": 0.49811133299954236,
  "post_s": 0.4545870000147261,
  "steps_per_s": null,
  "updates_per_s": null
}
