{
  "total_s": 7.357186207998893,
  "step_s": 0.0,
  "fit_s": 0.0,
  "eval_s": 0.22394891396106686,
  "plot_s": 0.0,
  "other_s": 0.0,
  "train_s": 6.730832832996384,
  "eval_final_s": 0.08372133399825543,
  "post_s": 0.5413405420040363,
  "steps_per_s": null,
  "updates_per_s": null
}
