{
  "total_s": 9.656733999996504,
  "step_s": 0.0,
  "fit_s": 0.0,
  "eval_s": 1.4105870430066716,
  "plot_s": 0.0,
  "other_s": 0.0,
  "train_s": 8.913237000000663,
  "eval_final_s": 0.49361325000063516,
  "post_s": 0.24167874999693595,
  "steps_per_s": null,
  "updates_per_s": null
}
