{
  "total_s": 6.796194708993426,
  "step_s": 0.0,
  "fit_s": 0.0,
  "eval_s": 0.9831205411173869,
  "plot_s": 0.0,
  "other_s": 0.0,
  "train_s": 6.461642874986865,
  "eval_final_s": 0.134047042025486,
  "post_s": 0.19786225000279956,
  "steps_per_s": null,
  "updates_per_s": null
}
