{
  "total_s": 6.054726500005927,
  "step_s": 0.0,
  "fit_s": 0.0,
  "eval_s": 0.6466647910419852,
  "plot_s": 0.0,
  "other_s": 0.0,
  "train_s": 5.632670666993363,
  "eval_final_s": 0.20907208399148658,
  "post_s": 0.20830441600992344,
  "steps_per_s": null,
  "updates_per_s": null
}
