{
  "total_s": 9.035555375012336,
  "step_s": 0.0,
  "fit_s": 0.0,
  "eval_s": 0.6207067909708712,
  "plot_s": 0.0,
  "other_s": 0.0,
  "train_s": 7.869838834012626,
  "eval_final_s": 0.5556499999947846,
  "post_s": 0.5982765410153661,
  "steps_per_s": null,
  "updates_per_s": null
}
