{
  "total_s": 5.984260707977228,
  "step_s": 0.0,
  "fit_s": 0.0,
  "eval_s": 0.6419886659132317,
  "plot_s": 0.0,
  "other_s": 0.0,
  "train_s": 5.571539625001606,
  "eval_final_s": 0.20282016700366512,
  "post_s": 0.2052620409813244,
  "steps_per_s": null,
  "updates_per_s": null
}
