{
  "suite": "paper_suite",
  "task": "chain_jackpot",
  "algorithm": "MPI",
  "n_seeds": 5,
  "seeds": [
    11,
    29,
    47,
    67,
    83
  ],
  "scalar_metrics": {
    "final_bellman_residual": {
      "mean": 0.0,
      "std": 0.0,
      "median": 0.0,
      "q25": 0.0,
      "q75": 0.0,
      "iqr": 0.0,
      "ci_low": 0.0,
      "ci_high": 0.0
    },
    "n_sweeps": {
      "mean": 2.0,
      "std": 0.0,
      "median": 2.0,
      "q25": 2.0,
      "q75": 2.0,
      "iqr": 0.0,
      "ci_low": 2.0,
      "ci_high": 2.0
    },
    "wall_clock_s": {
      "mean": 0.004228125000372529,
      "std": 0.00018150494058694232,
      "median": 0.004300583008443937,
      "q25": 0.004100541991647333,
      "q75": 0.004360999999335036,
      "iqr": 0.0002604580076877028,
      "ci_low": 0.004078883392503485,
      "ci_high": 0.004364866606192663
    }
  },
  "tail_risk": null,
  "adaptation": null,
  "event_rates": null,
  "curves": {
    "steps": [
      0,
      1
    ],
    "bellman_residual": [
      20.62906695327968,
      0.0
    ],
    "supnorm_to_exact": [
      0.0,
      0.0
    ],
    "mean_return": [
      -20.62906695327968,
      -0.0
    ],
    "episode_returns": [
      -20.62906695327968,
      -0.0
    ]
  },
  "checkpoints": [
    0,
    1
  ],
  "episode_returns": {},
  "change_at_episode": null,
  "visitation_counts": null
}
