{
  "total_s": 6.10475979099283,
  "step_s": 0.0,
  "fit_s": 0.0,
  "eval_s": 0.29459358495660126,
  "plot_s": 0.0,
  "other_s": 0.0,
  "train_s": 5.530003207997652,
  "eval_final_s": 0.15348124998854473,
  "post_s": 0.4182164579979144,
  "steps_per_s": null,
  "updates_per_s": null
}
