{
  "total_s": 4.701922333013499,
  "step_s": 0.0,
  "fit_s": 0.0,
  "eval_s": 0.65454404198681,
  "plot_s": 0.0,
  "other_s": 0.0,
  "train_s": 3.897727750008926,
  "eval_final_s": 0.566638749995036,
  "post_s": 0.2257966659963131,
  "steps_per_s": null,
  "updates_per_s": null
}
