{
  "total_s": 4.504844707989832,
  "step_s": 0.0,
  "fit_s": 0.0,
  "eval_s": 0.6200782931700815,
  "plot_s": 0.0,
  "other_s": 0.0,
  "train_s": 3.7489196250098757,
  "eval_final_s": 0.5396875829901546,
  "post_s": 0.20497474999865517,
  "steps_per_s": null,
  "updates_per_s": null
}
