{
  "phase": "phase4",
  "schedule_version": 3,
  "task_family": "dense_chain_cost",
  "scheduler_mode": "stagewise_u",
  "gamma_eval": 0.95,
  "gamma_base": 0.95,
  "sign_family": 1,
  "reward_bound": 0.02,
  "alpha_t": [
    0.12405040748664645,
    0.12319742707297128,
    0.12221006414602581,
    0.12106256628631018,
    0.12109977863913672,
    0.13,
    0.12942197205035294,
    0.12870241103478355,
    0.12780256069498855,
    0.12666885794193214,
    0.1252251353015464,
    0.12335931531097813,
    0.12089945185550699,
    0.15,
    0.1467486229496237,
    0.13772110989098926,
    0.13588796107639994,
    0.14186112332433107,
    0.05712200000000001,
    0.05712200000000001
  ],
  "kappa_t": [
    0.9562025203743323,
    0.9561598713536485,
    0.9561105032073013,
    0.9560531283143154,
    0.9560549889319568,
    0.9564999999999999,
    0.9564710986025176,
    0.9564351205517392,
    0.9563901280347494,
    0.9563334428970965,
    0.9562612567650772,
    0.9561679657655489,
    0.9560449725927753,
    0.9575,
    0.9573374311474812,
    0.9568860554945494,
    0.9567943980538199,
    0.9554561970509358,
    0.952197,
    0.952197
  ],
  "Bhat_t": [
    0.5272446779232557,
    0.5106080223801529,
    0.49323134813479574,
    0.47508247907649076,
    0.45612787214595335,
    0.4363011301389074,
    0.41536971263869055,
    0.39349825958003065,
    0.37064538091776794,
    0.34676788393796343,
    0.3218206852681193,
    0.2957567121613496,
    0.2685267875040963,
    0.24007948797808554,
    0.21000468718337914,
    0.17862530140329932,
    0.14591632995543705,
    0.11174431013905559,
    0.076135683,
    0.039,
    0.0
  ],
  "A_t": [
    0.5306080223801529,
    0.5132313481347958,
    0.4950824790764908,
    0.47612787214595337,
    0.45630113013890744,
    0.43536971263869056,
    0.41349825958003067,
    0.39064538091776796,
    0.36676788393796345,
    0.3418206852681193,
    0.3157567121613496,
    0.2885267875040963,
    0.26007948797808556,
    0.23000468718337913,
    0.19862530140329931,
    0.16591632995543704,
    0.13174431013905558,
    0.096135683,
    0.059,
    0.02
  ],
  "xi_ref_t": [
    0.4003606084819226,
    0.3968777085512043,
    0.3928460963187083,
    0.38816061919399547,
    0.38831256512265167,
    0.42465405651466165,
    0.4222938458070032,
    0.41935572557458634,
    0.415681445795259,
    0.41105229701672785,
    0.4051572712886329,
    0.3975387325605468,
    0.38749458837941225,
    0.37389007435573574,
    0.3547639860451383,
    0.3264091780526222,
    0.28100712246817194,
    0.19763733305977552,
    0.02,
    0.02
  ],
  "u_target_t": [
    0.018970262834227265,
    0.01882263160878349,
    0.018651741871427548,
    0.01845313647263061,
    0.018459577072158277,
    0.020000000000000004,
    0.019899956701022625,
    0.01977541729448177,
    0.019619673966440328,
    0.019423456182257486,
    0.01917358110988303,
    0.018850650726900058,
    0.01842490512883775,
    0.017848244553789826,
    0.017037538558381853,
    0.01583565072513171,
    0.0114166095776923,
    0.008675642571329606,
    0.002,
    0.002
  ],
  "u_tr_cap_t": [
    0.013413429260253906,
    0.013308525085449219,
    0.013189315795898438,
    0.0130462646484375,
    0.013051033020019531,
    0.014142990112304688,
    0.014071464538574219,
    0.013980865478515625,
    0.013871192932128906,
    0.01373291015625,
    0.013556480407714844,
    0.013327598571777344,
    0.013027191162109375,
    0.012617111206054688,
    0.012044906616210938,
    0.011196136474609375,
    0.0071811676025390625,
    0.005474090576171875,
    0.0,
    0.0
  ],
  "U_safe_ref_t": [
    0.005096423728766414,
    0.005017354009993889,
    0.00492658846943997,
    0.0048221283875022605,
    0.004825498628888588,
    0.005664894148839555,
    0.005608364200960373,
    0.005538383734221477,
    0.0054514797735345085,
    0.0053429570337414165,
    0.005206316677277588,
    0.005032313885375297,
    0.004807369158715878,
    0.005754917101663132,
    0.005342185047536342,
    0.004612882815476055,
    0.003918399501430426,
    0.002213156993495124,
    9.018757014845772e-05,
    9.018757014845772e-05
  ],
  "u_ref_used_t": [
    0.005096423728766414,
    0.005017354009993889,
    0.00492658846943997,
    0.0048221283875022605,
    0.004825498628888588,
    0.005664894148839555,
    0.005608364200960373,
    0.005538383734221477,
    0.0054514797735345085,
    0.0053429570337414165,
    0.005206316677277588,
    0.005032313885375297,
    0.004807369158715878,
    0.005754917101663132,
    0.005342185047536342,
    0.004612882815476055,
    0.003918399501430426,
    0.002213156993495124,
    0.0,
    0.0
  ],
  "theta_used_t": [
    0.012729583332613332,
    0.01264206555795149,
    0.012540759639986663,
    0.012423023225579333,
    0.012426841318834005,
    0.013340021275986488,
    0.013280714972871066,
    0.013206887128184503,
    0.013114561231149097,
    0.012998241519433679,
    0.012850112897439826,
    0.012658675679127327,
    0.012406287217639232,
    0.015392002881006268,
    0.015058419844388124,
    0.01413220928099144,
    0.013944128771590979,
    0.011198071534520015,
    0.0,
    0.0
  ],
  "beta_used_t": [
    0.02399055950098932,
    0.0246322941961666,
    0.025330647255745648,
    0.026091779020597117,
    0.02723386048825042,
    0.030640673636058033,
    0.03211794648509432,
    0.03380786711763167,
    0.0357571145279649,
    0.038026491899511704,
    0.0406962462000602,
    0.04387348498429321,
    0.04770190572923841,
    0.06692038788207158,
    0.07581320072518209,
    0.0851767230192903,
    0.10584236053058389,
    0.11648194702605916,
    0.0,
    0.0
  ],
  "trust_clip_active_t": [
    true,
    true,
    true,
    true,
    true,
    true,
    true,
    true,
    true,
    true,
    true,
    true,
    true,
    true,
    true,
    true,
    true,
    true,
    true,
    true
  ],
  "safe_clip_active_t": [
    false,
    false,
    false,
    false,
    false,
    false,
    false,
    false,
    false,
    false,
    false,
    false,
    false,
    false,
    false,
    false,
    false,
    false,
    false,
    false
  ],
  "source_phase": "phase4C_scheduler_state_bin_uniform",
  "notes": "Phase IV-C scheduler ablation: state_bin_uniform",
  "provenance": {
    "git_sha": "01a22b9945b1a74a643b82b1f38fefc5e36ee5f8",
    "calibration_code_version": "v3.0",
    "input_hashes": {
      "margins": "a86415b111926c48",
      "p_align": "071c86d5d2228b8c",
      "n_by_stage": "35d6f04339c16583"
    }
  }
}