{
  "schema_version": "1.0.0",
  "created_at": "2026-04-18T19:04:32Z",
  "phase": "phase3",
  "task": "chain_regime_shift",
  "algorithm": "SafeQLearning",
  "seed": 11,
  "train_steps": 180000,
  "n_transitions": 180000,
  "steps_to_threshold": null,
  "auc_disc_return": 17.217933092767165,
  "final_disc_return_mean": 19.029400004031288,
  "final_10pct_success_rate": 0.0,
  "adaptation_metrics": {
    "change_at_episode": 300,
    "pre_change_auc": 4.740668215803246,
    "post_change_auc": 16.72565676125233,
    "lag_to_50pct_recovery": 0,
    "lag_to_75pct_recovery": 0,
    "lag_to_90pct_recovery": null,
    "post_change_optimum": 21.28827049095092
  },
  "shortcut_risky_path_fraction": 0.0,
  "episode_returns": [
    19.634372897437906,
    17.636872169809813,
    18.276647096251995,
    17.437580337944766,
    18.071260704280306,
    20.342839384533793,
    20.484609956497902,
    20.283558889531186,
    17.893429462391524,
    18.80846000905845,
    20.199364332582647,
    18.72006231855325,
    20.4207869433944,
    20.441354538001846,
    20.074607039959744,
    17.394903071963128,
    19.636709629947195,
    18.673866894302286,
    17.911840892495192,
    17.4568293264911,
    19.62613512543914,
    18.069863242652897,
    17.54901285775118,
    20.2897826548256,
    18.222343291729896,
    18.754862452836164,
    19.734666462164824,
    19.285088650464672,
    17.991997988047725,
    20.30866664796339,
    18.744798864531756,
    19.616281645385854,
    17.49419166388844,
    19.757642888649094,
    18.698337913327226,
    19.03355723977784,
    15.754555184698487,
    20.06504684815028,
    17.700216926006057,
    18.543053845844966,
    18.73061465474556,
    19.775138869926298,
    19.758037353100097,
    19.353280621954184,
    18.901381664197515,
    18.68336738664238,
    18.761862278903077,
    17.812577606268054,
    18.282625570874767,
    19.592637853070155,
    17.8031731826315,
    20.38439046293695,
    18.82537434763936,
    18.752009017165577,
    20.16882422873286,
    17.913998499263915,
    20.335687768198927,
    18.74668306295553,
    19.59617722133953,
    19.506292861022523,
    17.90510564407514,
    17.63701487472626,
    18.848816509830904,
    19.540377192013516,
    18.55109455905897,
    17.12390985635547,
    20.848274943260435,
    17.142456795279287,
    19.47060575573049,
    18.53514684687615,
    18.2632416453491,
    20.478499633862146,
    20.23468986485598,
    19.68393759491771,
    18.955021912205734,
    16.443607736057903,
    19.432595603152794,
    19.056786955886718,
    21.060375016047203,
    20.96874968208492,
    20.90410880571457,
    17.07820337596434,
    19.685922809892627,
    19.280010045357926,
    20.418052149261747,
    19.447601635107716,
    20.04287198395398,
    18.903852500983827,
    20.80819845732812,
    21.18238061602886,
    18.75099159755498,
    18.69212728529064,
    16.50740843783418,
    18.800317043803524,
    20.04027330198459,
    19.871562575356954,
    19.586633012269637,
    19.06539001138988,
    18.01996322230065,
    19.424062919362584,
    19.466166864894376,
    19.417512130375336,
    19.477291735315674,
    19.48534053070805,
    19.726468069306105,
    19.506354274209812,
    18.968552828038405,
    17.771910011142836,
    20.14248910168936,
    19.489708901646583,
    18.886275567401643,
    18.811220832957652,
    17.72305677985006,
    19.415920426304364,
    18.092266578706543,
    18.503676900638876,
    17.086031572514628,
    20.968350472018617,
    18.800611561160597,
    17.204135232826502,
    20.21615969452309,
    20.19638018519034,
    18.902174433755075,
    19.43259900093667,
    18.26211973524302,
    20.234414475244336,
    18.11527393273287,
    19.925484650008084,
    17.889013510228473,
    19.51151365798818,
    19.536096055682783,
    19.043407953490878,
    20.932742549286168,
    18.896884660760044,
    18.162754869210204,
    20.026424826221522,
    18.88924325086148,
    19.76996659543801,
    19.407579408454424,
    17.64813857412487,
    19.54270616493376,
    21.235048984704456,
    20.25773516402911,
    20.509560121348695,
    16.213746230172262,
    17.734180979937197,
    19.55583465541688,
    19.524522263713035,
    20.8936390815742,
    17.630178195644095,
    18.74655911796227,
    17.862493916757106,
    16.09492581988459,
    19.625400875810396,
    18.683459908664815,
    18.386735257416415,
    19.614676726595974,
    18.17855985092442,
    19.71202912337271,
    17.930229881358045,
    19.573117748733836,
    17.081880523739212,
    20.40789243405896,
    17.813947130652302,
    20.399078836324797,
    19.15263899976885,
    21.17679795464338,
    20.134918235287643,
    20.597091612756824,
    17.391607535754574,
    19.086920387499994,
    18.15861514985317,
    20.346733253533447,
    18.853044805141373,
    17.324651044851883,
    17.889943820353185,
    19.537504975247696,
    19.455974949621893,
    17.909467915052673,
    19.904930921943194,
    19.518669451746923,
    20.945729680069476,
    19.169097461943352,
    19.35458020456037,
    18.58474745408968,
    18.658358325932774,
    19.617542162571983,
    20.20722111399072,
    21.06863670228556,
    18.05560353817647,
    18.82350178183407,
    18.146399005208266,
    20.26361531125457,
    17.465426849827853,
    19.45426967861082,
    20.567666317316995,
    20.401768020461656,
    17.143431613768847,
    19.664458625837884,
    17.359990928960098
  ],