{
  "total_s": 6.069258916999388,
  "step_s": 0.0,
  "fit_s": 0.0,
  "eval_s": 0.6950970430189045,
  "plot_s": 0.0,
  "other_s": 0.0,
  "train_s": 5.4122318330046255,
  "eval_final_s": 0.26275437499862164,
  "post_s": 0.38937758399697486,
  "steps_per_s": null,
  "updates_per_s": null
}
