{
  "total_s": 4.899672874977114,
  "step_s": 0.0,
  "fit_s": 0.0,
  "eval_s": 0.6263944990059827,
  "plot_s": 0.0,
  "other_s": 0.0,
  "train_s": 4.183680291986093,
  "eval_final_s": 0.5877571669989266,
  "post_s": 0.11667941597988829,
  "steps_per_s": null,
  "updates_per_s": null
}
