{
  "total_s": 4.840024917008122,
  "step_s": 0.0,
  "fit_s": 0.0,
  "eval_s": 0.6459237079834566,
  "plot_s": 0.0,
  "other_s": 0.0,
  "train_s": 4.012528791994555,
  "eval_final_s": 0.5844779170001857,
  "post_s": 0.23126770902308635,
  "steps_per_s": null,
  "updates_per_s": null
}
