{
  "total_s": 7.4699862909910735,
  "step_s": 0.0,
  "fit_s": 0.0,
  "eval_s": 1.3070349170302507,
  "plot_s": 0.0,
  "other_s": 0.0,
  "train_s": 6.771794165979372,
  "eval_final_s": 0.46032116599963047,
  "post_s": 0.23009437500149943,
  "steps_per_s": null,
  "updates_per_s": null
}
