{
  "total_s": 7.67048629099736,
  "step_s": 0.0,
  "fit_s": 0.0,
  "eval_s": 0.41494137892732397,
  "plot_s": 0.0,
  "other_s": 0.0,
  "train_s": 7.229336207994493,
  "eval_final_s": 0.13930100001743995,
  "post_s": 0.29897400000481866,
  "steps_per_s": null,
  "updates_per_s": null
}
