{
  "schema_version": "1.0.0",
  "phase": "phase4C",
  "task": "dense_chain_cost_1",
  "algorithm": "safe_target_q",
  "seed": 456,
  "train_steps": 20000,
  "n_transitions": 20000,
  "mean_return": -0.6415140775914574,
  "final_disc_return_mean": -0.6415140775914574,
  "mean_q_target_gap": 0.0001080467728994339,
  "std_q_target_gap": 0.00077677662605195,
  "p5_q_target_gap": 0.0,
  "p95_q_target_gap": 0.0,
  "mean_beta_used": 0.03444265799632936,
  "std_beta_used": 0.024842483282645034,
  "p5_beta_used": 0.0,
  "p95_beta_used": 0.0807396672797118,
  "mean_rho": 0.512431464928214,
  "std_rho": 0.00031186925909774927,
  "p5_rho": 0.5118251185847414,
  "p95_rho": 0.5128205128205129,
  "mean_effective_discount": 0.9507586433899827,
  "std_effective_discount": 0.0006081450552406125,
  "p5_effective_discount": 0.9499999999999998,
  "p95_effective_discount": 0.9519410187597541,
  "stage_mean_q_target_gap": [
    9.407556226428255e-05,
    0.00012218562243356218,
    0.00011399307628788616,
    0.00011118326811899593,
    0.0001288234993135746,
    0.00012653066381254115,
    0.00012025784259891551,
    0.00011412787155770373,
    8.237396850877582e-05,
    0.00010462566642216583,
    0.0001223692560732588,
    0.00012236943251309632,
    0.0001244421623830593,
    0.0001176126076402389,
    0.00010215240830039312,
    0.00010185164205386352,
    0.00011276728085887068,
    0.00013136976440717926,
    0.00010782386244031482,
    0.0
  ],
  "stage_std_q_target_gap": [
    0.0011098625451425694,
    0.0008770798236064314,
    0.0007340206575236909,
    0.000687963000367611,
    0.0008430711141244521,
    0.0007651318733891476,
    0.000843196658627173,
    0.000822044317385485,
    0.0006281060748958471,
    0.0007322121755947886,
    0.0008202199702240462,
    0.0008452297540107817,
    0.0008102347821343262,
    0.0008039786083550627,
    0.0006916269260552909,
    0.0006599600096430543,
    0.0007912575155573162,
    0.0008224450388156365,
    0.0007206386691857463,
    0.0
  ],
  "stage_mean_beta_used": [
    0.0181450427264552,
    0.018715290156700617,
    0.019335728949678135,
    0.02001202846320898,
    0.020975474920895514,
    0.02360097016522822,
    0.02486420155334345,
    0.026308663410898422,
    0.027974418363615815,
    0.029913815627782725,
    0.03219624771086909,
    0.034914932373743254,
    0.03819621957200927,
    0.04221059273755364,
    0.061141066228150104,
    0.06979446294761908,
    0.07967996342087269,
    0.1008740405979629,
    0.0,
    0.0
  ],
  "stage_std_beta_used": [
    0.0,
    3.469446951953614e-18,
    3.469446951953614e-18,
    6.938893903907228e-18,
    3.469446951953614e-18,
    0.0,
    6.938893903907228e-18,
    6.938893903907228e-18,
    6.938893903907228e-18,
    0.0,
    0.0,
    6.938893903907228e-18,
    6.938893903907228e-18,
    1.3877787807814457e-17,
    2.0816681711721685e-17,
    1.3877787807814457e-17,
    1.3877787807814457e-17,
    0.0,
    0.0,
    0.0
  ],
  "stage_mean_rho": [
    0.5126046147394135,
    0.512615021882511,
    0.5126193335030457,
    0.5126137943233042,
    0.5125993590931619,
    0.5125650135021722,
    0.5125413470328423,
    0.512535777636331,
    0.5125053096613577,
    0.5124828694959012,
    0.51245385324168,
    0.512418623831298,
    0.5123826582848192,
    0.5123347928192914,
    0.5121134193371593,
    0.5120289451452661,
    0.5119018854356749,
    0.5116716539580228,
    0.5128205128205128,
    0.5128205128205128
  ],
  "stage_std_rho": [
    4.7535178003742834e-05,
    8.880095254175277e-05,
    0.00010499363071945698,
    0.00010071305759305029,
    9.189971430936748e-05,
    9.131071189209926e-05,
    8.865792175989225e-05,
    8.727624868560266e-05,
    9.012108366088678e-05,
    9.312564705239795e-05,
    9.817060604224952e-05,
    0.00010232347746392768,
    0.00010916861948308414,
    0.00011712804040063844,
    0.0001676096566377373,
    0.0001856173413632577,
    0.00021018472883700304,
    0.00025898580738079155,
    1.1102230246251565e-16,
    1.1102230246251565e-16
  ],
  "stage_mean_effective_discount": [
    0.950421001258143,
    0.9504007073291036,
    0.9503922996690611,
    0.9504031010695573,
    0.9504312497683342,
    0.9504982236707638,
    0.9505443732859574,
    0.9505552336091544,
    0.9506146461603528,
    0.9506584044829925,
    0.9507149861787239,
    0.950783683528969,
    0.9508538163446023,
    0.9509471540023814,
    0.9513788322925396,
    0.9515435569667307,
    0.9517913234004337,
    0.9522402747818548,
    0.9499999999999996,
    0.9499999999999996
  ],
  "stage_std_effective_discount": [
    9.26935971072979e-05,
    0.00017316185745642332,
    0.00020473757990292952,
    0.00019639046230646127,
    0.00017920444290327767,
    0.00017805588818960746,
    0.00017288294743179983,
    0.00017018868493691067,
    0.00017573611313874285,
    0.00018159501175219053,
    0.0001914326817823902,
    0.00019953078105465193,
    0.00021287880799200973,
    0.00022839967878125858,
    0.00032683883044360085,
    0.00036195381565835383,
    0.0004098602212321442,
    0.0005050223243925443,
    2.220446049250313e-16,
    2.220446049250313e-16
  ]
}