{
  "total_s": 4.808361958974274,
  "step_s": 0.0,
  "fit_s": 0.0,
  "eval_s": 0.6336114189471118,
  "plot_s": 0.0,
  "other_s": 0.0,
  "train_s": 4.173477791977348,
  "eval_final_s": 0.506681083003059,
  "post_s": 0.11698020898620598,
  "steps_per_s": null,
  "updates_per_s": null
}
