{
  "total_s": 9.19401404200471,
  "step_s": 0.0,
  "fit_s": 0.0,
  "eval_s": 0.4851712101662997,
  "plot_s": 0.0,
  "other_s": 0.0,
  "train_s": 8.125337334000506,
  "eval_final_s": 0.4229321250168141,
  "post_s": 0.6379740830161609,
  "steps_per_s": null,
  "updates_per_s": null
}
