{
  "total_s": 8.75762591700186,
  "step_s": 0.0,
  "fit_s": 0.0,
  "eval_s": 1.3023909991316032,
  "plot_s": 0.0,
  "other_s": 0.0,
  "train_s": 8.081123250012752,
  "eval_final_s": 0.43697137499111705,
  "post_s": 0.23172891698777676,
  "steps_per_s": null,
  "updates_per_s": null
}
