{
  "total_s": 7.563840667018667,
  "step_s": 0.0,
  "fit_s": 0.0,
  "eval_s": 0.2898440769058652,
  "plot_s": 0.0,
  "other_s": 0.0,
  "train_s": 6.974262625008123,
  "eval_final_s": 0.16504220900242217,
  "post_s": 0.42146095901262015,
  "steps_per_s": null,
  "updates_per_s": null
}
