{
  "total_s": 4.1033860000025015,
  "step_s": 0.0,
  "fit_s": 0.0,
  "eval_s": 0.6206427938886918,
  "plot_s": 0.0,
  "other_s": 0.0,
  "train_s": 3.407289958006004,
  "eval_final_s": 0.5720537500164937,
  "post_s": 0.11276395901222713,
  "steps_per_s": null,
  "updates_per_s": null
}
