{
  "phase": "phase4",
  "schedule_version": 3,
  "task_family": "dense_chain_cost",
  "scheduler_mode": "stagewise_u",
  "gamma_eval": 0.95,
  "gamma_base": 0.95,
  "sign_family": 1,
  "reward_bound": 0.05,
  "alpha_t": [
    0.24926068340181173,
    0.24790976122460395,
    0.24630671522350275,
    0.24440189531902842,
    0.2421327320594678,
    0.3,
    0.24892723317440626,
    0.26,
    0.25860264640133035,
    0.25676310065314145,
    0.2543346458382583,
    0.25110120651124157,
    0.2467309893777926,
    0.3,
    0.3,
    0.2847444463540967,
    0.20944325728475938,
    0.2899013689677747,
    0.14280500000000002,
    0.14280500000000002
  ],
  "kappa_t": [
    0.9624630341700906,
    0.9623954880612302,
    0.9623153357611751,
    0.9622200947659514,
    0.9621066366029734,
    0.965,
    0.9624463616587203,
    0.963,
    0.9629301323200665,
    0.962838155032657,
    0.9627167322919129,
    0.962555060325562,
    0.9623365494688896,
    0.965,
    0.965,
    0.9642372223177048,
    0.960472162864238,
    0.9611500526526067,
    0.9554925,
    0.9554925
  ],
  "Bhat_t": [
    1.3925126027496222,
    1.3455193153119709,
    1.2967842542842103,
    1.2462487188106557,
    1.1938523473572595,
    1.1395330887938617,
    1.079827035019546,
    1.0206563961928876,
    0.958625541217952,
    0.8942762432235573,
    0.8275287378869324,
    0.7583006645672121,
    0.6865068730132815,
    0.6120591318477433,
    0.5332218982878169,
    0.4515252831998102,
    0.3671557942441296,
    0.2807533676353358,
    0.19066051875,
    0.0975,
    0.0
  ],
  "A_t": [
    1.395519315311971,
    1.3467842542842103,
    1.2962487188106557,
    1.2438523473572596,
    1.1895330887938618,
    1.129827035019546,
    1.0706563961928877,
    1.008625541217952,
    0.9442762432235573,
    0.8775287378869324,
    0.8083006645672122,
    0.7365068730132815,
    0.6620591318477433,
    0.5832218982878169,
    0.5015252831998103,
    0.4171557942441296,
    0.3307533676353358,
    0.24066051875,
    0.14750000000000002,
    0.05
  ],
  "xi_ref_t": [
    0.38981016301072524,
    0.3869522381165479,
    0.3835609361227292,
    0.37953122048420623,
    0.3747307232550801,
    0.36899030678464445,
    0.3891047369529186,
    0.41252957703045207,
    0.4095734247790614,
    0.40568179898712015,
    0.40054431469162627,
    0.39370385644584244,
    0.3844585034940837,
    0.371672653621006,
    0.35338137144364484,
    0.3258649181741718,
    0.28061462388080816,
    0.19737346302882097,
    0.02,
    0.02
  ],
  "u_target_t": [
    0.00955941265238202,
    0.009503990204086314,
    0.009438224214297547,
    0.009360077756678088,
    0.00926698387936278,
    0.009155662572187525,
    0.009545732643052564,
    0.01,
    0.00994267267287509,
    0.009867204129359647,
    0.009767575213877264,
    0.009634921292768883,
    0.009455630333447897,
    0.009207680114409249,
    0.008852965530130878,
    0.008319351364231849,
    0.005942982478414496,
    0.004746801469934986,
    0.002,
    0.002
  ],
  "u_tr_cap_t": [
    0.0067615509033203125,
    0.0067234039306640625,
    0.00667572021484375,
    0.006618499755859375,
    0.0065517425537109375,
    0.0064754486083984375,
    0.00675201416015625,
    0.007076263427734375,
    0.0070285797119140625,
    0.00698089599609375,
    0.00690460205078125,
    0.006809234619140625,
    0.0066852569580078125,
    0.0065135955810546875,
    0.006256103515625,
    0.0058841705322265625,
    0.0035858154296875,
    0.002841949462890625,
    0.0,
    0.0
  ],
  "U_safe_ref_t": [
    0.009969404246552759,
    0.009842689234054274,
    0.009693352798251802,
    0.0095173536182471,
    0.009309745496659697,
    0.011357431075801692,
    0.009938053363640854,
    0.011004914051865088,
    0.01086734544415277,
    0.010687535308632276,
    0.01045241003600042,
    0.01014331785666041,
    0.00973276877647984,
    0.011439993053054799,
    0.01087699187714948,
    0.009520112593836632,
    0.006030519693738434,
    0.00451614855983825,
    0.00022545137999577944,
    0.00022545137999577944
  ],
  "u_ref_used_t": [
    0.0067615509033203125,
    0.0067234039306640625,
    0.00667572021484375,
    0.006618499755859375,
    0.0065517425537109375,
    0.0064754486083984375,
    0.00675201416015625,
    0.007076263427734375,
    0.0070285797119140625,
    0.00698089599609375,
    0.00690460205078125,
    0.006809234619140625,
    0.0066852569580078125,
    0.0065135955810546875,
    0.006256103515625,
    0.0058841705322265625,
    0.0035858154296875,
    0.002841949462890625,
    0.0,
    0.0
  ],
  "theta_used_t": [
    0.01734575325357609,
    0.017375281154567223,
    0.017404588387769756,
    0.017438617427613694,
    0.01748386814083336,
    0.0175491022103671,
    0.01735269072546202,
    0.017153348079117295,
    0.0171607318411968,
    0.017207811672900277,
    0.017238047820244337,
    0.017295321109147676,
    0.017388760808383807,
    0.017525086975316163,
    0.017703546426534503,
    0.01805708501914136,
    0.01277843392513494,
    0.014398842778958773,
    0.0,
    0.0
  ],
  "beta_used_t": [
    0.012429604566023806,
    0.012901309990293767,
    0.01342688955846294,
    0.014019845253067622,
    0.014698093147254348,
    0.015532556459018968,
    0.016207525390186703,
    0.017006656462817713,
    0.018173423258657583,
    0.019609399589962447,
    0.021326281884815834,
    0.023482905242129065,
    0.02626466424510066,
    0.0300487465007146,
    0.035299409660033663,
    0.04328619011959335,
    0.03863432749450792,
    0.059830515008223686,
    0.0,
    0.0
  ],
  "trust_clip_active_t": [
    true,
    true,
    true,
    true,
    true,
    true,
    true,
    true,
    true,
    true,
    true,
    true,
    true,
    true,
    true,
    true,
    true,
    true,
    true,
    true
  ],
  "safe_clip_active_t": [
    false,
    false,
    false,
    false,
    false,
    false,
    false,
    false,
    false,
    false,
    false,
    false,
    false,
    false,
    false,
    false,
    false,
    false,
    false,
    false
  ],
  "source_phase": "phase4_diagnostic_sweep",
  "notes": "Phase IV-B diagnostic sweep (u_max=0.0100) stagewise schedule from classical pilot",
  "provenance": {
    "git_sha": "6202151f2786771ab9339e76dffb5bd4f02d731b",
    "calibration_code_version": "v3.0",
    "input_hashes": {
      "margins": "f2c5575dfadf0222",
      "p_align": "9d64868be6ade0c3",
      "n_by_stage": "35d6f04339c16583"
    }
  }
}