{
  "total_s": 4.8526478330022655,
  "step_s": 0.0,
  "fit_s": 0.0,
  "eval_s": 0.6264408330025617,
  "plot_s": 0.0,
  "other_s": 0.0,
  "train_s": 4.141923582996242,
  "eval_final_s": 0.5847134170180652,
  "post_s": 0.11473804200068116,
  "steps_per_s": null,
  "updates_per_s": null
}
