{
  "total_s": 7.024974792002467,
  "step_s": 0.0,
  "fit_s": 0.0,
  "eval_s": 0.3375109970511403,
  "plot_s": 0.0,
  "other_s": 0.0,
  "train_s": 6.371559125022031,
  "eval_final_s": 0.13724162502330728,
  "post_s": 0.5135557499888819,
  "steps_per_s": null,
  "updates_per_s": null
}
