{
  "total_s": 7.277918207983021,
  "step_s": 0.0,
  "fit_s": 0.0,
  "eval_s": 0.44760350105934776,
  "plot_s": 0.0,
  "other_s": 0.0,
  "train_s": 6.622144541994203,
  "eval_final_s": 0.28344058300717734,
  "post_s": 0.36683574999915436,
  "steps_per_s": null,
  "updates_per_s": null
}
