{
  "total_s": 9.160334958985914,
  "step_s": 0.0,
  "fit_s": 0.0,
  "eval_s": 1.3518752861418761,
  "plot_s": 0.0,
  "other_s": 0.0,
  "train_s": 8.44645895899157,
  "eval_final_s": 0.47140766598749906,
  "post_s": 0.23425445897737518,
  "steps_per_s": null,
  "updates_per_s": null
}
