{
  "total_s": 3.9879304579808377,
  "step_s": 0.0,
  "fit_s": 0.0,
  "eval_s": 0.6211732930096332,
  "plot_s": 0.0,
  "other_s": 0.0,
  "train_s": 3.346767249982804,
  "eval_final_s": 0.5156840830168221,
  "post_s": 0.1139727919944562,
  "steps_per_s": null,
  "updates_per_s": null
}
