{
  "total_s": 4.159670249995543,
  "step_s": 0.0,
  "fit_s": 0.0,
  "eval_s": 0.6287389590579551,
  "plot_s": 0.0,
  "other_s": 0.0,
  "train_s": 3.4472781250078697,
  "eval_final_s": 0.5878601250005886,
  "post_s": 0.11319350000121631,
  "steps_per_s": null,
  "updates_per_s": null
}
