{
  "total_s": 8.241551999992225,
  "step_s": 0.0,
  "fit_s": 0.0,
  "eval_s": 0.23919079400366172,
  "plot_s": 0.0,
  "other_s": 0.0,
  "train_s": 7.652901749999728,
  "eval_final_s": 0.08703320799395442,
  "post_s": 0.5001989580050576,
  "steps_per_s": null,
  "updates_per_s": null
}
