{
  "total_s": 8.848812625001301,
  "step_s": 0.0,
  "fit_s": 0.0,
  "eval_s": 0.15155600198340835,
  "plot_s": 0.0,
  "other_s": 0.0,
  "train_s": 8.280413458000112,
  "eval_final_s": 0.017462832998717204,
  "post_s": 0.5504279590022634,
  "steps_per_s": null,
  "updates_per_s": null
}
