{
  "schema_version": "1.0.0",
  "created_at": "2026-04-18T19:19:36Z",
  "phase": "phase3",
  "task": "chain_catastrophe",
  "algorithm": "SafeExpectedSARSA",
  "seed": 83,
  "train_steps": 120000,
  "n_transitions": 120000,
  "steps_to_threshold": null,
  "auc_disc_return": 2.171049420234077,
  "final_disc_return_mean": 3.2950576763899355,
  "final_10pct_success_rate": 0.04,
  "tail_risk_metrics": {
    "return_q05": 0.0,
    "return_q25": 0.0,
    "return_q50": 0.0,
    "return_q75": 0.5526834771623851,
    "return_q95": 1.6977550817328821,
    "cvar_5pct": -2.9187203806985447,
    "cvar_10pct": -1.4593601903492723,
    "top5pct_mean": 2.1173562601869813,
    "top10pct_mean": 1.8852158653077895,
    "event_rate": 0.024,
    "event_conditioned_return": -6.080667459788635
  },
  "shortcut_risky_path_fraction": 0.368,
  "episode_returns": [
    0.0,
    5.677885380135755,
    0.0,
    0.5526834771623851,
    0.0,
    0.5582661385478637,
    0.0,
    0.5526834771623851,
    0.0,
    0.0,
    0.0,
    0.5526834771623851,
    0.0,
    0.0,
    0.0,
    0.0,
    0.0,
    0.0,
    0.0,
    0.0,
    0.0,
    0.0,
    0.0,
    1.145071604570497,
    0.0,
    0.0,
    1.6977550817328821,
    0.5526834771623851,
    0.5526834771623851,
    0.0,
    0.0,
    0.0,
    0.0,
    0.0,
    0.0,
    0.0,
    0.0,
    0.5582661385478637,
    0.0,
    0.0,
    1.6977550817328821,
    0.0,
    1.6977550817328821,
    0.0,
    0.0,
    0.0,
    0.0,
    0.0,
    0.0,
    1.145071604570497,
    0.0,
    -6.11117239532865,
    0.0,
    0.0,
    0.5526834771623851,
    0.0,
    0.0,
    2.343923137279521,
    0.0,
    0.0,
    0.0,
    0.5582661385478637,
    0.5582661385478637,
    0.5526834771623851,
    0.5526834771623851,
    0.0,
    0.5526834771623851,
    0.0,
    0.0,
    3.0260708336107247,
    0.0,
    0.0,
    0.5526834771623851,
    0.0,
    0.0,
    1.6977550817328821,
    1.6977550817328821,
    0.0,
    1.133620888524792,
    0.0,
    1.145071604570497,
    0.0,
    1.6977550817328821,
    0.0,
    1.6977550817328821,
    0.5526834771623851,
    0.0,
    0.0,
    0.0,
    4.849036628287527,
    0.0,
    1.1394325526659732,
    0.0,
    0.0,
    0.6298236312032323,
    0.0,
    1.6977550817328821,
    0.0,
    0.0,
    0.0,
    0.0,
    0.0,
    0.0,
    0.0,
    0.0,
    0.0,
    1.145071604570497,
    0.5582661385478637,
    0.0,
    0.0,
    0.0,
    0.0,
    0.0,
    0.5526834771623851,
    0.0,
    0.0,
    0.5582661385478637,
    0.0,
    0.0,
    0.0,
    0.5526834771623851,
    0.0,
    0.0,
    0.0,
    0.0,
    0.0,
    0.0,
    0.0,
    0.0,
    0.0,
    1.6977550817328821,
    0.5582661385478637,
    0.0,
    0.0,
    1.6977550817328821,
    0.0,
    0.5526834771623851,
    0.5526834771623851,
    0.0,
    0.0,
    0.0,
    1.1394325526659732,
    0.0,
    0.0,
    0.0,
    1.139259940429316,
    0.0,
    1.6977550817328821,
    0.0,
    0.0,
    0.0,
    0.0,
    0.0,
    0.0,
    1.6977550817328821,
    0.5526834771623851,
    0.0,
    0.0,
    0.0,
    0.5526834771623851,
    0.5526834771623851,
    0.0,
    0.0,
    0.0,
    1.6977550817328821,
    0.0,
    0.0,
    0.0,
    0.0,
    0.0,
    0.0,
    1.6977550817328821,
    -6.11117239532865,
    0.0,
    0.0,
    0.0,
    0.5526834771623851,
    -6.11117239532865,
    0.0,
    0.0,
    0.0,
    0.0,
    0.0,
    0.0,
    0.0,
    0.0,
    1.6977550817328821,
    0.0,
    0.0,
    0.0,
    0.0,
    0.0,
    0.5526834771623851,
    0.0,
    0.0,
    0.5526834771623851,
    1.1394325526659732,
    0.0,
    1.6977550817328821,
    1.691943417591701,
    1.6977550817328821,
    0.0,
    0.0,
    0.0,
    1.1394325526659732,
    0.0,
    0.0,
    0.0,
    0.0,
    0.0,
    0.0,
    0.5582661385478637,
    0.0,
    0.0,
    0.0,
    0.0,
    0.0,
    0.0,
    0.0,
    0.0,
    0.5526834771623851,
    1.6977550817328821,
    0.0,
    0.0,
    0.0,
    0.0,
    0.0,
    0.0,
    0.5582661385478637,
    0.0,
    0.0,
    0.0,
    1.1394325526659732,
    0.5526834771623851,
    1.6977550817328821,
    0.0,
    0.0,
    0.0,
    0.0,
    1.145071604570497,
    0.0,
    0.0,
    0.0,
    0.0,
    0.0,
    0.5526834771623851,
    0.0,
    0.5526834771623851,
    1.6977550817328821,
    0.5526834771623851,
    0.5582661385478637,
    0.0,
    0.0,
    0.0,
    0.0,
    0.5526834771623851,
    0.0,
    0.5526834771623851,
    1.139259940429316,
    0.5526834771623851,
    0.0,
    0.0,
    3.081888890703366,
    0.0,
    0.0,
    0.0,
    0.0,
    0.0,
    0.0,
    0.0,
    0.0,
    0.0,
    0.0,
    0.5582661385478637,
    0.0,
    0.0,
    0.0,
    0.0,
    1.6977550817328821,
    0.0,
    0.5582661385478637,
    0.0,
    0.0,
    0.5526834771623851,
    0.0,
    0.0,
    0.0,
    1.6977550817328821,
    1.6977550817328821,
    0.0,
    0.0,
    0.0,
    0.0,
    0.0,
    0.0,
    0.0,
    0.0,
    0.0,
    0.0,
    0.0,
    0.0,
    0.0,
    0.0,
    0.0,
    0.0,
    0.0,
    0.0,
    0.0,
    0.0,
    0.0,
    1.6977550817328821,
    1.139259940429316,
    0.0,
    0.0,
    0.0,
    0.0,
    0.0,
    0.0,
    0.0,
    0.0,
    0.0,
    0.0,
    0.0,
    0.0,
    0.0,
    0.0,
    -6.0500606713753635,
    0.5526834771623851,
    0.0,
    0.0,
    0.5526834771623851,
    0.0,
    0.0,
    0.0,
    1.6977550817328821,
    0.0,
    0.0,
    0.0,
    0.0,
    0.0,
    0.0,
    0.5526834771623851,
    1.6977550817328821,
    0.0,
    -6.0500606713753635,
    0.0,
    0.5526834771623851,
    0.5582661385478637,
    0.0,
    0.0,
    0.0,
    0.0,
    0.0,
    0.0,
    0.5582661385478637,
    1.1394325526659732,
    0.0,
    0.0,
    1.145071604570497,
    1.6977550817328821,
    0.0,
    0.5526834771623851,
    0.0,
    0.0,
    1.6977550817328821,
    0.0,
    0.0,
    1.6977550817328821,
    0.0,
    0.0,
    1.145071604570497,
    0.0,
    0.0,
    0.0,
    0.0,
    0.0,
    0.0,
    0.5582661385478637,
    1.6977550817328821,
    0.5526834771623851,
    0.5582661385478637,
    0.0,
    0.0,
    0.0,
    -6.11117239532865,
    0.0,
    1.6977550817328821,
    0.0,
    0.0,
    1.6977550817328821,
    0.0,
    0.0,
    0.0,
    0.0,
    -6.11117239532865,
    1.145071604570497,
    0.5582661385478637,
    0.0,
    0.0,
    1.133620888524792,
    0.0,
    0.0,
    0.0,
    0.0,
    0.0,
    0.0,
    1.1394325526659732,
    0.5526834771623851,
    0.0,
    1.145071604570497,
    0.0,
    1.6977550817328821,
    1.6977550817328821,
    0.0,
    0.0,
    0.0,
    0.0,
    0.0,
    0.5526834771623851,
    -6.11117239532865,
    0.5582661385478637,
    0.0,
    0.5526834771623851,
    -5.98956006466161,
    0.0,
    1.6977550817328821,
    -6.0500606713753635,
    0.0,
    0.0,
    1.6977550817328821,
    0.0,
    0.0,
    1.6977550817328821,
    0.0,
    0.5582661385478637,
    0.5526834771623851,
    0.0,
    0.0,
    0.5526834771623851,
    0.0,
    0.5526834771623851,
    0.0,
    0.5582661385478637,
    0.0,
    -6.11117239532865,
    1.691943417591701,
    0.5526834771623851,
    0.0,
    0.0,
    0.5526834771623851,
    0.0,
    0.0,
    0.0,
    0.0,
    0.0,
    0.0,
    0.0,
    0.0,
    0.0,
    0.5526834771623851,
    0.5582661385478637,
    0.0,
    0.0,
    0.0,
    1.6977550817328821,
    0.0,
    0.0,
    0.0,
    0.0,
    1.6977550817328821,
    0.0,
    0.0,
    0.0,
    1.6977550817328821,
    0.0,
    0.0,
    0.0,
    1.6977550817328821,
    0.0,
    0.0,
    0.0,
    0.0,
    -6.0500606713753635,
    0.0,
    0.5526834771623851,
    0.5526834771623851,
    0.5526834771623851,
    0.0,
    0.5582661385478637,
    0.0,
    0.0,
    0.0,
    0.5526834771623851,
    0.0,
    0.0,
    0.0,
    0.0,
    0.0,
    1.1394325526659732,
    0.0
  ],