{
  "total_s": 5.414839541976107,
  "step_s": 0.0,
  "fit_s": 0.0,
  "eval_s": 0.6208152110339142,
  "plot_s": 0.0,
  "other_s": 0.0,
  "train_s": 4.602356082992628,
  "eval_final_s": 0.596253333002096,
  "post_s": 0.20487112499540672,
  "steps_per_s": null,
  "updates_per_s": null
}
