{
  "total_s": 0.12230595899745822,
  "step_s": 0.0,
  "fit_s": 0.0,
  "eval_s": 0.01388029201189056,
  "plot_s": 0.0,
  "other_s": 0.0,
  "train_s": 0.08778670898755081,
  "eval_final_s": 0.02220216699060984,
  "post_s": 0.011559624981600791,
  "steps_per_s": null,
  "updates_per_s": null
}
