{
  "total_s": 5.071635042026173,
  "step_s": 0.0,
  "fit_s": 0.0,
  "eval_s": 0.3883172490459401,
  "plot_s": 0.0,
  "other_s": 0.0,
  "train_s": 4.678178084024694,
  "eval_final_s": 0.19431133300531656,
  "post_s": 0.19493958301609382,
  "steps_per_s": null,
  "updates_per_s": null
}
