{
  "total_s": 5.5602540420077275,
  "step_s": 0.0,
  "fit_s": 0.0,
  "eval_s": 0.6330374999379274,
  "plot_s": 0.0,
  "other_s": 0.0,
  "train_s": 4.9647038750117645,
  "eval_final_s": 0.24149624997517094,
  "post_s": 0.3494306670036167,
  "steps_per_s": null,
  "updates_per_s": null
}
