{
  "total_s": 9.097034750011517,
  "step_s": 0.0,
  "fit_s": 0.0,
  "eval_s": 0.4553286659938749,
  "plot_s": 0.0,
  "other_s": 0.0,
  "train_s": 8.078825707983924,
  "eval_final_s": 0.36119204098940827,
  "post_s": 0.6506200420262758,
  "steps_per_s": null,
  "updates_per_s": null
}
