{
  "total_s": 4.885313875012798,
  "step_s": 0.0,
  "fit_s": 0.0,
  "eval_s": 0.6206089589977637,
  "plot_s": 0.0,
  "other_s": 0.0,
  "train_s": 4.170643624995137,
  "eval_final_s": 0.5903138330031652,
  "post_s": 0.11293391700019129,
  "steps_per_s": null,
  "updates_per_s": null
}
