{
  "schema_version": "1.0.0",
  "created_at": "2026-04-19T04:33:01Z",
  "phase": "phase3",
  "task": "grid_regime_shift",
  "algorithm": "SafeQLearning",
  "seed": 11,
  "train_steps": 250000,
  "n_transitions": 250000,
  "steps_to_threshold": 32000,
  "auc_disc_return": 0.8045824285523858,
  "final_disc_return_mean": 0.8696024799431873,
  "final_10pct_success_rate": 1.0,
  "adaptation_metrics": {
    "change_at_episode": 200,
    "pre_change_auc": 0.46725808100553584,
    "post_change_auc": 0.8043271596293128,
    "lag_to_50pct_recovery": 43,
    "lag_to_75pct_recovery": 86,
    "lag_to_90pct_recovery": 10357,
    "post_change_optimum": 0.970299
  },
  "shortcut_risky_path_fraction": 0.0,
  "episode_returns": [
    0.8775210229989678,
    0.8600583546412884,
    0.8775210229989678,
    0.8775210229989678,
    0.8775210229989678,
    0.8514577710948755,
    0.8775210229989678,
    0.8775210229989678,
    0.8775210229989678,
    0.8775210229989678,
    0.8600583546412884,
    0.8775210229989678,
    0.8600583546412884,
    0.8600583546412884,
    0.8775210229989678,
    0.8775210229989678,
    0.8775210229989678,
    0.8600583546412884,
    0.8775210229989678,
    0.8775210229989678,
    0.8600583546412884,
    0.8775210229989678,
    0.8775210229989678,
    0.8775210229989678,
    0.8775210229989678,
    0.8775210229989678,
    0.8775210229989678,
    0.8775210229989678,
    0.8775210229989678,
    0.8775210229989678,
    0.8775210229989678,
    0.8775210229989678,
    0.8775210229989678,
    0.8600583546412884,
    0.8775210229989678,
    0.8600583546412884,
    0.8600583546412884,
    0.8600583546412884,
    0.8775210229989678,
    0.8775210229989678,
    0.8775210229989678,
    0.8775210229989678,
    0.8775210229989678,
    0.8775210229989678,
    0.8775210229989678,
    0.8600583546412884,
    0.8775210229989678,
    0.8775210229989678,
    0.8775210229989678,
    0.8775210229989678,
    0.8600583546412884,
    0.8775210229989678,
    0.8514577710948755,
    0.8600583546412884,
    0.8775210229989678,
    0.8600583546412884,
    0.8775210229989678,
    0.8775210229989678,
    0.8514577710948755,
    0.8600583546412884,
    0.8600583546412884,
    0.8775210229989678,
    0.8600583546412884,
    0.8514577710948755,
    0.8775210229989678,
    0.8775210229989678,
    0.8600583546412884,
    0.8775210229989678,
    0.8775210229989678,
    0.8775210229989678,
    0.8775210229989678,
    0.8600583546412884,
    0.8775210229989678,
    0.8775210229989678,
    0.8775210229989678,
    0.8775210229989678,
    0.8775210229989678,
    0.8600583546412884,
    0.8514577710948755,
    0.8775210229989678,
    0.8775210229989678,
    0.8775210229989678,
    0.8600583546412884,
    0.8600583546412884,
    0.8775210229989678,
    0.8775210229989678,
    0.8775210229989678,
    0.8775210229989678,
    0.8775210229989678,
    0.8775210229989678,
    0.8514577710948755,
    0.8600583546412884,
    0.8775210229989678,
    0.8775210229989678,
    0.8775210229989678,
    0.8775210229989678,
    0.8775210229989678,
    0.8775210229989678,
    0.8775210229989678,
    0.8775210229989678,
    0.8775210229989678,
    0.8775210229989678,
    0.8775210229989678,
    0.8775210229989678,
    0.8600583546412884,
    0.8775210229989678,
    0.8600583546412884,
    0.8600583546412884,
    0.8775210229989678,
    0.8775210229989678,
    0.8514577710948755,
    0.8600583546412884,
    0.8775210229989678,
    0.8775210229989678,
    0.8775210229989678,
    0.8514577710948755,
    0.8600583546412884,
    0.8775210229989678,
    0.8514577710948755,
    0.8775210229989678,
    0.8775210229989678,
    0.8600583546412884,
    0.8775210229989678,
    0.8775210229989678,
    0.8775210229989678,
    0.8775210229989678,
    0.8600583546412884,
    0.8600583546412884,
    0.8775210229989678,
    0.8775210229989678,
    0.8600583546412884,
    0.8775210229989678,
    0.8775210229989678,
    0.8775210229989678,
    0.8775210229989678,
    0.8600583546412884,
    0.8775210229989678,
    0.8600583546412884,
    0.8600583546412884,
    0.8600583546412884,
    0.8600583546412884,
    0.8775210229989678,
    0.8775210229989678,
    0.8775210229989678,
    0.8775210229989678,
    0.8600583546412884,
    0.8775210229989678,
    0.8775210229989678,
    0.8775210229989678,
    0.8775210229989678,
    0.8600583546412884,
    0.8514577710948755,
    0.8600583546412884,
    0.8775210229989678,
    0.8775210229989678,
    0.8600583546412884,
    0.8775210229989678,
    0.8775210229989678,
    0.8775210229989678,
    0.8600583546412884,
    0.8775210229989678,
    0.8775210229989678,
    0.8600583546412884,
    0.8775210229989678,
    0.8775210229989678,
    0.8775210229989678,
    0.8775210229989678,
    0.8600583546412884,
    0.8775210229989678,
    0.8775210229989678,
    0.8775210229989678,
    0.8775210229989678,
    0.8775210229989678,
    0.8775210229989678,
    0.8775210229989678,
    0.8514577710948755,
    0.8514577710948755,
    0.8514577710948755,
    0.8600583546412884,
    0.8514577710948755,
    0.8600583546412884,
    0.8775210229989678,
    0.8775210229989678,
    0.8600583546412884,
    0.8514577710948755,
    0.8775210229989678,
    0.8775210229989678,
    0.8775210229989678,
    0.8600583546412884,
    0.8775210229989678,
    0.8775210229989678,
    0.8775210229989678,
    0.8775210229989678,
    0.8775210229989678,
    0.8775210229989678,
    0.8514577710948755,
    0.8600583546412884,
    0.8600583546412884,
    0.8775210229989678,
    0.8775210229989678
  ],