{
  "total_s": 7.117468959011603,
  "step_s": 0.0,
  "fit_s": 0.0,
  "eval_s": 0.1152511270774994,
  "plot_s": 0.0,
  "other_s": 0.0,
  "train_s": 6.542828375007957,
  "eval_final_s": 0.02303137499256991,
  "post_s": 0.5509872500260826,
  "steps_per_s": null,
  "updates_per_s": null
}
