{
  "total_s": 9.259463833004702,
  "step_s": 0.0,
  "fit_s": 0.0,
  "eval_s": 0.42027695805882104,
  "plot_s": 0.0,
  "other_s": 0.0,
  "train_s": 8.708291749993805,
  "eval_final_s": 0.22991100000217557,
  "post_s": 0.3162373750237748,
  "steps_per_s": null,
  "updates_per_s": null
}
