{
  "schema_version": "1.0.0",
  "created_at": "2026-04-19T05:45:23Z",
  "phase": "phase2",
  "task": "chain_regime_shift",
  "algorithm": "QLearning",
  "seed": 67,
  "train_steps": 180000,
  "n_transitions": 180000,
  "steps_to_threshold": null,
  "auc_disc_return": 12.980418192018776,
  "final_disc_return_mean": 16.907860604528164,
  "final_10pct_success_rate": 0.0,
  "adaptation_metrics": {
    "change_at_episode": 300,
    "pre_change_auc": 0.0,
    "post_change_auc": 15.150573798672633,
    "lag_to_50pct_recovery": 20,
    "lag_to_75pct_recovery": 63,
    "lag_to_90pct_recovery": null,
    "post_change_optimum": 19.475841707567973
  },
  "shortcut_risky_path_fraction": 0.0,
  "episode_returns": [
    15.558439408051717,
    17.118956109020004,
    17.80459227898239,
    16.440314976022236,
    13.003978255760195,
    17.012047747884758,
    18.1326370789197,
    17.96079340081076,
    17.056245046489707,
    17.239202651577365,
    15.586795615503476,
    16.620908000495504,
    16.527425532874222,
    17.078609033100992,
    18.12386969235795,
    17.02837458616495,
    16.5878119415028,
    18.478296134255345,
    16.62236944882528,
    15.759320908210006,
    15.71107840541504,
    17.568375553048252,
    16.433676213423734,
    16.771666891972856,
    18.58310965987886,
    18.71492271007119,
    16.611033150827392,
    16.480397189856724,
    18.233826577215062,
    16.07957292772838,
    16.51258691327814,
    18.669010533429184,
    18.88193407543788,
    17.038842825962057,
    16.360808694313004,
    18.21923752900547,
    18.075800850082278,
    15.90421029230047,
    18.168942301355866,
    17.964037417142762,
    17.503012455028156,
    18.19451944945987,
    16.660983201120644,
    14.919357491894367,
    17.24026419072255,
    16.5794111264923,
    17.31431097853546,
    16.43300341484043,
    17.120622550053525,
    15.196375928158142,
    17.59230923530454,
    18.65853537276274,
    14.253302001449207,
    17.73856249340363,
    15.897510093202467,
    17.097747141268453,
    16.259267653188985,
    16.444863270497986,
    16.294268474878585,
    17.24215760049672,
    16.064705932117896,
    15.510754569636125,
    16.060459673669715,
    16.68806820630543,
    16.022044637971828,
    17.00451742125766,
    18.889138590460313,
    16.674637278692988,
    16.134196474718436,
    15.80167706717408,
    15.899481600868626,
    18.905072676732164,
    15.74511945030078,
    17.765093967197295,
    16.578716453467738,
    17.481488080425436,
    17.38204288905514,
    14.510286523086567,
    16.353028947558663,
    16.417687857458148,
    16.4840337446441,
    17.067357051962407,
    14.587373220191871,
    18.675016508628534,
    18.185525211914666,
    17.61246488158271,
    14.737492365977118,
    18.89361964752731,
    15.415037341570189,
    14.89725363731855,
    17.046064313945138,
    17.151362790576663,
    16.625814935082094,
    16.380940872776407,
    18.049279268869462,
    15.110822544104774,
    18.134615121717545,
    17.246962675791753,
    16.472890320453757,
    18.267680772642315,
    16.067536970587597,
    19.469148753298843,
    16.188951587857726,
    15.49047138076276,
    16.815482363707105,
    15.467868286719765,
    18.185626189866177,
    18.16020594599414,
    19.469148753298843,
    16.125394182978866,
    15.934371585130755,
    15.557018445826014,
    19.456677615577387,
    16.87677347423027,
    17.418366566796703,
    17.752929922957073,
    15.699543133244354,
    16.477691347305733,
    14.255220887081434,
    17.00240136494778,
    17.204209259513924,
    16.68686588382203,
    16.054942186940725,
    16.58239603638953,
    16.30690884684886,
    17.21876024855675,
    16.840026517891808,
    15.729758188545144,
    16.664098857506726,
    15.684613131188616,
    18.86150528870499,
    17.786884335834813,
    17.583974487404024,
    18.18109674469087,
    16.02252809440569,
    16.318534275958854,
    16.49483922274817,
    16.554377645730582,
    17.058847034731745,
    15.45178638629968,
    15.813457711356254,
    17.943774609834982,
    16.944174065391756,
    16.941908499110706,
    16.730038093289796,
    17.22954709098195,
    18.068219669872803,
    17.456705448996676,
    15.672482814624933,
    15.925408302924886,
    17.152806609099915,
    17.213069674442416,
    17.249571385600465,
    15.805876872364522,
    18.00856576150372,
    14.88980181860322,
    16.296664001624045,
    14.96715188850856,
    15.700307394877132,
    16.780098055447436,
    17.660144369625044,
    18.518158703398843,
    16.39409280880683,
    17.154716723585196,
    17.62468693106786,
    18.53680095183713,
    18.75134572266697,
    18.895937504257326,
    17.94271100814596,
    18.22542815319191,
    17.685767823919786,
    18.002695393684345,
    15.578872516073883,
    16.905125873763126,
    16.85295516612346,
    16.227718356863164,
    16.224389622588713,
    17.698548073403735,
    17.237555256107026,
    17.043619557971198,
    17.417529928019302,
    15.383317982722142,
    16.396075814177692,
    16.5657757611597,
    15.489140904617525,
    15.800067613154372,
    15.485111351182487,
    17.706440834575726,
    17.362918506470965,
    15.7400914061678,
    14.9725867839197,
    17.320194678168605,
    16.473124378497236,
    18.10873412058225,
    17.357487513685506,
    15.550846647521457,
    17.491886574195437,
    17.44345476019758,
    16.911536881175405,
    19.469148753298843
  ],