{
  "total_s": 4.934761457989225,
  "step_s": 0.0,
  "fit_s": 0.0,
  "eval_s": 0.2702372100611683,
  "plot_s": 0.0,
  "other_s": 0.0,
  "train_s": 4.608056791010313,
  "eval_final_s": 0.12521195798763074,
  "post_s": 0.19870366700342856,
  "steps_per_s": null,
  "updates_per_s": null
}
